N_obs,SNR,rep,L,regularization,xcv_score,OracleRKHS_L2_function_mean_cos2,OracleRKHS_RKHS_function_mean_cos2,OracleL2_L2_function_mean_cos2,OracleL2_RKHS_function_mean_cos2
50,0.5,0,1,0.01,-1.27481243941627,0.9677489525783618,0.8461816537196851,0.8201570019026091,0.6209512096716968
50,0.5,0,2,0.01,-1.27481243941627,0.9257981039206664,0.7641187261991867,0.9910579419848404,0.926276646501083
50,0.5,0,3,0.01,-1.27481243941627,0.8248702349123894,0.5612343881398026,0.9888411179071132,0.8038600958357297
50,0.5,1,1,1000.0,-1.3160770440573395,0.013457893199535,0.0065702604052375,0.7965071286762317,0.8502123213305902
50,0.5,1,2,1000.0,-1.3160770440573395,0.5479554500902438,0.5848601350117455,0.7888824986279008,0.8233097453418388
50,0.5,1,3,1000.0,-1.3160770440573395,0.6708687849087785,0.6776317104780828,0.8209569844231227,0.8282750073028112
50,0.5,2,1,0.1,-1.2294661723373164,0.0242149321080529,0.290352087877593,0.5464612047011138,0.0905878121185949
50,0.5,2,2,0.1,-1.2294661723373164,0.5366003276245419,0.7188995159856374,0.7174454916648151,0.7976592595789692
50,0.5,2,3,0.1,-1.2294661723373164,0.6950125534581817,0.6838145159185341,0.8622512759727354,0.8835345034117387
50,0.5,3,1,1.0,-1.3185908626770628,1.2693316708071294e-06,0.0002362927225688,0.1171010827803398,0.1989297404284344
50,0.5,3,2,1.0,-1.3185908626770628,0.3956360323229785,0.4101776317946169,0.9124594620426228,0.9172527887680786
50,0.5,3,3,1.0,-1.3185908626770628,0.7531791574903148,0.7692548864573516,0.8569380122528343,0.8720367767037654
50,0.5,4,1,0.1,-1.3095288882447849,0.0132777015957569,0.0015118816629361,0.96198692489186,0.9251433932632857
50,0.5,4,2,0.1,-1.3095288882447849,0.5342181649342859,0.5545897677884666,0.858109978536335,0.8792768236739807
50,0.5,4,3,0.1,-1.3095288882447849,0.6628761717840496,0.6866548557060853,0.6723598489494634,0.6662326625248876
50,0.5,5,1,0.1,-1.283102830326064,0.7181045700764139,0.8195125072751759,0.7732363112141957,0.9049135842614788
50,0.5,5,2,0.1,-1.283102830326064,0.7008874666853202,0.8087726424117142,0.9319993043656164,0.9643598761043664
50,0.5,5,3,0.1,-1.283102830326064,0.6544745394606232,0.9073295262880208,0.7905512149140433,0.7436006875452366
50,0.5,6,1,1000.0,-1.3122044541390503,0.3910952092468135,0.5613531462523983,0.4709822324046641,0.6812688565972813
50,0.5,6,2,1000.0,-1.3122044541390503,0.7108515206994339,0.7170439846179675,0.8845382092421248,0.888413025435989
50,0.5,6,3,1000.0,-1.3122044541390503,0.6919071382273355,0.8364112427333051,0.6896759049961827,0.672847885658491
50,0.5,7,1,0.01,-1.2134277786413667,0.6661542834440696,0.4763261180578316,0.6238186030863796,0.4801000158752265
50,0.5,7,2,0.01,-1.2134277786413667,0.8980997743979583,0.7232047292620825,0.9882359462916608,0.9121303603429726
50,0.5,7,3,0.01,-1.2134277786413667,0.7883959985092251,0.5540768597904743,0.7100849219706692,0.7195229161543151
50,0.5,8,1,0.1,-1.2343319852814283,0.7305026836055276,0.7375254607698701,0.9098658049712114,0.966905367070611
50,0.5,8,2,0.1,-1.2343319852814283,0.7291795790169739,0.8148058639584999,0.956801849592315,0.97895963029794
50,0.5,8,3,0.1,-1.2343319852814283,0.8566036839701129,0.8415186072353577,0.9659102173914952,0.9653612384733198
50,0.5,9,1,1.0,-1.2792947472512983,0.3279716943609053,0.3917680201628638,0.7534226419465297,0.8283309681675199
50,0.5,9,2,1.0,-1.2792947472512983,0.3832764322421294,0.4524931006079591,0.7385422745468149,0.8388360822899971
50,0.5,9,3,1.0,-1.2792947472512983,0.6691399309158362,0.6756216299319582,0.8930140536831863,0.9018004844343558
50,0.5,10,1,0.01,-1.2947556243697689,0.7224996215329419,0.7988217880621993,0.96445473451426,0.6374042790851532
50,0.5,10,2,0.01,-1.2947556243697689,0.675043930633925,0.499182674367259,0.9377050474283928,0.8150438483041527
50,0.5,10,3,0.01,-1.2947556243697689,0.8529763599142232,0.4107618702339252,0.859697043535586,0.5967909338401646
50,0.5,11,1,0.0001,-1.2987380727334286,0.1230713837732798,0.0005998967680451,0.8578878208218139,0.0407175782589583
50,0.5,11,2,0.0001,-1.2987380727334286,0.1173847935098552,0.0035660989220584,0.7538382970129593,0.346004994290813
50,0.5,11,3,0.0001,-1.2987380727334286,0.142960688421671,0.0074469731770941,0.812508237378347,0.4217818120609186
50,0.5,12,1,0.01,-1.2677045134722915,0.2824805988952633,0.4353715003556789,0.7675107764458516,0.8558050749892179
50,0.5,12,2,0.01,-1.2677045134722915,0.4228612945871913,0.7228433703732118,0.7131740192736203,0.7905387060317772
50,0.5,12,3,0.01,-1.2677045134722915,0.7897507909431088,0.5446004734392896,0.9818333085439398,0.7796218608725162
50,0.5,13,1,1000.0,-1.3161154596660736,0.3198891661150067,0.3341982830921522,0.6826326086308587,0.6922064559747712
50,0.5,13,2,1000.0,-1.3161154596660736,0.6539982145966184,0.6628597914891985,0.8258312109033444,0.8328863579025301
50,0.5,13,3,1000.0,-1.3161154596660736,0.7948623377943304,0.7983540205396326,0.907256726346746,0.9099019757790584
50,0.5,14,1,0.1,-1.2941451622932758,0.6091039335893995,0.7044866676389646,0.933057791576724,0.9772393522715098
50,0.5,14,2,0.1,-1.2941451622932758,0.3953202580733304,0.4734602600469515,0.847436207474188,0.9611295826920296
50,0.5,14,3,0.1,-1.2941451622932758,0.6657102531857556,0.7419908893421674,0.9259654316242584,0.9639567654787844
50,0.5,15,1,10.0,-1.2578623080509492,0.5200097271664536,0.5673602379627184,0.7739688224876001,0.810968782844133
50,0.5,15,2,10.0,-1.2578623080509492,0.4192959323413525,0.4343535132025178,0.8639059069572854,0.8723937857682076
50,0.5,15,3,10.0,-1.2578623080509492,0.6521399549022365,0.652748916025669,0.9098359570878224,0.911604203792918
50,0.5,16,1,0.1,-1.2262390841387252,0.1900986122255211,0.3063303907688506,0.500954076541585,0.4650085527353212
50,0.5,16,2,0.1,-1.2262390841387252,0.3851877444861132,0.4552921332524334,0.8980689115801734,0.923276581561455
50,0.5,16,3,0.1,-1.2262390841387252,0.815711693928121,0.8580044522721909,0.8673207391003231,0.936516381762786
50,0.5,17,1,0.1,-1.2647113060112227,0.5847945412151238,0.934313402478164,0.8101900804092839,0.9798874720901276
50,0.5,17,2,0.1,-1.2647113060112227,0.4404343340623668,0.724006989538304,0.6381807659084286,0.7164304482295305
50,0.5,17,3,0.1,-1.2647113060112227,0.6546076675521276,0.6581915070978194,0.9918280209995496,0.9929859920531062
50,0.5,18,1,0.1,-1.2872750152713133,0.2808343208687033,0.3507285224352785,0.6524529563743504,0.6561186796513819
50,0.5,18,2,0.1,-1.2872750152713133,0.6174328814589283,0.767723149203636,0.8290134711200362,0.9116180874460754
50,0.5,18,3,0.1,-1.2872750152713133,0.867935699879884,0.9281560355452256,0.9767724755391628,0.9716195504942684
50,0.5,19,1,0.1,-1.3038379179549278,0.4940801370343888,0.676247859679579,0.2735692498647663,0.5937299954051439
50,0.5,19,2,0.1,-1.3038379179549278,0.6651216093541736,0.8147536538205378,0.8385178823835533,0.9334001386870447
50,0.5,19,3,0.1,-1.3038379179549278,0.7538326160782559,0.7584100112654836,0.960775308118622,0.9692763412392108
50,0.5,20,1,1000.0,-1.268925862082301,0.1455165848617406,0.2130256833386808,0.6800842438022925,0.752821561172315
50,0.5,20,2,1000.0,-1.268925862082301,0.4668466958081855,0.4760513560106635,0.8187088143973387,0.8240584475605888
50,0.5,20,3,1000.0,-1.268925862082301,0.7599545363210704,0.76121514993752,0.8778168033162045,0.8765197743068267
50,0.5,21,1,1.0,-1.2531348928227684,0.1502614378635422,0.2198752486726299,0.6077048048065938,0.6358629106257634
50,0.5,21,2,1.0,-1.2531348928227684,0.3030478917369687,0.3801992895893765,0.7375908345561725,0.7863973361962799
50,0.5,21,3,1.0,-1.2531348928227684,0.6715583587062063,0.6779413660641905,0.890703479320765,0.9010224896590396
50,0.5,22,1,0.1,-1.2515723126632177,0.6652615882208752,0.844692312079352,0.6556261212272835,0.8788377933556516
50,0.5,22,2,0.1,-1.2515723126632177,0.7038152111743705,0.7225139756693362,0.960604074710758,0.9685856313812532
50,0.5,22,3,0.1,-1.2515723126632177,0.6717123231858633,0.8710886278487363,0.8716730847435682,0.675897230703162
50,0.5,23,1,0.0001,-1.2965791229327286,0.2447528576809232,0.0008180153132653,0.1181977561990358,0.0473695757511529
50,0.5,23,2,0.0001,-1.2965791229327286,0.355312500613667,0.0016620857102411,0.8784352323945966,0.2429712853529956
50,0.5,23,3,0.0001,-1.2965791229327286,0.3136128237284473,0.0019491796004518,0.8965411496371732,0.3382472897102735
50,0.5,24,1,1.0,-1.2472983970697975,0.4267603458832835,0.4935142829449089,0.7843488661767747,0.7709100142936507
50,0.5,24,2,1.0,-1.2472983970697975,0.6056620794571755,0.6531735034249473,0.8594746087772691,0.8816589453507433
50,0.5,24,3,1.0,-1.2472983970697975,0.8185473944737044,0.8396326480656665,0.8948085384276455,0.908734146240239
50,0.5,25,1,0.01,-1.2851796490235907,0.6345742647825843,0.6663784331280814,0.8110701678497576,0.8117741477542956
50,0.5,25,2,0.01,-1.2851796490235907,0.6458632748702862,0.3896360212469122,0.9316544622423316,0.6662703524082567
50,0.5,25,3,0.01,-1.2851796490235907,0.7171095863364328,0.5346872092384757,0.9425663872297896,0.8011548987984553
50,0.5,26,1,1.0,-1.314997972572115,0.0771746604502281,0.1255173213439657,0.3549857647828858,0.4231647015194434
50,0.5,26,2,1.0,-1.314997972572115,0.439005323613282,0.4634625355004523,0.8938006107609893,0.9271281214370573
50,0.5,26,3,1.0,-1.314997972572115,0.7808789058919076,0.78696508473893,0.883327962666241,0.8881871915033918
50,0.5,27,1,1000.0,-1.217374257861301,0.4900933407135215,0.6221729107446577,0.4619872921540245,0.6535819922516422
50,0.5,27,2,1000.0,-1.217374257861301,0.4443326981002741,0.4582559785984116,0.8779237318733686,0.8867221852518143
50,0.5,27,3,1000.0,-1.217374257861301,0.732748981513705,0.7490812611893346,0.9043131047745968,0.9161907884724408
50,0.5,28,1,1.0,-1.2789712012828154,0.1292977766929097,0.2191738849458716,0.89176810867038,0.9266236620804184
50,0.5,28,2,1.0,-1.2789712012828154,0.433764740112873,0.4549421550287016,0.9368325518698226,0.9447344907357044
50,0.5,28,3,1.0,-1.2789712012828154,0.6582566655849112,0.699947787193898,0.685895654604716,0.6570853669502628
50,0.5,29,1,0.1,-1.256632368616723,0.0825296490271427,0.2185662711504259,0.8660573035239457,0.9822704389189828
50,0.5,29,2,0.1,-1.256632368616723,0.585564097682167,0.6338279732095632,0.9464203513718176,0.9801088723028748
50,0.5,29,3,0.1,-1.256632368616723,0.6504907796720666,0.8981313815684525,0.9130612325184232,0.6776817555888441
50,0.5,30,1,10.0,-1.2995544569333175,0.3223665699195563,0.314009933947014,0.8473843515209079,0.8579439759041004
50,0.5,30,2,10.0,-1.2995544569333175,0.6846189139362869,0.7097983388168828,0.8010204479212778,0.8175809322491112
50,0.5,30,3,10.0,-1.2995544569333175,0.6828047636572755,0.6842469065751812,0.9268720150944472,0.9272436283023108
50,0.5,31,1,1000.0,-1.280817448041337,0.4845597787767874,0.5575543078410837,0.7734590481634417,0.8610642507391617
50,0.5,31,2,1000.0,-1.280817448041337,0.4989856274541439,0.4945018653400558,0.8358820988753801,0.8242767404381959
50,0.5,31,3,1000.0,-1.280817448041337,0.6620636162353538,0.6641316014897355,0.8716303698506023,0.8767049514279419
50,0.5,32,1,0.1,-1.2981709099247911,0.6189854978014256,0.7371005575687175,0.8977880924664818,0.9667886187313184
50,0.5,32,2,0.1,-1.2981709099247911,0.4720258538322027,0.5025397792071107,0.9265922074374676,0.9154340993594048
50,0.5,32,3,0.1,-1.2981709099247911,0.647070747748605,0.6548534208858285,0.897703470830434,0.8756005954735532
50,0.5,33,1,1.0,-1.265045799535923,0.0126708154080983,0.285173062105988,0.007556347128723,0.4109857832289284
50,0.5,33,2,1.0,-1.265045799535923,0.5340360455967464,0.5586068672227644,0.8504380007301471,0.8687172039848432
50,0.5,33,3,1.0,-1.265045799535923,0.6864446218325941,0.6955337853410186,0.8963282831980877,0.9019393274902666
50,0.5,34,1,0.1,-1.2911147876378315,0.2338258893988245,0.4667587923237292,0.1009595785403857,0.3002216525379539
50,0.5,34,2,0.1,-1.2911147876378315,0.4498964991982792,0.6237043344231659,0.8429187573306132,0.8492580987558525
50,0.5,34,3,0.1,-1.2911147876378315,0.7574194933142778,0.8278034490086212,0.9615984404963892,0.9747285086968156
50,0.5,35,1,1.0,-1.2902673683923729,0.0172351082217556,0.0133681274777144,0.2755489672092547,0.2135844608718796
50,0.5,35,2,1.0,-1.2902673683923729,0.3703707315165591,0.4098030817178723,0.7880298835271546,0.7930557396689571
50,0.5,35,3,1.0,-1.2902673683923729,0.6430579647592899,0.6423299654247835,0.792678283752145,0.8033340141233617
50,0.5,36,1,1.0,-1.2717565206204453,0.4555023955023579,0.520384217394254,0.6947427473909192,0.7412412827250725
50,0.5,36,2,1.0,-1.2717565206204453,0.4892084827214706,0.58206822206052,0.839883170853063,0.8985633908494985
50,0.5,36,3,1.0,-1.2717565206204453,0.6738637103355609,0.676730011179422,0.9561873997001604,0.9541857261534415
50,0.5,37,1,0.1,-1.2413723641568424,0.3368909873371748,0.4639978513718501,0.9219238122000138,0.9249377841807914
50,0.5,37,2,0.1,-1.2413723641568424,0.5639570701778577,0.6814942206013059,0.9490983113908732,0.9644340136004346
50,0.5,37,3,0.1,-1.2413723641568424,0.6722106274899363,0.8517023022479022,0.7690985443969746,0.9642089951163076
50,0.5,38,1,10.0,-1.2601291021849086,0.071527415973194,0.0385790935394551,0.5458993035488418,0.4326531147535453
50,0.5,38,2,10.0,-1.2601291021849086,0.594171268856941,0.6409216544362766,0.8416952365939258,0.8821555488147033
50,0.5,38,3,10.0,-1.2601291021849086,0.7541671995321334,0.7613942164844388,0.8435821336266583,0.84922712090402
50,0.5,39,1,1000.0,-1.2731909908323715,0.4178012706846958,0.5509931373884891,0.5347813611728852,0.7708336649865488
50,0.5,39,2,1000.0,-1.2731909908323715,0.4825283008978937,0.5115895008282165,0.8442445576158069,0.8643232321061476
50,0.5,39,3,1000.0,-1.2731909908323715,0.6507426925325009,0.6517918904495541,0.7206131158872618,0.7251296733752483
50,0.5,40,1,1.0,-1.2896216031647236,0.2765763373304653,0.3255067862655246,0.7030168424534263,0.7485238476877739
50,0.5,40,2,1.0,-1.2896216031647236,0.4375560056533884,0.4546662789719176,0.9330632663754356,0.9487892354979082
50,0.5,40,3,1.0,-1.2896216031647236,0.6750893716630108,0.6844846797696515,0.8558189361362745,0.8699124823670953
50,0.5,41,1,1000.0,-1.2636213011607405,0.0158784302677012,0.0948493557942115,0.3758039102376536,0.6539451374373076
50,0.5,41,2,1000.0,-1.2636213011607405,0.5637137113850699,0.585720203788386,0.8485697241447354,0.8646241834588464
50,0.5,41,3,1000.0,-1.2636213011607405,0.674151745648557,0.6811664264130474,0.6622741361950425,0.66610455638388
50,0.5,42,1,1.0,-1.2545362933940056,0.4544138984117237,0.563357063447934,0.4551983299733447,0.5602841048284968
50,0.5,42,2,1.0,-1.2545362933940056,0.5167911407783284,0.5302600904755096,0.8679648564835845,0.8752148387070339
50,0.5,42,3,1.0,-1.2545362933940056,0.71098513733455,0.852753535061875,0.8491308676257296,0.931117831696536
50,0.5,43,1,0.1,-1.238822311083101,0.6168389678084025,0.8520295835598595,0.7865546141528368,0.930526388357217
50,0.5,43,2,0.1,-1.238822311083101,0.7854334660442439,0.7527072652751006,0.9073826903347054,0.803835074140528
50,0.5,43,3,0.1,-1.238822311083101,0.8282728675537004,0.8392885862357389,0.9924520272531948,0.99241049788082
50,0.5,44,1,0.1,-1.2824682573816546,0.5622679136739077,0.7127394239785706,0.6420102060192705,0.5890743855458971
50,0.5,44,2,0.1,-1.2824682573816546,0.7622729236861034,0.8620077518389138,0.8633651127321145,0.937647006936472
50,0.5,44,3,0.1,-1.2824682573816546,0.8559697481888482,0.8602712395639097,0.9806057480508164,0.983848833715752
50,0.5,45,1,0.1,-1.279899498516481,0.0598524490220358,0.0981896185981321,0.9143222777859182,0.9498785308317552
50,0.5,45,2,0.1,-1.279899498516481,0.6963061028134798,0.8293838650957056,0.8874510050937612,0.9626139164268122
50,0.5,45,3,0.1,-1.279899498516481,0.723081117136052,0.6339890205660254,0.9216898804126809,0.7079814437221651
50,0.5,46,1,0.1,-1.2462226850815232,0.4803120914613393,0.8133015180756272,0.794387508034062,0.9672203262428278
50,0.5,46,2,0.1,-1.2462226850815232,0.5429025697153851,0.6989218520166296,0.9618990508255536,0.8237162560472473
50,0.5,46,3,0.1,-1.2462226850815232,0.6479451393471427,0.9237962571662272,0.6867582887214018,0.8329048456696602
50,0.5,47,1,1.0,-1.3186732937307806,0.0145518103228331,0.0283583302366152,0.2210272537718445,0.1612370990738691
50,0.5,47,2,1.0,-1.3186732937307806,0.3629260629043838,0.4465960297170512,0.8451280529586458,0.9034518135523488
50,0.5,47,3,1.0,-1.3186732937307806,0.6898423374780757,0.8308002571196244,0.7494273769182294,0.8998882445387951
50,0.5,48,1,0.1,-1.2753360922203496,0.4847802812999719,0.7157266395796286,0.8473276095857365,0.6656321965650398
50,0.5,48,2,0.1,-1.2753360922203496,0.5456756855387072,0.5578168913905673,0.9339953601859736,0.9305761612743946
50,0.5,48,3,0.1,-1.2753360922203496,0.8818263668334819,0.9020375084708276,0.990870380141403,0.9891685779149836
50,0.5,49,1,0.01,-1.2954418098907152,0.7772161317845416,0.666692570037695,0.9170324739659252,0.9066272026768288
50,0.5,49,2,0.01,-1.2954418098907152,0.5727147043098307,0.5326605294020397,0.9693234687269028,0.5155424628298025
50,0.5,49,3,0.01,-1.2954418098907152,0.853318639649709,0.5943908194942008,0.8226129512785622,0.7146522674326485
50,0.5,50,1,0.1,-1.2415804537791393,0.611805467384706,0.8498783962460509,0.7866135623770244,0.9440424669894372
50,0.5,50,2,0.1,-1.2415804537791393,0.663451170946083,0.8285852732235752,0.9459948399610004,0.8852236542454783
50,0.5,50,3,0.1,-1.2415804537791393,0.9267650482633174,0.9092814098753684,0.9766128734499376,0.9221058682780416
50,0.5,51,1,0.1,-1.2560222030369907,0.1964480537930114,0.3065322590738766,0.7685490711040786,0.9532218142864052
50,0.5,51,2,0.1,-1.2560222030369907,0.3822337309654715,0.4754700947055367,0.9182043192720568,0.9557908729885796
50,0.5,51,3,0.1,-1.2560222030369907,0.6658520552268221,0.6903606764283573,0.949073571578202,0.9784331769774935
50,0.5,52,1,1.0,-1.217201599269936,0.0297157241339519,0.0315308850403288,0.7879864464494697,0.8589315302921939
50,0.5,52,2,1.0,-1.217201599269936,0.3906231554269796,0.4021798344042907,0.6899242435048298,0.6876908910316197
50,0.5,52,3,1.0,-1.217201599269936,0.6689272745351348,0.6726134739458138,0.7996681540707592,0.8121847805422338
50,0.5,53,1,0.1,-1.2570723312239669,0.1151330773154736,0.0392045621608247,0.7413171498312779,0.2550404701531478
50,0.5,53,2,0.1,-1.2570723312239669,0.7438875470197981,0.8217993021548975,0.9241109200341832,0.9464211322294576
50,0.5,53,3,0.1,-1.2570723312239669,0.6499414716203377,0.6976401775351418,0.6758974328983633,0.7101719720845449
50,0.5,54,1,0.1,-1.281003928455509,0.0255959742442174,0.7929469999879973,0.7816950721958176,0.4360214032917597
50,0.5,54,2,0.1,-1.281003928455509,0.6559270632993532,0.7836620992753278,0.9068918885191596,0.9539891201341114
50,0.5,54,3,0.1,-1.281003928455509,0.7087934428522873,0.8528571471606751,0.9179268357009472,0.9642198479128142
50,0.5,55,1,0.1,-1.2785473690273017,0.6815844627937907,0.8107866339151203,0.8891736182906417,0.973846207276891
50,0.5,55,2,0.1,-1.2785473690273017,0.603862530951817,0.6740728466497691,0.8280948572021172,0.8537568790583103
50,0.5,55,3,0.1,-1.2785473690273017,0.7257686508885399,0.7361901351699555,0.9629799313585784,0.9683242493936318
50,0.5,56,1,0.01,-1.2627251277446248,0.6813532332362141,0.8073033522707924,0.9672815359575352,0.8447781835252948
50,0.5,56,2,0.01,-1.2627251277446248,0.6948856469190408,0.6178862499144885,0.9335847247022864,0.8073947551664121
50,0.5,56,3,0.01,-1.2627251277446248,0.8260815204244368,0.7257267031693608,0.9572834580182684,0.8452060150845844
50,0.5,57,1,0.1,-1.3003697922245163,0.3660941417570963,0.7890003416877557,0.4318475034076414,0.9311203787636632
50,0.5,57,2,0.1,-1.3003697922245163,0.6133516255134637,0.640901437720856,0.9281607966213108,0.9392067041943556
50,0.5,57,3,0.1,-1.3003697922245163,0.759026119003734,0.8470951653530014,0.9905880990188408,0.946576641756442
50,0.5,58,1,0.1,-1.2504366183979907,0.2083182329039975,0.1841615926841628,0.5952114256714058,0.3819978347942306
50,0.5,58,2,0.1,-1.2504366183979907,0.6065055078902193,0.6753320576684518,0.9446044371281732,0.958768211508449
50,0.5,58,3,0.1,-1.2504366183979907,0.7284194086254416,0.922037752416971,0.8763803285225135,0.9599145558969964
50,0.5,59,1,10.0,-1.267666867516866,0.0118754735010712,0.0161542637848335,0.6128811260502491,0.6117010469717172
50,0.5,59,2,10.0,-1.267666867516866,0.4236053464558036,0.4638392747331473,0.8860105855921128,0.9105363083918055
50,0.5,59,3,10.0,-1.267666867516866,0.796725932108547,0.8073946843768615,0.929109748389334,0.934808450532266
50,0.5,60,1,1.0,-1.267782142704042,0.6142798548636725,0.6460564593877144,0.7695898208362628,0.7663837384331428
50,0.5,60,2,1.0,-1.267782142704042,0.4141416604291225,0.44362389177697,0.8863423928715972,0.901028373074512
50,0.5,60,3,1.0,-1.267782142704042,0.7085648871081739,0.7131068856775636,0.9673972943911024,0.9691186995971928
50,0.5,61,1,0.1,-1.3093973341534846,0.0870777408505586,0.0747374526545433,0.8345391553573526,0.93197240205001
50,0.5,61,2,0.1,-1.3093973341534846,0.5111936772651495,0.5924213412851888,0.7919073131280672,0.8964558737857429
50,0.5,61,3,0.1,-1.3093973341534846,0.6714702121296647,0.6738551357050122,0.92486527180333,0.9243033110898412
50,0.5,62,1,0.001,-1.28327786642799,0.1061368550985006,0.0229977545295578,0.7921914038133566,0.0130175939872762
50,0.5,62,2,0.001,-1.28327786642799,0.526813699726369,0.0288196949834637,0.6994954921912759,0.2862968296075902
50,0.5,62,3,0.001,-1.28327786642799,0.4005172609833336,0.0633739660529134,0.8634918453975996,0.5318224998900405
50,0.5,63,1,1.0,-1.2925931585821575,0.1743053370426763,0.2844888863895226,0.2897327193159865,0.3986084569979047
50,0.5,63,2,1.0,-1.2925931585821575,0.5960099786908961,0.6124382787303839,0.8973274436180592,0.9072130558385364
50,0.5,63,3,1.0,-1.2925931585821575,0.6500614240712363,0.6812114005679294,0.6915892184923265,0.6597761417438144
50,0.5,64,1,0.1,-1.3121957952223555,0.6419971454375515,0.7962394538953936,0.6204464809314735,0.6992568185112911
50,0.5,64,2,0.1,-1.3121957952223555,0.7093322207981801,0.8045297493256358,0.861824954888102,0.9295946884352132
50,0.5,64,3,0.1,-1.3121957952223555,0.7624635622092021,0.7316800556804789,0.9616727747976612,0.9678108473785926
50,0.5,65,1,0.1,-1.2627831561219651,0.4369760533609742,0.5273148059775395,0.9353337545355868,0.9606081764403712
50,0.5,65,2,0.1,-1.2627831561219651,0.4969819352073593,0.513489563222357,0.962086700652335,0.9357608150922831
50,0.5,65,3,0.1,-1.2627831561219651,0.6931321440190299,0.8036615934255454,0.8076522309372184,0.9126348633031472
50,0.5,66,1,100.0,-1.2835406562634553,0.0725914933851578,0.0724832937945846,0.7663849287007103,0.7602837323896162
50,0.5,66,2,100.0,-1.2835406562634553,0.4252158818213449,0.4378621543462562,0.9188313032806616,0.9250901946266656
50,0.5,66,3,100.0,-1.2835406562634553,0.659780392035694,0.6660909123824837,0.7274692864095131,0.7426113395274271
50,0.5,67,1,0.01,-1.2593427152728949,0.2355605965182509,0.772881052119061,0.8077267519358076,0.1242881215160245
50,0.5,67,2,0.01,-1.2593427152728949,0.592282354204277,0.4931093566785048,0.6792105723799761,0.6401533065236709
50,0.5,67,3,0.01,-1.2593427152728949,0.6795753227280455,0.6594424433360876,0.813672716633819,0.6420146798883448
50,0.5,68,1,1.0,-1.3248457540580023,0.0001831772926558,0.1822521172532789,3.2660232045709376e-08,0.3164062520415415
50,0.5,68,2,1.0,-1.3248457540580023,0.3453548035852241,0.4420469191298836,0.7969620737057568,0.8858189384695931
50,0.5,68,3,1.0,-1.3248457540580023,0.661286435466045,0.6737026241648422,0.7213319436316955,0.7444566195536836
50,0.5,69,1,1000.0,-1.284519712406973,0.1793394131649965,0.1834146931253261,0.8079671215243679,0.8149403932513172
50,0.5,69,2,1000.0,-1.284519712406973,0.5359716145413458,0.5568678321259015,0.8164895497385121,0.8323832136511491
50,0.5,69,3,1000.0,-1.284519712406973,0.7165008873073925,0.7376102819010734,0.915502738020138,0.9319403556493294
50,0.5,70,1,0.01,-1.265531325215172,0.8619720853004713,0.6180293888880286,0.79009251059265,0.7484178324589917
50,0.5,70,2,0.01,-1.265531325215172,0.5785219731667134,0.578855016088351,0.9272909291251664,0.5002039925713552
50,0.5,70,3,0.01,-1.265531325215172,0.5442522307872072,0.5383605366467641,0.9365742512275016,0.5975427265363694
50,0.5,71,1,0.1,-1.312133063704905,0.0986762541439824,0.1005472885922143,0.7973294899468399,0.9115727567384928
50,0.5,71,2,0.1,-1.312133063704905,0.405525018299378,0.4178602746133071,0.924006480918672,0.9425686817160328
50,0.5,71,3,0.1,-1.312133063704905,0.6748295390157578,0.8824956798634535,0.6861756952523207,0.9367433543931228
50,0.5,72,1,0.1,-1.2592419657937457,0.3359712659641922,0.6893220922821545,0.9885064487680074,0.9538457238102416
50,0.5,72,2,0.1,-1.2592419657937457,0.51545824715379,0.5501311677935647,0.980889738047524,0.9915409617385128
50,0.5,72,3,0.1,-1.2592419657937457,0.7896693555860265,0.8556809667471796,0.939378632381886,0.9694921007457356
50,0.5,73,1,1000.0,-1.2181416241052383,0.003859991187226,0.000784664519874,0.4176682664919336,0.5998984446774667
50,0.5,73,2,1000.0,-1.2181416241052383,0.4243565566045896,0.4485965303723045,0.7280013604950722,0.7459896740971597
50,0.5,73,3,1000.0,-1.2181416241052383,0.6647156881590002,0.6646149132780258,0.8569191293656555,0.8562537401571909
50,0.5,74,1,0.01,-1.2257473807122548,0.1853911623615366,0.9411229401372212,0.9322483482018176,0.6892813064793076
50,0.5,74,2,0.01,-1.2257473807122548,0.886574448057252,0.8513245703253183,0.9883861151032942,0.9840208293489244
50,0.5,74,3,0.01,-1.2257473807122548,0.6372260236352528,0.589392584158476,0.7090406293218451,0.6706961838209899
50,0.5,75,1,0.1,-1.2352628870565758,0.7265005337856282,0.8175775016616602,0.928826880918726,0.938876944493162
50,0.5,75,2,0.1,-1.2352628870565758,0.5060449039846888,0.5072460814547106,0.9626842742727224,0.97161637756367
50,0.5,75,3,0.1,-1.2352628870565758,0.7760917317532829,0.858126930451669,0.9238143470054004,0.9712966387205376
50,0.5,76,1,1.0,-1.275471337018495,0.0107891522225986,0.0114615453718345,0.0780284640878486,0.0818340444311207
50,0.5,76,2,1.0,-1.275471337018495,0.5091327226638955,0.5189377765430203,0.9425530838688474,0.9467505066197642
50,0.5,76,3,1.0,-1.275471337018495,0.679353127720611,0.6850949884803638,0.8405882920048796,0.850066092825081
50,0.5,77,1,0.01,-1.2954630050679026,0.0028076911588302,0.670176742252578,0.4600672347376795,0.1727879382308406
50,0.5,77,2,0.01,-1.2954630050679026,0.8384999802848886,0.7514389700150076,0.973722893270822,0.870802424055414
50,0.5,77,3,0.01,-1.2954630050679026,0.8063308352182585,0.6369146558618474,0.9172118025033384,0.8851936159887912
50,0.5,78,1,0.1,-1.249804695746351,0.6595418329319771,0.6603146347980305,0.8974097133058133,0.9556095193573092
50,0.5,78,2,0.1,-1.249804695746351,0.6874786673830089,0.7512659930779694,0.9510886453376844,0.9735004424617202
50,0.5,78,3,0.1,-1.249804695746351,0.6473416221171151,0.646246310333923,0.7012405617837979,0.7155041344202885
50,0.5,79,1,0.1,-1.2807985508476247,0.1932166680561769,0.363086322859344,0.7359414188259845,0.8509836175465221
50,0.5,79,2,0.1,-1.2807985508476247,0.3829740433745613,0.5466597681486802,0.8569989970388341,0.9236353679179352
50,0.5,79,3,0.1,-1.2807985508476247,0.6782329997807776,0.7426186431321979,0.874310482535298,0.9541854353123924
50,0.5,80,1,1000.0,-1.2909062425984164,0.6070295531281372,0.6392439794984563,0.8815658975309406,0.9091306359140504
50,0.5,80,2,1000.0,-1.2909062425984164,0.4184121184061138,0.5602880053423893,0.7190533017579186,0.8399078467860299
50,0.5,80,3,1000.0,-1.2909062425984164,0.6476702522155205,0.6475710650121677,0.9561849534662142,0.9559368798185676
50,0.5,81,1,1.0,-1.3136012535781811,0.0097824792949518,0.0083350878934349,0.4101419483484675,0.4161681329932081
50,0.5,81,2,1.0,-1.3136012535781811,0.3370779290180162,0.4635010073457317,0.5810699430647189,0.5035038799066299
50,0.5,81,3,1.0,-1.3136012535781811,0.6560420688582372,0.6560090640144765,0.9389789248433886,0.9442930448471
50,0.5,82,1,1000.0,-1.2662893791010748,0.0084618541308456,8.697694044238235e-05,0.0013298507877627,0.0098045664162592
50,0.5,82,2,1000.0,-1.2662893791010748,0.4362976724595129,0.450655784928704,0.7649574216743178,0.7761236789345333
50,0.5,82,3,1000.0,-1.2662893791010748,0.7383588545091189,0.7542808133222733,0.9021223918993952,0.9130366417103652
50,0.5,83,1,0.1,-1.228231163593626,0.3705449971975994,0.7219518675684057,0.5062584723172925,0.7873059720707922
50,0.5,83,2,0.1,-1.228231163593626,0.8601835975724661,0.8965725782925965,0.9560505873109542,0.975189089596898
50,0.5,83,3,0.1,-1.228231163593626,0.7786283677112508,0.9161713728601142,0.9369038693286564,0.7834803097012292
50,0.5,84,1,1.0,-1.2262342252339102,0.1289030796965275,0.1401518473885444,0.8495865305257299,0.8717892094138225
50,0.5,84,2,1.0,-1.2262342252339102,0.5818754736652261,0.6150130065076692,0.8083133239418632,0.8331912059410247
50,0.5,84,3,1.0,-1.2262342252339102,0.7590776552992856,0.8050503016089969,0.8331095496925424,0.8792236521907687
50,0.5,85,1,0.1,-1.2625330853662906,0.5221138391692877,0.7691324802929397,0.9203244714988338,0.9321877096300896
50,0.5,85,2,0.1,-1.2625330853662906,0.5410301267027683,0.6082649490795038,0.9657171137755776,0.9876604354940656
50,0.5,85,3,0.1,-1.2625330853662906,0.8078781211583476,0.8892801575540332,0.9093937636610716,0.980983538892412
50,0.5,86,1,1.0,-1.3411243638397183,0.3868238548580986,0.5000087079393508,0.5667981346623724,0.7095581573365873
50,0.5,86,2,1.0,-1.3411243638397183,0.3259630543735773,0.3420348450836744,0.8633517690737562,0.8652143758625958
50,0.5,86,3,1.0,-1.3411243638397183,0.652491857754208,0.6529047885646374,0.972883687107115,0.9715467521840252
50,0.5,87,1,0.1,-1.2596161098871284,0.3945174085207845,0.6039773115651892,0.5037477630396728,0.7088259722290866
50,0.5,87,2,0.1,-1.2596161098871284,0.5286188951941523,0.5603470160692194,0.921081019124354,0.7232036902340717
50,0.5,87,3,0.1,-1.2596161098871284,0.6552097333198641,0.6581142264050275,0.8848957727875045,0.8941136674737077
50,0.5,88,1,1.0,-1.2716770682734786,0.0304775813085272,0.0284238396667968,0.8126520850963423,0.8909028129697116
50,0.5,88,2,1.0,-1.2716770682734786,0.5391653774147364,0.5545607016526333,0.7485562240599066,0.7733983652628507
50,0.5,88,3,1.0,-1.2716770682734786,0.6776653758383251,0.738395636043697,0.7288275462131275,0.793131774704111
50,0.5,89,1,0.1,-1.2755089143408005,0.1073968083547273,0.3870578757331221,0.0981766158854752,0.4417551374900445
50,0.5,89,2,0.1,-1.2755089143408005,0.3866462407968311,0.4290891353531858,0.8689271234001547,0.869277020963098
50,0.5,89,3,0.1,-1.2755089143408005,0.6455210441539545,0.6432126850641139,0.8223527100631586,0.8182355391265229
50,0.5,90,1,0.001,-1.2655808026483304,0.1269537875547823,0.0767772990995686,0.7700165018003291,0.4395134475298592
50,0.5,90,2,0.001,-1.2655808026483304,0.6187616350559489,0.1527062468217908,0.8654216974690679,0.5539583405823177
50,0.5,90,3,0.001,-1.2655808026483304,0.4914162324998039,0.2144645298472963,0.6586847310218141,0.58948233067753
50,0.5,91,1,0.1,-1.2547994728230472,0.2049291599998939,0.2147051325554791,0.908314785263577,0.9462205371952912
50,0.5,91,2,0.1,-1.2547994728230472,0.6407614842072709,0.7497167092299032,0.8453474591322914,0.9450293139836544
50,0.5,91,3,0.1,-1.2547994728230472,0.7115743792111854,0.7419421995316676,0.8562977933611648,0.8732753956855035
50,0.5,92,1,0.1,-1.2984469866699533,0.6329244842920708,0.7667253714363771,0.9398550261136892,0.9819774113526158
50,0.5,92,2,0.1,-1.2984469866699533,0.4931656115768034,0.5557419240521867,0.678599831534923,0.5424027545189248
50,0.5,92,3,0.1,-1.2984469866699533,0.871167959177194,0.9111787625528036,0.9783790094665074,0.9740846661674144
50,0.5,93,1,1.0,-1.2649428853273477,0.1780006711341352,0.1963042183509307,0.9361359572700988,0.942504027920626
50,0.5,93,2,1.0,-1.2649428853273477,0.416443730390683,0.4362756364784228,0.8892113209773178,0.8986884179926893
50,0.5,93,3,1.0,-1.2649428853273477,0.7291614221522239,0.7546464986361023,0.8213867056805143,0.8497318944355317
50,0.5,94,1,10.0,-1.2934025446234372,0.0689566874584543,0.0391960450613128,0.3765888016940058,0.7893203241285058
50,0.5,94,2,10.0,-1.2934025446234372,0.5096826492111857,0.5215706527846261,0.790943805807112,0.8023638484936928
50,0.5,94,3,10.0,-1.2934025446234372,0.7298539688712592,0.7411771075662991,0.8052954801994563,0.8166910162834826
50,0.5,95,1,0.01,-1.25334255996739,0.5356556379995117,0.8556733478640529,0.2717205616179566,0.2155968031561723
50,0.5,95,2,0.01,-1.25334255996739,0.5479425316514014,0.8057714762872863,0.9230981638977552,0.7062699622287663
50,0.5,95,3,0.01,-1.25334255996739,0.7763302261664564,0.669273927986399,0.9613702467995284,0.9599456172422408
50,0.5,96,1,0.01,-1.2732716483742057,0.7902205847447163,0.8282886009704238,0.9147876277452084,0.950361593659425
50,0.5,96,2,0.01,-1.2732716483742057,0.7267974805099732,0.7837434711490229,0.9219891123617254,0.7122935161383683
50,0.5,96,3,0.01,-1.2732716483742057,0.6542770227406884,0.5879313972176503,0.963725819446314,0.6393394058425526
50,0.5,97,1,1.0,-1.2463560364706443,0.0166434896624533,0.3678224467353218,0.0242384551597158,0.7891686654946574
50,0.5,97,2,1.0,-1.2463560364706443,0.4888316651907282,0.5054018278625791,0.8607886171285937,0.8743975003646678
50,0.5,97,3,1.0,-1.2463560364706443,0.703368040912464,0.7074176800812317,0.7972591407788944,0.8015891719482724
50,0.5,98,1,0.1,-1.277020680485055,0.8031831234497346,0.8338986366543143,0.8946487903698206,0.9076020546638708
50,0.5,98,2,0.1,-1.277020680485055,0.6597980089639134,0.7075125025224798,0.9485547062535398,0.956067262721584
50,0.5,98,3,0.1,-1.277020680485055,0.6861772940836123,0.9063085205866992,0.7108004784180437,0.9502071945771058
50,0.5,99,1,0.1,-1.246699991113098,0.4918059208541114,0.7411837027553981,0.8861489949949392,0.9653933738284052
50,0.5,99,2,0.1,-1.246699991113098,0.7524451677159176,0.7840229966675889,0.9645035603187336,0.9577904268658122
50,0.5,99,3,0.1,-1.246699991113098,0.7759440550895622,0.8984128228384428,0.9299111795170888,0.8527514303058551
50,0.5,100,1,1.0,-1.2475912493281736,0.1848514731666392,0.1440968135749675,0.5234083266094668,0.3718327234692807
50,0.5,100,2,1.0,-1.2475912493281736,0.6130970115579273,0.7417148483513296,0.769995217800475,0.8736459082943475
50,0.5,100,3,1.0,-1.2475912493281736,0.6446796561719833,0.6462526983607394,0.9606257171095732,0.9645641092695452
50,0.5,101,1,1.0,-1.2306972771563012,0.2657972336740238,0.3187144224115625,0.6451654567896765,0.6831348574590153
50,0.5,101,2,1.0,-1.2306972771563012,0.5063117995889439,0.5515678101496945,0.7664119260757243,0.7994789040049234
50,0.5,101,3,1.0,-1.2306972771563012,0.6333894382152038,0.631387280621283,0.9461606989079782,0.9534469814332972
50,0.5,102,1,0.01,-1.295311519380783,0.534154249603856,0.8108892815577097,0.9290243693290836,0.7373090004243882
50,0.5,102,2,0.01,-1.295311519380783,0.7592080902728896,0.4729528370492318,0.9153835364361128,0.8542340657219296
50,0.5,102,3,0.01,-1.295311519380783,0.6107429290343466,0.4458414330531648,0.9514863140488762,0.7128683661782008
50,0.5,103,1,0.1,-1.2230209559347318,0.253760849410894,0.5865452016529106,0.6920966102024179,0.7698228881999032
50,0.5,103,2,0.1,-1.2230209559347318,0.5769925373968188,0.8790314316737811,0.7824179232113588,0.8372038063714531
50,0.5,103,3,0.1,-1.2230209559347318,0.7044865676452011,0.6868359794129134,0.9630552679921652,0.961382442764072
50,0.5,104,1,0.01,-1.3108215791005633,0.0012195345576372,0.78607922958026,0.4902439346194689,0.0372443198654344
50,0.5,104,2,0.01,-1.3108215791005633,0.4410524442901145,0.8350382394541129,0.6825055715507771,0.3827411312151662
50,0.5,104,3,0.01,-1.3108215791005633,0.6347596232863478,0.5913664881753447,0.92930515459283,0.7638543557035872
50,0.5,105,1,0.1,-1.240215831322763,0.2668384384186732,0.3740801314540142,0.749297594622567,0.8650206696144659
50,0.5,105,2,0.1,-1.240215831322763,0.592827021569629,0.6493058942841174,0.8633632353668503,0.8989346284372657
50,0.5,105,3,0.1,-1.240215831322763,0.6397744455279207,0.6755533522554704,0.980458624911347,0.9744043020943352
50,0.5,106,1,1000.0,-1.2859102414025088,0.1269034634849666,0.2121523024279904,0.763068403420772,0.8159840220261387
50,0.5,106,2,1000.0,-1.2859102414025088,0.3994861292542336,0.4169625504221126,0.8425577129767192,0.853193909015376
50,0.5,106,3,1000.0,-1.2859102414025088,0.6517747820102764,0.6508458884776657,0.7231007622961504,0.7194608231562039
50,0.5,107,1,1.0,-1.297061645409765,0.1885887077176227,0.2338167230790525,0.003175786030962,0.001259383835715
50,0.5,107,2,1.0,-1.297061645409765,0.4810440246398403,0.5258870933178676,0.7978199692569605,0.8220291023128472
50,0.5,107,3,1.0,-1.297061645409765,0.6637456631277331,0.6568598029775717,0.9328889788211906,0.9272803112666052
50,0.5,108,1,0.1,-1.3268885811010138,0.3426033823872441,0.5928173756372267,0.805612123729819,0.854910821683503
50,0.5,108,2,0.1,-1.3268885811010138,0.3828221182054654,0.4571156177497997,0.8365007354376278,0.8723281238289345
50,0.5,108,3,0.1,-1.3268885811010138,0.6425820757486843,0.64099822417048,0.7484873318114963,0.7349411504792883
50,0.5,109,1,0.1,-1.2658260075724896,0.0953526439869695,0.145382255878928,0.9600521913854156,0.9249224982613644
50,0.5,109,2,0.1,-1.2658260075724896,0.5058001966398793,0.5945097335108135,0.9228053688390804,0.9591479035644822
50,0.5,109,3,0.1,-1.2658260075724896,0.8239902632426528,0.8774026447564212,0.9826734213258156,0.9709375858914892
50,0.5,110,1,0.1,-1.2836020393834853,0.0211023999773158,0.8690404358276089,0.0805626339592037,0.9656702137383222
50,0.5,110,2,0.1,-1.2836020393834853,0.6438287650552932,0.7771851447246281,0.9776651826376112,0.9716182149119948
50,0.5,110,3,0.1,-1.2836020393834853,0.9419146791394348,0.9379781983544864,0.9845515272535104,0.983890039217194
50,0.5,111,1,0.1,-1.28930263271543,0.2956975658860569,0.5473164633273879,0.7187278464881826,0.8665249726873998
50,0.5,111,2,0.1,-1.28930263271543,0.636138498415276,0.7307135039761065,0.8461569304510841,0.8992190179129818
50,0.5,111,3,0.1,-1.28930263271543,0.7272863478443795,0.8280900586517225,0.7789613058479526,0.9054328279679792
50,0.5,112,1,0.1,-1.2695228115478026,0.140263308353663,0.5408930365786458,0.4649948247685793,0.8929852704975049
50,0.5,112,2,0.1,-1.2695228115478026,0.3379495609701101,0.4907947356319622,0.7024293299909274,0.858470226370676
50,0.5,112,3,0.1,-1.2695228115478026,0.6633628794068948,0.7815120111332852,0.6975297020094994,0.7996957634061328
50,0.5,113,1,1.0,-1.3284015511100362,0.2936282695246814,0.5313730026914352,0.3203524125928463,0.7193933906741871
50,0.5,113,2,1.0,-1.3284015511100362,0.4943856495524562,0.5041756600051795,0.9041670318643368,0.921888800146615
50,0.5,113,3,1.0,-1.3284015511100362,0.7946870169049963,0.7990194193340412,0.8892264318077432,0.8924018541027308
50,0.5,114,1,100.0,-1.2964574146729282,0.3894432032091069,0.3917263458462049,0.8792975285829978,0.882351339127574
50,0.5,114,2,100.0,-1.2964574146729282,0.4771404550078337,0.4863017147667982,0.8474733215805668,0.848463614233582
50,0.5,114,3,100.0,-1.2964574146729282,0.7580710569891903,0.7823020874567653,0.7264201499824957,0.7688685597822902
50,0.5,115,1,1.0,-1.254241079603564,0.6589601473048124,0.6904064870099195,0.7884975324143625,0.7545820245809691
50,0.5,115,2,1.0,-1.254241079603564,0.659211807214622,0.6838000116943409,0.8589459329752946,0.8744323724650325
50,0.5,115,3,1.0,-1.254241079603564,0.6730660492900933,0.6737420746494108,0.8766892665326559,0.8773590526211056
50,0.5,116,1,1000.0,-1.290798888708958,0.0091720804756795,0.008423854392921,0.3000795845244744,0.2999408749256993
50,0.5,116,2,1000.0,-1.290798888708958,0.4150155904284109,0.4533421925945701,0.8572492175416175,0.8639519832604525
50,0.5,116,3,1000.0,-1.290798888708958,0.6482173994192876,0.6466154897118358,0.8328359149516963,0.829928781797823
50,0.5,117,1,0.1,-1.286204154921622,0.4786859770795718,0.6590730332387597,0.7176648037557721,0.9166549440453506
50,0.5,117,2,0.1,-1.286204154921622,0.4396934658763061,0.8531288245939166,0.8703051443899801,0.7373050755659135
50,0.5,117,3,0.1,-1.286204154921622,0.7135768319670722,0.7818326336972884,0.9505082099516288,0.98408055118966
50,0.5,118,1,1.0,-1.2708235827806391,0.0423465129904955,0.0674820476522041,0.0164606572379835,0.0520700332450522
50,0.5,118,2,1.0,-1.2708235827806391,0.4601195216015819,0.4784703873319046,0.9595619342916905,0.9689845646547544
50,0.5,118,3,1.0,-1.2708235827806391,0.7174235320455082,0.7287792391419129,0.8269627210332507,0.837555106972049
50,0.5,119,1,0.01,-1.2874560090416125,0.7613711371899873,0.882870536612101,0.901634189416895,0.9009887200197148
50,0.5,119,2,0.01,-1.2874560090416125,0.5438526728983587,0.4722797412208593,0.9294764251868032,0.4981758370527449
50,0.5,119,3,0.01,-1.2874560090416125,0.7447126567218764,0.5800020191287256,0.965950859261984,0.6493695026366529
50,0.5,120,1,1000.0,-1.268286852429452,0.0557330416715798,0.0801415422845121,0.8897882823679039,0.9481900053697828
50,0.5,120,2,1000.0,-1.268286852429452,0.4688986456921926,0.4775432513941705,0.9114808327787032,0.9184944131499652
50,0.5,120,3,1000.0,-1.268286852429452,0.7816493807048343,0.790866517821695,0.8833313276724436,0.8897871196792903
50,0.5,121,1,0.1,-1.294787924301344,0.4729929015809542,0.768870840385366,0.7588066396139275,0.960286764164922
50,0.5,121,2,0.1,-1.294787924301344,0.5569564978494371,0.7677557664225824,0.7854084635710377,0.6490904513660429
50,0.5,121,3,0.1,-1.294787924301344,0.6340555044477594,0.6243342091449479,0.9794129126022012,0.9771708142554008
50,0.5,122,1,1.0,-1.3085576751849315,0.0011550878799308,1.1796400913588173e-05,0.0567268920464698,0.2035859832337598
50,0.5,122,2,1.0,-1.3085576751849315,0.440487020082229,0.4412863505731149,0.8028622472838343,0.7950614925417776
50,0.5,122,3,1.0,-1.3085576751849315,0.6588375377090668,0.6595628453967871,0.8576149640456888,0.8621120432357524
50,0.5,123,1,0.1,-1.3180634090456858,0.3837683629629682,0.427485164201595,0.9222092437023128,0.9597737496555224
50,0.5,123,2,0.1,-1.3180634090456858,0.4251601951834474,0.4529775985609854,0.9553642334065228,0.9398936165325174
50,0.5,123,3,0.1,-1.3180634090456858,0.6706307562080948,0.8952385831888593,0.8032066339590477,0.8947352556414635
50,0.5,124,1,0.1,-1.282894697437805,0.0129308554118945,0.2680305071838965,0.0421584932229053,0.5857614820089776
50,0.5,124,2,0.1,-1.282894697437805,0.4787922253596706,0.4787886349149621,0.8512030853316195,0.8388542514478138
50,0.5,124,3,0.1,-1.282894697437805,0.7982048425845223,0.817500586669682,0.958012986722015,0.962848343466634
50,0.5,125,1,1000.0,-1.294426236437247,0.4825622319876675,0.5285591866822756,0.7904196158126666,0.755931074143038
50,0.5,125,2,1000.0,-1.294426236437247,0.535479957293143,0.548421467681709,0.8168508399142431,0.8233183223327458
50,0.5,125,3,1000.0,-1.294426236437247,0.6545602778818399,0.6530372932668638,0.9400378430906065,0.939308192532616
50,0.5,126,1,1000.0,-1.2873609021435657,0.6582603277433497,0.6593355091291296,0.9345366632115946,0.938016817143452
50,0.5,126,2,1000.0,-1.2873609021435657,0.5061574184850285,0.5110391923198305,0.7630328827488244,0.7635098816385227
50,0.5,126,3,1000.0,-1.2873609021435657,0.6483265491803396,0.6468002447219797,0.9327888851939472,0.932235331197974
50,0.5,127,1,0.1,-1.266185051533695,0.4990719916775447,0.5976890034103484,0.8602016937550895,0.9709375087457394
50,0.5,127,2,0.1,-1.266185051533695,0.5801451039978917,0.6728320258634486,0.885785333141077,0.9410091147882672
50,0.5,127,3,0.1,-1.266185051533695,0.6578417508822493,0.6561050416532049,0.8592322698247257,0.8723601869986211
50,0.5,128,1,0.1,-1.2969743618543057,0.6023000701082938,0.7949191464290266,0.8357699080179267,0.983998548450928
50,0.5,128,2,0.1,-1.2969743618543057,0.6482753645261246,0.6974721651043005,0.9527212649839002,0.9776376324406648
50,0.5,128,3,0.1,-1.2969743618543057,0.6552957374312981,0.6741093403369857,0.7158460476702789,0.698493502262114
50,0.5,129,1,0.01,-1.2694170331482295,0.6585146160999795,0.5731715832670914,0.8789902527186414,0.7708276650530254
50,0.5,129,2,0.01,-1.2694170331482295,0.7795595873481553,0.3891058339107586,0.9366396305313426,0.60495425542427
50,0.5,129,3,0.01,-1.2694170331482295,0.7261105450601432,0.5737078890708075,0.7360224154076557,0.751227145137471
50,0.5,130,1,0.1,-1.3135108663175166,0.512602278806357,0.7322840861864991,0.7620472216767128,0.8567921827986773
50,0.5,130,2,0.1,-1.3135108663175166,0.6065255420459497,0.7958833161914887,0.931592319366102,0.6039252556261279
50,0.5,130,3,0.1,-1.3135108663175166,0.7792149823126072,0.7844349342258621,0.9886395034362542,0.990928028806596
50,0.5,131,1,1.0,-1.3001652602952236,0.0511167057106351,0.2200464709875366,0.2021114175310982,0.4807739634605473
50,0.5,131,2,1.0,-1.3001652602952236,0.5435227194281068,0.6314257419581267,0.7928739785928335,0.8523518024691961
50,0.5,131,3,1.0,-1.3001652602952236,0.7489202853569563,0.7523897389223079,0.9017277324343428,0.9043988258888483
50,0.5,132,1,0.1,-1.270231663697156,0.1061860237370252,0.1589752921037843,0.7987132091643656,0.8567307134689761
50,0.5,132,2,0.1,-1.270231663697156,0.3074094895030212,0.4934170837636693,0.689705159586314,0.5342372503560626
50,0.5,132,3,0.1,-1.270231663697156,0.6501317687833325,0.8229165484697266,0.836283758196632,0.6627345271004607
50,0.5,133,1,1.0,-1.290416480427015,0.0669958941660828,0.0099180026137916,0.2051895840994994,0.0024866811481893
50,0.5,133,2,1.0,-1.290416480427015,0.550804652527481,0.5529510991892705,0.7583317418889457,0.7647039619160464
50,0.5,133,3,1.0,-1.290416480427015,0.8656394911700144,0.8677998650238742,0.9818869535159278,0.9831963892583728
50,0.5,134,1,0.1,-1.269993663290297,0.4793616137216271,0.8537318526662317,0.7557954622957976,0.9913802998170376
50,0.5,134,2,0.1,-1.269993663290297,0.488261073177495,0.5069316746604953,0.9661082001354712,0.957004615604417
50,0.5,134,3,0.1,-1.269993663290297,0.6490886718980247,0.9465920385410244,0.9852868998771958,0.6775097356554882
50,0.5,135,1,0.1,-1.2549610861569718,0.2577729282426052,0.6419183305255982,0.039303983001519,0.0054700609486466
50,0.5,135,2,0.1,-1.2549610861569718,0.6622258649117119,0.7790167741233984,0.9663022302109912,0.9926707025811546
50,0.5,135,3,0.1,-1.2549610861569718,0.8343264842099006,0.9236317421887688,0.9170830253995036,0.9819172849244951
50,0.5,136,1,1000.0,-1.275116141203647,0.2783649534074273,0.2978514332341729,0.6997453376504779,0.7126790455745262
50,0.5,136,2,1000.0,-1.275116141203647,0.4165429701797205,0.4642243879109656,0.7434200828897147,0.7741168802294471
50,0.5,136,3,1000.0,-1.275116141203647,0.6785883162541685,0.706189769526429,0.8328196418792807,0.866367721787867
50,0.5,137,1,0.01,-1.2478893123010542,0.7977445442912726,0.8535395481191239,0.8604924985223261,0.8233993260154422
50,0.5,137,2,0.01,-1.2478893123010542,0.4666711962678817,0.4677272892938574,0.6531320171591616,0.5314471796656269
50,0.5,137,3,0.01,-1.2478893123010542,0.7848431355588718,0.6351727500228405,0.9568929049428068,0.7828341711053722
50,0.5,138,1,0.1,-1.2401715834473506,0.5067339068583707,0.6705788749373696,0.9321137139211506,0.9781801714513249
50,0.5,138,2,0.1,-1.2401715834473506,0.4583874791920078,0.8255729920359283,0.6179325990966202,0.8862924836171308
50,0.5,138,3,0.1,-1.2401715834473506,0.8106266858386052,0.90611135298925,0.8102811497737085,0.9172464363097456
50,0.5,139,1,1.0,-1.2453626258878054,0.0089786086445692,0.0005779601944069,0.9246358076458648,0.9593974741732628
50,0.5,139,2,1.0,-1.2453626258878054,0.6547532364290691,0.6738225035195531,0.8552809704675581,0.8707993031756981
50,0.5,139,3,1.0,-1.2453626258878054,0.6703674115805959,0.7077484663686743,0.9570235462544856,0.9693629034194228
50,0.5,140,1,1000.0,-1.3003940980375557,0.008325169128279,0.0013663190480125,0.424486645998387,0.8519910325772874
50,0.5,140,2,1000.0,-1.3003940980375557,0.3916507253724924,0.3969458078290714,0.8448415722107001,0.8444933315828693
50,0.5,140,3,1000.0,-1.3003940980375557,0.6480829977536817,0.6485420741909389,0.9513742357288262,0.953486772174005
50,0.5,141,1,0.1,-1.2476829481566585,0.4843397312658883,0.750653211138274,0.9674497378901946,0.7951954956375742
50,0.5,141,2,0.1,-1.2476829481566585,0.6867441096883733,0.7859808536321694,0.9534997169751716,0.8793245266758896
50,0.5,141,3,0.1,-1.2476829481566585,0.8036582274132699,0.8656063966996874,0.9731382120780684,0.97315608507587
50,0.5,142,1,0.1,-1.2949295296417995,0.3838852446787318,0.7614601130912073,0.6655488747877498,0.9762247326625046
50,0.5,142,2,0.1,-1.2949295296417995,0.4772596249119169,0.4724791334822951,0.9199147858623078,0.9119189488362852
50,0.5,142,3,0.1,-1.2949295296417995,0.6925052539979316,0.7234303424343561,0.8215056394652783,0.8494086005116888
50,0.5,143,1,0.1,-1.2656938294445683,0.6502116241298763,0.8570907009655692,0.6577212263034453,0.8292182049457191
50,0.5,143,2,0.1,-1.2656938294445683,0.5781841037310659,0.6241238884408553,0.8963446447108967,0.90784252702348
50,0.5,143,3,0.1,-1.2656938294445683,0.8112779328576439,0.7393126437363976,0.9501818844764206,0.9160838943553552
50,0.5,144,1,0.1,-1.2669018400990943,7.499308572356314e-05,0.0312555655209922,0.093028305392262,0.231386236814307
50,0.5,144,2,0.1,-1.2669018400990943,0.5488239872981882,0.8589515418095259,0.7193497785021195,0.9287366745631468
50,0.5,144,3,0.1,-1.2669018400990943,0.8986341906586816,0.9436376834150906,0.9388123668425306,0.949465698388164
50,0.5,145,1,1.0,-1.248848646385688,0.3163193246345938,0.4688521549702096,0.6369310767911143,0.8156719670110236
50,0.5,145,2,1.0,-1.248848646385688,0.521487068888797,0.539030159905712,0.8356458386281255,0.8527917412519125
50,0.5,145,3,1.0,-1.248848646385688,0.7123076149483801,0.7849699397667974,0.9320763202782828,0.9683397222002506
50,0.5,146,1,0.01,-1.2504954224208489,0.4564265379396844,0.763807876053613,0.9144185653680336,0.8161365391374898
50,0.5,146,2,0.01,-1.2504954224208489,0.7445109349325099,0.6086794097413126,0.9776318209583128,0.7642244858526529
50,0.5,146,3,0.01,-1.2504954224208489,0.8238803860293261,0.5229737524495633,0.9832920208998316,0.8353435110564341
50,0.5,147,1,1000.0,-1.2330298436736702,0.1445834751094118,0.1460759756009999,0.8268274604728577,0.8338016732759532
50,0.5,147,2,1000.0,-1.2330298436736702,0.4039127144591327,0.4297595116719747,0.8817150213330764,0.905813431771474
50,0.5,147,3,1000.0,-1.2330298436736702,0.7085765158607201,0.7386764251458467,0.8678995776027594,0.8928001421608851
50,0.5,148,1,1000.0,-1.306522638326747,0.0340981331379504,0.0184469882904982,0.7210307166858706,0.6755144420552455
50,0.5,148,2,1000.0,-1.306522638326747,0.2924661045040281,0.3023350560862584,0.8816702518734744,0.8855612095093708
50,0.5,148,3,1000.0,-1.306522638326747,0.7799525323688058,0.7845148834526815,0.9429847246272868,0.9456952532363806
50,0.5,149,1,0.01,-1.2641269193693798,0.6008784456761871,0.4891869536458307,0.9570165440697512,0.9695775168712696
50,0.5,149,2,0.01,-1.2641269193693798,0.4407272582673474,0.3509901027348779,0.9868546688936096,0.4992949220854014
50,0.5,149,3,0.01,-1.2641269193693798,0.7308609196967688,0.4649089689522597,0.9434113487097664,0.6160202991278102
50,0.5,150,1,10.0,-1.2806108568299452,0.0245658978957236,0.0299835359472681,0.1830714258007499,0.1781161369164677
50,0.5,150,2,10.0,-1.2806108568299452,0.3289734037707501,0.34331959041769,0.8299863857510674,0.8343152219851824
50,0.5,150,3,10.0,-1.2806108568299452,0.6394452821805874,0.6400970042514724,0.8895115829620105,0.8967167306101106
50,0.5,151,1,0.1,-1.2399416281602265,0.422284075358657,0.6821023298404509,0.792376420935783,0.9320276573000726
50,0.5,151,2,0.1,-1.2399416281602265,0.6773526558023786,0.7721411918996228,0.8905364093582347,0.9278527569908164
50,0.5,151,3,0.1,-1.2399416281602265,0.7223490471195663,0.8354516590574548,0.8235434167442666,0.9408445726160792
50,0.5,152,1,1.0,-1.3326524309641683,0.1217779171978899,0.1946234395262348,0.5667764168400696,0.6077475762082375
50,0.5,152,2,1.0,-1.3326524309641683,0.382930759293806,0.4179025333145606,0.6658477738199677,0.6617141764607752
50,0.5,152,3,1.0,-1.3326524309641683,0.7765500772244306,0.7862751659651189,0.9183607567457476,0.92537583988272
50,0.5,153,1,1.0,-1.273154435617995,0.0509365808151019,0.0855738309300727,0.7367230788722334,0.8312117203755504
50,0.5,153,2,1.0,-1.273154435617995,0.3446936261451752,0.3639485358058734,0.841760110083996,0.8504673197047967
50,0.5,153,3,1.0,-1.273154435617995,0.6559134569200492,0.6532541908729392,0.7398676768712532,0.7308303482387665
50,0.5,154,1,0.01,-1.257862486641646,0.3521867122278256,0.8778941796986418,0.9740677502870936,0.6890799177169475
50,0.5,154,2,0.01,-1.257862486641646,0.7657518837303388,0.7775707766121452,0.957043065958848,0.9608190152004878
50,0.5,154,3,0.01,-1.257862486641646,0.8164203876389363,0.5562615752133732,0.9692349360637594,0.7645003805419348
50,0.5,155,1,0.1,-1.262838409089006,0.5017737437248392,0.5338514360367761,0.9548676448055516,0.9671018811945192
50,0.5,155,2,0.1,-1.262838409089006,0.5814142138972093,0.664929563436474,0.8144223096218266,0.8132167694074472
50,0.5,155,3,0.1,-1.262838409089006,0.6766750057058402,0.8257834619718379,0.8518546020679767,0.8656972549114448
50,0.5,156,1,10.0,-1.2927722734742224,0.0198815822035196,0.0128803139789702,0.3620068479698086,0.8382404909918872
50,0.5,156,2,10.0,-1.2927722734742224,0.4710859667160499,0.4802508409021786,0.8258707854848467,0.8332723176566394
50,0.5,156,3,10.0,-1.2927722734742224,0.6720871958580537,0.6741848651287868,0.9144106917425466,0.9131916825679356
50,0.5,157,1,0.1,-1.27410273101115,0.440396994822666,0.6163011857285223,0.8825844823066373,0.9638094644899432
50,0.5,157,2,0.1,-1.27410273101115,0.4937403357543326,0.6676065005070414,0.9223347458965075,0.9403543236431332
50,0.5,157,3,0.1,-1.27410273101115,0.7353754510921293,0.7595634892447162,0.9285519789819672,0.9465362255132248
50,0.5,158,1,0.01,-1.242383703440992,0.692171788335379,0.8212253644188806,0.9198820137513256,0.7108914577633532
50,0.5,158,2,0.01,-1.242383703440992,0.8882093770301872,0.7984764633362572,0.8908304196860836,0.715839956214676
50,0.5,158,3,0.01,-1.242383703440992,0.7985796569032018,0.6416350422455109,0.9846591534722164,0.8831064379279113
50,0.5,159,1,0.1,-1.2633836092564477,0.3541007414291747,0.6990174631706895,0.9179297616433096,0.9147513338151416
50,0.5,159,2,0.1,-1.2633836092564477,0.7777181482400569,0.8487055243383169,0.9095233687570634,0.9607511298027268
50,0.5,159,3,0.1,-1.2633836092564477,0.7650476062357249,0.7745868693987319,0.88512738827118,0.8958744137249294
50,0.5,160,1,0.1,-1.2469934561113138,0.5923895291938845,0.6878761136757473,0.9417344097430804,0.9443711330981802
50,0.5,160,2,0.1,-1.2469934561113138,0.4405053893116026,0.5006205057477441,0.923038484980626,0.9722173730111072
50,0.5,160,3,0.1,-1.2469934561113138,0.6497352106722046,0.8487457397294188,0.6833062535718927,0.7510169313660938
50,0.5,161,1,1.0,-1.272311220829704,0.2124437566245263,0.2930565541758737,0.5350239369079399,0.5808998711611146
50,0.5,161,2,1.0,-1.272311220829704,0.3462808871450373,0.4752949823196978,0.7881242621511833,0.8887647635480747
50,0.5,161,3,1.0,-1.272311220829704,0.660964292004675,0.6618200392125734,0.7743976996653409,0.7768790873110897
50,0.5,162,1,1.0,-1.22192770366791,0.1166812026664345,0.3134928638981449,0.2507771422741205,0.4979952565517217
50,0.5,162,2,1.0,-1.22192770366791,0.4891833699013403,0.5154203421401787,0.8161630661228128,0.855542489448107
50,0.5,162,3,1.0,-1.22192770366791,0.7556185667910585,0.770161593139343,0.9046575210164076,0.9155106116356854
50,0.5,163,1,0.01,-1.2741558369270145,0.6796547633582362,0.6784189750949936,0.9243632335039558,0.7566172726075334
50,0.5,163,2,0.01,-1.2741558369270145,0.7619499727237786,0.5691155469436372,0.9632730972673595,0.7821456983141775
50,0.5,163,3,0.01,-1.2741558369270145,0.7112590630196401,0.4986980436997255,0.9251668607015872,0.8445067018454407
50,0.5,164,1,1.0,-1.2626527175123692,0.044138497416909,0.1047869651769368,0.239261962646109,0.5843642194520511
50,0.5,164,2,1.0,-1.2626527175123692,0.470038382398381,0.4797165639840474,0.8728841907815671,0.8867964701391644
50,0.5,164,3,1.0,-1.2626527175123692,0.7130282293517186,0.747445074419342,0.7119182352266509,0.7507937535007084
50,0.5,165,1,0.1,-1.3418148812119932,0.0231045997463755,0.0211314580793196,0.7065088380810455,0.9210812158100798
50,0.5,165,2,0.1,-1.3418148812119932,0.3794679411780071,0.7966753595187437,0.8315801642986727,0.5243851652522533
50,0.5,165,3,0.1,-1.3418148812119932,0.658519559211714,0.8165846142217631,0.6736010247950514,0.8877520819208783
50,0.5,166,1,1.0,-1.3015783845326636,0.1978437157638029,0.2131566512331273,0.6603750474375246,0.6788128652594689
50,0.5,166,2,1.0,-1.3015783845326636,0.3152057093195218,0.3396471970719519,0.7992828839145345,0.8133439854136147
50,0.5,166,3,1.0,-1.3015783845326636,0.6561379777597638,0.788003749384202,0.6590146887945011,0.8541700448676292
50,0.5,167,1,0.1,-1.3097140795241504,0.1570477487064791,0.415394453698739,0.0947643142032745,0.938177854410734
50,0.5,167,2,0.1,-1.3097140795241504,0.5322063189116675,0.578046707558649,0.9677573994020212,0.979228589818328
50,0.5,167,3,0.1,-1.3097140795241504,0.790524565367673,0.864304352033844,0.9618509780416032,0.8816307948833136
50,0.5,168,1,1000.0,-1.2661773495697823,0.4586944770260242,0.4819753453301196,0.8531852804637672,0.8703456233199057
50,0.5,168,2,1000.0,-1.2661773495697823,0.6952664853265493,0.7336006190643694,0.8625778956904908,0.8833362053623031
50,0.5,168,3,1000.0,-1.2661773495697823,0.6486219964982116,0.6481225943006743,0.9730022460105467,0.9733660120542696
50,0.5,169,1,1000.0,-1.3201094473538806,0.1397154820055298,0.158650199180545,0.4667006485163064,0.5538592220595739
50,0.5,169,2,1000.0,-1.3201094473538806,0.5283478334337399,0.534901254167754,0.695790073846638,0.7043939885302203
50,0.5,169,3,1000.0,-1.3201094473538806,0.6422162644888939,0.6409154703205472,0.8145562889916457,0.8348187801471867
50,0.5,170,1,0.1,-1.2887138642705571,0.0036413749420039,0.4931335653361942,0.1175149547177857,0.7741214986465952
50,0.5,170,2,0.1,-1.2887138642705571,0.4203060508872342,0.5478522849111964,0.9170244152366932,0.8760518327006079
50,0.5,170,3,0.1,-1.2887138642705571,0.7808352809835363,0.8288115425250808,0.9532414675844436,0.9736915758046668
50,0.5,171,1,1000.0,-1.2880055942750863,0.1722252824982861,0.1893675629823851,0.9057588713299916,0.931338991970276
50,0.5,171,2,1000.0,-1.2880055942750863,0.4820035795037342,0.4824131314599058,0.9268217236742504,0.9274784328502164
50,0.5,171,3,1000.0,-1.2880055942750863,0.8485369187293114,0.8559117992585962,0.9328241066127132,0.9368780017272996
50,0.5,172,1,0.001,-1.3031525155709331,0.6519362103863927,5.391421789523939e-05,0.9760437274231276,0.1326463992263681
50,0.5,172,2,0.001,-1.3031525155709331,0.4971364759507479,0.0089310995686101,0.8490069908206686,0.1163956624915086
50,0.5,172,3,0.001,-1.3031525155709331,0.4082730926082313,0.1059945605000003,0.8947014544639379,0.5826187521350786
50,0.5,173,1,0.01,-1.3138958801976992,0.1279204271033411,0.2654727509443073,0.7890554593316041,0.015540609974359
50,0.5,173,2,0.01,-1.3138958801976992,0.7236373857880156,0.4653811922618474,0.9510370412758212,0.4842682613164311
50,0.5,173,3,0.01,-1.3138958801976992,0.8676228121837148,0.59925462136539,0.9784830321347816,0.7569480940281593
50,0.5,174,1,0.01,-1.2930114899851608,0.844162985183513,0.9084461213198584,0.974579287839175,0.9275130752322776
50,0.5,174,2,0.01,-1.2930114899851608,0.8221783552825764,0.4815156923145767,0.9843276922963138,0.4718301324177776
50,0.5,174,3,0.01,-1.2930114899851608,0.7314282579496987,0.4716111345420712,0.9336585365902152,0.6945712949008863
50,0.5,175,1,1.0,-1.2937744596561012,0.379573649228544,0.5581749511790071,0.5263848930177113,0.7525686830122796
50,0.5,175,2,1.0,-1.2937744596561012,0.4421540305020989,0.512571898988281,0.8213394772113087,0.8525167317499197
50,0.5,175,3,1.0,-1.2937744596561012,0.6756378421666992,0.6793415631078127,0.7311713649520333,0.7340352214719642
50,0.5,176,1,0.1,-1.2705216963010932,0.5172119925770428,0.5598901276460932,0.8748649881635769,0.9150390729351956
50,0.5,176,2,0.1,-1.2705216963010932,0.4452942528345891,0.8291488410797658,0.808891041705998,0.4645301046641529
50,0.5,176,3,0.1,-1.2705216963010932,0.8415782723240728,0.9190845176093684,0.8363918699201482,0.9345115109589184
50,0.5,177,1,1.0,-1.2876293449360108,0.0001607713975926,0.1258829587654213,0.0314601303759378,0.4405512982985079
50,0.5,177,2,1.0,-1.2876293449360108,0.5524168075263316,0.5920542316797002,0.8609440602975007,0.8825381984834026
50,0.5,177,3,1.0,-1.2876293449360108,0.6502799585810073,0.6653613900395193,0.6504868854356425,0.6663975745918281
50,0.5,178,1,0.1,-1.2458815031226913,0.6530085700301088,0.6693707132526686,0.8726329372541684,0.8939927928408792
50,0.5,178,2,0.1,-1.2458815031226913,0.4532828509705139,0.5000874525265113,0.9340914392695818,0.9210889229303592
50,0.5,178,3,0.1,-1.2458815031226913,0.6502050066301187,0.6536933503345975,0.6916163472773817,0.6760445624696724
50,0.5,179,1,1.0,-1.2569545599149072,0.2031772252469898,0.2546451512112289,0.4006008476004535,0.6929862106561526
50,0.5,179,2,1.0,-1.2569545599149072,0.5370198690788686,0.5659267353508751,0.8645019430068841,0.8869929261433152
50,0.5,179,3,1.0,-1.2569545599149072,0.6443218448369473,0.6442782181582548,0.7934585663520942,0.8033237321448419
50,0.5,180,1,0.01,-1.2745727392581272,0.6269089157263348,0.6431864094117852,0.8701000872750299,0.8341225825982425
50,0.5,180,2,0.01,-1.2745727392581272,0.4860769167300124,0.4786668909994398,0.8884740110341814,0.7142489648314629
50,0.5,180,3,0.01,-1.2745727392581272,0.6753828337879856,0.5657846911408556,0.9293641129205122,0.7308272229238484
50,0.5,181,1,1.0,-1.2657873306672212,0.2964936963190824,0.3117294230178001,0.7423388887335697,0.7825511904848794
50,0.5,181,2,1.0,-1.2657873306672212,0.6249249896095139,0.6425116929706716,0.886967296149181,0.8963912370563996
50,0.5,181,3,1.0,-1.2657873306672212,0.7123703852813992,0.7303324032626796,0.9390743265159824,0.9535589361689062
50,0.5,182,1,10.0,-1.2710604011596105,0.0124800222128789,0.0169226438816906,0.001515966042842,0.0015869086263036
50,0.5,182,2,10.0,-1.2710604011596105,0.1925395886343668,0.1996337507016661,0.8237777590784437,0.830320395543396
50,0.5,182,3,10.0,-1.2710604011596105,0.6529019270583541,0.657956567005057,0.9453586577008838,0.9603859499695244
50,0.5,183,1,1.0,-1.2799925533513474,0.1316791471693841,0.189237227024267,0.6755459385593096,0.8408357433043067
50,0.5,183,2,1.0,-1.2799925533513474,0.3200754780005731,0.3307701974995296,0.912749141051778,0.9190484160694592
50,0.5,183,3,1.0,-1.2799925533513474,0.6500701091017861,0.6476225064612157,0.8306649872576207,0.8166480611862076
50,0.5,184,1,0.1,-1.2434413951527532,0.1452431052058268,0.2091407229321137,0.3305446503630714,0.7522847287870468
50,0.5,184,2,0.1,-1.2434413951527532,0.4776747659058195,0.682831722329271,0.9090792732030224,0.9389785067109184
50,0.5,184,3,0.1,-1.2434413951527532,0.6666032917769097,0.6828571520431721,0.9551605758688512,0.979987332229495
50,0.5,185,1,0.01,-1.232392990662903,0.5008715793995033,0.8081248948715555,0.9615007947070762,0.3023231045195526
50,0.5,185,2,0.01,-1.232392990662903,0.7459222383198796,0.7823178715264911,0.9572753929935384,0.7947503676512364
50,0.5,185,3,0.01,-1.232392990662903,0.8214997177132372,0.6646204980581337,0.973937048327062,0.8899049586716375
50,0.5,186,1,0.1,-1.2999494803485092,0.428587398666709,0.4730830724148402,0.9697110374012232,0.9666580168372436
50,0.5,186,2,0.1,-1.2999494803485092,0.588756650707615,0.7553895761432379,0.9669999618654184,0.9728924211082042
50,0.5,186,3,0.1,-1.2999494803485092,0.6529579763809759,0.7177454108287818,0.6901943960086715,0.8064680478151146
50,0.5,187,1,0.1,-1.2424601831949351,0.313115079093936,0.256397478473074,0.7629451654793176,0.5306484705907443
50,0.5,187,2,0.1,-1.2424601831949351,0.4223418543498857,0.4128148694007628,0.9311671865501902,0.9287549458897096
50,0.5,187,3,0.1,-1.2424601831949351,0.8229871864911168,0.846913989228594,0.9714292601364954,0.8697550352473457
50,0.5,188,1,1000.0,-1.3022098489135745,0.4264957173185182,0.6058508462887869,0.5458583499195421,0.7361281256272973
50,0.5,188,2,1000.0,-1.3022098489135745,0.3655850430433625,0.4007051617952471,0.8651445518533731,0.8922444389875037
50,0.5,188,3,1000.0,-1.3022098489135745,0.6592388128257451,0.6597768804817481,0.9670317069136636,0.9684619683986352
50,0.5,189,1,0.01,-1.2843128556989694,0.2723201754452213,0.0001992474403002,0.7541144558732132,0.4038369380953735
50,0.5,189,2,0.01,-1.2843128556989694,0.7946159639146385,0.7034276280718612,0.8127461503592524,0.4990942270599266
50,0.5,189,3,0.01,-1.2843128556989694,0.6763993506111193,0.5696234399843526,0.8503890803826496,0.5743558364355997
50,0.5,190,1,0.1,-1.238202868921413,0.370591599644369,0.4778972259659627,0.7902797452706906,0.7716756957014996
50,0.5,190,2,0.1,-1.238202868921413,0.5895379563706716,0.7026457630432421,0.8489408627986128,0.8995499033533031
50,0.5,190,3,0.1,-1.238202868921413,0.6561738970329208,0.8447090074334783,0.6703780854674989,0.7934090389252013
50,0.5,191,1,1.0,-1.2715353731564043,0.0519377840996769,0.2989093716975605,0.3678106323728198,0.8765529319626009
50,0.5,191,2,1.0,-1.2715353731564043,0.4641766515184007,0.4694261297222989,0.873355313113382,0.8756003205203717
50,0.5,191,3,1.0,-1.2715353731564043,0.68056377746555,0.6936317684746703,0.7637852961285384,0.781786007757085
50,0.5,192,1,1.0,-1.3392679658971018,0.1268573099057824,0.0933817634174718,0.2895289254746538,0.2312831093681822
50,0.5,192,2,1.0,-1.3392679658971018,0.4068775123306909,0.5031793812702867,0.7793838234506805,0.8327501168012732
50,0.5,192,3,1.0,-1.3392679658971018,0.7256399794269955,0.7349244053018363,0.9411123848443752,0.9424901908244978
50,0.5,193,1,0.1,-1.268551772647782,0.1448160996060151,0.1099024405006433,0.8615138474621877,0.8399429000494295
50,0.5,193,2,0.1,-1.268551772647782,0.4401105370275353,0.4288425334597819,0.9214241895932536,0.6385038830872904
50,0.5,193,3,0.1,-1.268551772647782,0.8661853836202426,0.8838696652159302,0.9576146639562318,0.94552605812169
50,0.5,194,1,10.0,-1.3055271078111026,0.3407052895118602,0.4249991237854447,0.5992361128863973,0.6787506903011334
50,0.5,194,2,10.0,-1.3055271078111026,0.397395774593646,0.4235207168265687,0.8396083847294042,0.8535383491082151
50,0.5,194,3,10.0,-1.3055271078111026,0.6981050317397838,0.7168139632630894,0.9040952637599468,0.9207669737938105
50,0.5,195,1,0.1,-1.2441997100205762,0.0614617610578288,0.0140435926267726,0.7303708813381443,0.6259717090442133
50,0.5,195,2,0.1,-1.2441997100205762,0.4573507670905482,0.6625453434993329,0.7286292579597534,0.6085647044971052
50,0.5,195,3,0.1,-1.2441997100205762,0.7793581676787018,0.7977968779329866,0.8912171463678956,0.907644946065736
50,0.5,196,1,1000.0,-1.284709911623129,0.4440687874284417,0.4938019438885856,0.6475229185380691,0.6949438453824875
50,0.5,196,2,1000.0,-1.284709911623129,0.60258138926945,0.634621684730795,0.7802237083465509,0.8017834403408272
50,0.5,196,3,1000.0,-1.284709911623129,0.6478255349368097,0.6461912843938359,0.6815008136407853,0.6791942265658646
50,0.5,197,1,0.001,-1.2685334743546368,0.4345428919591408,0.0187816083272656,0.8671870934919359,0.445561072899118
50,0.5,197,2,0.001,-1.2685334743546368,0.5648108259768646,0.0434748672927783,0.9441901530550548,0.4663175207174245
50,0.5,197,3,0.001,-1.2685334743546368,0.4733805706704621,0.114674959597543,0.682422088011904,0.4080898216596249
50,0.5,198,1,0.1,-1.216343732475499,0.5469767017863673,0.7365720161521607,0.7970812635730502,0.9395448503703244
50,0.5,198,2,0.1,-1.216343732475499,0.7929604467893143,0.8312323557704702,0.9374576384646276,0.9569687802148878
50,0.5,198,3,0.1,-1.216343732475499,0.7111523031964672,0.779095632118206,0.845177471576993,0.9032239851769974
50,0.5,199,1,10.0,-1.259873287656901,0.0518821591799534,0.3705303987171147,0.0491686726886823,0.9120013422905502
50,0.5,199,2,10.0,-1.259873287656901,0.594945942816332,0.6060536426283027,0.8058364151898723,0.8164555279411896
50,0.5,199,3,10.0,-1.259873287656901,0.6481825251808359,0.6481773640818945,0.9074283356373845,0.9081193605791816
50,1.0,0,1,1000.0,-1.101448279653937,0.2267498514897865,0.317160927099584,0.6018919034459791,0.6792972889182172
50,1.0,0,2,1000.0,-1.101448279653937,0.3375334682534305,0.3641082795036447,0.8568329293521643,0.8752328287226852
50,1.0,0,3,1000.0,-1.101448279653937,0.656560536057571,0.6575678682381568,0.6713672588002165,0.6724229156335028
50,1.0,1,1,0.1,-1.1585849928019607,0.51182153014693,0.6019587753204034,0.929823829457416,0.9618414730925416
50,1.0,1,2,0.1,-1.1585849928019607,0.6126499210101544,0.8152448215186492,0.9078306854029607,0.974344591774896
50,1.0,1,3,0.1,-1.1585849928019607,0.728499963988377,0.7796731821683686,0.9108460766022622,0.9465270654994656
50,1.0,2,1,1.0,-1.2106297904551488,0.024754280330512,0.0259650333057416,0.6808116609877728,0.6685625873134974
50,1.0,2,2,1.0,-1.2106297904551488,0.4505437022076738,0.4667219468251524,0.7923317206519325,0.8189019796955308
50,1.0,2,3,1.0,-1.2106297904551488,0.8348612243152206,0.8442695382924298,0.9176279143005156,0.924127057330773
50,1.0,3,1,0.001,-1.1293056499925531,0.8112237577677731,0.323392860980203,0.9838804641256766,0.1974358127605481
50,1.0,3,2,0.001,-1.1293056499925531,0.607967503457526,0.5075521322553795,0.9840538205629216,0.5293691669696341
50,1.0,3,3,0.001,-1.1293056499925531,0.6843705409700825,0.3668374094406783,0.981605637874712,0.7712016773839608
50,1.0,4,1,0.01,-1.0773907988849245,0.7622846304683213,0.8831234855361123,0.9453205394122436,0.9243358571802562
50,1.0,4,2,0.01,-1.0773907988849245,0.8070867228242542,0.9091935890931088,0.9913623695062814,0.9286967275887802
50,1.0,4,3,0.01,-1.0773907988849245,0.8798459727543503,0.9208004337577274,0.9298043169380356,0.6824767444218861
50,1.0,5,1,0.1,-1.086179618576381,0.490891580838159,0.6799508833724577,0.9725854196226246,0.9968147020191966
50,1.0,5,2,0.1,-1.086179618576381,0.5558604339837845,0.6200455841399022,0.9712063668333052,0.992785407979779
50,1.0,5,3,0.1,-1.086179618576381,0.8253858542335961,0.8903909093651219,0.9424273678623656,0.981828883894132
50,1.0,6,1,0.01,-1.114622747662518,0.7520051779372218,0.8908684172200523,0.9891138757432728,0.7457470850068604
50,1.0,6,2,0.01,-1.114622747662518,0.6034574333157681,0.8790503352675635,0.9926810163870772,0.6907445199839626
50,1.0,6,3,0.01,-1.114622747662518,0.648448250264191,0.9155211571996208,0.6730563331133248,0.9033556312954651
50,1.0,7,1,0.01,-1.0869638474289411,0.0001492912495372,0.9642565026756572,0.8521399523281654,0.1060448779659714
50,1.0,7,2,0.01,-1.0869638474289411,0.829430654250295,0.9067400874373048,0.986479651480046,0.934284277485659
50,1.0,7,3,0.01,-1.0869638474289411,0.7660356228613933,0.8699742020510027,0.9707409892937492,0.9663934122365556
50,1.0,8,1,10.0,-1.1919883590554785,0.1962857843139882,0.2092139641806601,0.8707703335299267,0.8786313775008242
50,1.0,8,2,10.0,-1.1919883590554785,0.5438451021859176,0.5725857675107546,0.8114881005547316,0.8311673894317106
50,1.0,8,3,10.0,-1.1919883590554785,0.725815635060474,0.7406478403545359,0.9343629956011992,0.9387614259057598
50,1.0,9,1,0.01,-1.1442356659063797,0.9163218069357464,0.9793265318535436,0.9867849269502148,0.9145233237348424
50,1.0,9,2,0.01,-1.1442356659063797,0.479312410013577,0.967257036684184,0.9958956721974408,0.5129686848349813
50,1.0,9,3,0.01,-1.1442356659063797,0.6548382667431384,0.932072678550326,0.93995721707801,0.7525588307468412
50,1.0,10,1,0.1,-1.1716983338678175,0.6596274254001131,0.7464449669466924,0.946495150997436,0.9772088895978346
50,1.0,10,2,0.1,-1.1716983338678175,0.5417647290289094,0.5706809443195798,0.9590417295346646,0.9698267189276204
50,1.0,10,3,0.1,-1.1716983338678175,0.7108903726511729,0.8319616826026405,0.8793227991377254,0.971519606693148
50,1.0,11,1,0.01,-1.137822669277545,0.4996460550217492,0.9501999516741748,0.9939930157249026,0.7466287911762608
50,1.0,11,2,0.01,-1.137822669277545,0.731305051311904,0.9275445216570002,0.9869904541994694,0.8090675271368595
50,1.0,11,3,0.01,-1.137822669277545,0.9285363233736286,0.9237315448039426,0.9736539221579756,0.9905067103822004
50,1.0,12,1,0.1,-1.1533530113702932,0.4027282865112614,0.5297759965218567,0.9394923218320864,0.9318458518681596
50,1.0,12,2,0.1,-1.1533530113702932,0.6645281570526088,0.7590659572523861,0.960234531051488,0.9749627001971248
50,1.0,12,3,0.1,-1.1533530113702932,0.7699420247962223,0.8865875941213933,0.898684832273979,0.9729913110636632
50,1.0,13,1,0.01,-1.1077552381570857,0.6041363929085869,0.9234220414205072,0.7725014122826821,0.7995196005432532
50,1.0,13,2,0.01,-1.1077552381570857,0.7791365941115288,0.8534541069737551,0.984778149890388,0.849832994073596
50,1.0,13,3,0.01,-1.1077552381570857,0.8418490708120183,0.9432311877229028,0.9814496678930592,0.9784538956712387
50,1.0,14,1,0.1,-1.1697099855172024,0.1571233119314432,0.487625024079339,0.6371198165097126,0.9224633367848966
50,1.0,14,2,0.1,-1.1697099855172024,0.7031268692974472,0.7540106312829666,0.9744373174579408,0.9921808803135274
50,1.0,14,3,0.1,-1.1697099855172024,0.656043485587123,0.661208601639545,0.9948589850438692,0.9966276940850284
50,1.0,15,1,0.01,-1.146195108021557,0.0289316685065081,0.1465939265848752,0.9859425255970888,0.9534722997423202
50,1.0,15,2,0.01,-1.146195108021557,0.4656828004388463,0.870461407255864,0.9903603792681508,0.5365084524705171
50,1.0,15,3,0.01,-1.146195108021557,0.8396620904166938,0.8720154125711215,0.9867557235395488,0.9794326296850036
50,1.0,16,1,0.1,-1.1549141169409591,0.0096624046241695,0.3899610843256192,0.9426440940690948,0.7603735114330294
50,1.0,16,2,0.1,-1.1549141169409591,0.479673932558814,0.6554360935699923,0.7409633115168077,0.9072445958107838
50,1.0,16,3,0.1,-1.1549141169409591,0.699993962139931,0.8950839802620992,0.8709452770198798,0.989504309983821
50,1.0,17,1,0.1,-1.104488014582361,0.4512612332510805,0.6185604659963309,0.8788870460987767,0.9800661041576522
50,1.0,17,2,0.1,-1.104488014582361,0.5319458272319579,0.6649858438501863,0.9187318861533644,0.9754913589672632
50,1.0,17,3,0.1,-1.104488014582361,0.6829067938933542,0.7613408386927906,0.8250824435765959,0.9082694831438222
50,1.0,18,1,0.1,-1.121226251303608,0.5614607616081572,0.737294459689343,0.7671203178806147,0.928296952673108
50,1.0,18,2,0.1,-1.121226251303608,0.5789840153249508,0.6374772876788619,0.9011192211136674,0.948501879653196
50,1.0,18,3,0.1,-1.121226251303608,0.8077327577625423,0.8227757460453392,0.9516084393878572,0.9603046026428622
50,1.0,19,1,0.01,-1.1407989132876517,0.9634345738630612,0.9797480368842796,0.9933700194578124,0.9848902567005084
50,1.0,19,2,0.01,-1.1407989132876517,0.8463379440681897,0.897373285670318,0.9801940075075546,0.9784480224762986
50,1.0,19,3,0.01,-1.1407989132876517,0.7902541338601102,0.7962810859011921,0.9690017023705508,0.7260622539979987
50,1.0,20,1,1.0,-1.1248753952284298,0.382221678247642,0.434487966636604,0.7899136728094923,0.8307080979349114
50,1.0,20,2,1.0,-1.1248753952284298,0.6445319323190609,0.6517378968919172,0.904326231149694,0.9094662207394032
50,1.0,20,3,1.0,-1.1248753952284298,0.7727388941139305,0.7840038327852143,0.8755617575250515,0.8846378795982481
50,1.0,21,1,1.0,-1.1847713134345743,0.4935545099610533,0.5928638972192126,0.6352074435270514,0.763830855209711
50,1.0,21,2,1.0,-1.1847713134345743,0.7003622844138624,0.7138400533110761,0.90138215582577,0.9090201075509912
50,1.0,21,3,1.0,-1.1847713134345743,0.7102130674193982,0.7203466786058469,0.9443151641519092,0.9471922773203324
50,1.0,22,1,0.01,-1.1768985486032522,0.4990888064535774,0.9264707728363912,0.9809954609566308,0.675545873968324
50,1.0,22,2,0.01,-1.1768985486032522,0.582796501509926,0.8392511090193331,0.9845416548952052,0.8603409820932328
50,1.0,22,3,0.01,-1.1768985486032522,0.8564979229491927,0.9083394252418754,0.9440126775175268,0.92143489230014
50,1.0,23,1,0.01,-1.1995321672266592,0.7126861930170215,0.8917386352327644,0.9761500707203477,0.9309636069548954
50,1.0,23,2,0.01,-1.1995321672266592,0.7852310871870145,0.8230500901714275,0.9891567243790482,0.9039302789216852
50,1.0,23,3,0.01,-1.1995321672266592,0.6263705422228102,0.8115132606666734,0.9808660409538372,0.7877123638265129
50,1.0,24,1,0.01,-1.1370594518202914,0.6272069106518158,0.7939992258313117,0.2252560233339849,0.9504712049143168
50,1.0,24,2,0.01,-1.1370594518202914,0.8855413860225794,0.9234841932562724,0.9814369355417628,0.9871873736202464
50,1.0,24,3,0.01,-1.1370594518202914,0.909639955915834,0.7470330315208424,0.989378680223523,0.8680874299883291
50,1.0,25,1,0.01,-1.1595817013379388,0.2507552165051069,0.8697636264138525,0.9416018893830888,0.2901378701632244
50,1.0,25,2,0.01,-1.1595817013379388,0.5788289732438453,0.9434136256668098,0.983686202677986,0.6008554197453103
50,1.0,25,3,0.01,-1.1595817013379388,0.8662768102488049,0.914497305005629,0.9042615887140664,0.9597118325236909
50,1.0,26,1,1.0,-1.1537396236204844,0.6222194315694048,0.6173361382183972,0.8651301100058297,0.8750379299872616
50,1.0,26,2,1.0,-1.1537396236204844,0.6431748021030399,0.6640970717953607,0.8749398521315015,0.8908421302896083
50,1.0,26,3,1.0,-1.1537396236204844,0.7062254684334692,0.7505807261572123,0.8260099506222603,0.859399060791911
50,1.0,27,1,1.0,-1.1249737115308267,0.456101412637884,0.354076552650882,0.6575554930934362,0.6455892199111408
50,1.0,27,2,1.0,-1.1249737115308267,0.6814660630902745,0.7023604861063864,0.8540959596891551,0.8657180846346689
50,1.0,27,3,1.0,-1.1249737115308267,0.6976087538344192,0.6846672330633005,0.9141948842469731,0.9316876563863948
50,1.0,28,1,0.01,-1.1736239066226657,0.8565803177050841,0.9650213630396992,0.9436752645162056,0.9620448203865292
50,1.0,28,2,0.01,-1.1736239066226657,0.8466352764453362,0.9585759665825636,0.9913665646628824,0.9519675679454996
50,1.0,28,3,0.01,-1.1736239066226657,0.9067478473643424,0.904947142597048,0.9936060654520232,0.9721235246471398
50,1.0,29,1,0.01,-1.1361898158989154,0.5258304954454589,0.8648033225575957,0.9844468162975866,0.899206020018197
50,1.0,29,2,0.01,-1.1361898158989154,0.5359799378968126,0.8847949000898195,0.952364195339602,0.6241690101973053
50,1.0,29,3,0.01,-1.1361898158989154,0.8842093210826865,0.8793915364249477,0.9576555400872714,0.8437800851019853
50,1.0,30,1,0.01,-1.1437580789919704,0.4116120619972666,0.9382307292588896,0.9883136175578906,0.734985067199959
50,1.0,30,2,0.01,-1.1437580789919704,0.8383509130752254,0.9627105312962224,0.9799490222390734,0.8838179195662126
50,1.0,30,3,0.01,-1.1437580789919704,0.8204892110130358,0.8719426469179424,0.9852573857665564,0.9768162984619196
50,1.0,31,1,0.01,-1.2017191589215896,0.0967864215093363,0.9327680329809632,0.450093661285324,0.6844027324335039
50,1.0,31,2,0.01,-1.2017191589215896,0.8881143470456072,0.9301127427880408,0.9756673254344208,0.9050935540327828
50,1.0,31,3,0.01,-1.2017191589215896,0.9178165720880492,0.8394414816001322,0.9895343862190016,0.9440633528957524
50,1.0,32,1,0.01,-1.1288149200602744,0.408485182050671,0.9159537231891453,0.9788631482824014,0.836815911490614
50,1.0,32,2,0.01,-1.1288149200602744,0.6552481819501905,0.9515291612922118,0.9830650050751456,0.7839980450847224
50,1.0,32,3,0.01,-1.1288149200602744,0.9057179159738308,0.8948671246880845,0.9749774680795458,0.9865301303458556
50,1.0,33,1,0.1,-1.1715952497510769,0.2282041012851782,0.3192487012696907,0.966524186720666,0.9907879171401558
50,1.0,33,2,0.1,-1.1715952497510769,0.5583495876319886,0.6515255348069307,0.941563806934981,0.9832905312566772
50,1.0,33,3,0.1,-1.1715952497510769,0.7516746128431144,0.9344466159755328,0.8240103361753173,0.9827914845667688
50,1.0,34,1,0.1,-1.1274474931090723,0.3701529334724081,0.6294818733029623,0.8597722349812412,0.9718303602919665
50,1.0,34,2,0.1,-1.1274474931090723,0.5030620483902682,0.6168533264721492,0.8874634684443679,0.975539195133304
50,1.0,34,3,0.1,-1.1274474931090723,0.840019342929898,0.8914635325827374,0.946120339312048,0.975339939583643
50,1.0,35,1,0.1,-1.184031505311869,0.4023386293907095,0.5574013375377367,0.7193923707982631,0.962755944248982
50,1.0,35,2,0.1,-1.184031505311869,0.4939369457688992,0.5280106795905252,0.9501242969173792,0.973275934059525
50,1.0,35,3,0.1,-1.184031505311869,0.7479390980236378,0.8332949324889855,0.8921676655974292,0.9557030756388568
50,1.0,36,1,1.0,-1.11267089101126,0.1016570307441473,0.1487114972106337,0.2794060393686054,0.6610483392136366
50,1.0,36,2,1.0,-1.11267089101126,0.4697318502025385,0.4806229731581411,0.834796121415675,0.844920909857171
50,1.0,36,3,1.0,-1.11267089101126,0.7060094513872642,0.7356602350501548,0.837522950551481,0.8821327908679928
50,1.0,37,1,0.01,-1.1225615402947424,0.5151623097366284,0.8529491083472034,0.9976204542480308,0.8850847787400707
50,1.0,37,2,0.01,-1.1225615402947424,0.4780299828285044,0.5109663197598623,0.9980984476519132,0.9452362523944358
50,1.0,37,3,0.01,-1.1225615402947424,0.8822366270359806,0.9333541725749278,0.9684419598579114,0.9950516793071406
50,1.0,38,1,0.1,-1.127375801898327,0.0788554958763198,0.6606967680276162,0.8334323268552998,0.8719879000178324
50,1.0,38,2,0.1,-1.127375801898327,0.5142066371148607,0.5677930435283578,0.9175538997680668,0.9697676290927204
50,1.0,38,3,0.1,-1.127375801898327,0.6751936918770874,0.7919925480017566,0.923549545792202,0.9868481050861476
50,1.0,39,1,0.01,-1.1313609846600434,0.0189982153951424,0.8753473587506367,0.9833102583174068,0.1177864194272732
50,1.0,39,2,0.01,-1.1313609846600434,0.4693335907052117,0.8970045312687305,0.9087576298968116,0.5046472617084331
50,1.0,39,3,0.01,-1.1313609846600434,0.8792837590386945,0.8852472947239448,0.9412290640490923,0.9715797629926916
50,1.0,40,1,0.01,-1.195045004312687,0.6347699050428591,0.922532176764316,0.9901833774261,0.7360018497155077
50,1.0,40,2,0.01,-1.195045004312687,0.5014202200960678,0.6983767242905312,0.959795729295502,0.6210214740745363
50,1.0,40,3,0.01,-1.195045004312687,0.8211288457199784,0.9262948184368506,0.975776393659058,0.9809072495760298
50,1.0,41,1,0.1,-1.124813383185448,0.0242501094929669,0.014665189411374,0.926201330886582,0.7202773740755484
50,1.0,41,2,0.1,-1.124813383185448,0.4198700046439982,0.6299145080934797,0.5253059628935866,0.7393666657335559
50,1.0,41,3,0.1,-1.124813383185448,0.7246570299618348,0.8057503277590441,0.9474038651534072,0.9675192692567224
50,1.0,42,1,0.1,-1.1351428950332223,0.6254446109278452,0.7657148105172407,0.8829529276616283,0.9767943109102226
50,1.0,42,2,0.1,-1.1351428950332223,0.4003806721864485,0.4596096402141392,0.9282453459702078,0.981377303520592
50,1.0,42,3,0.1,-1.1351428950332223,0.6527557530931019,0.6519168721737502,0.9749917493014983,0.9824680052100896
50,1.0,43,1,1000.0,-1.1495458130042475,0.2016085715588493,0.1538426224532414,0.8076407673211989,0.9057246441370844
50,1.0,43,2,1000.0,-1.1495458130042475,0.6241373007074311,0.6284747915424573,0.91489259540118,0.9198781138764152
50,1.0,43,3,1000.0,-1.1495458130042475,0.6492741485624102,0.6421106138072382,0.6871874221338441,0.6693675145949401
50,1.0,44,1,0.01,-1.1825054740345686,0.6275006258119331,0.8964938315326731,0.9593884768902532,0.9714765746219532
50,1.0,44,2,0.01,-1.1825054740345686,0.7534417634859827,0.953968058952632,0.9705777011050352,0.9007032945352607
50,1.0,44,3,0.01,-1.1825054740345686,0.9559018575995498,0.9550419291928868,0.9952522822434756,0.9509789056252956
50,1.0,45,1,0.1,-1.111078009302234,0.0171143351280852,0.0338787810854003,0.9538157131375172,0.9863984013794458
50,1.0,45,2,0.1,-1.111078009302234,0.5121554155043789,0.7559657710917536,0.7516926541699954,0.9617343886381942
50,1.0,45,3,0.1,-1.111078009302234,0.7336716759016094,0.769609488580894,0.8996240054175129,0.93164406735302
50,1.0,46,1,0.1,-1.1686577288528732,0.0082094556316837,0.0951064236919526,0.9633539213374948,0.9505753508057908
50,1.0,46,2,0.1,-1.1686577288528732,0.5147191176922422,0.8873350842054366,0.8214675716513131,0.9668130604911156
50,1.0,46,3,0.1,-1.1686577288528732,0.658657089511865,0.9491003674968904,0.6815027654197076,0.9611258414758664
50,1.0,47,1,0.1,-1.1313810550917835,0.7553350004713015,0.8614831131090113,0.8437765933014295,0.9256798122002834
50,1.0,47,2,0.1,-1.1313810550917835,0.5633056104974042,0.6013863096072442,0.968772653043797,0.9819139955993228
50,1.0,47,3,0.1,-1.1313810550917835,0.6890715290373897,0.8511295650356739,0.7071341186504775,0.8538237298805665
50,1.0,48,1,0.1,-1.1339171853144254,0.8215832479116186,0.8693910491006701,0.931090624777318,0.9640711780366168
50,1.0,48,2,0.1,-1.1339171853144254,0.542342370093603,0.5673750461276998,0.9099172405607374,0.9186618575795936
50,1.0,48,3,0.1,-1.1339171853144254,0.6743896192632527,0.8056926861654959,0.9638573073423176,0.98848539457517
50,1.0,49,1,0.1,-1.132563401396541,0.5922492712587539,0.7373817618488983,0.8183091396974,0.930123142249524
50,1.0,49,2,0.1,-1.132563401396541,0.7236246343851074,0.8235653953590005,0.8875548001990112,0.9324569134992292
50,1.0,49,3,0.1,-1.132563401396541,0.8599576834096413,0.8756614616868948,0.9778597105324794,0.9824516194479193
50,1.0,50,1,0.1,-1.1604817625831954,0.330154290454128,0.2653008252928495,0.9684730568516832,0.945944945597692
50,1.0,50,2,0.1,-1.1604817625831954,0.7431015207179212,0.7881125556093513,0.9676315062988978,0.9858213787503785
50,1.0,50,3,0.1,-1.1604817625831954,0.6568054600225707,0.6564412084790318,0.8200918003908394,0.8344556076371862
50,1.0,51,1,0.1,-1.2009886816432729,0.8448822802200298,0.869320093978293,0.9878570632837352,0.9884068869895636
50,1.0,51,2,0.1,-1.2009886816432729,0.7905912433750046,0.86568382660194,0.9446983142155096,0.9747973906004428
50,1.0,51,3,0.1,-1.2009886816432729,0.6841919350043401,0.7570499596992891,0.9834714067703724,0.9910481399110016
50,1.0,52,1,0.1,-1.1588171007401882,0.3729403480771513,0.737316495829382,0.7278786142479797,0.96646353746544
50,1.0,52,2,0.1,-1.1588171007401882,0.6174949031731679,0.8231532297936968,0.8790850665143095,0.9806818335108562
50,1.0,52,3,0.1,-1.1588171007401882,0.6959125609975674,0.6993030056702634,0.9598559069848664,0.9693265276187892
50,1.0,53,1,1.0,-1.107559748716977,0.0399941955467219,0.0267894955162212,0.9127089132082836,0.9456940311351628
50,1.0,53,2,1.0,-1.107559748716977,0.5497952697097147,0.6179060385369947,0.7115160772081623,0.7746556634664911
50,1.0,53,3,1.0,-1.107559748716977,0.7176371501549483,0.7516617722097275,0.8231362553098908,0.8559669875287464
50,1.0,54,1,1.0,-1.1442332310123704,0.2675174219906,0.3137636534670293,0.7215526496690702,0.7596959294587053
50,1.0,54,2,1.0,-1.1442332310123704,0.3485505604968045,0.378222876085647,0.8050252315066889,0.8286936285459763
50,1.0,54,3,1.0,-1.1442332310123704,0.6640028717329225,0.6678540438782141,0.8451631848398522,0.8548819438442856
50,1.0,55,1,0.01,-1.1411109546408431,0.9140307082951108,0.9481145195980414,0.9929223181514142,0.9962018518006724
50,1.0,55,2,0.01,-1.1411109546408431,0.8601495639786003,0.911476017686911,0.75857539593458,0.6859345205506137
50,1.0,55,3,0.01,-1.1411109546408431,0.8732134755557838,0.8952238699916877,0.9947148065594372,0.9243983111010132
50,1.0,56,1,0.01,-1.1657830163790996,0.479082640272321,0.90093854412947,0.980712670624067,0.5576918484122516
50,1.0,56,2,0.01,-1.1657830163790996,0.8547773098356068,0.921977380157748,0.9884679471708944,0.8483286280916756
50,1.0,56,3,0.01,-1.1657830163790996,0.8566240328141387,0.7932290262560083,0.9907771893721598,0.9078131116974756
50,1.0,57,1,0.01,-1.1584955928218577,0.841380765692234,0.9211461185139964,0.986277796185593,0.8013859329545127
50,1.0,57,2,0.01,-1.1584955928218577,0.66549588377591,0.8539601413507806,0.9768205351779876,0.7507897985034253
50,1.0,57,3,0.01,-1.1584955928218577,0.898163817838967,0.8838711407847585,0.9898569640103484,0.9823572091255124
50,1.0,58,1,0.01,-1.1369631898374923,0.8010116841698656,0.8880800300039705,0.9908681013351732,0.93530215441868
50,1.0,58,2,0.01,-1.1369631898374923,0.6858196727946995,0.8366633289867301,0.9860909728259422,0.9755512418103038
50,1.0,58,3,0.01,-1.1369631898374923,0.8212078227112833,0.8921415459528484,0.983140673758406,0.8451716159370296
50,1.0,59,1,0.1,-1.1239324713120606,0.6453284667720691,0.7101035842905186,0.8627329376297653,0.93207245669201
50,1.0,59,2,0.1,-1.1239324713120606,0.7990083046376706,0.814908855391846,0.9480241531208132,0.9607677759638222
50,1.0,59,3,0.1,-1.1239324713120606,0.7061057217366532,0.8103395397241577,0.9659775374383652,0.9111711289871604
50,1.0,60,1,0.1,-1.1815002236947922,0.487487986088825,0.7314075522254782,0.9019948279351402,0.9918960127742578
50,1.0,60,2,0.1,-1.1815002236947922,0.5113075957871221,0.6919217386765218,0.8691093365549658,0.9734563637070778
50,1.0,60,3,0.1,-1.1815002236947922,0.6844564189670376,0.7758980062273574,0.9570248947713598,0.9780397602108176
50,1.0,61,1,1000.0,-1.1603227079557907,0.3491394592084679,0.364421478836488,0.7951650202421034,0.850599185494204
50,1.0,61,2,1000.0,-1.1603227079557907,0.4010003417917153,0.4141726473965502,0.7879196214785442,0.8044954984084092
50,1.0,61,3,1000.0,-1.1603227079557907,0.682300433493145,0.6906437043264845,0.8540168461752593,0.8661572963021467
50,1.0,62,1,0.01,-1.172186117105019,0.0008572624460416,0.9936007856223988,0.9789768008077644,0.0046651579799672
50,1.0,62,2,0.01,-1.172186117105019,0.9620381773564374,0.9514338357214396,0.9870835079165992,0.9600313613236492
50,1.0,62,3,0.01,-1.172186117105019,0.9349625844605856,0.9184524634085142,0.9977503607945236,0.8583716744048085
50,1.0,63,1,0.1,-1.134157894379646,0.5461553099837718,0.6031712665293222,0.954023862718395,0.9758244381475384
50,1.0,63,2,0.1,-1.134157894379646,0.4292962234866484,0.4652646229988555,0.9553781668534136,0.9712387119235948
50,1.0,63,3,0.1,-1.134157894379646,0.6558256016191816,0.8603866093734559,0.7459950232962358,0.9648196363547435
50,1.0,64,1,0.1,-1.1703644870917636,0.4245772494426857,0.5507507915510436,0.9157771582415574,0.9521572323535616
50,1.0,64,2,0.1,-1.1703644870917636,0.6727726450121353,0.7535985946978094,0.9404115530961152,0.958212003548536
50,1.0,64,3,0.1,-1.1703644870917636,0.8880566949623147,0.9141207183879272,0.9677505372694152,0.9812877032699544
50,1.0,65,1,0.01,-1.1538413599507509,0.6052091552508013,0.956782869039076,0.9418489316006968,0.9187433537914927
50,1.0,65,2,0.01,-1.1538413599507509,0.5247828080941087,0.9816521330865926,0.8832911861332859,0.7244694648448567
50,1.0,65,3,0.01,-1.1538413599507509,0.952533583512714,0.9619647002073256,0.9853603190394774,0.9959782153196464
50,1.0,66,1,0.01,-1.1808766060742588,0.0843265643196751,0.9335309172701032,0.9647160565591124,0.0522106398840536
50,1.0,66,2,0.01,-1.1808766060742588,0.8140268043482817,0.9334057184188568,0.9776255692180263,0.8783637194050008
50,1.0,66,3,0.01,-1.1808766060742588,0.8028118532005628,0.9423691564572017,0.9943501752172796,0.9022785475157108
50,1.0,67,1,0.1,-1.1616619459262092,0.1211174002587216,0.2167810687014722,0.9022948476659404,0.9786998634335872
50,1.0,67,2,0.1,-1.1616619459262092,0.4638619223562636,0.5038673715627383,0.9526794727419527,0.9715463919534412
50,1.0,67,3,0.1,-1.1616619459262092,0.6818401222587571,0.8004641799676734,0.767486622057786,0.9142222223025206
50,1.0,68,1,0.1,-1.1559510732744132,0.0047244784900058,0.7496222852493778,0.0019785727960515,0.9692668893023269
50,1.0,68,2,0.1,-1.1559510732744132,0.7313843361219512,0.7707070834985544,0.980352061695248,0.9895400063496014
50,1.0,68,3,0.1,-1.1559510732744132,0.848782917967017,0.9088395050512404,0.9598866818094964,0.9866776528434
50,1.0,69,1,1.0,-1.1695240215271665,0.0190959460625849,0.0237447263854265,0.7963657788468195,0.7963558091657024
50,1.0,69,2,1.0,-1.1695240215271665,0.359759963104388,0.5240547452563709,0.6725485838148378,0.8856364555122633
50,1.0,69,3,1.0,-1.1695240215271665,0.7416450938706393,0.7576819509132727,0.8707882569023099,0.8822760503763728
50,1.0,70,1,0.1,-1.165842779445206,0.2327499180211819,0.0016175563622935,0.9613883281588624,0.3305308793922116
50,1.0,70,2,0.1,-1.165842779445206,0.702869515840743,0.7875335666007418,0.969641435868894,0.9862995496071844
50,1.0,70,3,0.1,-1.165842779445206,0.8425405228177419,0.9379274914394083,0.9445860354633538,0.9887802855417346
50,1.0,71,1,0.1,-1.197234009451565,0.1155409335918957,0.8204852987652422,0.3174816416201483,0.860692114087647
50,1.0,71,2,0.1,-1.197234009451565,0.8383127188045014,0.8918735672545075,0.9400958119917566,0.972791054499328
50,1.0,71,3,0.1,-1.197234009451565,0.9437660186525108,0.9512616672692874,0.9836004707946154,0.9874998095284226
50,1.0,72,1,1.0,-1.1403586019052534,0.4553120759091666,0.4877183697304652,0.8402480777461431,0.8533860495552615
50,1.0,72,2,1.0,-1.1403586019052534,0.6685505691931612,0.6973381602332895,0.8834874117080067,0.8991327674383485
50,1.0,72,3,1.0,-1.1403586019052534,0.8870796545508769,0.8949212387117433,0.9498792371391972,0.954748599801199
50,1.0,73,1,0.01,-1.161298276734818,0.8267855263685676,0.8639310689322075,0.7717123817631509,0.4552235204246148
50,1.0,73,2,0.01,-1.161298276734818,0.8814693396823992,0.912864190390583,0.9790697766502652,0.9202733555151076
50,1.0,73,3,0.01,-1.161298276734818,0.6392132941266687,0.6410385227620342,0.9911390258870392,0.9621379227939832
50,1.0,74,1,1.0,-1.1474407643505329,0.1630806851220075,0.2883054219374396,0.4420482765560021,0.8151474528716666
50,1.0,74,2,1.0,-1.1474407643505329,0.4540113683138435,0.4726586406822258,0.8961889052903802,0.9098910457111196
50,1.0,74,3,1.0,-1.1474407643505329,0.6957220702508483,0.7402597694488192,0.8033060058400849,0.84824047721493
50,1.0,75,1,0.01,-1.1572645169361118,0.7615440566187197,0.9769980579761128,0.9719548813239008,0.9040350895620224
50,1.0,75,2,0.01,-1.1572645169361118,0.8807013599925512,0.9615506408649488,0.9643645659560612,0.9743292403644978
50,1.0,75,3,0.01,-1.1572645169361118,0.8804193039010105,0.9337888012142688,0.9950683347652596,0.9043164512451988
50,1.0,76,1,0.1,-1.118268609438804,0.5447209606060583,0.7804610487524288,0.8576678538202945,0.970137437052051
50,1.0,76,2,0.1,-1.118268609438804,0.6082703377565324,0.7737999559503794,0.9092110933866387,0.872137741217823
50,1.0,76,3,0.1,-1.118268609438804,0.8398091940938563,0.8484210744502431,0.9668959862926152,0.9721671499096048
50,1.0,77,1,0.01,-1.2003119723215772,0.5266055228929742,0.9838224863423272,0.9663714537075224,0.8499916356417905
50,1.0,77,2,0.01,-1.2003119723215772,0.7481719072498847,0.9642928244282962,0.969598350256904,0.860741253225919
50,1.0,77,3,0.01,-1.2003119723215772,0.912398102821317,0.9094598547254508,0.9833981143449884,0.9876585745796392
50,1.0,78,1,0.1,-1.0887650861850673,0.8152663351536081,0.8795042603561936,0.9192983421566,0.9538547928426282
50,1.0,78,2,0.1,-1.0887650861850673,0.6787669065586774,0.7721978404271468,0.9538008097840716,0.97569695765965
50,1.0,78,3,0.1,-1.0887650861850673,0.6470673042405578,0.6363286611555469,0.9801241097303698,0.993033797081932
50,1.0,79,1,0.01,-1.164022933339418,0.0137538980169749,0.9321337950693416,0.9692158138488108,0.0522029742599962
50,1.0,79,2,0.01,-1.164022933339418,0.6400361793173072,0.9318932883135216,0.9945823070910388,0.754221263645313
50,1.0,79,3,0.01,-1.164022933339418,0.943104125641539,0.954828032159888,0.9197085411228983,0.946879131625278
50,1.0,80,1,0.01,-1.1958589349774562,0.6568162705073778,0.944249311702543,0.9931625571108036,0.8471094768853448
50,1.0,80,2,0.01,-1.1958589349774562,0.8017531488340993,0.932441828512613,0.9911693259662184,0.8240789871770196
50,1.0,80,3,0.01,-1.1958589349774562,0.9137264274794612,0.9571529990843954,0.9107071679077356,0.968755914789994
50,1.0,81,1,0.01,-1.1401458760139995,0.8619439507044071,0.8894967042827184,0.7857765969937885,0.3998782215601467
50,1.0,81,2,0.01,-1.1401458760139995,0.8979068829762358,0.9038943844305244,0.971189290829278,0.9427462554368898
50,1.0,81,3,0.01,-1.1401458760139995,0.7712399123545389,0.6302122945077906,0.9622987390052872,0.7255020868984937
50,1.0,82,1,0.1,-1.124468921500591,0.0041322500132138,0.8268149403769909,0.0435053021843359,0.9936966586767838
50,1.0,82,2,0.1,-1.124468921500591,0.5244046508266599,0.6253815598780919,0.9200997970007684,0.9900597917931246
50,1.0,82,3,0.1,-1.124468921500591,0.6748926674187233,0.7088668539434669,0.9701746437855286,0.9829371530122778
50,1.0,83,1,0.1,-1.1869549764304912,0.4907656993816658,0.5945297556782289,0.8537845358124881,0.8048577295318233
50,1.0,83,2,0.1,-1.1869549764304912,0.7375197505583155,0.7923928938989646,0.9388798419307732,0.9613338779156502
50,1.0,83,3,0.1,-1.1869549764304912,0.8254107753068695,0.8579312983442432,0.9171520416602568,0.9428051050221266
50,1.0,84,1,0.01,-1.171211221905613,0.6814136278836013,0.9623910662408915,0.9743266669669484,0.782376560720461
50,1.0,84,2,0.01,-1.171211221905613,0.6253104068349318,0.9547941271333948,0.9694146541606224,0.5280067997533986
50,1.0,84,3,0.01,-1.171211221905613,0.8538032360256987,0.9047654058151624,0.9909936889227648,0.953671076407848
50,1.0,85,1,0.01,-1.1459969742647385,0.0623247005798318,0.88412031674384,0.8897374646171942,0.1370134869947219
50,1.0,85,2,0.01,-1.1459969742647385,0.6492727006838714,0.9429419303772116,0.9449331733740498,0.5389687180731313
50,1.0,85,3,0.01,-1.1459969742647385,0.9242870219010522,0.8478885912754573,0.991890633839818,0.9662677198404988
50,1.0,86,1,0.01,-1.1030205873565282,0.4790087561563805,0.890821587847336,0.945578307397654,0.7507959203507685
50,1.0,86,2,0.01,-1.1030205873565282,0.5141007943022983,0.9182728141715296,0.9940125981056444,0.4992847844696313
50,1.0,86,3,0.01,-1.1030205873565282,0.831464909136634,0.9121942095384952,0.969378709583696,0.9410356709329636
50,1.0,87,1,0.01,-1.1324546495233196,0.3579381763085565,0.7672386248267153,0.7667378334897421,0.1097207638040443
50,1.0,87,2,0.01,-1.1324546495233196,0.6674032210585394,0.8364829747056435,0.9863601034770294,0.504970546789364
50,1.0,87,3,0.01,-1.1324546495233196,0.9541414442727666,0.9462745706852824,0.9909781588543,0.9279542211589896
50,1.0,88,1,0.1,-1.1514706600417526,0.001132996741236,3.990552695207272e-05,0.7693278492263835,0.8795977568788763
50,1.0,88,2,0.1,-1.1514706600417526,0.5875686930858188,0.7697322096846622,0.7813090476341578,0.9386242579276216
50,1.0,88,3,0.1,-1.1514706600417526,0.7535157796906914,0.7942457029979387,0.9625705094747508,0.9767322067855392
50,1.0,89,1,0.01,-1.1222237914768032,0.1415110347884925,0.1128349295841903,0.9927133124252304,0.9810673100059364
50,1.0,89,2,0.01,-1.1222237914768032,0.8593549739296702,0.9327057531011682,0.9932682174763868,0.9546937219750704
50,1.0,89,3,0.01,-1.1222237914768032,0.8119842376282591,0.7917640946705801,0.987282569702396,0.969256931080524
50,1.0,90,1,0.1,-1.1244127653681348,0.561082953356345,0.6791617038484783,0.8833015726649627,0.9541809374806752
50,1.0,90,2,0.1,-1.1244127653681348,0.7232004920300434,0.8183700650245391,0.8701627265398209,0.9315745664102444
50,1.0,90,3,0.1,-1.1244127653681348,0.9020247931084124,0.9392358834154588,0.9611285662324096,0.981656928040644
50,1.0,91,1,0.1,-1.1516917110449076,0.5870327162261809,0.696842549488823,0.8767093946742296,0.9491776521384432
50,1.0,91,2,0.1,-1.1516917110449076,0.7670981800418526,0.8561937145909537,0.942721435044376,0.9795573557393134
50,1.0,91,3,0.1,-1.1516917110449076,0.8327406246674024,0.8500791167880998,0.986783722042312,0.9878121657460632
50,1.0,92,1,0.1,-1.123262360186936,0.4292375477484735,0.6070944455540935,0.8110467416498612,0.9308063138237572
50,1.0,92,2,0.1,-1.123262360186936,0.5714701114430679,0.6799540855622148,0.9084545379428056,0.9787352364364588
50,1.0,92,3,0.1,-1.123262360186936,0.6486207714655879,0.9374864573621348,0.6642081071340398,0.9801995268911264
50,1.0,93,1,0.1,-1.148191798690631,0.3664282499003646,0.4466711487260411,0.9684809461519632,0.9832120243115232
50,1.0,93,2,0.1,-1.148191798690631,0.758883072603235,0.8275241038031809,0.9441073890075709,0.9807350229856608
50,1.0,93,3,0.1,-1.148191798690631,0.6732679842643324,0.7314170888775137,0.6640394159993211,0.6684455685523266
50,1.0,94,1,0.01,-1.1708964231082342,0.4938291845064441,0.97758878757687,0.9867214771702956,0.5601327424074449
50,1.0,94,2,0.01,-1.1708964231082342,0.7558324024598779,0.9570329060326568,0.9946790425390544,0.8780035620073519
50,1.0,94,3,0.01,-1.1708964231082342,0.8052463568153415,0.9587158223609382,0.932568477152179,0.939336811029398
50,1.0,95,1,1.0,-1.2084608434578974,0.0234384024275395,0.026630842895282,0.8718828113459596,0.8865912453630993
50,1.0,95,2,1.0,-1.2084608434578974,0.3029016845519587,0.3240114887826439,0.8528148071783486,0.8491709152365758
50,1.0,95,3,1.0,-1.2084608434578974,0.7117927497765238,0.7230738306927075,0.8808740016403075,0.8934338135775399
50,1.0,96,1,0.1,-1.2115925799326133,0.0588493990933105,0.4978944024235961,0.6963867644376298,0.1549558177190717
50,1.0,96,2,0.1,-1.2115925799326133,0.4975759507960213,0.5587264811690642,0.8083344665944789,0.9472059736486276
50,1.0,96,3,0.1,-1.2115925799326133,0.8069850509254263,0.8814785185523458,0.9081339839293094,0.9738646131476886
50,1.0,97,1,0.01,-1.1630228051175862,0.573385573142374,0.9612510432016996,0.8927538767011158,0.8893763596067454
50,1.0,97,2,0.01,-1.1630228051175862,0.9414046719890744,0.9639633144416452,0.9794146477133856,0.9834394587941512
50,1.0,97,3,0.01,-1.1630228051175862,0.6722541510567281,0.9530998749641691,0.6654852711876676,0.940574813016034
50,1.0,98,1,0.1,-1.1166527490477949,0.2066082445025909,0.3189358499024229,0.8764749393835397,0.968228960308314
50,1.0,98,2,0.1,-1.1166527490477949,0.6016304895535605,0.7240711530915969,0.8614844657522718,0.9477079806196989
50,1.0,98,3,0.1,-1.1166527490477949,0.7309076137085356,0.7986797423998867,0.944122131965414,0.9795251501565602
50,1.0,99,1,0.01,-1.1861685019441284,0.1565098772215179,0.7075704990451473,0.9786578802817218,0.063243760810773
50,1.0,99,2,0.01,-1.1861685019441284,0.5358487333615968,0.8635401677903266,0.9890720784093744,0.7316682831517973
50,1.0,99,3,0.01,-1.1861685019441284,0.9000636372204873,0.8597215109874,0.9937187967510214,0.9751662873271536
50,1.0,100,1,0.01,-1.1072800139664631,0.8478228170722145,0.934081351594115,0.9499339249113756,0.976546403376764
50,1.0,100,2,0.01,-1.1072800139664631,0.6588986448266504,0.6686007916225142,0.9925054884099844,0.9873720492756312
50,1.0,100,3,0.01,-1.1072800139664631,0.6271409112364159,0.8470561504986317,0.7199884796154775,0.950871912334883
50,1.0,101,1,0.1,-1.1122880069872882,0.0777957204540832,0.2448292924204165,0.9333469759962042,0.8717062176305337
50,1.0,101,2,0.1,-1.1122880069872882,0.5698695328764919,0.6763425385814126,0.9075028225093366,0.987978024474224
50,1.0,101,3,0.1,-1.1122880069872882,0.6704249205807722,0.7050750967729057,0.952031186942119,0.9763605007879876
50,1.0,102,1,0.01,-1.1429944111261674,0.9641115052699082,0.9676338371786518,0.985425338393547,0.9492322042829762
50,1.0,102,2,0.01,-1.1429944111261674,0.8468749240386795,0.9202700418020056,0.988526145837946,0.948284866493992
50,1.0,102,3,0.01,-1.1429944111261674,0.6563936419660458,0.8084757787478587,0.9907023811178116,0.8166698352847446
50,1.0,103,1,1.0,-1.1510982687969542,0.2285451157495176,0.390240474015857,0.365612451088721,0.4920937428707104
50,1.0,103,2,1.0,-1.1510982687969542,0.6735818838682652,0.7888315599227316,0.7493886944828276,0.8515937210865105
50,1.0,103,3,1.0,-1.1510982687969542,0.7249275537708867,0.7263980636414308,0.9664351932206398,0.9676217864926268
50,1.0,104,1,0.1,-1.1024609930715767,0.7332073567312738,0.7659693482387949,0.92191220014298,0.9536568188431668
50,1.0,104,2,0.1,-1.1024609930715767,0.4540242859093554,0.46207124755016,0.971732407277595,0.9801010963645704
50,1.0,104,3,0.1,-1.1024609930715767,0.806652067198896,0.9208331052946374,0.8906694023749013,0.9491961066219684
50,1.0,105,1,10.0,-1.1351275223729018,0.3115039013006036,0.1813678160241385,0.4328497051881775,0.852993388839587
50,1.0,105,2,10.0,-1.1351275223729018,0.6042697986945179,0.6202292986497515,0.803659402881977,0.8139562872250532
50,1.0,105,3,10.0,-1.1351275223729018,0.8611518391248577,0.8657576119516546,0.9344877329817654,0.9377298619496768
50,1.0,106,1,0.01,-1.1466159017532087,0.6380317500530599,0.9501804016554132,0.9758105235593524,0.8776903938614036
50,1.0,106,2,0.01,-1.1466159017532087,0.4923038794470384,0.9573023311732493,0.9765352205654564,0.5490470302007566
50,1.0,106,3,0.01,-1.1466159017532087,0.6790519862935985,0.6660290014322738,0.9963609083971606,0.8203177025829868
50,1.0,107,1,0.1,-1.1810301508661656,0.1753049723481036,0.235485237706311,0.97609063268523,0.9703143222153796
50,1.0,107,2,0.1,-1.1810301508661656,0.5753412605788687,0.6280962725858907,0.9353069952900483,0.9562209132677196
50,1.0,107,3,0.1,-1.1810301508661656,0.6558799951536338,0.9269933376683508,0.7289214689348412,0.9356997016464192
50,1.0,108,1,1000.0,-1.1224268387219585,0.4240927883764626,0.4670854627299109,0.7094248786543575,0.7409941357520423
50,1.0,108,2,1000.0,-1.1224268387219585,0.6643247596482214,0.6962029967115156,0.8415050402114793,0.8610534278119077
50,1.0,108,3,1000.0,-1.1224268387219585,0.6517669021947604,0.649895453347756,0.9467501920491052,0.950854086401157
50,1.0,109,1,0.01,-1.1329639903979922,0.2185191459296865,0.9331577809282856,0.9920410736715222,0.4205446138213646
50,1.0,109,2,0.01,-1.1329639903979922,0.6638477703374753,0.9411624696128956,0.9821366478932672,0.7604356358626057
50,1.0,109,3,0.01,-1.1329639903979922,0.917517047244496,0.9167692806023297,0.9851564478876468,0.985151135292622
50,1.0,110,1,0.01,-1.108552923004954,0.3513303345492006,0.9591237784079488,0.9007168765776273,0.5224234745292027
50,1.0,110,2,0.01,-1.108552923004954,0.9384392651528712,0.9568100729695874,0.9829622992023496,0.9231486908480004
50,1.0,110,3,0.01,-1.108552923004954,0.7781092144997932,0.956357941083179,0.9855519183688132,0.796036977856455
50,1.0,111,1,0.1,-1.1323671571694012,0.3525297579928059,0.4455569244593954,0.9379869003732252,0.9700544854059746
50,1.0,111,2,0.1,-1.1323671571694012,0.7261981648766449,0.8135953947350898,0.903744227997557,0.9590787031396716
50,1.0,111,3,0.1,-1.1323671571694012,0.7481202649131551,0.8868171158018455,0.8501088128348345,0.9517594095346368
50,1.0,112,1,0.01,-1.1022197348802545,0.7224187488427828,0.8900389397048014,0.9783940999255744,0.8681726260210145
50,1.0,112,2,0.01,-1.1022197348802545,0.6089353481632098,0.8776421587742649,0.8714674944983338,0.9274818707745958
50,1.0,112,3,0.01,-1.1022197348802545,0.8158427056205486,0.8984712887739241,0.7331365256238929,0.8661743692686277
50,1.0,113,1,0.1,-1.1214195891627368,0.3569213653153108,0.5768243350191649,0.8430275097724816,0.9455256600917248
50,1.0,113,2,0.1,-1.1214195891627368,0.5776484268192181,0.7458957689766608,0.8761446590093538,0.9661420531842596
50,1.0,113,3,0.1,-1.1214195891627368,0.8275087381407525,0.8694120064731542,0.9631802410734172,0.9765751814831576
50,1.0,114,1,0.1,-1.190825656998716,0.6912526656661335,0.8197321815648632,0.8723280029374741,0.961542162758314
50,1.0,114,2,0.1,-1.190825656998716,0.4523682674703648,0.4734202046584516,0.9645285391343604,0.9816764584854688
50,1.0,114,3,0.1,-1.190825656998716,0.6568660144665738,0.925165860403725,0.6651692486996154,0.9537021068474504
50,1.0,115,1,0.1,-1.1977039046440292,0.7210069132340452,0.8447935891774395,0.9495703701631252,0.977040719132347
50,1.0,115,2,0.1,-1.1977039046440292,0.7332908815781205,0.8047989387218858,0.8922358676361914,0.9437304501104312
50,1.0,115,3,0.1,-1.1977039046440292,0.7763872165801148,0.8343355155580601,0.9608450221992996,0.9654928954609394
50,1.0,116,1,0.1,-1.1353531237783532,0.836093182288795,0.8625818497655449,0.951338891786541,0.9634295349847596
50,1.0,116,2,0.1,-1.1353531237783532,0.7687914213204703,0.850456157008221,0.9646773556122858,0.9679080151842824
50,1.0,116,3,0.1,-1.1353531237783532,0.6935077703237233,0.7002786820816675,0.9907302760837428,0.9881019875326004
50,1.0,117,1,0.01,-1.1292453592294485,0.857475745099362,0.9619679487558565,0.9456093170353028,0.9476718554767678
50,1.0,117,2,0.01,-1.1292453592294485,0.8824340715972112,0.9641070741317646,0.983614782019689,0.989748284763424
50,1.0,117,3,0.01,-1.1292453592294485,0.9038697063209336,0.8916815584980308,0.9913835479093054,0.983377456048978
50,1.0,118,1,0.01,-1.165537801661833,0.0490161253959975,0.8992991097597127,0.8349407905566655,0.3186559521257548
50,1.0,118,2,0.01,-1.165537801661833,0.5225448430101586,0.7237894116264048,0.9544052724720392,0.5099107786598257
50,1.0,118,3,0.01,-1.165537801661833,0.919391215808517,0.917713016024742,0.983279938452462,0.9868201988583758
50,1.0,119,1,0.001,-1.1013154619856766,0.7602683857650242,0.088945717110154,0.9663374036153056,0.3954832776783645
50,1.0,119,2,0.001,-1.1013154619856766,0.769444136686647,0.4352447220911346,0.9941971561976364,0.7234987885515818
50,1.0,119,3,0.001,-1.1013154619856766,0.7566884208222068,0.3491893351584356,0.9940271619254686,0.6755063871326409
50,1.0,120,1,0.1,-1.1494943272383769,0.7348603998170448,0.8823522359175568,0.90480194917223,0.9546504649444082
50,1.0,120,2,0.1,-1.1494943272383769,0.9051106546600596,0.928634772693689,0.9738517396518356,0.9861303584258124
50,1.0,120,3,0.1,-1.1494943272383769,0.734312249312785,0.7500576963027507,0.986878653217656,0.986380340761702
50,1.0,121,1,10.0,-1.182732366701222,0.1979482519960464,0.6097467999089115,0.4074884933830473,0.8539807217080171
50,1.0,121,2,10.0,-1.182732366701222,0.6296570600704734,0.6398670021429064,0.8453962476629835,0.8539939042671948
50,1.0,121,3,10.0,-1.182732366701222,0.6658579882523585,0.666629324400541,0.970679491373238,0.969722689188202
50,1.0,122,1,0.01,-1.15113219688977,0.0190597079611359,0.9335325659165749,0.1772304000236095,0.5302917660289417
50,1.0,122,2,0.01,-1.15113219688977,0.8250743490740549,0.9124728353226486,0.9942017188813552,0.772938736690321
50,1.0,122,3,0.01,-1.15113219688977,0.9327764749981996,0.9270714039184264,0.97990927904757,0.9005725255242657
50,1.0,123,1,0.01,-1.1705392159318793,0.4471941650401177,0.8137130628732806,0.8503517750305192,0.954169424247438
50,1.0,123,2,0.01,-1.1705392159318793,0.7149156438606636,0.93084707722968,0.9919147589287344,0.8949641926692946
50,1.0,123,3,0.01,-1.1705392159318793,0.6796190535699488,0.8890310141276463,0.9911318889634928,0.6647497591819956
50,1.0,124,1,0.01,-1.1229939051138214,0.9068662083862186,0.9412929133194624,0.9981592982870215,0.988083122854158
50,1.0,124,2,0.01,-1.1229939051138214,0.598150538789552,0.9709395943489968,0.9941329781017292,0.6301735653970204
50,1.0,124,3,0.01,-1.1229939051138214,0.9529540070009176,0.92715412408801,0.9879979561236988,0.9571376393265444
50,1.0,125,1,0.1,-1.1450254319232176,0.5375680403963109,0.6067202837243462,0.9404849070628776,0.9664770789548788
50,1.0,125,2,0.1,-1.1450254319232176,0.7478897510006932,0.8437177570754482,0.9127107387401732,0.939411224579668
50,1.0,125,3,0.1,-1.1450254319232176,0.6945730428550089,0.7206172513031124,0.9015123219819268,0.9308377243298112
50,1.0,126,1,0.01,-1.1346411910355172,0.9258902802765528,0.9323004405690468,0.8951022282834602,0.900452696059904
50,1.0,126,2,0.01,-1.1346411910355172,0.8725658984682764,0.9271523393351182,0.9919619785714396,0.9659761009553648
50,1.0,126,3,0.01,-1.1346411910355172,0.9056914097322856,0.8721757819075711,0.8729434936582829,0.762419887448451
50,1.0,127,1,0.1,-1.16255042288315,0.0693191730837242,0.6927077457163576,0.0780509462684505,0.9090871748417024
50,1.0,127,2,0.1,-1.16255042288315,0.6468013713866665,0.6668861134251588,0.966419159407587,0.9774797926636566
50,1.0,127,3,0.1,-1.16255042288315,0.8262708508238735,0.9352928627481932,0.8672032933277337,0.9804005125866068
50,1.0,128,1,0.1,-1.1795993876524105,0.0234324137473654,0.0236944513512754,0.9672921611163487,0.9585908864392372
50,1.0,128,2,0.1,-1.1795993876524105,0.4883266172050671,0.5662022712826541,0.9546625426298784,0.9823464888626728
50,1.0,128,3,0.1,-1.1795993876524105,0.6547564080825857,0.8311560042496579,0.6677039160330631,0.9774904291409487
50,1.0,129,1,0.01,-1.1941110662106749,0.0206578358306599,0.7899525046282814,0.9888402116473346,0.0584834522434738
50,1.0,129,2,0.01,-1.1941110662106749,0.5400000276889919,0.9256569166285872,0.9640003471748068,0.6464623064449917
50,1.0,129,3,0.01,-1.1941110662106749,0.6697414398080458,0.7292213545418567,0.9954750095824494,0.9743819432718172
50,1.0,130,1,1000.0,-1.1772693352940655,0.4116158825546316,0.4250696040152891,0.7693776177276835,0.7800197511138924
50,1.0,130,2,1000.0,-1.1772693352940655,0.6358029355330598,0.6470334720723155,0.8496904763140549,0.8561471517371895
50,1.0,130,3,1000.0,-1.1772693352940655,0.7175845127645474,0.7179675098797116,0.9207475470291688,0.9217321015755108
50,1.0,131,1,0.01,-1.13833948482369,0.9253732542497964,0.9603947016839808,0.9755547068038288,0.943063874235336
50,1.0,131,2,0.01,-1.13833948482369,0.914498044850598,0.9087831716829532,0.9927145578447464,0.980754927480936
50,1.0,131,3,0.01,-1.13833948482369,0.8847343556171506,0.9102406019036922,0.9929759805707358,0.9882559391089224
50,1.0,132,1,0.1,-1.188453488818091,0.8952859200050283,0.9295553027859284,0.9595308899578144,0.9789146653577055
50,1.0,132,2,0.1,-1.188453488818091,0.4928973061974255,0.8781341091855985,0.9321500196999996,0.675868963020335
50,1.0,132,3,0.1,-1.188453488818091,0.7543502602180959,0.7816305412893824,0.989695217175557,0.9873853856514324
50,1.0,133,1,0.1,-1.1484509100482727,0.7366827893570453,0.8838038507542983,0.9256099584586442,0.9717525344708988
50,1.0,133,2,0.1,-1.1484509100482727,0.567374475718006,0.5356191726190397,0.9640680470091362,0.9814797240921938
50,1.0,133,3,0.1,-1.1484509100482727,0.7818449658258425,0.8270206252965079,0.9712083222072292,0.9858725800896916
50,1.0,134,1,1.0,-1.1944425584850822,0.1983863398424953,0.1481321794953588,0.8654864278123194,0.9268609186026469
50,1.0,134,2,1.0,-1.1944425584850822,0.504939618948964,0.5274660778348925,0.8981337426275333,0.9106665276368416
50,1.0,134,3,1.0,-1.1944425584850822,0.7606007672269778,0.7841843348741718,0.8336379943620852,0.8539603810725915
50,1.0,135,1,0.01,-1.1085061007546833,0.8853646537875218,0.9712488225251192,0.974159059750674,0.9291340358874932
50,1.0,135,2,0.01,-1.1085061007546833,0.8665335481815108,0.9626377101755216,0.9843451987842288,0.920699056988844
50,1.0,135,3,0.01,-1.1085061007546833,0.8473878784229063,0.8313024047178564,0.979239262031506,0.9786185960222183
50,1.0,136,1,0.01,-1.198922773986685,0.058114312406018,0.8379632731740407,0.996942403713932,0.1761124743227013
50,1.0,136,2,0.01,-1.198922773986685,0.8775502538166684,0.9007757320626478,0.9561060491155432,0.9113106533780848
50,1.0,136,3,0.01,-1.198922773986685,0.8946746058631637,0.903168233601144,0.9744734048179452,0.9857650574272784
50,1.0,137,1,0.01,-1.1336988143609263,0.3423652324226718,0.920215348162788,0.9735861346335396,0.5148013379742367
50,1.0,137,2,0.01,-1.1336988143609263,0.8150266243183399,0.8828823580459217,0.9863072942634644,0.9701393874723192
50,1.0,137,3,0.01,-1.1336988143609263,0.8288488647755128,0.9354078318932372,0.9650662240523852,0.93886881111945
50,1.0,138,1,0.001,-1.1710325895392404,0.0413802830748638,0.102930760300262,0.988224122299188,0.0916168421532088
50,1.0,138,2,0.001,-1.1710325895392404,0.576324156953759,0.3277298069149525,0.9858976708669552,0.430864222001683
50,1.0,138,3,0.001,-1.1710325895392404,0.8176242192223467,0.4014136274098538,0.982470590767012,0.6678043322066792
50,1.0,139,1,0.1,-1.0913278929748829,0.5713309026380224,0.7274050792567358,0.8648622748328965,0.9686609701440628
50,1.0,139,2,0.1,-1.0913278929748829,0.5342392203318229,0.5793960018517881,0.9475187770387976,0.9704552548495936
50,1.0,139,3,0.1,-1.0913278929748829,0.7166768055813404,0.8012619910421571,0.9300011469760396,0.97272547737303
50,1.0,140,1,0.01,-1.1572367896529163,0.8219596471316939,0.7052535044125913,0.972043413551839,0.9561686490612988
50,1.0,140,2,0.01,-1.1572367896529163,0.5109353491160276,0.907290952630357,0.9687522640193452,0.5704609433393164
50,1.0,140,3,0.01,-1.1572367896529163,0.8600503817362811,0.9120156901787176,0.9731851925906329,0.9767679859889123
50,1.0,141,1,10.0,-1.1367195943798314,0.4704340701604446,0.5231353718780528,0.7239662292403262,0.814352691567869
50,1.0,141,2,10.0,-1.1367195943798314,0.5593034145107635,0.5659343239826475,0.8887031852384988,0.892068521235005
50,1.0,141,3,10.0,-1.1367195943798314,0.7257551051250818,0.7550016764047385,0.8618566358355153,0.8883071271208465
50,1.0,142,1,0.01,-1.0760638835985576,0.1607262729117081,0.2831440832565199,0.980531266012454,0.977026479762026
50,1.0,142,2,0.01,-1.0760638835985576,0.9309045463923278,0.9533042135145084,0.9741035609752946,0.9895639496768074
50,1.0,142,3,0.01,-1.0760638835985576,0.9259541577901412,0.7980281770819184,0.993272528125964,0.9754906649736405
50,1.0,143,1,0.01,-1.1919570803302737,0.844543321483139,0.9151983349956252,0.9964667339201368,0.8866859647210192
50,1.0,143,2,0.01,-1.1919570803302737,0.6541674574903653,0.9356336335437246,0.9909055801910072,0.7912747477530337
50,1.0,143,3,0.01,-1.1919570803302737,0.8567731136700371,0.913072366721042,0.9073278266744148,0.9793584930630902
50,1.0,144,1,0.1,-1.173473581406958,0.4639520280869118,0.5585993918018786,0.816853145480314,0.9694424860029284
50,1.0,144,2,0.1,-1.173473581406958,0.5182590204930648,0.5758684682489623,0.9680128081687608,0.981796988516983
50,1.0,144,3,0.1,-1.173473581406958,0.7084501116994355,0.9340085598646404,0.7937839900532854,0.9869595312638038
50,1.0,145,1,0.1,-1.163221377798311,0.5995756980474871,0.7213278128132881,0.867663077819138,0.9512914691107428
50,1.0,145,2,0.1,-1.163221377798311,0.7351731300537477,0.826368581738175,0.9368337623212388,0.9759431532275652
50,1.0,145,3,0.1,-1.163221377798311,0.6580366943678132,0.6602161830087447,0.9350038531619828,0.9541647574639912
50,1.0,146,1,100.0,-1.1675088374024831,0.017369988500439,0.005212564386918,0.0639316556183441,0.0005521811045576
50,1.0,146,2,100.0,-1.1675088374024831,0.4894967199257846,0.5168519665140885,0.858121248702621,0.8726526504694223
50,1.0,146,3,100.0,-1.1675088374024831,0.6511145148370072,0.6516409976953709,0.9628653150330924,0.9640569409727222
50,1.0,147,1,0.01,-1.179461409160654,0.2118434195730712,0.8266447832681085,0.9744914330628311,0.7408472359708871
50,1.0,147,2,0.01,-1.179461409160654,0.7223630011509803,0.9348993133943356,0.939862370152698,0.9836734894611632
50,1.0,147,3,0.01,-1.179461409160654,0.9358734760864,0.9032055794159882,0.9917389312502624,0.9763225015788864
50,1.0,148,1,1.0,-1.1486585892747143,0.0080252265655523,0.0167077901560377,0.5453591034186664,0.8366560849956054
50,1.0,148,2,1.0,-1.1486585892747143,0.6478494561775714,0.6708438296568981,0.8584922731055342,0.8746796971527853
50,1.0,148,3,1.0,-1.1486585892747143,0.6517506514263667,0.6563854371573555,0.6768192905756997,0.6920099063905525
50,1.0,149,1,0.1,-1.1351133347558275,0.5521385399229424,0.6067706289798179,0.9049418823100868,0.9528326690300384
50,1.0,149,2,0.1,-1.1351133347558275,0.5003838237750046,0.6127700495567961,0.9193610802996508,0.9657711320293868
50,1.0,149,3,0.1,-1.1351133347558275,0.86642270616607,0.9325766470210572,0.815154308133797,0.9642147673682696
50,1.0,150,1,0.1,-1.1362946018687214,0.28249586030003,0.4380505885223404,0.8423044793324718,0.9223300683211184
50,1.0,150,2,0.1,-1.1362946018687214,0.4957279766259721,0.5318475406244195,0.9518442049185354,0.9795829596939716
50,1.0,150,3,0.1,-1.1362946018687214,0.7982922078835002,0.8299617041783205,0.9582610617161076,0.971848727517627
50,1.0,151,1,0.1,-1.1546374254517435,0.589640366287477,0.7570833285686221,0.8186108577418775,0.9315444982070192
50,1.0,151,2,0.1,-1.1546374254517435,0.4337628148861495,0.5123442198812869,0.907558559418556,0.9585611850489668
50,1.0,151,3,0.1,-1.1546374254517435,0.7949933232030234,0.8249248377827936,0.9658327342181432,0.9756800698834054
50,1.0,152,1,0.01,-1.1043167321824534,0.4735243627184867,0.8821645176990304,0.9876601274539896,0.4852187909994744
50,1.0,152,2,0.01,-1.1043167321824534,0.5546891814916122,0.8915439362356137,0.949338414021216,0.579121568054482
50,1.0,152,3,0.01,-1.1043167321824534,0.8390948469049003,0.8648092803344763,0.937473520463859,0.9681177615271512
50,1.0,153,1,0.1,-1.1370356621670497,0.6487802312906916,0.6374139533781275,0.9371588047561789,0.963497280452458
50,1.0,153,2,0.1,-1.1370356621670497,0.6764077023509215,0.7872811162415816,0.9227048044700684,0.98204086995456
50,1.0,153,3,0.1,-1.1370356621670497,0.8109814057884415,0.8903391898293159,0.9382417271060768,0.9771800948564974
50,1.0,154,1,0.01,-1.150482339232454,0.5607051288789672,0.7830055140856431,0.9323443773525516,0.8637355895103815
50,1.0,154,2,0.01,-1.150482339232454,0.7938758716055725,0.8964521922265837,0.9523056746926236,0.8416538401074543
50,1.0,154,3,0.01,-1.150482339232454,0.9149533887763645,0.8744757483516419,0.9854369725574902,0.9723570016738726
50,1.0,155,1,0.1,-1.2016475422246804,0.3654107410400742,0.3497870210944946,0.5876963808788122,0.8713763834101673
50,1.0,155,2,0.1,-1.2016475422246804,0.6232866118732684,0.715076616489936,0.968516334782847,0.9866471511440424
50,1.0,155,3,0.1,-1.2016475422246804,0.6649621485537649,0.690831875172934,0.76790502552757,0.8257553713376962
50,1.0,156,1,0.01,-1.1671231305529854,0.6265903602293443,0.8797936831826576,0.9592199550236266,0.9056264382690624
50,1.0,156,2,0.01,-1.1671231305529854,0.5942834370735023,0.906883958955398,0.9743610402649944,0.6587390012686997
50,1.0,156,3,0.01,-1.1671231305529854,0.7120442451876238,0.8967030396737691,0.963203658165452,0.8821172690625908
50,1.0,157,1,0.1,-1.1233820312814562,0.6224265574344242,0.7742561402050832,0.7080436946426235,0.9543296367019096
50,1.0,157,2,0.1,-1.1233820312814562,0.7528828153085495,0.8385410376261351,0.9593047777357302,0.985056746624514
50,1.0,157,3,0.1,-1.1233820312814562,0.85114402416907,0.878309626586656,0.9373380656361702,0.9577650132184924
50,1.0,158,1,0.1,-1.168295539172652,0.7532670296697417,0.7995285613139466,0.9542434875829886,0.9675006280485204
50,1.0,158,2,0.1,-1.168295539172652,0.5840733254071062,0.6406681988525054,0.964578572987276,0.9859729624396164
50,1.0,158,3,0.1,-1.168295539172652,0.6871340067660722,0.8383271930751809,0.8723601075335227,0.9826647299640392
50,1.0,159,1,0.1,-1.13793675626921,0.3688435205579405,0.4263663750965679,0.8435855683923942,0.8869053856034496
50,1.0,159,2,0.1,-1.13793675626921,0.6361321628459283,0.7536048445862314,0.9019585094786674,0.960722354886044
50,1.0,159,3,0.1,-1.13793675626921,0.747197099980213,0.7979090002443759,0.9212397186051122,0.959578463418624
50,1.0,160,1,0.01,-1.157944160065749,0.3997262360176147,0.8590869781588713,0.9608753840429822,0.8696210149844849
50,1.0,160,2,0.01,-1.157944160065749,0.538616790044579,0.8596683158811886,0.9365766487392768,0.6659422970752876
50,1.0,160,3,0.01,-1.157944160065749,0.9192052442954124,0.9119313290431692,0.9884259304152928,0.985421592047928
50,1.0,161,1,1.0,-1.1684296597574262,0.6064826024548379,0.6164458965738584,0.8957361545706058,0.9356906669526436
50,1.0,161,2,1.0,-1.1684296597574262,0.5515721429130191,0.5587449727179146,0.8930310425079688,0.9081771623564572
50,1.0,161,3,1.0,-1.1684296597574262,0.6568510574958458,0.6578334204080017,0.6585825822917362,0.6588559261130303
50,1.0,162,1,0.1,-1.109631073875987,0.4120120759127218,0.5277834253111583,0.9407321816655668,0.989303227218505
50,1.0,162,2,0.1,-1.109631073875987,0.5678188188603773,0.8506297786001216,0.7602765689292834,0.958693681495213
50,1.0,162,3,0.1,-1.109631073875987,0.7006157057418133,0.9108688679947098,0.9001104584702557,0.7490706896084327
50,1.0,163,1,0.1,-1.1360835185565383,0.4903901895938848,0.7258504263596502,0.8261318068559477,0.9766153586578408
50,1.0,163,2,0.1,-1.1360835185565383,0.7029783034933987,0.7564909325827074,0.9454711408034212,0.9604946125385412
50,1.0,163,3,0.1,-1.1360835185565383,0.752430436517249,0.8281616546277553,0.9795727499490532,0.9715409140743276
50,1.0,164,1,1000.0,-1.1729119208134156,0.3755265774218581,0.3985354403807991,0.7954888975755177,0.8084708906228703
50,1.0,164,2,1000.0,-1.1729119208134156,0.5398498071778247,0.5726940402779108,0.8210123786068986,0.8405701753760149
50,1.0,164,3,1000.0,-1.1729119208134156,0.7057775316184153,0.7052500352781784,0.941507393022334,0.941528661532932
50,1.0,165,1,0.1,-1.149531797434274,0.0087903596856623,0.0336866178727032,0.9629939663608724,0.9770356107612732
50,1.0,165,2,0.1,-1.149531797434274,0.4874129020907544,0.8798050824342285,0.609503050324355,0.9713934715863808
50,1.0,165,3,0.1,-1.149531797434274,0.8715226915638811,0.9071130699872124,0.946690214435822,0.9721441192893416
50,1.0,166,1,0.1,-1.1604553580169363,0.0958082496741162,0.9388851604678626,0.0139233640564941,0.961625092271334
50,1.0,166,2,0.1,-1.1604553580169363,0.8147494438744322,0.8415394502904303,0.9496617385703492,0.9618014877173302
50,1.0,166,3,0.1,-1.1604553580169363,0.7097675552880659,0.7346597617712071,0.9794725449334128,0.9857608290999892
50,1.0,167,1,0.01,-1.1354223061591695,0.0220430979310553,0.3784103095298439,0.9875929466989484,0.7938582102445142
50,1.0,167,2,0.01,-1.1354223061591695,0.7147235948147329,0.956860489783402,0.9406052403817604,0.9121539039936954
50,1.0,167,3,0.01,-1.1354223061591695,0.8342824924934572,0.9014097331776711,0.9909026587729196,0.9687239393984154
50,1.0,168,1,0.01,-1.1826228993113366,0.198068215748135,0.9616845802575148,0.9499047103909564,0.5565494933529889
50,1.0,168,2,0.01,-1.1826228993113366,0.449343495756446,0.8728332941496172,0.9107520298924054,0.5283581847942574
50,1.0,168,3,0.01,-1.1826228993113366,0.8876438725115506,0.9115620823748696,0.9698963820368836,0.9858069406778908
50,1.0,169,1,0.01,-1.1721461807397568,0.6032946444120656,0.9357241061248684,0.9564740904976784,0.7740915491503864
50,1.0,169,2,0.01,-1.1721461807397568,0.7312835102565357,0.960380314238138,0.980928531384786,0.8073010372461658
50,1.0,169,3,0.01,-1.1721461807397568,0.9487987922041886,0.9686716761787082,0.993906640863027,0.980049601479076
50,1.0,170,1,0.01,-1.1688756270266831,0.6293278411242982,0.91265202588083,0.905984805973072,0.7215644353357088
50,1.0,170,2,0.01,-1.1688756270266831,0.7802212812621674,0.9434539012472812,0.9575079725180132,0.9735590531037536
50,1.0,170,3,0.01,-1.1688756270266831,0.7659103996728787,0.7433940319597846,0.9920281405988932,0.977773547415563
50,1.0,171,1,0.01,-1.1684760052727463,0.4074010693073169,0.8232294981149547,0.933722912495872,0.8035222908972404
50,1.0,171,2,0.01,-1.1684760052727463,0.6462731289401671,0.8147749907101269,0.9829279532010506,0.678153518043791
50,1.0,171,3,0.01,-1.1684760052727463,0.709886912704346,0.793765242562702,0.957783980460184,0.8064784324858825
50,1.0,172,1,0.1,-1.1405701575190728,0.3606283929768024,0.6583665944576201,0.91300776353873,0.9870416086528166
50,1.0,172,2,0.1,-1.1405701575190728,0.50289360958104,0.6952644740112566,0.960586405167885,0.9138046013637192
50,1.0,172,3,0.1,-1.1405701575190728,0.7105207570108288,0.7987488123954938,0.9762842401064834,0.9805366104199972
50,1.0,173,1,1000.0,-1.1356558474534697,0.0560726084996762,0.0444015047308359,0.0407370239878565,0.0646695339285676
50,1.0,173,2,1000.0,-1.1356558474534697,0.6089962216541241,0.6258654069222765,0.8407601947215471,0.8551604166156794
50,1.0,173,3,1000.0,-1.1356558474534697,0.6474967606925142,0.6479948631045027,0.907609344519678,0.9109627689143072
50,1.0,174,1,0.1,-1.1727194683187514,0.3522373122275412,0.5324373258128428,0.8066065439499165,0.9326171233164484
50,1.0,174,2,0.1,-1.1727194683187514,0.4640907650384743,0.5313817897114543,0.8851816399367155,0.9189397373579662
50,1.0,174,3,0.1,-1.1727194683187514,0.7029531514046768,0.8053892520202748,0.9162103475770312,0.96195257714958
50,1.0,175,1,0.01,-1.1508051105403607,0.0068372204080865,0.0128593249530445,0.5199495362970907,0.7139292113727346
50,1.0,175,2,0.01,-1.1508051105403607,0.6020990577366925,0.9237112670871168,0.970583222967622,0.802659736074913
50,1.0,175,3,0.01,-1.1508051105403607,0.6515279567069509,0.8303799001765589,0.9703127512405948,0.7101742739965986
50,1.0,176,1,0.1,-1.1717152241330586,0.6157020154488289,0.6834256241942674,0.9072777649559636,0.9377380157410404
50,1.0,176,2,0.1,-1.1717152241330586,0.4175952377824506,0.4495631506031025,0.9499455479700912,0.969522556619192
50,1.0,176,3,0.1,-1.1717152241330586,0.6570225854484149,0.7114133775995622,0.7806626211670529,0.8602057579937329
50,1.0,177,1,0.1,-1.112253915749776,0.5493716090152913,0.7251108138035252,0.9399993880580646,0.9890644138030056
50,1.0,177,2,0.1,-1.112253915749776,0.4879368877236764,0.609014689568871,0.868972297126944,0.9923496192586893
50,1.0,177,3,0.1,-1.112253915749776,0.7265353695542429,0.7751360847502914,0.9154398814554088,0.9439953193295496
50,1.0,178,1,0.01,-1.1935384702891216,0.7187921608905573,0.9865588720233004,0.8777649679565102,0.8772012423340853
50,1.0,178,2,0.01,-1.1935384702891216,0.8293598388990657,0.903613471708446,0.9699847242035424,0.9248024271613384
50,1.0,178,3,0.01,-1.1935384702891216,0.7437131345350938,0.8044503685773585,0.9894380689858892,0.9538244670985462
50,1.0,179,1,0.01,-1.130927541443713,0.8667612029112732,0.911021616601768,0.9943443830844656,0.9828955407535652
50,1.0,179,2,0.01,-1.130927541443713,0.704264078172549,0.9042570772572452,0.9821233085744504,0.934387745300741
50,1.0,179,3,0.01,-1.130927541443713,0.6369301278486315,0.9083694029157948,0.8733229342361395,0.7266895007837757
50,1.0,180,1,0.01,-1.171322618726733,0.9226934866866604,0.8918695948267783,0.9897562497947898,0.9674682108855368
50,1.0,180,2,0.01,-1.171322618726733,0.7473803144590404,0.8628186572558947,0.9241486480357096,0.5092708360676407
50,1.0,180,3,0.01,-1.171322618726733,0.8760151971225105,0.8597971308071428,0.8673661570496195,0.8452594089454682
50,1.0,181,1,0.1,-1.1590571523644224,0.010612074914056,0.052261120851694,0.9754613027985248,0.9973929103132978
50,1.0,181,2,0.1,-1.1590571523644224,0.8042898760220591,0.8869720167984573,0.9166395328461948,0.9764632050187588
50,1.0,181,3,0.1,-1.1590571523644224,0.6570267623031588,0.8405444840494827,0.9701100939566784,0.9285934911037276
50,1.0,182,1,0.01,-1.1965693728997877,0.7095862272118713,0.8989240399536692,0.9716674678603128,0.902829501869789
50,1.0,182,2,0.01,-1.1965693728997877,0.74477774837827,0.9086730404353428,0.9896763420848208,0.9477866925082096
50,1.0,182,3,0.01,-1.1965693728997877,0.6622521386265932,0.7672753991507614,0.9030784726732812,0.950591930176478
50,1.0,183,1,0.1,-1.1510518462482864,0.7542991592429074,0.8573322499630667,0.8993693129732901,0.9869462345468032
50,1.0,183,2,0.1,-1.1510518462482864,0.780011568881305,0.861066894871182,0.949272615382216,0.9858376745133968
50,1.0,183,3,0.1,-1.1510518462482864,0.8699862123962183,0.8898068313214019,0.9744697755696782,0.9814315592495232
50,1.0,184,1,0.01,-1.12520502853206,0.8367824123076867,0.9746648990727892,0.9498928978599648,0.8685749251557988
50,1.0,184,2,0.01,-1.12520502853206,0.8384077448820437,0.8515587107312501,0.9717589951340468,0.9898903605989562
50,1.0,184,3,0.01,-1.12520502853206,0.7315833276249561,0.6145032907832032,0.9882332209104332,0.963378445264374
50,1.0,185,1,0.1,-1.1640666485921405,0.0141401520550604,0.0002634108493189,0.966735313252214,0.978379226390752
50,1.0,185,2,0.1,-1.1640666485921405,0.6308027448287585,0.719588542697213,0.9262842566126436,0.9701135776088984
50,1.0,185,3,0.1,-1.1640666485921405,0.6545358111288181,0.6946295248639305,0.6767834712780066,0.7513862132782553
50,1.0,186,1,0.1,-1.1315907091183128,0.8199442114084393,0.8945134649227832,0.948662976428165,0.9873691502590402
50,1.0,186,2,0.1,-1.1315907091183128,0.5717839449642583,0.7695655053366144,0.9407195206985624,0.9821324248024386
50,1.0,186,3,0.1,-1.1315907091183128,0.7154720398026765,0.7594330885607709,0.9719289021941072,0.9885758119477036
50,1.0,187,1,1.0,-1.134490703809899,0.0025632369852458,0.5449994015206495,0.0179306727075104,0.7551072457071318
50,1.0,187,2,1.0,-1.134490703809899,0.5885246696180061,0.6005722946451538,0.8984059618006656,0.9078831871953592
50,1.0,187,3,1.0,-1.134490703809899,0.6536791075470403,0.7484595428202266,0.6833069531333273,0.788413256861579
50,1.0,188,1,0.1,-1.162852207244053,0.0367941193342616,0.0357216311441172,0.9603611066481286,0.9834845380666564
50,1.0,188,2,0.1,-1.162852207244053,0.7118355836919745,0.8718595408614258,0.8110847053722355,0.9385358466789916
50,1.0,188,3,0.1,-1.162852207244053,0.6481835961758015,0.6474008803368839,0.9591658757707388,0.9755225150903376
50,1.0,189,1,0.1,-1.1622917016708545,0.3089876191187217,0.4610266128246836,0.913205008765046,0.941691783446986
50,1.0,189,2,0.1,-1.1622917016708545,0.5840866657746482,0.6606930775809774,0.9440428953160328,0.9677134960512764
50,1.0,189,3,0.1,-1.1622917016708545,0.7106224065788186,0.7461816209637959,0.9512837401436964,0.9709949379990492
50,1.0,190,1,0.1,-1.1466380013417596,0.8411681521156463,0.8812020535776408,0.960074651522857,0.9819818547164068
50,1.0,190,2,0.1,-1.1466380013417596,0.4808937598144804,0.4924721360497259,0.9767746757218908,0.9929024536811936
50,1.0,190,3,0.1,-1.1466380013417596,0.6654425631828315,0.7094570051793587,0.9594720968731126,0.9853831929689756
50,1.0,191,1,0.01,-1.147827013970833,0.8930643396902386,0.9399701822379786,0.4930520332663679,0.4523158007598221
50,1.0,191,2,0.01,-1.147827013970833,0.9073861238052352,0.9114318740406184,0.9922006739854254,0.982518339735008
50,1.0,191,3,0.01,-1.147827013970833,0.8647947478274444,0.884319229910106,0.9921081186005628,0.9799329888919396
50,1.0,192,1,0.01,-1.1647780354678623,0.6547465196615654,0.9542033473313284,0.8715300171382317,0.8899835124023598
50,1.0,192,2,0.01,-1.1647780354678623,0.6502972733806063,0.9452844733178764,0.827282240325261,0.9294362971089754
50,1.0,192,3,0.01,-1.1647780354678623,0.760822760854917,0.8890713843798581,0.9779937186992416,0.9397150551684263
50,1.0,193,1,1.0,-1.1510883379346248,0.0002699177770507,0.2346228050907507,0.0058725250011847,0.3093268340087924
50,1.0,193,2,1.0,-1.1510883379346248,0.7003797665003998,0.7100739271585919,0.9210417187690796,0.9251670930712196
50,1.0,193,3,1.0,-1.1510883379346248,0.9382402456602812,0.9397675207068642,0.977939010924874,0.9784532331235845
50,1.0,194,1,0.1,-1.198390215650056,0.2743847752526829,0.0215885128693982,0.1307708018135699,0.8166690515584666
50,1.0,194,2,0.1,-1.198390215650056,0.6156904494270037,0.7569874257708207,0.9379854474264108,0.9691579852366686
50,1.0,194,3,0.1,-1.198390215650056,0.8434234968511204,0.9127274219964352,0.8949887281963488,0.9540753519199306
50,1.0,195,1,0.1,-1.1197017482762128,0.1956379489150759,0.2154281702821206,0.9355363476813676,0.9305539585471214
50,1.0,195,2,0.1,-1.1197017482762128,0.591142581797864,0.6891611488504432,0.8713597171446998,0.8948769324141492
50,1.0,195,3,0.1,-1.1197017482762128,0.7101178663289988,0.7580129454229784,0.9144316397117324,0.9138910494791944
50,1.0,196,1,0.01,-1.1679464677053355,0.5152288072510327,0.839774841654684,0.9233358902752502,0.7385429834087043
50,1.0,196,2,0.01,-1.1679464677053355,0.7781921911769656,0.855528401687087,0.9799945617465826,0.9909467690822448
50,1.0,196,3,0.01,-1.1679464677053355,0.9026465678529568,0.8801045043463134,0.9949113486180484,0.9933947435093076
50,1.0,197,1,1.0,-1.176354402002249,0.1733493878831868,0.164777764384731,0.8895223675146232,0.94369050896127
50,1.0,197,2,1.0,-1.176354402002249,0.5428112202331664,0.5538023774202903,0.8927219716506176,0.8971735672020196
50,1.0,197,3,1.0,-1.176354402002249,0.6862963032544053,0.700838227234266,0.902383209743696,0.918949181132464
50,1.0,198,1,1.0,-1.160429950571901,0.0357811560122697,0.0232514062229128,0.9443372862277808,0.9468718515398205
50,1.0,198,2,1.0,-1.160429950571901,0.645783501685415,0.6662455936184277,0.8686623637532114,0.8848847195506118
50,1.0,198,3,1.0,-1.160429950571901,0.6504890358232625,0.6514125146059656,0.8168665261906409,0.8315992200253818
50,1.0,199,1,0.1,-1.1643335799592232,0.1157254335631066,0.5829342982240273,0.5180239538917107,0.9819922019556728
50,1.0,199,2,0.1,-1.1643335799592232,0.5851633410291883,0.6604663128152003,0.9520123087217306,0.9829947602595026
50,1.0,199,3,0.1,-1.1643335799592232,0.923743853418193,0.9545200802762362,0.9760224989603242,0.99077068634507
50,2.0,0,1,0.001,-0.9668294737457264,0.8587098357065219,0.8878745936025455,0.997787664351952,0.9560862829670624
50,2.0,0,2,0.001,-0.9668294737457264,0.7300932968177327,0.7396837750337513,0.9951815235926738,0.9135623664441688
50,2.0,0,3,0.001,-0.9668294737457264,0.7602807388928084,0.629863828402872,0.9941007385232302,0.9665851570734864
50,2.0,1,1,0.01,-0.9163949663884928,0.6782397930496521,0.9709621922490708,0.977103128138897,0.8741382358342427
50,2.0,1,2,0.01,-0.9163949663884928,0.7324230616465559,0.969162338397185,0.9660104645492475,0.7284699274967743
50,2.0,1,3,0.01,-0.9163949663884928,0.9567426420909884,0.969661316512715,0.9958158907112192,0.973411555245912
50,2.0,2,1,0.01,-0.9626711447382704,0.3575644385925651,0.986854984798591,0.958613946578138,0.3558471296024802
50,2.0,2,2,0.01,-0.9626711447382704,0.8999519086880265,0.9795377152111956,0.993136659203615,0.9608689965184908
50,2.0,2,3,0.01,-0.9626711447382704,0.9603319257751444,0.9852534289027046,0.9984555762580816,0.9928293183471032
50,2.0,3,1,0.01,-0.8855367631524005,0.5923850822301974,0.8968735936567493,0.9990630050207332,0.892704472172591
50,2.0,3,2,0.01,-0.8855367631524005,0.7253426817150969,0.9100279150226612,0.9962722993279136,0.9540138203888427
50,2.0,3,3,0.01,-0.8855367631524005,0.8957811654512318,0.9748670269355064,0.952435821526845,0.9776842717107752
50,2.0,4,1,0.001,-0.9609045794351462,0.8341752532787496,0.727631343391987,0.9863665284993868,0.9107007979201416
50,2.0,4,2,0.001,-0.9609045794351462,0.7236580667588537,0.8042042190751169,0.997273582232054,0.8540030656886751
50,2.0,4,3,0.001,-0.9609045794351462,0.8669867390858288,0.695570474074848,0.9256557566016896,0.9608728436285808
50,2.0,5,1,0.01,-0.959584157368521,0.9321612973661052,0.963855048861007,0.996380334485776,0.9920327145223884
50,2.0,5,2,0.01,-0.959584157368521,0.8702651861955775,0.9782278651911854,0.995351916297303,0.960629731094538
50,2.0,5,3,0.01,-0.959584157368521,0.8851190453366528,0.9523162683799646,0.9795742765562702,0.7615286753946383
50,2.0,6,1,0.01,-0.9506571867926684,0.4651605883954889,0.8681305358881166,0.9904354130701608,0.9140723766908702
50,2.0,6,2,0.01,-0.9506571867926684,0.8596532397172244,0.9602741840897574,0.9842297875754114,0.96106216324625
50,2.0,6,3,0.01,-0.9506571867926684,0.8867952052498125,0.9446610051585592,0.9943659098360448,0.972955043841526
50,2.0,7,1,0.01,-0.9540493216848304,0.3381577480859337,0.8566216667564955,0.9877486231161792,0.8236121768475592
50,2.0,7,2,0.01,-0.9540493216848304,0.4583129648867697,0.943271015145052,0.9792041426769942,0.501461650880581
50,2.0,7,3,0.01,-0.9540493216848304,0.8780958780433638,0.959180354874516,0.9315468619737634,0.9861715357149105
50,2.0,8,1,0.01,-0.9606071564625605,0.8602277369338952,0.95406086695207,0.9847082382700412,0.9872859738576288
50,2.0,8,2,0.01,-0.9606071564625605,0.6568280121259947,0.771302312759027,0.9935421481664706,0.9726527997341148
50,2.0,8,3,0.01,-0.9606071564625605,0.8467512284012165,0.9325223560476982,0.9927676268130892,0.9728833160099288
50,2.0,9,1,0.1,-0.9542152745869336,0.7003632686713248,0.8047438380687397,0.907112566996256,0.9834143626840056
50,2.0,9,2,0.1,-0.9542152745869336,0.4660200242747273,0.4825938468579951,0.9795410231287534,0.9894005805093002
50,2.0,9,3,0.1,-0.9542152745869336,0.6717560825686318,0.7021640696500152,0.964417061338008,0.9834462085307544
50,2.0,10,1,0.01,-0.9835231824490204,0.7283255843352979,0.8597154680317831,0.9962560932133468,0.6769860670495803
50,2.0,10,2,0.01,-0.9835231824490204,0.7939452658145849,0.9204490718115126,0.9950500556131188,0.9812837855527996
50,2.0,10,3,0.01,-0.9835231824490204,0.6699471540365666,0.9865305636557824,0.6730409077966111,0.9912360538226456
50,2.0,11,1,0.01,-0.9927385127980244,0.0106137956134897,0.9591545347806972,0.0151107091602747,0.958463633758033
50,2.0,11,2,0.01,-0.9927385127980244,0.8904646982734516,0.964055847852182,0.9879487958970118,0.97784456938172
50,2.0,11,3,0.01,-0.9927385127980244,0.8956521888885959,0.875239416907163,0.9951967227227358,0.9874731876459156
50,2.0,12,1,0.1,-0.9461155273815436,0.852244909972615,0.8869011984060218,0.946127577586234,0.974383421709662
50,2.0,12,2,0.1,-0.9461155273815436,0.4398210815853213,0.4661869284465635,0.9702087075114534,0.9713966938774352
50,2.0,12,3,0.1,-0.9461155273815436,0.7569928407707556,0.8886208131357284,0.9254289874825252,0.9844799451981308
50,2.0,13,1,0.01,-0.9373180760699744,0.184038166795476,0.803033325671463,0.9966315540568536,0.7366289350952023
50,2.0,13,2,0.01,-0.9373180760699744,0.7738233148671132,0.9580279867627056,0.9928189429904772,0.8202456151437703
50,2.0,13,3,0.01,-0.9373180760699744,0.9587577684069803,0.963580895100788,0.968172223341432,0.9775335386521264
50,2.0,14,1,0.01,-0.939528509981884,0.9362290453435748,0.9823751022107954,0.9971363920588688,0.9844585206852616
50,2.0,14,2,0.01,-0.939528509981884,0.594819354031743,0.9728284049807564,0.9907834568125647,0.6541461445538208
50,2.0,14,3,0.01,-0.939528509981884,0.7289542036830229,0.9677572970408052,0.9233950057496946,0.6662100197550921
50,2.0,15,1,0.01,-0.9773931526462312,0.5584146866021309,0.8987442362004124,0.9850395345578852,0.4136970946824137
50,2.0,15,2,0.01,-0.9773931526462312,0.8782071141650148,0.9441460951878736,0.9963646547231793,0.9859783039015024
50,2.0,15,3,0.01,-0.9773931526462312,0.7012662076964804,0.8662349608785028,0.9891826161952396,0.9789690045073428
50,2.0,16,1,0.01,-0.9032472055083908,0.7865683981342936,0.964374760273454,0.9748950339570954,0.9397528790831396
50,2.0,16,2,0.01,-0.9032472055083908,0.7333897902099733,0.9710102069635308,0.9869690935214436,0.7197710909852851
50,2.0,16,3,0.01,-0.9032472055083908,0.9353276824616508,0.9724274036074784,0.9937068121054894,0.9705012366860304
50,2.0,17,1,0.01,-0.9690183160875336,0.6556736996509508,0.9329973511017216,0.996480585198008,0.9013327562883684
50,2.0,17,2,0.01,-0.9690183160875336,0.6440261887492648,0.9596545840573472,0.9920410543592124,0.8949793853996644
50,2.0,17,3,0.01,-0.9690183160875336,0.6983716721713553,0.9844141930280368,0.978214980675236,0.7416471850041096
50,2.0,18,1,0.01,-0.8888309318613937,0.7041881210866049,0.9635294450631432,0.9857943188779238,0.8136848497443835
50,2.0,18,2,0.01,-0.8888309318613937,0.9056478288470484,0.9768191382179068,0.9949686947900822,0.978781360004686
50,2.0,18,3,0.01,-0.8888309318613937,0.8230558740357957,0.98010090983073,0.9891487705074526,0.9501508824805572
50,2.0,19,1,0.01,-0.9495816498614218,0.8316215027121756,0.9538545411469264,0.9908291089644404,0.9737742933879384
50,2.0,19,2,0.01,-0.9495816498614218,0.9088351887042532,0.9672594191406132,0.9968240114254,0.9710039236514976
50,2.0,19,3,0.01,-0.9495816498614218,0.8627214485964516,0.9604734832116956,0.9899512316928332,0.9799696267297828
50,2.0,20,1,0.01,-0.9566164223270028,0.8062043323642472,0.9449479983550524,0.987807798282597,0.9879206426085692
50,2.0,20,2,0.01,-0.9566164223270028,0.4878161798475993,0.976983388236335,0.9934786700285114,0.4991399488399325
50,2.0,20,3,0.01,-0.9566164223270028,0.9098053830039512,0.9791826410103742,0.989778509253851,0.9658293053244892
50,2.0,21,1,0.01,-0.9274244130448682,0.3919308989858696,0.9808920579668228,0.9825011394857012,0.6265376420575075
50,2.0,21,2,0.01,-0.9274244130448682,0.9119514358001208,0.9875568512753076,0.9877666711933352,0.973684399325368
50,2.0,21,3,0.01,-0.9274244130448682,0.9462042758723678,0.9828766486806014,0.9835456153523814,0.9950662386654432
50,2.0,22,1,0.01,-0.9476829906080482,0.6029969367123655,0.8157543331249913,0.9875500874290408,0.9875428962122672
50,2.0,22,2,0.01,-0.9476829906080482,0.4811568352174037,0.9773267496070028,0.9844072956581726,0.4994393339718223
50,2.0,22,3,0.01,-0.9476829906080482,0.9112798053883068,0.9732153075173758,0.9885881645475374,0.983375830201548
50,2.0,23,1,0.01,-0.9457933797349252,0.7194005452669645,0.969468962875498,0.9216915762976708,0.954988088659748
50,2.0,23,2,0.01,-0.9457933797349252,0.9153046183660016,0.9704075069959184,0.993648194670939,0.9926749310725222
50,2.0,23,3,0.01,-0.9457933797349252,0.9400738032158492,0.9744495165534878,0.988856574682718,0.9900922639453515
50,2.0,24,1,0.001,-0.9439946320719664,0.8977615764841572,0.9751764846154194,0.9922143851862129,0.8123019379911207
50,2.0,24,2,0.001,-0.9439946320719664,0.4830815563747471,0.8289469543036576,0.9854071640287108,0.5128536150780426
50,2.0,24,3,0.001,-0.9439946320719664,0.8417765946205384,0.7788762839368837,0.996959964634835,0.9436934453128912
50,2.0,25,1,0.01,-0.9334238808788768,0.2886044761268885,0.5781946010527945,0.983905029267609,0.974581331902734
50,2.0,25,2,0.01,-0.9334238808788768,0.7763834098368836,0.9817007392826697,0.981811869032343,0.8608004293602696
50,2.0,25,3,0.01,-0.9334238808788768,0.8124874761147511,0.961826079219094,0.9969469662830304,0.9142317813698962
50,2.0,26,1,0.1,-0.9588925379710824,0.702021453892608,0.788636054455799,0.9156153539764632,0.9537266761936092
50,2.0,26,2,0.1,-0.9588925379710824,0.7871463022764138,0.8521837970104296,0.9565906461523808,0.980551273642672
50,2.0,26,3,0.1,-0.9588925379710824,0.8941479930069138,0.9067733284478762,0.9698568775105072,0.9758012853236266
50,2.0,27,1,0.01,-0.9119363981234572,0.0129955721291068,0.9247976820624602,0.9899905770080332,0.1307312289329467
50,2.0,27,2,0.01,-0.9119363981234572,0.9271681542226092,0.9616365629720972,0.993542351409874,0.9920368908462224
50,2.0,27,3,0.01,-0.9119363981234572,0.8303519733690323,0.9739364585440128,0.9961167287435844,0.864640376264377
50,2.0,28,1,0.01,-0.9934118735127576,0.3306320847408489,0.9424236383697246,0.9973519717496324,0.5377135565015335
50,2.0,28,2,0.01,-0.9934118735127576,0.713393678192422,0.9037096673088522,0.9981838930378376,0.8899763839812715
50,2.0,28,3,0.01,-0.9934118735127576,0.8404120368456035,0.9444607125298332,0.9903108517295026,0.9819449455180852
50,2.0,29,1,0.01,-0.9745942379951624,0.7586387974739949,0.916564679265211,0.9830623484012168,0.986686715498766
50,2.0,29,2,0.01,-0.9745942379951624,0.738770695245015,0.9691084008549328,0.9950844763497412,0.8915418299591722
50,2.0,29,3,0.01,-0.9745942379951624,0.8784918418970262,0.9849893152595758,0.9945528422395484,0.917573668720964
50,2.0,30,1,0.01,-0.9497591118979852,0.8787947289380849,0.952778593812384,0.9935599201150764,0.9837472502234812
50,2.0,30,2,0.01,-0.9497591118979852,0.8283425733556782,0.9467564810770984,0.9920281536988024,0.978844751279482
50,2.0,30,3,0.01,-0.9497591118979852,0.8680510150859991,0.9634182691281198,0.989286127140716,0.9236610618606028
50,2.0,31,1,0.01,-0.9237011596872324,0.8098369421152375,0.9529811938944212,0.9878334502298436,0.9817280954517102
50,2.0,31,2,0.01,-0.9237011596872324,0.5798836640028836,0.9589192970038146,0.9912135578483876,0.7495510128886718
50,2.0,31,3,0.01,-0.9237011596872324,0.9398030087905096,0.9772587621853628,0.9949849788372612,0.970319714332576
50,2.0,32,1,0.01,-0.9895363645090304,0.7901157656190793,0.9495070611297222,0.9633604261417796,0.9846118371541794
50,2.0,32,2,0.01,-0.9895363645090304,0.8687637272597197,0.9643195384864112,0.985993972882496,0.8977677048961517
50,2.0,32,3,0.01,-0.9895363645090304,0.9549284213730368,0.9689570904027296,0.9940658725218916,0.9848813902838814
50,2.0,33,1,0.1,-0.9358987608651536,0.7829396588495794,0.8817359635906956,0.9052814355639884,0.9774068901443594
50,2.0,33,2,0.1,-0.9358987608651536,0.8094098826919761,0.8581991629613751,0.9681132536929412,0.9859882358039356
50,2.0,33,3,0.1,-0.9358987608651536,0.8500855609788092,0.8715597614740415,0.9885132019674356,0.9926877199751128
50,2.0,34,1,0.01,-0.8826456293599964,0.6659025897955742,0.9563114059660396,0.9573514561535096,0.9361527183193044
50,2.0,34,2,0.01,-0.8826456293599964,0.8989710482487405,0.9581915108219186,0.994724811323016,0.9947038554325142
50,2.0,34,3,0.01,-0.8826456293599964,0.7302098142996609,0.9736424707082166,0.9691841102357794,0.7886943876389516
50,2.0,35,1,0.01,-0.9802494962190884,0.3544163959291968,0.8954986823052545,0.9327467647011848,0.779310741945304
50,2.0,35,2,0.01,-0.9802494962190884,0.5097005061790234,0.9771407273731968,0.9949010154711838,0.5874544741381188
50,2.0,35,3,0.01,-0.9802494962190884,0.662632130734437,0.974410362533844,0.9379734654208786,0.7461263728116112
50,2.0,36,1,0.1,-0.9015986958052524,0.6854156225779083,0.7815216878924061,0.919512101473636,0.9636225065829256
50,2.0,36,2,0.1,-0.9015986958052524,0.8294815879396178,0.8797473816462537,0.9565728018435204,0.978963904425838
50,2.0,36,3,0.1,-0.9015986958052524,0.8905171923628351,0.9073198637111716,0.9640432059050568,0.9725301464082928
50,2.0,37,1,0.01,-0.9559200379665846,0.8287567751176902,0.880584439309626,0.9993327334529089,0.9960411145479332
50,2.0,37,2,0.01,-0.9559200379665846,0.7326524551542244,0.9826845053627122,0.9779469737584036,0.8736549883655829
50,2.0,37,3,0.01,-0.9559200379665846,0.8656408132270389,0.9805519972319215,0.985680904426729,0.964521315069562
50,2.0,38,1,0.01,-0.9240588579461604,0.8313961090228174,0.934502873176468,0.9948374060291376,0.9751972061001754
50,2.0,38,2,0.01,-0.9240588579461604,0.485665189505288,0.960824207073672,0.9958065141559634,0.498640400958824
50,2.0,38,3,0.01,-0.9240588579461604,0.9444243147229568,0.9662567378389896,0.985400405430435,0.9918125185277494
50,2.0,39,1,0.01,-0.9723585036367522,0.1622891119624507,0.4499712069426528,0.9931089008756964,0.8211498879047471
50,2.0,39,2,0.01,-0.9723585036367522,0.7860176602502038,0.959087838643023,0.9695646704772904,0.9584871769961332
50,2.0,39,3,0.01,-0.9723585036367522,0.8040840565816557,0.97248326107003,0.9937980066740458,0.9218008416564972
50,2.0,40,1,0.001,-0.9012835419941524,0.4392866638455574,0.8500132879797141,0.971367701098526,0.7270159915144389
50,2.0,40,2,0.001,-0.9012835419941524,0.4309318740952493,0.4751464219017343,0.9938181822140072,0.6849082587597386
50,2.0,40,3,0.001,-0.9012835419941524,0.8470066047544523,0.8314313676005888,0.9924731499770368,0.8741980932897975
50,2.0,41,1,0.1,-0.8678447402797999,0.0180638703552544,0.167491937355737,0.715101029725024,0.9676199904448668
50,2.0,41,2,0.1,-0.8678447402797999,0.6589845177703759,0.7277772662261076,0.9566011164561736,0.9828046257846074
50,2.0,41,3,0.1,-0.8678447402797999,0.7867422395424586,0.8989808479112641,0.91131558181148,0.9833886618389612
50,2.0,42,1,0.1,-0.9166185280347198,0.6994269817772388,0.8526461222854731,0.8788799518588811,0.9679384481596236
50,2.0,42,2,0.1,-0.9166185280347198,0.9213410388991384,0.9320695135063368,0.9762000255728788,0.9819770914317252
50,2.0,42,3,0.1,-0.9166185280347198,0.6580765971744703,0.939727929380661,0.8612790756991164,0.860291329324227
50,2.0,43,1,0.01,-0.9337582897923216,0.8172742093169487,0.9942213897380248,0.9868158378234888,0.8861049987750832
50,2.0,43,2,0.01,-0.9337582897923216,0.6410629888560235,0.9793517381640374,0.9830444365029216,0.6809239815242034
50,2.0,43,3,0.01,-0.9337582897923216,0.9561800100770071,0.9823397843124252,0.9963758557848392,0.9698465022689322
50,2.0,44,1,0.01,-0.9800611200563007,0.0058985050361922,0.7170393250501912,0.9456157989913678,0.0438298813240799
50,2.0,44,2,0.01,-0.9800611200563007,0.7186088743321171,0.934266429593174,0.9940299724892764,0.9005762631954373
50,2.0,44,3,0.01,-0.9800611200563007,0.8578338743052871,0.9533026058853498,0.9760629890822446,0.9654715537818374
50,2.0,45,1,0.01,-0.9227202741371112,0.0089477315968241,0.8968105647578203,0.9702561455762092,0.2627856649892269
50,2.0,45,2,0.01,-0.9227202741371112,0.6883424574231649,0.9636883500003972,0.9874384518445334,0.8514568087689007
50,2.0,45,3,0.01,-0.9227202741371112,0.9638405722988996,0.9725142786145186,0.9916898918188256,0.9740189120238044
50,2.0,46,1,0.01,-0.9521054726784672,0.888175015497348,0.9620612805455648,0.9839490879175564,0.9533933091785016
50,2.0,46,2,0.01,-0.9521054726784672,0.9047082523129616,0.9781135486181584,0.9960360987669143,0.943775325987035
50,2.0,46,3,0.01,-0.9521054726784672,0.9626323485340572,0.9703996774300818,0.998493139816098,0.9954007573451512
50,2.0,47,1,0.1,-1.0306111744656985,0.5196852500507497,0.5251729834567501,0.9569822885340732,0.9830084629461532
50,2.0,47,2,0.1,-1.0306111744656985,0.7148963700624372,0.766490283843308,0.9707413667285087,0.9859077350264374
50,2.0,47,3,0.1,-1.0306111744656985,0.8474276486852453,0.9014379523630756,0.94400924245393,0.9737704535518202
50,2.0,48,1,0.01,-0.9663910579354896,0.7411805126728556,0.9752040531077512,0.9747739512954876,0.8823431165444087
50,2.0,48,2,0.01,-0.9663910579354896,0.6343173330713808,0.9640207630716212,0.97985842302101,0.7173274476686868
50,2.0,48,3,0.01,-0.9663910579354896,0.8902948651098942,0.9510022727024324,0.9967319929695988,0.9897241023989428
50,2.0,49,1,0.01,-0.9677043301441022,0.924893089322222,0.9667534901842608,0.9928922285888548,0.9960785474475992
50,2.0,49,2,0.01,-0.9677043301441022,0.7220785354861186,0.947723083635502,0.990030301965499,0.93924529839861
50,2.0,49,3,0.01,-0.9677043301441022,0.8324336002105343,0.9737824704782472,0.9895522748397388,0.9408230717814282
50,2.0,50,1,0.01,-0.994731781322818,0.8641004660574827,0.9653761806602456,0.9912065792531296,0.985285553095976
50,2.0,50,2,0.01,-0.994731781322818,0.6445021893564244,0.9330877327436404,0.9955583122071884,0.9140116036881396
50,2.0,50,3,0.01,-0.994731781322818,0.842427943327988,0.9651958182411658,0.9911147898521008,0.9355151067133342
50,2.0,51,1,0.001,-0.9658242315673248,0.8708188398762295,0.817913429255705,0.9944324859134058,0.9523310830859568
50,2.0,51,2,0.001,-0.9658242315673248,0.7815834757692641,0.8055110284451745,0.9968019691086238,0.9445215045144812
50,2.0,51,3,0.001,-0.9658242315673248,0.8532188461740828,0.8562116003694878,0.997053519299289,0.8707908214572756
50,2.0,52,1,0.1,-0.9551800420337692,0.7056939912864223,0.910618829438362,0.7627680419186968,0.982509118091158
50,2.0,52,2,0.1,-0.9551800420337692,0.8000061503658622,0.8415029102936581,0.9683316492015168,0.9879314055969884
50,2.0,52,3,0.1,-0.9551800420337692,0.923693107155906,0.9267946647937958,0.9921480578662756,0.9927316985849084
50,2.0,53,1,0.01,-0.931117902162321,0.7781104039542811,0.9000715717248464,0.9943905519396268,0.9796618969456264
50,2.0,53,2,0.01,-0.931117902162321,0.8861655017405872,0.9495224215231496,0.980800433187285,0.9766950679433786
50,2.0,53,3,0.01,-0.931117902162321,0.785104214456639,0.9264618128508644,0.9919485727475292,0.9525401514549134
50,2.0,54,1,0.01,-0.9814196760320176,0.6662944349590496,0.9798605713645798,0.9188841118511476,0.9016776607616456
50,2.0,54,2,0.01,-0.9814196760320176,0.9136670673777464,0.9751285028737532,0.9884898147323716,0.9768002556404256
50,2.0,54,3,0.01,-0.9814196760320176,0.7336900861208808,0.9266420470854564,0.9929772048988208,0.946812839180286
50,2.0,55,1,0.1,-0.9066735930209008,0.0206179350549707,0.0534093963580743,0.9597072721323278,0.9855022173866452
50,2.0,55,2,0.1,-0.9066735930209008,0.4532146621427009,0.5256715303524426,0.9571877386634028,0.9926173139139246
50,2.0,55,3,0.1,-0.9066735930209008,0.7960901499236125,0.8854144489622401,0.909114217771522,0.968871336458506
50,2.0,56,1,0.001,-0.8996609557398477,0.7972704416136085,0.86157438358441,0.9945191823642194,0.9238541806416508
50,2.0,56,2,0.001,-0.8996609557398477,0.7666373002157139,0.8831089276864712,0.9954829514043124,0.7924308701684144
50,2.0,56,3,0.001,-0.8996609557398477,0.7875666367225292,0.8030894289593858,0.9906272905810588,0.7197201241296747
50,2.0,57,1,0.01,-0.9800508737828512,0.5633434869897799,0.8292177682922485,0.9897907965342212,0.9587425482626089
50,2.0,57,2,0.01,-0.9800508737828512,0.5197722893659611,0.9808310006647516,0.9853317835448168,0.510307174323339
50,2.0,57,3,0.01,-0.9800508737828512,0.8358227966434871,0.942021898106007,0.9941655128761618,0.9764913348582572
50,2.0,58,1,0.01,-0.9800537674273896,0.6419183703779908,0.9523612339927956,0.9985366444965827,0.8574480302562856
50,2.0,58,2,0.01,-0.9800537674273896,0.713854967115029,0.9858281812705788,0.9427736504284646,0.8141082986136854
50,2.0,58,3,0.01,-0.9800537674273896,0.93968321303556,0.9780893489761792,0.9926391614702552,0.9841344983765908
50,2.0,59,1,0.01,-0.8869039519758911,0.7441551969602562,0.9498091952754836,0.973417503637378,0.9056954264373436
50,2.0,59,2,0.01,-0.8869039519758911,0.6874186467463373,0.9162192411142898,0.9913221296148728,0.823120842405988
50,2.0,59,3,0.01,-0.8869039519758911,0.6556539983551483,0.9421890260663388,0.9950490056512624,0.7035581479987427
50,2.0,60,1,0.1,-0.9603785406149192,9.817149721946926e-05,0.4842503668642687,0.958557071327896,0.5827477744747831
50,2.0,60,2,0.1,-0.9603785406149192,0.8310070892209461,0.8548458922062168,0.969287648916858,0.9834720618851732
50,2.0,60,3,0.1,-0.9603785406149192,0.7538936931479281,0.910910949713564,0.9238779316940332,0.9821939748520198
50,2.0,61,1,0.1,-0.9314422237952382,0.5798826440034246,0.6792543179478996,0.948308464626382,0.9722802387823776
50,2.0,61,2,0.1,-0.9314422237952382,0.8352975768163362,0.8806205598830781,0.956163007688614,0.980554928598472
50,2.0,61,3,0.1,-0.9314422237952382,0.6635221623580181,0.6776840694627321,0.9293085057916392,0.9512873085133656
50,2.0,62,1,0.01,-0.9565144697845632,0.5739843573808325,0.8255257023644516,0.9813423412711674,0.8874852607997176
50,2.0,62,2,0.01,-0.9565144697845632,0.4917807993889667,0.7663004036792126,0.993693413619851,0.8901275640375402
50,2.0,62,3,0.01,-0.9565144697845632,0.8732611242176551,0.9664113870062744,0.9804572737398471,0.9859711026923612
50,2.0,63,1,0.01,-0.9561605449814616,0.4929330816306695,0.9847233482071494,0.9950658212672832,0.612331245519253
50,2.0,63,2,0.01,-0.9561605449814616,0.9508569705563796,0.9838580215320862,0.995391513922851,0.9666007325194346
50,2.0,63,3,0.01,-0.9561605449814616,0.6858829012955403,0.9739031554100592,0.9971014261464404,0.7456896511164656
50,2.0,64,1,0.01,-0.9122649380605568,0.8626434884304642,0.9615387826556364,0.9878018688253462,0.9371847390696204
50,2.0,64,2,0.01,-0.9122649380605568,0.5380355074138435,0.9083443409720752,0.990775159176012,0.5150926652972332
50,2.0,64,3,0.01,-0.9122649380605568,0.8902730436004536,0.9721879906369932,0.9923948038870312,0.9817913086482848
50,2.0,65,1,0.1,-0.946657175398241,0.8223809113544434,0.9011262045937616,0.96419515955916,0.986341396801508
50,2.0,65,2,0.1,-0.946657175398241,0.8501470710788622,0.9101932976338448,0.968180603550992,0.9903004105638076
50,2.0,65,3,0.1,-0.946657175398241,0.6626551910519326,0.6729187657239587,0.996905008162995,0.996869269758114
50,2.0,66,1,0.001,-0.96173308221633,0.8744777441309428,0.8846202619447784,0.998448009852253,0.7653229393851673
50,2.0,66,2,0.001,-0.96173308221633,0.9184465053554958,0.8818608324913811,0.9963106508013596,0.9603556585222468
50,2.0,66,3,0.001,-0.96173308221633,0.8474280433527489,0.6281614710106471,0.983723268829101,0.8497013324021913
50,2.0,67,1,0.001,-0.9038228161521942,0.6121935604016214,0.9765828728995636,0.998404527639396,0.6183525983241155
50,2.0,67,2,0.001,-0.9038228161521942,0.9604166858683888,0.963039880671986,0.998244127104826,0.982684827455746
50,2.0,67,3,0.001,-0.9038228161521942,0.8932377402506116,0.8412650762338343,0.993722353538543,0.942136099678264
50,2.0,68,1,0.1,-0.9486439302025116,0.1372693029861947,0.3463040715957905,0.9459255149092302,0.9782417889116394
50,2.0,68,2,0.1,-0.9486439302025116,0.5486638392745937,0.6478716820529025,0.9401389927312712,0.994475183606036
50,2.0,68,3,0.1,-0.9486439302025116,0.7590600461176472,0.8303347412076088,0.9096892455871488,0.9523174698591328
50,2.0,69,1,0.01,-0.9859719693723974,0.618573236205179,0.9012427335767688,0.9959513810218328,0.938195157534072
50,2.0,69,2,0.01,-0.9859719693723974,0.659562180394385,0.8387517906929887,0.9913402011117888,0.9509755975217584
50,2.0,69,3,0.01,-0.9859719693723974,0.7148595206486075,0.9763915863418036,0.9657367898993142,0.6917886743281146
50,2.0,70,1,0.01,-0.9538590142901684,0.6119537165382524,0.9551336070986236,0.9985828276792788,0.9016825961830356
50,2.0,70,2,0.01,-0.9538590142901684,0.584892922420546,0.9834942851780072,0.9385408568173904,0.7665597236884867
50,2.0,70,3,0.01,-0.9538590142901684,0.9624388183386352,0.9708980909750262,0.9957950653188652,0.9905268931534136
50,2.0,71,1,0.001,-0.9357887207440746,0.5391269491581618,0.9195115873660916,0.986638880731658,0.6033857262408684
50,2.0,71,2,0.001,-0.9357887207440746,0.8564219791738183,0.8636969980652643,0.9938042995986938,0.9176913648743296
50,2.0,71,3,0.001,-0.9357887207440746,0.8754562019096648,0.6821104917677537,0.9957041712014272,0.9346854520741976
50,2.0,72,1,0.01,-0.9395951802191972,0.8862697385811918,0.9739019264697536,0.9694220732125948,0.9749113568593706
50,2.0,72,2,0.01,-0.9395951802191972,0.8504765320418941,0.9605025494278498,0.9943214211506142,0.9707271715273428
50,2.0,72,3,0.01,-0.9395951802191972,0.9012903065023148,0.9296381853106168,0.9932023268046404,0.994308369433092
50,2.0,73,1,0.01,-0.8395785746803408,0.7471419906469098,0.9231648161073176,0.9230332646134132,0.966219710836113
50,2.0,73,2,0.01,-0.8395785746803408,0.8892570624917355,0.9464659067271478,0.97889961871203,0.990768403664837
50,2.0,73,3,0.01,-0.8395785746803408,0.6863032766214805,0.955905104617038,0.9737731501910566,0.7670448236378405
50,2.0,74,1,0.01,-0.9407802756866472,0.8534300188295045,0.882568620320337,0.996228439993587,0.978365078076338
50,2.0,74,2,0.01,-0.9407802756866472,0.686699502557738,0.9736771069375312,0.9843581899649724,0.7834930197244487
50,2.0,74,3,0.01,-0.9407802756866472,0.9102515539748482,0.9535512783408528,0.9741639850194282,0.9514383896107534
50,2.0,75,1,0.001,-0.8871756641553525,0.8615112559032393,0.9854903124343478,0.9920299140677278,0.7140001916561509
50,2.0,75,2,0.001,-0.8871756641553525,0.9426241353382192,0.9607021180100406,0.9967642303908102,0.9329771072797424
50,2.0,75,3,0.001,-0.8871756641553525,0.8894409768365125,0.7135967961778856,0.9979757026405562,0.9331747774422562
50,2.0,76,1,0.01,-0.9412580189979238,0.0275873390249838,0.9474465457949648,0.989967472526824,0.0225091881538234
50,2.0,76,2,0.01,-0.9412580189979238,0.7397957786982565,0.9580147761722742,0.9918966082402844,0.8582877153715845
50,2.0,76,3,0.01,-0.9412580189979238,0.9195015239590928,0.9681168517175144,0.994362002883772,0.9861100598603382
50,2.0,77,1,0.01,-0.9527272652917488,0.5140414096408188,0.9517325551545368,0.9975059248509576,0.6658306207510704
50,2.0,77,2,0.01,-0.9527272652917488,0.946622463171021,0.97032818856178,0.99459560371559,0.9803963700224684
50,2.0,77,3,0.01,-0.9527272652917488,0.7820010464768355,0.933826357960862,0.9974139014038154,0.9627840108096696
50,2.0,78,1,0.01,-0.96742156999046,0.8701262538338306,0.9507071080888791,0.987484385324634,0.9753704286263936
50,2.0,78,2,0.01,-0.96742156999046,0.7922315238302379,0.9613184378223416,0.991175379159142,0.9279879434794148
50,2.0,78,3,0.01,-0.96742156999046,0.9299127425481144,0.9777849274506072,0.9809570147519064,0.996661933786706
50,2.0,79,1,0.01,-0.9731460674537769,0.8224290741572002,0.963823808210102,0.9920248599046492,0.9734602394995604
50,2.0,79,2,0.01,-0.9731460674537769,0.8947258024130834,0.9753116624552765,0.9958235330012768,0.9821939225247966
50,2.0,79,3,0.01,-0.9731460674537769,0.9505234817714592,0.9795125941331828,0.9930670033709884,0.9972601462034452
50,2.0,80,1,0.01,-0.9505311615196556,0.3294491707406112,0.871165120326114,0.9910251130894602,0.7549425547518842
50,2.0,80,2,0.01,-0.9505311615196556,0.6747892844528816,0.9692950322160068,0.9600025253243892,0.8280102648837384
50,2.0,80,3,0.01,-0.9505311615196556,0.954490505945619,0.9620587019513694,0.9914028334140405,0.9957675242870336
50,2.0,81,1,0.01,-0.969837111264513,0.4178277407576453,0.9130645939666298,0.8756624254718927,0.8844282473141523
50,2.0,81,2,0.01,-0.969837111264513,0.7394856458638595,0.9554212629926202,0.9902365767154218,0.8465499666088616
50,2.0,81,3,0.01,-0.969837111264513,0.6659473806635096,0.9089433113954998,0.9901663870229074,0.8572014047455423
50,2.0,82,1,0.01,-0.9288551374620212,0.516973692908331,0.9524263005888824,0.9642128253615212,0.7249136986224926
50,2.0,82,2,0.01,-0.9288551374620212,0.8699684661369045,0.9509406920756618,0.9917094285216832,0.9797937534139348
50,2.0,82,3,0.01,-0.9288551374620212,0.9250954194077404,0.9666247987569092,0.9912762988895524,0.9861368939016628
50,2.0,83,1,0.01,-0.9017117663960454,0.2313632161122059,0.9426401835884876,0.9773021833054018,0.4499339805154198
50,2.0,83,2,0.01,-0.9017117663960454,0.8850210928459127,0.9700312956913092,0.9280420439521604,0.9832655062748475
50,2.0,83,3,0.01,-0.9017117663960454,0.9339897241556624,0.974869334746241,0.9931718043028228,0.9631552946586543
50,2.0,84,1,0.01,-0.954811300441729,0.0017141408917163,0.959827341700128,0.9733236204130864,0.0166174335206775
50,2.0,84,2,0.01,-0.954811300441729,0.7841062314476793,0.9694659201120244,0.9775559597257,0.9212934466054472
50,2.0,84,3,0.01,-0.954811300441729,0.9491288826581816,0.9725684589342966,0.9863753763096104,0.9949862291435828
50,2.0,85,1,0.01,-0.916725842168943,0.5709298956643591,0.9547760590264878,0.9056711074479104,0.804666708837313
50,2.0,85,2,0.01,-0.916725842168943,0.5258971253106375,0.5808281080713628,0.9843121148647024,0.9526018110603658
50,2.0,85,3,0.01,-0.916725842168943,0.9596873446757432,0.972575130926154,0.9963509529119392,0.9821741283640792
50,2.0,86,1,0.01,-0.9528235852019006,0.7632507502250157,0.9694374366159292,0.9853887317877748,0.9157141467515846
50,2.0,86,2,0.01,-0.9528235852019006,0.6553158088150598,0.9438217273171288,0.966772679172943,0.6650014848969656
50,2.0,86,3,0.01,-0.9528235852019006,0.9165806631622474,0.9636778864966544,0.9906686476959932,0.9908720888021896
50,2.0,87,1,0.1,-0.9533764561483724,0.2747867323407691,0.5926887462180527,0.7248059088219376,0.9510169223170256
50,2.0,87,2,0.1,-0.9533764561483724,0.5706121637503566,0.77770198971392,0.8362174199102681,0.9621930517241992
50,2.0,87,3,0.1,-0.9533764561483724,0.8398892055367285,0.8758679733632336,0.9389610931792765,0.9613973497576344
50,2.0,88,1,0.01,-0.9184107681238884,0.5969037694900777,0.9327140195425642,0.9583315472817336,0.8420849152444337
50,2.0,88,2,0.01,-0.9184107681238884,0.6839107901903334,0.959745898679941,0.9296381930554148,0.8577699466465625
50,2.0,88,3,0.01,-0.9184107681238884,0.9356387199862292,0.9474863434774528,0.9921696699707078,0.9692431305346024
50,2.0,89,1,0.001,-0.9541885799084504,0.1942112127491076,0.8272583653242692,0.9852897213169663,0.644868304120804
50,2.0,89,2,0.001,-0.9541885799084504,0.8951511217507315,0.8674216066062244,0.9958804416692608,0.9341584482669828
50,2.0,89,3,0.001,-0.9541885799084504,0.8466029054251153,0.6290812258467525,0.994680196936794,0.7100359744769517
50,2.0,90,1,0.001,-0.9438686353926948,0.7763246883188902,0.8222280960350609,0.9868889320360557,0.9895118861725924
50,2.0,90,2,0.001,-0.9438686353926948,0.4453722604599129,0.6123054687312861,0.9923151742264336,0.7990752682887918
50,2.0,90,3,0.001,-0.9438686353926948,0.7567375894972254,0.7372446363990872,0.9942258673315432,0.6928127356214637
50,2.0,91,1,0.01,-0.9521832217799584,0.667805117153157,0.9779747801578278,0.9869897585823189,0.8841892275547145
50,2.0,91,2,0.01,-0.9521832217799584,0.5573358524854729,0.9822765656799256,0.6321362698255863,0.942875935772671
50,2.0,91,3,0.01,-0.9521832217799584,0.9655412010559958,0.9737367907727348,0.9969384421345486,0.992767558153272
50,2.0,92,1,0.01,-0.9324690770281008,0.6661247385502947,0.9627554958473228,0.9536739095541276,0.8736764730162798
50,2.0,92,2,0.01,-0.9324690770281008,0.4912152732719312,0.9710851786695176,0.9934822863421072,0.5273534208763322
50,2.0,92,3,0.01,-0.9324690770281008,0.9156325794190384,0.9752059875067244,0.8084221648661364,0.974940502324669
50,2.0,93,1,0.01,-0.9419180939618425,0.9341373695364484,0.9655543348850064,0.9732194256737574,0.9939059955940974
50,2.0,93,2,0.01,-0.9419180939618425,0.9569715803637796,0.967223702067084,0.990834937349204,0.9749794601482298
50,2.0,93,3,0.01,-0.9419180939618425,0.7881574992991466,0.9690858696183056,0.9958205741493112,0.842105781755443
50,2.0,94,1,0.01,-0.9513585503284574,0.3646845061210034,0.4917915434972284,0.9938662493490849,0.9787768023421204
50,2.0,94,2,0.01,-0.9513585503284574,0.7286270394973342,0.9568806474508316,0.9907222261869164,0.8922018471352251
50,2.0,94,3,0.01,-0.9513585503284574,0.6653874604984541,0.9487263042655032,0.992277848526796,0.7306248402503446
50,2.0,95,1,0.001,-0.9630260547408372,0.7678053656355058,0.786234632944891,0.992666243986168,0.7283197667624816
50,2.0,95,2,0.001,-0.9630260547408372,0.6684353020409934,0.6853699657732263,0.9971815322131072,0.8766445036179705
50,2.0,95,3,0.001,-0.9630260547408372,0.7266147518694258,0.7116774423953752,0.9939151470067018,0.908698263382242
50,2.0,96,1,0.01,-0.9520281759219732,0.5245443181298313,0.958625318752254,0.9980955006935726,0.6852093223428471
50,2.0,96,2,0.01,-0.9520281759219732,0.5956076845902373,0.9289922446287244,0.9973550546201748,0.8124517327692531
50,2.0,96,3,0.01,-0.9520281759219732,0.8804254109839716,0.9668007379457476,0.9966505015133076,0.9801317664688156
50,2.0,97,1,0.1,-0.9330567509878646,0.0122174818353077,0.8844082355526552,0.008218045006756,0.9728592716354576
50,2.0,97,2,0.1,-0.9330567509878646,0.8702377544607955,0.8926031394785439,0.9726165950928176,0.9875132866582464
50,2.0,97,3,0.1,-0.9330567509878646,0.6546545980255826,0.933375407545861,0.7577345895916386,0.9430227276091528
50,2.0,98,1,0.01,-0.9890609569754142,0.8691092193851259,0.9628569841896104,0.985784941005186,0.9901527088370234
50,2.0,98,2,0.01,-0.9890609569754142,0.6484214415876174,0.947244541364514,0.9872665945984334,0.7950139519370801
50,2.0,98,3,0.01,-0.9890609569754142,0.8192344335153087,0.955426741217449,0.913095749955979,0.9557207982247992
50,2.0,99,1,0.01,-0.9421634844943793,0.6714787060981193,0.91054210407156,0.9871219240299144,0.9121250279636112
50,2.0,99,2,0.01,-0.9421634844943793,0.9026448885416294,0.949558963845292,0.991218175959682,0.9757028012789823
50,2.0,99,3,0.01,-0.9421634844943793,0.7790585779249636,0.952052710661088,0.974851139376272,0.8093847071697594
50,2.0,100,1,0.1,-1.002452313737389,0.1619998061523615,0.1505169684937168,0.9735889460376866,0.9847259534798936
50,2.0,100,2,0.1,-1.002452313737389,0.8049339184213931,0.8662681704332209,0.9365879544286038,0.9791082775048698
50,2.0,100,3,0.1,-1.002452313737389,0.8395091075349147,0.8635711999041947,0.9718919628801372,0.9800302726426464
50,2.0,101,1,0.01,-0.9539475586248712,0.0633614120982335,0.8580030745560183,0.989842847371223,0.0018172505658233
50,2.0,101,2,0.01,-0.9539475586248712,0.8965201123384704,0.9679260401763584,0.993416209066862,0.9679369441491396
50,2.0,101,3,0.01,-0.9539475586248712,0.9053987437277328,0.9661439063851988,0.9966925339073376,0.9709078820322076
50,2.0,102,1,0.01,-0.9496056325890077,0.0683381534205549,0.973066221559853,0.9715065180714048,0.0450925321209075
50,2.0,102,2,0.01,-0.9496056325890077,0.7728472813869611,0.9415170793196364,0.9938734882091173,0.8866027572353348
50,2.0,102,3,0.01,-0.9496056325890077,0.9689853229930502,0.9827592298334192,0.9950124345553992,0.9955895889903936
50,2.0,103,1,0.01,-0.967759445306243,0.4948190340277789,0.925166196554632,0.9901989211237656,0.6547089177767769
50,2.0,103,2,0.01,-0.967759445306243,0.7546581551398763,0.9633536648612744,0.9941631155395144,0.8404076052740392
50,2.0,103,3,0.01,-0.967759445306243,0.7041792234210575,0.9541395806597942,0.9820883394188415,0.8136951283374995
50,2.0,104,1,0.01,-0.9234814822031306,0.8194641315575528,0.9839511152547424,0.987444797259589,0.8604762349450694
50,2.0,104,2,0.01,-0.9234814822031306,0.9078049545399212,0.9814647348401422,0.9938500504200511,0.9489957529131086
50,2.0,104,3,0.01,-0.9234814822031306,0.8452119317414376,0.9796783222649088,0.9970767332189254,0.8504190127410872
50,2.0,105,1,0.01,-0.9576439672702244,0.7014125705894614,0.9213336962113212,0.962166653324273,0.9630519283471912
50,2.0,105,2,0.01,-0.9576439672702244,0.5584410488959628,0.9125464251646608,0.9936408386144184,0.800468768515258
50,2.0,105,3,0.01,-0.9576439672702244,0.946346359976646,0.9551264034907893,0.9818913243963846,0.9908693037379438
50,2.0,106,1,0.1,-0.9792348822321546,0.8357799859980786,0.8981539669500761,0.9460289283876266,0.9767688554468786
50,2.0,106,2,0.1,-0.9792348822321546,0.4340919469532066,0.5547926209732298,0.965531756196764,0.8474834187332163
50,2.0,106,3,0.1,-0.9792348822321546,0.6533834483690305,0.6527296269134999,0.9955258136896308,0.9954193850736858
50,2.0,107,1,0.1,-0.9853567354092118,0.0345930345167509,0.6177236336865801,0.1263397646341485,0.9367011414049552
50,2.0,107,2,0.1,-0.9853567354092118,0.6590669784249712,0.7819069801725813,0.9088875349105116,0.973271543252196
50,2.0,107,3,0.1,-0.9853567354092118,0.7449619917430037,0.7894231769021709,0.9608326582442422,0.9842133644695634
50,2.0,108,1,0.01,-0.9410452407536488,0.5952483454904336,0.8924827493075501,0.983075233825014,0.8223430348784382
50,2.0,108,2,0.01,-0.9410452407536488,0.7240043745247989,0.9330908781347776,0.9921401136773916,0.93663284440716
50,2.0,108,3,0.01,-0.9410452407536488,0.9651802830936436,0.9718927659315336,0.9891385524833696,0.9921689785687162
50,2.0,109,1,0.01,-0.9067364916760824,0.3662011919617229,0.9578974812283664,0.7275232555347141,0.8859213275656479
50,2.0,109,2,0.01,-0.9067364916760824,0.940923389720724,0.9766025976287988,0.9938700917246732,0.98417113496388
50,2.0,109,3,0.01,-0.9067364916760824,0.8101795806131348,0.9690612578016654,0.9942988184775872,0.880345715942816
50,2.0,110,1,0.01,-0.99782040506114,0.2661496501581655,0.9357153633497132,0.9885152005523844,0.675227327248905
50,2.0,110,2,0.01,-0.99782040506114,0.4923375164853925,0.9744453511373,0.9960765793393754,0.5024841565433441
50,2.0,110,3,0.01,-0.99782040506114,0.9565102309138236,0.9660327769712364,0.9971113934523692,0.9833821986102748
50,2.0,111,1,0.1,-0.9119043444700148,0.745188123137103,0.8331258476880345,0.9502458418857126,0.9805900538495804
50,2.0,111,2,0.1,-0.9119043444700148,0.8564980547459539,0.9109316168475552,0.9414104845449532,0.9809292574231818
50,2.0,111,3,0.1,-0.9119043444700148,0.6742511623409638,0.7122774419509894,0.9862258351768336,0.9947690509046452
50,2.0,112,1,0.01,-0.9374900404156128,0.9591600379285904,0.97521306306021,0.9952699745791268,0.9914000720135772
50,2.0,112,2,0.01,-0.9374900404156128,0.9447635204529956,0.9646904649006623,0.9959854602677864,0.993839669541915
50,2.0,112,3,0.01,-0.9374900404156128,0.9501505654900128,0.9564013363662712,0.9973142359104592,0.9971423950110956
50,2.0,113,1,0.1,-0.9265658841371922,0.6508032954419782,0.6545834710681605,0.9758260088954206,0.9865510613012204
50,2.0,113,2,0.1,-0.9265658841371922,0.529466039872797,0.7073743487227453,0.9118372098683868,0.9854968974303856
50,2.0,113,3,0.1,-0.9265658841371922,0.8607958369478924,0.88655713509057,0.9652021308092742,0.9785230651750216
50,2.0,114,1,0.01,-0.9582316724573926,0.4035927551871975,0.7995773278421864,0.9968149708117656,0.9074999439645892
50,2.0,114,2,0.01,-0.9582316724573926,0.4991545035640101,0.975632794203546,0.9839127460394608,0.5327420845725792
50,2.0,114,3,0.01,-0.9582316724573926,0.9483762463092008,0.9804921522398112,0.989956597761005,0.9861031541085572
50,2.0,115,1,0.01,-0.954991626477388,0.462457451183536,0.9111111518392792,0.996342528244481,0.8194176489473868
50,2.0,115,2,0.01,-0.954991626477388,0.4431884236208189,0.9667587819506992,0.5228663094189053,0.9629753659516168
50,2.0,115,3,0.01,-0.954991626477388,0.8189277333298804,0.9740373059828688,0.9961596512855632,0.8932212718005649
50,2.0,116,1,0.01,-0.907556030844316,0.8016558977941418,0.9701623609007388,0.9882084733750852,0.9168131295838992
50,2.0,116,2,0.01,-0.907556030844316,0.8041015358808881,0.9786473956757455,0.9939534528168958,0.912596871123539
50,2.0,116,3,0.01,-0.907556030844316,0.9550252075361416,0.97608787963772,0.994739291428574,0.9900742089072356
50,2.0,117,1,0.01,-0.8821874035507742,0.3887947545321641,0.8603971194819828,0.993836025771339,0.821249157793629
50,2.0,117,2,0.01,-0.8821874035507742,0.5282717147964876,0.9637992780043156,0.9943832050177728,0.5889196325090261
50,2.0,117,3,0.01,-0.8821874035507742,0.8475573569997724,0.9632337623762312,0.9403023788245476,0.955413415497046
50,2.0,118,1,0.01,-0.9664755125050408,0.1122657560522451,0.9626690781988532,0.9911700317983924,0.2170182358923711
50,2.0,118,2,0.01,-0.9664755125050408,0.6582491223380218,0.9624749395632596,0.9709930084764729,0.7837154731131952
50,2.0,118,3,0.01,-0.9664755125050408,0.8896895613169434,0.9489149812762774,0.9887301628013966,0.9853529840173544
50,2.0,119,1,0.01,-0.9524154048666152,0.451599260335504,0.925106990651227,0.9565470505871748,0.8459873169666945
50,2.0,119,2,0.01,-0.9524154048666152,0.6701868438729851,0.9522463928379972,0.9827998100301444,0.9076633877482828
50,2.0,119,3,0.01,-0.9524154048666152,0.912375594655754,0.9833639068996162,0.9825814794794832,0.9652689278171036
50,2.0,120,1,0.01,-0.959792300770233,0.5844880724457063,0.9267640057767969,0.934688304682838,0.7054381839871686
50,2.0,120,2,0.01,-0.959792300770233,0.8256977268568642,0.9397753760482436,0.941657655161253,0.864548403263383
50,2.0,120,3,0.01,-0.959792300770233,0.9401285943582726,0.9517598947306372,0.9919060125210752,0.9940724323522137
50,2.0,121,1,0.001,-0.9515812353758536,0.2938305099546204,0.8766800668609347,0.978235147122446,0.2927805037053722
50,2.0,121,2,0.001,-0.9515812353758536,0.9013500790402534,0.6125327694594248,0.9812170672551996,0.7916145672004141
50,2.0,121,3,0.001,-0.9515812353758536,0.6803774783899134,0.6907563602148086,0.9964461352655444,0.6646420683411631
50,2.0,122,1,0.01,-0.942216372774444,0.7547836705138462,0.91233612292035,0.3600264703577923,0.7319487796249438
50,2.0,122,2,0.01,-0.942216372774444,0.5949423131162868,0.7889733171644856,0.9953727079992308,0.9839646293759328
50,2.0,122,3,0.01,-0.942216372774444,0.9423365724678224,0.9534713953191046,0.9897512941259764,0.9924749357579716
50,2.0,123,1,0.01,-0.9296953784808332,0.750288146546555,0.9661487691900856,0.9838938520848092,0.9589407362889164
50,2.0,123,2,0.01,-0.9296953784808332,0.7706651886759552,0.9734998146258262,0.9576690624225158,0.8835272073963083
50,2.0,123,3,0.01,-0.9296953784808332,0.7218826728256635,0.974814423050144,0.9793995285561448,0.8385682992998037
50,2.0,124,1,1.0,-0.9647518310024898,0.0054197882007081,0.0860993638716071,0.5422348025724156,0.7770450811121469
50,2.0,124,2,1.0,-0.9647518310024898,0.736373621064977,0.7587325745306217,0.891350856552086,0.9084970006933384
50,2.0,124,3,1.0,-0.9647518310024898,0.6553709195577662,0.6545280012684901,0.96136223569836,0.963176331230846
50,2.0,125,1,0.01,-0.9943953686469174,0.8769029045108702,0.9620365087256294,0.9969015692265842,0.9592428961960524
50,2.0,125,2,0.01,-0.9943953686469174,0.6346214546882624,0.9465290338295884,0.9910125300729492,0.792270867907219
50,2.0,125,3,0.01,-0.9943953686469174,0.7179397852930438,0.9778480009072088,0.8453523766635277,0.9480175350614118
50,2.0,126,1,0.01,-0.9579886016182908,0.7803265835452216,0.9586585650833236,0.9917470468629755,0.946125743794138
50,2.0,126,2,0.01,-0.9579886016182908,0.5055761154697361,0.883194488991278,0.9842490699887596,0.7066808220544517
50,2.0,126,3,0.01,-0.9579886016182908,0.921621555964346,0.977635503286976,0.9971300847755264,0.9527635554803654
50,2.0,127,1,0.01,-0.948008453743622,0.8363404808388815,0.9626649852116292,0.9188923975677769,0.9576678326028756
50,2.0,127,2,0.01,-0.948008453743622,0.873522916071584,0.96677961545056,0.9926968750555571,0.9686398389287136
50,2.0,127,3,0.01,-0.948008453743622,0.9538517433418596,0.9755416030188664,0.9933079569194772,0.995070394459908
50,2.0,128,1,0.01,-0.9765573612470098,0.4576291107291551,0.9554570648127554,0.8706124402932951,0.6291412642460085
50,2.0,128,2,0.01,-0.9765573612470098,0.8064120305428439,0.9535679410655232,0.9699847692439768,0.8552963210594471
50,2.0,128,3,0.01,-0.9765573612470098,0.9513952455193464,0.9571900418137038,0.9953311203211462,0.994687222865924
50,2.0,129,1,0.01,-0.9532081621320256,0.1305912401840876,0.9222704932521484,0.978730167011493,0.444003052663352
50,2.0,129,2,0.01,-0.9532081621320256,0.6264922179856351,0.968795583763118,0.9810651309056908,0.7766876930789972
50,2.0,129,3,0.01,-0.9532081621320256,0.9611953231688078,0.9768681517177096,0.9732339165512948,0.9872901733732132
50,2.0,130,1,0.01,-0.9988442699157696,0.7966902651360772,0.9596447778712714,0.9382370770656502,0.9642921330451112
50,2.0,130,2,0.01,-0.9988442699157696,0.8832621616189178,0.971296854376744,0.98906915296763,0.9613344210249828
50,2.0,130,3,0.01,-0.9988442699157696,0.7053338315726526,0.9707930727200026,0.9966557852970388,0.7608821164833731
50,2.0,131,1,0.01,-1.0030017136941456,0.9482787326370484,0.983292170531184,0.9980069257921804,0.986813076652786
50,2.0,131,2,0.01,-1.0030017136941456,0.749664176891325,0.9444287918282102,0.9849276196062966,0.9151103224292112
50,2.0,131,3,0.01,-1.0030017136941456,0.8575438614884142,0.936374006367394,0.9716096954494668,0.8881993951512767
50,2.0,132,1,0.01,-0.9676112610191352,0.0480855540070083,0.8796735985476714,0.9865523447876312,0.3322865872902861
50,2.0,132,2,0.01,-0.9676112610191352,0.7337833853113497,0.9377346379082814,0.9900857527114876,0.8381929765028391
50,2.0,132,3,0.01,-0.9676112610191352,0.6506271071882479,0.8302837072264523,0.9678064367700576,0.8207821013638333
50,2.0,133,1,0.01,-0.9328090034786166,0.8242517961481344,0.95021632703722,0.9930876089432622,0.9568470768359038
50,2.0,133,2,0.01,-0.9328090034786166,0.7023009474010131,0.8163249920819309,0.9688232884365626,0.7706926105644828
50,2.0,133,3,0.01,-0.9328090034786166,0.8102073368671016,0.9556870319644836,0.9980728500140617,0.9466867642504022
50,2.0,134,1,0.1,-0.9394007698701162,0.4072816938170409,0.8000256140465736,0.687812171921115,0.9709354894463826
50,2.0,134,2,0.1,-0.9394007698701162,0.4617248219522826,0.6167890291266958,0.9016848454738856,0.9833709339427894
50,2.0,134,3,0.1,-0.9394007698701162,0.6848218939888335,0.6941760184365875,0.9881739516480298,0.9905611933301948
50,2.0,135,1,0.01,-0.9836354586355393,0.857996481397091,0.99170588880094,0.996748891752815,0.9498731435733776
50,2.0,135,2,0.01,-0.9836354586355393,0.8432410314060041,0.9876195492941926,0.9890570431233778,0.8815946717164949
50,2.0,135,3,0.01,-0.9836354586355393,0.8753594505658374,0.9764061157127392,0.9931711637007572,0.9757786716258504
50,2.0,136,1,0.01,-0.926687457479433,0.600916006522459,0.8979963131116699,0.9923500640785916,0.936738940896099
50,2.0,136,2,0.01,-0.926687457479433,0.7470537621176535,0.958146259133014,0.9917671364575388,0.8169283440398207
50,2.0,136,3,0.01,-0.926687457479433,0.955402910977384,0.9649756118015208,0.9944354240553483,0.9912226492796412
50,2.0,137,1,0.01,-0.9677461254439156,0.0546954608763729,0.8527698673744843,0.982249781132066,0.1992291899239949
50,2.0,137,2,0.01,-0.9677461254439156,0.4913683898079783,0.9297790630753626,0.994633567358635,0.6479326854079762
50,2.0,137,3,0.01,-0.9677461254439156,0.8627859671692936,0.9667786209356836,0.9620934652827056,0.9783053598619796
50,2.0,138,1,0.001,-0.9503587512446908,0.938616261902623,0.9520091777886452,0.9751003890437766,0.937669331248234
50,2.0,138,2,0.001,-0.9503587512446908,0.6753007381784222,0.5824112648888449,0.996130730999492,0.976427673537264
50,2.0,138,3,0.001,-0.9503587512446908,0.7961073973968215,0.7240234074343158,0.9599050301653346,0.9577060398615358
50,2.0,139,1,0.1,-0.9506311239800244,0.6850718524667461,0.7903225831023639,0.8811904387767191,0.9515971911922728
50,2.0,139,2,0.1,-0.9506311239800244,0.7633787809258912,0.8193216999396511,0.8861097933370071,0.968738699858172
50,2.0,139,3,0.1,-0.9506311239800244,0.7120755601819272,0.7840690490724538,0.9739659839255936,0.9808820546877334
50,2.0,140,1,0.01,-0.9823629875569264,0.5965889005477346,0.936907878752198,0.972388543299504,0.8552061460363157
50,2.0,140,2,0.01,-0.9823629875569264,0.4915171563694755,0.9112918656331556,0.9867671261905008,0.5575301719414798
50,2.0,140,3,0.01,-0.9823629875569264,0.9668123029632604,0.978324148550242,0.9926658198157732,0.9910345255853024
50,2.0,141,1,0.01,-0.9579848849065214,0.9178184760105372,0.9763293211714048,0.9698902076275256,0.9944165828708046
50,2.0,141,2,0.01,-0.9579848849065214,0.8878934529139615,0.9431758526230314,0.9934268865529174,0.9952710966938344
50,2.0,141,3,0.01,-0.9579848849065214,0.6946495071075786,0.9641233599482256,0.9865290620778956,0.7034004471270848
50,2.0,142,1,0.001,-0.9929713821610844,0.4312037586539852,0.8473380212134054,0.8981222868934694,0.7748319611722005
50,2.0,142,2,0.001,-0.9929713821610844,0.574774160000784,0.70550638430553,0.9884432409121506,0.539411436240105
50,2.0,142,3,0.001,-0.9929713821610844,0.5999592458089809,0.7474597925297811,0.9954092278701344,0.6689540333249432
50,2.0,143,1,0.01,-0.939109596794608,0.8597632142079896,0.9443424927597994,0.9923854029378344,0.9725227364564614
50,2.0,143,2,0.01,-0.939109596794608,0.923097696897819,0.9748795241467846,0.9939961106234578,0.9812146886285348
50,2.0,143,3,0.01,-0.939109596794608,0.8276278110922591,0.7869457886881039,0.986098881051042,0.9718762362797924
50,2.0,144,1,0.01,-0.9610975512493636,0.7542129169888381,0.9307405065265906,0.9742028127384894,0.944057253424253
50,2.0,144,2,0.01,-0.9610975512493636,0.6940857774790921,0.8588026861513782,0.9775838888957422,0.9594476122299852
50,2.0,144,3,0.01,-0.9610975512493636,0.7040954902511442,0.9247570163968728,0.9968189858313838,0.8321190259544572
50,2.0,145,1,0.01,-0.9220669606134664,0.308187550758,0.5746657760812873,0.994589808672366,0.9517971114176824
50,2.0,145,2,0.01,-0.9220669606134664,0.6822663659650545,0.9640574880589206,0.9907493940830144,0.7904124980116648
50,2.0,145,3,0.01,-0.9220669606134664,0.9430109965810408,0.9609218215953352,0.9846551646189518,0.991301630982842
50,2.0,146,1,0.01,-0.9383693526319244,0.152206952298958,0.9603321121491918,0.9166558800089968,0.4394833006518499
50,2.0,146,2,0.01,-0.9383693526319244,0.8278008639453152,0.9594917517477184,0.974461908068666,0.9633691776420136
50,2.0,146,3,0.01,-0.9383693526319244,0.8792194227678428,0.9615313634422464,0.9932075870460864,0.9595971489637796
50,2.0,147,1,0.01,-0.9074827352929862,0.4645149379664811,0.8706948097467676,0.9723488769648292,0.9188828878618668
50,2.0,147,2,0.01,-0.9074827352929862,0.5190055883758643,0.956297809639154,0.979091221707665,0.5712320231162623
50,2.0,147,3,0.01,-0.9074827352929862,0.9423462100449416,0.9567988611598036,0.9935126940751384,0.9959947092481878
50,2.0,148,1,0.01,-0.9593125239325342,0.754497036497283,0.945003385193994,0.9581665529465102,0.9381532330303036
50,2.0,148,2,0.01,-0.9593125239325342,0.9218619500213252,0.9658044996138082,0.9888495612548798,0.97786755658452
50,2.0,148,3,0.01,-0.9593125239325342,0.955898671292194,0.9696137395846728,0.996116627212308,0.9970929545762642
50,2.0,149,1,0.01,-0.9442740364036168,0.0639226593272899,0.7388503220000612,0.9987761373173666,0.3156083036501427
50,2.0,149,2,0.01,-0.9442740364036168,0.6256716257378253,0.739619036873044,0.989100981667682,0.9915500979181152
50,2.0,149,3,0.01,-0.9442740364036168,0.7207974448564629,0.9458618607651408,0.6826953837161724,0.9554104608999706
50,2.0,150,1,0.01,-0.9529077656132376,0.7006529368266468,0.8842809069153772,0.9662252967053412,0.9838612868480864
50,2.0,150,2,0.01,-0.9529077656132376,0.482226149864854,0.9134856096167644,0.9960996927040232,0.635947198199505
50,2.0,150,3,0.01,-0.9529077656132376,0.9526453331372822,0.96532978260939,0.9839821489715742,0.9914614865376143
50,2.0,151,1,0.1,-0.9068276161784432,0.5829846953335783,0.7617777793189607,0.8124758010916968,0.9299483210298932
50,2.0,151,2,0.1,-0.9068276161784432,0.8117628479906376,0.8596712542268162,0.9291365771517424,0.9590136354660312
50,2.0,151,3,0.1,-0.9068276161784432,0.8829467765183755,0.9155797999122716,0.97098438832221,0.982601569044686
50,2.0,152,1,0.01,-1.0311095476022916,0.6618078057204787,0.9348270799120107,0.9908293161073748,0.9301768306873728
50,2.0,152,2,0.01,-1.0311095476022916,0.6840781725397493,0.9464508019361848,0.9927829195467872,0.8909252627814861
50,2.0,152,3,0.01,-1.0311095476022916,0.6763030258000905,0.977690210186493,0.96050593526338,0.7610310665154506
50,2.0,153,1,0.1,-0.8803127304575721,0.3398728333941417,0.4285516785914975,0.9694716743701276,0.9854280007499092
50,2.0,153,2,0.1,-0.8803127304575721,0.5860834952623069,0.8099282282606517,0.8031510274497333,0.9609996336512724
50,2.0,153,3,0.1,-0.8803127304575721,0.819302736239322,0.8874493756796014,0.9431920932077332,0.9819803613545972
50,2.0,154,1,0.01,-1.0129352375218992,0.0960586910050249,0.7490080355249139,0.9825614814171028,0.666944309472575
50,2.0,154,2,0.01,-1.0129352375218992,0.48241909272002,0.9775249775052032,0.9488442364162126,0.5891478869132887
50,2.0,154,3,0.01,-1.0129352375218992,0.7847162033358113,0.9761079076411452,0.9783283188745844,0.852152116085282
50,2.0,155,1,0.01,-0.92835071439023,0.8501342138651754,0.9706938264858992,0.9806423240391552,0.9242668598716776
50,2.0,155,2,0.01,-0.92835071439023,0.8440269378310121,0.9416922704103216,0.988714296586024,0.9623991175122452
50,2.0,155,3,0.01,-0.92835071439023,0.8904148053592946,0.953168713303454,0.997526394089132,0.98310683193271
50,2.0,156,1,0.01,-0.9174830939830124,0.3187354643363347,0.8810890702823904,0.9921954936533764,0.8486753472532267
50,2.0,156,2,0.01,-0.9174830939830124,0.6371881403442891,0.9621706546934644,0.993777669338592,0.766928573069801
50,2.0,156,3,0.01,-0.9174830939830124,0.7086457604968507,0.9604580137866168,0.8870766541322244,0.931344984933936
50,2.0,157,1,0.001,-0.9260587220228808,0.6065468629775727,0.8670924691854563,0.9861954228988482,0.7014139040527336
50,2.0,157,2,0.001,-0.9260587220228808,0.8661784656342691,0.8941940542156039,0.9938302747603558,0.885794269406844
50,2.0,157,3,0.001,-0.9260587220228808,0.883965158861932,0.6717936812511707,0.9887043184757128,0.6685275683983197
50,2.0,158,1,0.01,-0.9280215178629,0.164766852781604,0.8550082201002358,0.992212080289976,0.4449452234444431
50,2.0,158,2,0.01,-0.9280215178629,0.7912106661829261,0.9424416957363052,0.9875841591033744,0.9383059466646948
50,2.0,158,3,0.01,-0.9280215178629,0.7449593576002407,0.9585705765649188,0.9926591324990008,0.7980176139916102
50,2.0,159,1,0.01,-0.9272920171834184,0.8140191027117157,0.951677132519674,0.9957155449709983,0.9258376287224528
50,2.0,159,2,0.01,-0.9272920171834184,0.6309807634436716,0.9559552623555908,0.9942937155096202,0.7811425731869606
50,2.0,159,3,0.01,-0.9272920171834184,0.7820421182283007,0.9667464957300268,0.980887778180406,0.9022505334570118
50,2.0,160,1,0.01,-0.9760800512065342,0.7924569267395026,0.9702881618449312,0.9901411739983116,0.9387492924468605
50,2.0,160,2,0.01,-0.9760800512065342,0.6516358532181777,0.9762198353197756,0.9819248825336002,0.6992783777243989
50,2.0,160,3,0.01,-0.9760800512065342,0.8057422745925535,0.9613242919273738,0.9924173599366748,0.7911251192493051
50,2.0,161,1,0.001,-0.9388521029660628,0.8325652993416024,0.8765874983464937,0.99637737744243,0.8784427250636362
50,2.0,161,2,0.001,-0.9388521029660628,0.47464955777517,0.6601636227911497,0.9921197360962732,0.8221642455620812
50,2.0,161,3,0.001,-0.9388521029660628,0.8241063499188498,0.6729781790040854,0.996153363925082,0.8412577767631607
50,2.0,162,1,0.01,-0.8821190550894794,0.2298972070263217,0.953985941394494,0.9946501930113234,0.534545680460665
50,2.0,162,2,0.01,-0.8821190550894794,0.7554469692959447,0.9883133568338148,0.9895861463877558,0.8273245834173963
50,2.0,162,3,0.01,-0.8821190550894794,0.987857250608676,0.9902079545738188,0.996002849392157,0.9952180539961468
50,2.0,163,1,0.01,-0.9562326444566356,0.4023167627317338,0.7866810586906657,0.9954908009806872,0.9114795610061353
50,2.0,163,2,0.01,-0.9562326444566356,0.7053666974153099,0.9503548954117876,0.9960600522300403,0.9129176910215118
50,2.0,163,3,0.01,-0.9562326444566356,0.9677981223634394,0.9801253705702578,0.9953659618485317,0.9823149494082154
50,2.0,164,1,0.1,-0.9182274337583848,0.0664426015531321,0.0183977757214084,0.9307894523037156,0.9715559432966848
50,2.0,164,2,0.1,-0.9182274337583848,0.542792798837539,0.692841796118175,0.8367619878088738,0.9560973282889724
50,2.0,164,3,0.1,-0.9182274337583848,0.6506018434427802,0.8914433572858483,0.7099735976948326,0.962804081561427
50,2.0,165,1,0.01,-0.9860343822279968,0.5955335854534576,0.8551057233680414,0.9736635770367926,0.8477745153539055
50,2.0,165,2,0.01,-0.9860343822279968,0.526492853160671,0.8322863589003797,0.9901211717413996,0.7600339329692847
50,2.0,165,3,0.01,-0.9860343822279968,0.7295940189119188,0.8941191034114456,0.9960692820802552,0.9508215186673404
50,2.0,166,1,0.001,-0.913137572301976,0.7604625450398036,0.945933548430502,0.8410320063637237,0.4552733713950365
50,2.0,166,2,0.001,-0.913137572301976,0.8253737220560342,0.7980125965637113,0.9954037491479664,0.639664743400999
50,2.0,166,3,0.001,-0.913137572301976,0.7198614874974729,0.8707359027143795,0.9836769525432324,0.6834683188654359
50,2.0,167,1,1.0,-0.9568029590457288,0.4553365838249851,0.4698784393962027,0.832074945731814,0.930358929703197
50,2.0,167,2,1.0,-0.9568029590457288,0.4885318834949901,0.4970580345455074,0.8824391378422742,0.8883337471038366
50,2.0,167,3,1.0,-0.9568029590457288,0.728303788530364,0.7344077338840721,0.9090098604128238,0.920764651200555
50,2.0,168,1,0.01,-0.9776996184979064,0.9517971733537688,0.9841264406284796,0.9974427698290472,0.9868114302215526
50,2.0,168,2,0.01,-0.9776996184979064,0.5077690169327527,0.9715628482493176,0.9922324442851465,0.515418966763842
50,2.0,168,3,0.01,-0.9776996184979064,0.9156726414655768,0.9625914081478129,0.9783759782573692,0.9514297915942216
50,2.0,169,1,0.1,-0.9161116460416356,0.1382139537921881,0.6347436373591953,0.4537017350329501,0.9820522087621394
50,2.0,169,2,0.1,-0.9161116460416356,0.4918308215756796,0.5172038219296454,0.9679007159821322,0.990597611972809
50,2.0,169,3,0.1,-0.9161116460416356,0.8327180782421096,0.9096681104668384,0.9085296826455224,0.9701241345595614
50,2.0,170,1,0.01,-0.929793786987147,5.0305642867413336e-05,0.9112784613673014,0.9959414404459128,0.0074173832758855
50,2.0,170,2,0.01,-0.929793786987147,0.7510989634650311,0.9558302398097286,0.9936719720860508,0.929606879376521
50,2.0,170,3,0.01,-0.929793786987147,0.9564286729470582,0.974402461432823,0.9889086482852276,0.9936330693150528
50,2.0,171,1,0.01,-0.9167105051750966,0.1030761252062677,0.8300750773846398,0.9235661611634302,0.7189272494686362
50,2.0,171,2,0.01,-0.9167105051750966,0.8333874899056023,0.9740151859403524,0.9958701973490912,0.9520634605752956
50,2.0,171,3,0.01,-0.9167105051750966,0.7899323353458532,0.9798574493252028,0.9851169905568312,0.8823407594696091
50,2.0,172,1,0.01,-0.9901268648790192,0.8867731745608451,0.9499868994151668,0.9877227150014072,0.973598353668693
50,2.0,172,2,0.01,-0.9901268648790192,0.9027852639662464,0.9697752873247268,0.9913271294965696,0.984286747170707
50,2.0,172,3,0.01,-0.9901268648790192,0.9298616100135716,0.9300382788651708,0.9946431620686758,0.9902090199110062
50,2.0,173,1,0.01,-0.9481829572386964,0.9030020404380312,0.9533840344159028,0.9954247512721388,0.9890050660017846
50,2.0,173,2,0.01,-0.9481829572386964,0.8851127177764097,0.9518298445362812,0.9952595519379276,0.9947741056347152
50,2.0,173,3,0.01,-0.9481829572386964,0.7248393427356253,0.8985291701727792,0.99846500180205,0.9421445174793596
50,2.0,174,1,0.01,-0.9263254007979808,0.7427405053995657,0.9551859887343526,0.9895586903705836,0.9554669327092468
50,2.0,174,2,0.01,-0.9263254007979808,0.5110766325025194,0.9636732264455444,0.9820444145613332,0.561751191428819
50,2.0,174,3,0.01,-0.9263254007979808,0.965967249470014,0.9642973958581428,0.995978129063683,0.9912429668996516
50,2.0,175,1,0.1,-0.897201129055488,0.5586668881019143,0.6754877018023121,0.9420297839409136,0.9785372991308632
50,2.0,175,2,0.1,-0.897201129055488,0.5921449960947353,0.8277400409664784,0.7900090604949916,0.9737518938030892
50,2.0,175,3,0.1,-0.897201129055488,0.8370425083308312,0.8695348696163361,0.9738518363731729,0.9851239407960608
50,2.0,176,1,0.1,-0.9314399783124752,0.4517200248960793,0.6438945346942282,0.9294229651452636,0.9675559371816
50,2.0,176,2,0.1,-0.9314399783124752,0.7014504621701791,0.8094459173399486,0.9584224503265404,0.9905006311027128
50,2.0,176,3,0.1,-0.9314399783124752,0.7560746603424691,0.8006723326036892,0.972121910781209,0.9869939659564344
50,2.0,177,1,0.01,-0.9372544048809972,0.2364098437469953,0.9771755413935028,0.9958003631938922,0.320888005977438
50,2.0,177,2,0.01,-0.9372544048809972,0.8554417324674153,0.9887357334898071,0.9830205089609272,0.8963244718671216
50,2.0,177,3,0.01,-0.9372544048809972,0.9457312112626702,0.9801555831751796,0.9935842900314956,0.9950209693647172
50,2.0,178,1,0.01,-0.912606766561466,0.8432958589710956,0.9436198996282206,0.9976168615875388,0.9666555942010576
50,2.0,178,2,0.01,-0.912606766561466,0.478370313814599,0.9531899754892283,0.9920101079903388,0.5368433926408956
50,2.0,178,3,0.01,-0.912606766561466,0.8645263796038508,0.9597988393060084,0.8718410718123785,0.9896230805429428
50,2.0,179,1,0.01,-0.9461404454195445,0.3210189568264586,0.9581457383021832,0.9932534345330064,0.5584491250698361
50,2.0,179,2,0.01,-0.9461404454195445,0.8573742518100279,0.9634735204500068,0.9903262525447892,0.9644837458800704
50,2.0,179,3,0.01,-0.9461404454195445,0.7404595826179676,0.9665534759636062,0.9956200708065877,0.9111491205432154
50,2.0,180,1,0.01,-0.9605098853842456,0.9756001248518048,0.9826841371820194,0.9860409349460744,0.987454373339184
50,2.0,180,2,0.01,-0.9605098853842456,0.64695982524344,0.9810402519475058,0.9980343956954258,0.8205098634184091
50,2.0,180,3,0.01,-0.9605098853842456,0.9702019310334776,0.9765153902692004,0.9938032546609058,0.9355292113349376
50,2.0,181,1,0.01,-0.928345753270245,0.8134472870124098,0.9112391867552307,0.9957935551450444,0.9887576136755736
50,2.0,181,2,0.01,-0.928345753270245,0.4812515293488413,0.9615714481381584,0.9967563050213636,0.4988967968035742
50,2.0,181,3,0.01,-0.928345753270245,0.8730071062387643,0.972291473230448,0.966037246279967,0.9390903389885134
50,2.0,182,1,0.01,-0.9562011444756016,0.3682247513388632,0.9302279458814144,0.9108030874654358,0.0789335024815315
50,2.0,182,2,0.01,-0.9562011444756016,0.7766954272553139,0.9250634111863988,0.9915950844696596,0.975177316157237
50,2.0,182,3,0.01,-0.9562011444756016,0.8991453664251265,0.961793504392412,0.9716411733716388,0.9841711822592568
50,2.0,183,1,0.01,-0.9207486261385224,0.2604645843223028,0.9697110014987488,0.9604655484582204,0.5447863114270307
50,2.0,183,2,0.01,-0.9207486261385224,0.5154230968931145,0.9009435430108216,0.984763632618536,0.5061536595140249
50,2.0,183,3,0.01,-0.9207486261385224,0.9559287833549488,0.9798922588370592,0.997559568624804,0.9862971891701036
50,2.0,184,1,0.001,-0.9345940250766748,0.6246430227822205,0.9104939816922047,0.876526250398046,0.766877095328042
50,2.0,184,2,0.001,-0.9345940250766748,0.7431740773409372,0.5466936530454504,0.9929664931063684,0.9339950676184576
50,2.0,184,3,0.001,-0.9345940250766748,0.7607758914215759,0.5594342098409325,0.9943755008197246,0.9750716003756982
50,2.0,185,1,0.01,-0.9047292436391664,0.0016275752122455,0.9688274475802297,0.9935198045836624,0.0064322271181477
50,2.0,185,2,0.01,-0.9047292436391664,0.6395492296452193,0.9273650422332314,0.9373558470305934,0.7850296256756175
50,2.0,185,3,0.01,-0.9047292436391664,0.9325582484859276,0.979113689982102,0.989136529359082,0.937714943466738
50,2.0,186,1,0.01,-0.968449282896238,0.8719145915294375,0.9648419795525548,0.9656684650618113,0.9908500704900032
50,2.0,186,2,0.01,-0.968449282896238,0.5209079402500613,0.6020699916011467,0.9919818758489805,0.8714794867214324
50,2.0,186,3,0.01,-0.968449282896238,0.7778873407075874,0.9795195690731986,0.9941026544183272,0.8148874911021758
50,2.0,187,1,0.001,-0.926099927748059,0.8703191292450198,0.9109472216108064,0.9873012775090468,0.9001419593637462
50,2.0,187,2,0.001,-0.926099927748059,0.8400678909815784,0.47304143332782,0.9959352934527048,0.546536474897349
50,2.0,187,3,0.001,-0.926099927748059,0.8853716574340896,0.7184084812458092,0.9897500070930236,0.9597494220661184
50,2.0,188,1,0.1,-0.942242335327159,0.3270764232482532,0.3974459092093531,0.925568384922625,0.9559808607643682
50,2.0,188,2,0.1,-0.942242335327159,0.5630560203729928,0.6446915538979455,0.9335807415314632,0.9743059928705208
50,2.0,188,3,0.1,-0.942242335327159,0.660416425056431,0.934346418804196,0.6657553337348309,0.9641112099098684
50,2.0,189,1,0.01,-0.9311934590378214,0.9719563876194516,0.9875937599367408,0.9976582137776734,0.9756086538693532
50,2.0,189,2,0.01,-0.9311934590378214,0.7190400274921043,0.9790977892995716,0.9946908139951928,0.8957315156686079
50,2.0,189,3,0.01,-0.9311934590378214,0.6939382489363851,0.9828931082005578,0.9964576699025942,0.7132307099385992
50,2.0,190,1,0.01,-0.9227817948548732,0.5574386675004612,0.9131377881914994,0.9976314252816209,0.8744015827006496
50,2.0,190,2,0.01,-0.9227817948548732,0.6098488297791373,0.9699872485873322,0.947129214301348,0.7629595839241343
50,2.0,190,3,0.01,-0.9227817948548732,0.8702165754932385,0.9554781284767956,0.9975941190500408,0.9536339817738037
50,2.0,191,1,0.1,-0.9284392393861208,0.002170272528437,0.0026779879549732,0.9818729653258756,0.9858889416919135
50,2.0,191,2,0.1,-0.9284392393861208,0.4175754945369666,0.7093097346013394,0.7471418962727367,0.9940480053219668
50,2.0,191,3,0.1,-0.9284392393861208,0.6721846728864019,0.6923684980176463,0.9833471227832656,0.9901012672588032
50,2.0,192,1,0.01,-0.92526967995988,0.5717595648241226,0.9477273495432122,0.9495419078732876,0.7886803650416454
50,2.0,192,2,0.01,-0.92526967995988,0.8415678236000523,0.9339658827966436,0.9948033429487124,0.9857138007421198
50,2.0,192,3,0.01,-0.92526967995988,0.6730597355333375,0.968577958539918,0.9965176348307272,0.7093450009540013
50,2.0,193,1,0.01,-0.8832701252079641,0.1470366393998359,0.2939923618063743,0.9864840213874968,0.9591539532194112
50,2.0,193,2,0.01,-0.8832701252079641,0.6573609521221455,0.9114901271074908,0.9955947735776822,0.927771401868536
50,2.0,193,3,0.01,-0.8832701252079641,0.9619958384739272,0.9646174386554592,0.9937942318056532,0.9900181612462168
50,2.0,194,1,0.01,-0.9436603876459104,0.2255196879464598,0.9583106845477894,0.9684120477470444,0.0672392734168965
50,2.0,194,2,0.01,-0.9436603876459104,0.7083592923093543,0.963745077522026,0.9852219872021964,0.7828458516906658
50,2.0,194,3,0.01,-0.9436603876459104,0.9335163507596254,0.9769949921349224,0.9944122351174322,0.9877450041139836
50,2.0,195,1,0.01,-0.9487184589910866,0.8434905976428942,0.888390604558166,0.9956118594853844,0.9929152559784388
50,2.0,195,2,0.01,-0.9487184589910866,0.8791121725682122,0.9628684490319382,0.9953502212778356,0.975048155677058
50,2.0,195,3,0.01,-0.9487184589910866,0.8567466285312554,0.9731228163794052,0.978866065780887,0.9293588724934252
50,2.0,196,1,0.01,-0.9396228722439004,0.6911522406730218,0.9146959919593524,0.969382220177042,0.940121064260386
50,2.0,196,2,0.01,-0.9396228722439004,0.6371011831801263,0.943156741068866,0.980142992147011,0.7331350240724749
50,2.0,196,3,0.01,-0.9396228722439004,0.7097494111854344,0.8928609989039265,0.9894347569487042,0.9427462354740505
50,2.0,197,1,1.0,-0.956501921960362,0.6064556533509622,0.6225562835523767,0.8804221520689923,0.9018625871891236
50,2.0,197,2,1.0,-0.956501921960362,0.6158386664075272,0.6488402332785704,0.8399977844567654,0.8688971276579038
50,2.0,197,3,1.0,-0.956501921960362,0.6499942933988633,0.6498975125796315,0.9610520088588292,0.9652528827050236
50,2.0,198,1,0.01,-0.92961695164049,0.3422989354165027,0.9593191643627694,0.9614986552073436,0.6806003512065144
50,2.0,198,2,0.01,-0.92961695164049,0.9036862346982596,0.9757771346694252,0.9936930734548236,0.896809580722888
50,2.0,198,3,0.01,-0.92961695164049,0.7989640562257074,0.9700345092123922,0.9686639605119765,0.9529099073014762
50,2.0,199,1,0.001,-0.952814111960286,0.0127382281647667,0.9413793951333732,0.9855767873310076,0.0258509720268695
50,2.0,199,2,0.001,-0.952814111960286,0.4244668755710004,0.8040816848170338,0.9775828789327056,0.5104797531151716
50,2.0,199,3,0.001,-0.952814111960286,0.8245002358680553,0.6625179312494404,0.9928514112002246,0.850125560196052
