standardization,length,beta,mean_rmse,participant_1_rmse,participant_2_rmse,participant_3_rmse,participant_4_rmse,participant_5_rmse,participant_6_rmse,participant_7_rmse,participant_8_rmse,participant_9_rmse,participant_10_rmse,participant_11_rmse,participant_12_rmse,participant_13_rmse,participant_14_rmse,participant_15_rmse,participant_16_rmse,participant_17_rmse,participant_18_rmse,participant_19_rmse,participant_20_rmse,rank_within_scheme
participant_full,0.28183829312644537,0.005023772863019165,0.8178077392500717,1.0061198346605231,0.946686881153991,0.7601341072279055,0.7939220152289395,0.71212533148505,0.6234206526416769,0.99085545197958,1.0847669915938711,0.7055936563710786,0.7895795546450116,0.6473240728998158,0.8878659648503604,0.8046516779815122,0.6770348263701638,0.5417661261213688,0.9350640674638724,0.9814102561032346,0.8856658686510912,0.8359801118089658,0.7461873357634204,1
participant_full,0.251188643150958,0.007962143411069949,0.8208017530277424,0.9865114030212837,0.9211859353008064,0.7708438593381068,0.8321415884991847,0.7053890062237592,0.6517987771540396,0.9914163576717027,1.0059670859496008,0.6834117359712419,0.8173165527484627,0.6897339305708629,0.8665747941935994,0.7803467632699712,0.6993540369687546,0.5775275904727255,0.9611890557627276,0.9609573532316465,0.8769182065450121,0.8755871600428327,0.7618638676185248,2
participant_full,0.31622776601683794,0.005023772863019165,0.8211341842813115,1.0632102256042546,0.9508538366104048,0.743955742801306,0.6825631067133481,0.7058965658872427,0.6210107133224849,0.9329712631665918,1.1655317952494484,0.7142780044604343,0.7977768667896202,0.6320581129964606,0.9028527488625295,0.8085453404588163,0.6704101372272901,0.5342306115410982,0.9951911931603513,1.01356408134403,0.873547822430849,0.8528944538405467,0.7613410631591198,3
participant_full,0.28183829312644537,0.007962143411069949,0.8215642044149785,1.0141300752133031,0.9288637660000146,0.7571832040810637,0.7448309244532424,0.6976922982900325,0.6440501895707109,0.96684310045299,1.0778596391412334,0.6986616345345784,0.8255029332391934,0.6723224369323257,0.8816043784551504,0.7832346445756402,0.6855472291274503,0.5624898192343573,0.9987377812507383,0.9798568548204616,0.8693682011576149,0.8787483162896557,0.7637566614798145,4
participant_full,0.31622776601683794,0.0031697863849222286,0.8216560006515212,1.0475692511013925,0.9708762931477951,0.7505864962147208,0.71993985293251,0.7315015085463017,0.6089912406172868,0.9539709934212312,1.208784875841425,0.735674909953825,0.7750582257305416,0.6006426280355462,0.9210126553941393,0.8346606549658582,0.6685164450737127,0.5206384659414582,0.9152655246918201,1.0156001186736079,0.8994547701204609,0.8128614670111975,0.741513635615594,5
participant_full,0.251188643150958,0.005023772863019165,0.8249793229756793,1.0002307236213053,0.9412500814762044,0.784935633349223,0.9055135524036173,0.7711991106378324,0.6234438443226452,1.0189603279698152,0.99511703492043,0.6754506318265483,0.7840927794317368,0.6822214812366226,0.8640305142282252,0.8142774990339527,0.6938600672209401,0.5640525072086332,0.9227888970195304,0.9675364318463195,0.8905116155115508,0.8472911685527016,0.7528225576957525,6
participant_full,0.28183829312644537,0.0031697863849222286,0.8266440160040727,1.012726589732035,0.968565391980875,0.7810137347813064,0.8662257926967204,0.7790305748110397,0.5972726446351085,1.0295142105742499,1.1000130320855592,0.7042848427689472,0.7802025715266302,0.6351410290736769,0.8874821177451224,0.8435307721685688,0.6798549299036117,0.5340746279957872,0.8909989463447999,0.9888020586832992,0.9091760663933265,0.8071899763087067,0.7377804098720822,7
participant_full,0.223872113856834,0.007962143411069949,0.8275651728005309,0.9896092680142063,0.9154111301012934,0.7911634985112506,0.8929804353249094,0.7470267715347126,0.6666123323511178,0.9895342526105544,0.9402183456656349,0.6656449390875269,0.8121847356528236,0.7134184427564076,0.8518502620306322,0.7822503160066492,0.7226698806672512,0.6093619365785092,0.9554655508383068,0.9580463330886687,0.8783194527079831,0.8934823578697435,0.776053214612436,8
participant_full,0.251188643150958,0.012619146889603867,0.8280305436062465,0.9881883821845483,0.9058781059018838,0.7762922865803918,0.7811400901399784,0.7017968329970974,0.6769049579817992,0.9746762873979865,1.0238988698464895,0.6861283463980488,0.8563834718458405,0.7085565855828634,0.8651925897339658,0.7676391205818751,0.7137344688537117,0.6007383186638241,1.0135447929516512,0.9627624128759324,0.8693949079607476,0.9094798982035671,0.7782801454427248,9
participant_full,0.35481338923357547,0.0031697863849222286,0.8281777945935218,1.1401445215569024,0.967723428281495,0.7336186389232127,0.6087535528075297,0.7257410651051732,0.6017669225770895,0.8727505951841585,1.2759647440000694,0.7238288095331683,0.7792417405927023,0.6002220141623915,0.9254869968358299,0.8406915929433886,0.6681417933094208,0.5201731488780007,1.0143249580579257,1.061810251993049,0.8813918665565126,0.8483796192704492,0.7733996313019684,10
participant_full,0.223872113856834,0.012619146889603867,0.8298589338582415,0.9761834204724039,0.8981272408837819,0.791027981973499,0.8327688788546025,0.7114798336773092,0.6938152396658088,0.9773890191354371,0.9686054131468269,0.6755672094665434,0.8515637266229594,0.7222716714055808,0.853076172855971,0.7649637855929667,0.7342935005002842,0.6275289982463215,0.9904079325141039,0.9545836956275172,0.8741541485579063,0.9131798573276699,0.7861909506373346,11
participant_full,0.31622776601683794,0.007962143411069949,0.830258396171718,1.0762635796755977,0.9362264423262652,0.7450166914499068,0.6626036430719846,0.6981665522755928,0.629989467978827,0.9385076202203646,1.1361988651914652,0.6905314741726246,0.8414615153022925,0.6726058983309666,0.8831414521279083,0.7910540298241348,0.6796780201744907,0.5624025550939699,1.0875450566045872,1.0212704593346822,0.8583511989404211,0.9085322025840833,0.7856211987541968,12
participant_full,0.28183829312644537,0.012619146889603867,0.8330146198536769,1.026013674795101,0.9153355428451393,0.7648122453756517,0.7163126241301091,0.7010128624575005,0.6616252292568146,0.9640777900236482,1.0805032607715777,0.6884979578354923,0.8666364980062398,0.7042370496681853,0.8721326379162692,0.7741235299940941,0.7013027935922858,0.5912427510179478,1.0720323709792585,0.9887754367188274,0.861587830494061,0.9252312210488055,0.7847990901465307,13
participant_full,0.35481338923357547,0.005023772863019165,0.8334022792866527,1.1446439711159104,0.9545541412072127,0.7302340048580633,0.5987415446107356,0.7063112426258337,0.6004143531429451,0.897576962470622,1.2050886085266779,0.6847016390723604,0.8214799806783363,0.6429188043753967,0.8909037730284842,0.8135131730957514,0.6698546337404816,0.5406118451212676,1.1290369784523864,1.074730514859135,0.8577795080288364,0.9019477751028646,0.8030021316197526,14
participant_full,0.31622776601683794,0.0020000000000000005,0.8354762559900257,1.0414474207481266,0.9950946471323696,0.7698392747941323,0.7790398452354104,0.7742861924817973,0.5900472403759561,1.0025684333967764,1.2567995728867527,0.7484971678102716,0.7954163676951673,0.5873830243272282,0.9316650857254791,0.8740329461589473,0.6796302158475821,0.5264379971210822,0.8605694786801983,1.0209078716340347,0.9323602462803169,0.8105364841924196,0.732965607276465,15
participant_full,0.223872113856834,0.005023772863019165,0.8370826225892005,1.0187943609308654,0.9390665299355939,0.8179324362659421,0.9682332242461257,0.8394823526590045,0.6392093225347039,1.002068837994697,0.919737248665627,0.656017087149589,0.7798681242501464,0.7171785573159951,0.8506156392569648,0.8232902932258463,0.7197707879343883,0.6038576141310499,0.9349713555380973,0.9690435066360173,0.8851970614500677,0.881689023275024,0.7756290883882608,16
participant_full,0.35481338923357547,0.0020000000000000005,0.8373368636747349,1.126731633189155,0.9887364733537929,0.7412239368591812,0.6330766855314195,0.7625661814070098,0.6020329047846282,0.888947505523868,1.364160829575914,0.7638262974889312,0.7755906096464753,0.5848662642189018,0.9634646369320278,0.8733911548192406,0.6727859422337407,0.5236958103771296,0.9137599870259077,1.0585738455920004,0.9180481414609462,0.8417258466714967,0.7495325868029284,17
participant_full,0.19952623149688797,0.012619146889603867,0.837389451652116,0.9784217519502845,0.8935362412768517,0.8130679063885884,0.852576132736688,0.7375835218783008,0.7192327599987898,0.9728475342066298,0.9245136139952791,0.6728933878396235,0.8508605591354022,0.7384515423210074,0.8432277423242261,0.7632846497057211,0.7623586345388835,0.6677859068073169,0.9886126977922443,0.9580565622311722,0.8745580678679146,0.9311706100312713,0.8047492100161246,18
participant_full,0.19952623149688797,0.007962143411069949,0.8377370250166927,0.9997115159147312,0.9129945896976934,0.8181769675895121,0.9020227955451274,0.7854585337654416,0.6964494933340959,0.9758971958762348,0.8910153775699496,0.6653317696020594,0.8116349484325323,0.7339702482876724,0.8452596488504875,0.776068280505182,0.7534548869553481,0.6551600464499046,0.9652746521884292,0.9662868860483469,0.8730397387150269,0.9267260467923796,0.8008068782136958,19
participant_full,0.223872113856834,0.020000000000000004,0.840760380342552,0.9754210338087516,0.8859235699612185,0.8063830192931739,0.7927958604767816,0.7195179655844631,0.7198506300991105,0.9742293518245774,0.9966316878732033,0.6844249438922225,0.8880726288855634,0.7404691113338675,0.852627774981334,0.7661962730494338,0.7527922880492002,0.6561591407669087,1.03220035162849,0.959977863863022,0.8734451688918525,0.9357604376899437,0.8023285048979215,20
participant_full,0.251188643150958,0.020000000000000004,0.8415946600011821,0.9961285478121615,0.8945857306772476,0.7920724605747033,0.7523554687653785,0.7150563076412784,0.700055200258411,0.9752068787909302,1.0429560528068988,0.6870001112066481,0.8932978625204921,0.7343718017272913,0.8608826124083644,0.7680567182082777,0.7345074130705188,0.6319084184090908,1.0703829263903324,0.9746577111904993,0.8675022446253026,0.9431803470951612,0.7977283858446527,21
participant_full,0.251188643150958,0.0031697863849222286,0.8427819924840151,1.0302896650886297,0.9666375769458849,0.8304660931435368,0.9993627421126353,0.892978440045456,0.5921063731896952,1.0447318490286492,0.995423811082242,0.6620296312704542,0.7813460592709351,0.6910195152796837,0.8574283893328938,0.8671432297575186,0.7001212273966942,0.5646465777544627,0.905260752749834,0.978785631877441,0.9083489720893849,0.8316024975927988,0.7559108146714701,22
participant_full,0.3981071705534973,0.0031697863849222286,0.8431757918179864,1.2137418287139514,0.9711214236273511,0.7219020066822084,0.539328041423611,0.7246558324827749,0.5667207978899569,0.8539745629059649,1.2683271673605834,0.6646873554383189,0.8135613751211901,0.6217420994012783,0.8907646655502595,0.8386768505199852,0.6698542975149426,0.5294024059196756,1.2102749031646973,1.153529511322408,0.8579363171577283,0.912849778801372,0.8404646153614713,23
participant_full,0.3981071705534973,0.0020000000000000005,0.8444660162681552,1.2316542800773376,0.9780264242852812,0.7284971016300209,0.5453197530030229,0.7554276748691876,0.5778195177819889,0.8046969181208562,1.3821708373875874,0.719133940879525,0.7779722820716487,0.5943278575831468,0.9406205365534012,0.878071418053396,0.6764359860996021,0.5256809406873937,1.0745269636797468,1.125778672829269,0.8911728596814044,0.879586917599833,0.8023994424894557,24
participant_full,0.31622776601683794,0.012619146889603867,0.8451078419174918,1.0780015968505776,0.9273034545471521,0.751582750397246,0.6568945216547981,0.7037859472000434,0.6399062722571632,0.9654054891272242,1.128540001331342,0.6706849138432499,0.8871565141160739,0.7136870404402046,0.8655822052499748,0.7784183285562734,0.6936854961059277,0.5972482382560456,1.178530797903429,1.0418685933387186,0.8515491155223088,0.963925147516056,0.8084004141360275,25
participant_full,0.19952623149688797,0.020000000000000004,0.8455849301088684,0.9691201081049513,0.8802804893665123,0.8255538861207669,0.8152525108469224,0.7330553277445804,0.74345101022373,0.9728745206014014,0.9572809810292824,0.6841804042962242,0.887350504223227,0.7523109306887322,0.8428706708388866,0.7676714743303711,0.7777138322300992,0.6920885845419601,1.0179014424377442,0.9579691735121711,0.876877787594006,0.9416493045872251,0.8162456588585725,26
participant_full,0.35481338923357547,0.007962143411069949,0.847006171454957,1.1350440012725007,0.9492605482675316,0.7307728201507075,0.5997163633503242,0.7039747880272469,0.6020724196086762,0.9442121236566517,1.170221347525008,0.6528611854609706,0.8741442439570422,0.6902074882432103,0.8638192023719314,0.7904548457369496,0.6757022125483436,0.5760029357548001,1.2398431979497748,1.0999690169548135,0.844643007082962,0.9662112218072464,0.8309904593724508,27
participant_full,0.1778279410038923,0.012619146889603867,0.8484445062958456,0.9814403680174738,0.8919734365885391,0.8409564927994841,0.8401292398123029,0.7686087837518418,0.7532860400570244,0.9728183047441383,0.8974669796317801,0.6848720452785905,0.8549558688687243,0.7550884824847319,0.8384207146251562,0.7602196706295101,0.7940983156911371,0.713719300763156,0.9964683530056908,0.967598720441057,0.8712668720937383,0.956463483179185,0.8290386534536486,28
participant_full,0.19952623149688797,0.005023772863019165,0.848649655288775,1.033260940222497,0.9401258808616866,0.8496262227227671,0.9541939771803509,0.8641214910025873,0.6773276383583859,0.9778965647808551,0.8644163627042214,0.6659071738623232,0.781940790417756,0.7420102242323111,0.8526095477126141,0.8113115676267135,0.752787606459116,0.6574597219411586,0.953611575210022,0.9821488836904916,0.8719769350156513,0.9333149454543299,0.8069450563196634,29
participant_full,0.28183829312644537,0.020000000000000004,0.8487743214853841,1.0320397825569534,0.9058912772777431,0.7786930758240048,0.7057708382415375,0.7148054424493516,0.6794568821616929,0.9804994600575163,1.0901400634186622,0.6807402651003807,0.9052806960445714,0.7377751295974664,0.8619863586451049,0.7714373590244861,0.7221510666728342,0.6245932131779879,1.1429429998579892,1.0090613526272116,0.8596337343389304,0.9675158293464037,0.8050716032868557,30
participant_full,0.1778279410038923,0.007962143411069949,0.8490797328442072,1.0028706915197882,0.9129876267460894,0.8467099610312546,0.8673801745321195,0.8058234770541439,0.7380706011154298,0.9737372078312193,0.8644294089004229,0.6830732567072207,0.8183904159423594,0.752248179587812,0.846764959799929,0.7579111120122761,0.7867193845613423,0.706359340744472,0.9787801201380859,0.9800453992399358,0.8644615107997398,0.9651842509493329,0.8296475776711706,31
participant_full,0.28183829312644537,0.0020000000000000005,0.8508715708940615,1.0344268388717914,0.9940254938512263,0.8340914626096307,0.9638386247719002,0.9130050409220601,0.564262479614126,1.0724599248239426,1.1201315928518172,0.6917970776702626,0.8117159356471007,0.6414240184837702,0.8771014966890481,0.8982646894601551,0.6982822366469064,0.5443282618597902,0.8723088181327118,0.9966532797241637,0.9393739235262484,0.8061106735855115,0.7438295481390643,32
participant_full,0.1778279410038923,0.020000000000000004,0.8547279581332461,0.9686890925714915,0.8778414620590276,0.8502237863169467,0.8168553009051827,0.7573628540516316,0.7721791746056359,0.9745236180910618,0.9298691875202613,0.6940188325177061,0.8903540529392476,0.7669838768576138,0.8352183188003346,0.7714768809506898,0.8068265836302005,0.7330631338792799,1.0169975093033015,0.9629776372948585,0.8773360868215173,0.9557485821314776,0.8360131914174523,33
participant_full,0.3981071705534973,0.005023772863019165,0.8558282421602466,1.1864726074993128,0.9736676555648416,0.7177813055060994,0.5425175054187037,0.7304395369826042,0.5616964934234774,0.9261370184516202,1.2065779549021225,0.6224166857653085,0.8705063391873219,0.6685880879207023,0.856779346617859,0.8037825276414152,0.6673571899498415,0.559156788421109,1.337805784583055,1.1899572323479266,0.8384223367164584,0.9792758689320248,0.8772265773731253,34
participant_full,0.1778279410038923,0.005023772863019165,0.8589362942738757,1.032989908322758,0.9427233856404438,0.8731063011026681,0.8899013149327157,0.8581934719012507,0.7282554177117213,0.9773626042058773,0.8375144517754395,0.6919609104915186,0.7936507818866014,0.7620520119847347,0.8644228053833911,0.7732342118370685,0.7863455053379418,0.7151995069246693,0.9678591210117838,1.0008845387878118,0.8576932888648361,0.986028685933567,0.8393476614407142,35
participant_full,0.223872113856834,0.0031697863849222286,0.8592377728258793,1.0615612620111026,0.970022378858425,0.8808339785262123,1.0500675459453348,0.9547744977858299,0.614036795029656,1.0054784800620058,0.9135475152853297,0.6533073465146515,0.781200549415216,0.7382703896785989,0.8526851292880886,0.8804177698074763,0.7283196288764915,0.6157643227052909,0.9348297542532997,0.9850623481311725,0.8926866379021744,0.8835552058972729,0.7883339205439555,36
participant_full,0.44668359215096315,0.0020000000000000005,0.8610976056267876,1.2563431348469547,0.9918307310442508,0.7252676457696986,0.5021818537438814,0.762826850910695,0.5253895873592178,0.8273269276998952,1.3038785446250218,0.6274033470837158,0.8224103224927785,0.6115134709562875,0.8838353166890462,0.8689346717454416,0.6767491609481017,0.5277050891449245,1.3418867482627366,1.2679866778870523,0.8556251219878819,0.9397719970513828,0.9030849122867902,37
participant_full,0.15848931924611134,0.012619146889603867,0.8615317013619824,0.9816611181636059,0.8925707577016644,0.8696142816538757,0.8152618586752884,0.7991031656776073,0.7896536335789051,0.9796146277839158,0.8893339034448093,0.7066163320336629,0.864756642832148,0.7739121744438349,0.8380064389811782,0.7608919893515586,0.8245746064959475,0.7594967135488323,1.0077722096003827,0.9782654549144716,0.8665778509776727,0.9784378674115922,0.8545123999686929,38
participant_full,0.31622776601683794,0.020000000000000004,0.862167064430668,1.0683237843065279,0.9225911167764439,0.7634677809554928,0.6635255218227113,0.7161562053747559,0.6544998270704265,1.003144784363322,1.1351575826938414,0.6600140351834349,0.9269809849390424,0.7504927659849769,0.8518669548506439,0.7705503514429959,0.7125445523892511,0.6329366983222317,1.2553440155172404,1.0718325093604164,0.8487307058387984,1.0089395155295964,0.8262415958912106,39
participant_full,0.15848931924611134,0.007962143411069949,0.8622182627177392,1.001207433019775,0.9147166898547254,0.8724083070174384,0.8237706250521336,0.8266147535797342,0.7799632092299629,0.9815518196185415,0.8638471501166652,0.7076775653685875,0.8341440221847854,0.7729266720029988,0.8524448840676933,0.7453249042006231,0.8170215082426375,0.7567686782338748,0.994314123918136,0.9935193967864677,0.8562218275588587,0.9922274733939019,0.8576942109072405,40
participant_full,0.35481338923357547,0.0012619146889603862,0.8622851003443195,1.114229885760804,1.0160749827344353,0.7553353888070902,0.677099511056422,0.8120496109918524,0.5963087979454131,0.954512243374935,1.4550606910886237,0.797700877475194,0.8162166065546341,0.6099890058017736,0.9970644146183021,0.9152731325400708,0.6897437892193643,0.5477579565141278,0.8499467311652665,1.0587850851245943,0.9625085476456998,0.8810579225213069,0.7389868259464839,41
participant_full,0.35481338923357547,0.012619146889603867,0.8643625155192506,1.1132341038483826,0.9494155779417237,0.7361753449572475,0.6102542565772422,0.7148299979080346,0.6099340485653096,0.9998191073490524,1.1706053131454115,0.6332566243758585,0.9213889169287526,0.7322633076499117,0.8446631421026101,0.7723875534003051,0.6862400393463794,0.6144358873540994,1.333733323719746,1.134049066446796,0.8370091115039877,1.0219690354161575,0.8515865518480006,42
participant_full,0.31622776601683794,0.0012619146889603862,0.8644867037355277,1.0477157475569627,1.0219206372076792,0.8141755460018111,0.8643290718328129,0.888580476565795,0.5607087820135526,1.0696873389147474,1.3002938644689517,0.7473787512900192,0.849950170015681,0.5915322993417803,0.9275812714390504,0.9273675680195996,0.7099746970637129,0.5514373141924108,0.8392386985893314,1.0231741604380589,0.9723519694492486,0.8410906811486241,0.7412450291607269,43
participant_full,0.15848931924611134,0.020000000000000004,0.8664305734731202,0.968732348037747,0.8778824952113355,0.8770252528976055,0.8075006722566151,0.7867511084776242,0.8031041881390358,0.9807790515089684,0.9163326996968657,0.7133257860967512,0.8969239712986081,0.7839635089664585,0.8308267821271613,0.7780674894808535,0.8360528693676732,0.7741717762173185,1.021859253928446,0.9704899328225934,0.8756524422184123,0.971072075892588,0.8580977648197429,44
participant_full,0.3981071705534973,0.0012619146889603862,0.8671717348033088,1.2414677265610443,0.9957327683895842,0.7368341721535809,0.5638783544537576,0.8068971648292014,0.5916552898037426,0.8269179446444269,1.5214166850837938,0.7796296496043421,0.7935774654954117,0.623442039061441,1.0030254691725127,0.9212625309166477,0.6881062333769724,0.5505266415172037,0.9596881166298619,1.1074074843422443,0.9405068144884808,0.9191578189077978,0.7723043266341276,45
participant_full,0.44668359215096315,0.0012619146889603862,0.8678208701761948,1.3034121561245435,0.9869049531634577,0.7343915616367047,0.5128959435427805,0.7860076537053258,0.5431998923145698,0.7556418322876843,1.4524210145176686,0.6943356744688666,0.7958838018520786,0.6099394846182851,0.9388342299176399,0.9236572953814461,0.6910062422044758,0.541838679965496,1.1917609448113284,1.218361910519386,0.8959484675700139,0.9285353213490204,0.8514403435731237,46
participant_full,0.15848931924611134,0.005023772863019165,0.870668302272143,1.0291958417866816,0.9467375966836237,0.8894651320016245,0.8281825503630513,0.8656431437666386,0.7740274352987598,0.9873714511681678,0.8476629239565273,0.717922733179484,0.8160437594147872,0.784604983782849,0.877239650920885,0.7327395295946069,0.8152417136119385,0.770612963235906,0.9849072966466583,1.0173167763605373,0.845559729869193,1.0140621274634163,0.8688287063375248,47
participant_full,0.19952623149688797,0.0031697863849222286,0.8715798087181998,1.0780599791886396,0.9761809245028996,0.9101430952851558,0.9980310593890154,0.9490027153765095,0.6646131623446463,0.9787945753224163,0.8508059978955543,0.6806556937470024,0.7863857747654446,0.7675263934752632,0.8700207672061675,0.859367385825978,0.7637804652305143,0.6802788426694254,0.9590996621459599,1.005275964716413,0.8716277058872631,0.9566673284096133,0.8252786809801174,48
participant_full,0.44668359215096315,0.0031697863849222286,0.8737374944690851,1.212165468337919,1.0057129172351988,0.7174781816391278,0.49827821152314533,0.7880927776473633,0.5165248482501225,0.9239971682639296,1.2286561270534098,0.5783641926323065,0.8792023205314121,0.6492630700610802,0.8545046136921355,0.819733537476327,0.6677634935635652,0.5468060772975833,1.4790387970911696,1.3185767716855967,0.8347991368165536,1.00365902549185,0.9521331530919047,49
participant_full,0.3981071705534973,0.007962143411069949,0.8740764456355915,1.1516311950008487,0.9815977862219325,0.7177687009991474,0.554519012730854,0.7531017796066629,0.5647278031713019,1.0017589427730333,1.2022258094921685,0.5962792050647087,0.9232107518842861,0.712822857932363,0.8350462707481585,0.7753602760421924,0.6695898061565148,0.5975767801615285,1.4433767541602438,1.2301426581607873,0.8260013594434306,1.0410050826680277,0.9037860802936383,50
participant_full,0.251188643150958,0.0020000000000000005,0.874325810641323,1.0714800219434293,0.9975562392303315,0.926194961787483,1.1092852379011657,1.0350476685655727,0.5595819234998142,1.0571715470629712,1.0096499748521892,0.6492818821879163,0.8159181782536205,0.7228118839758516,0.8491358627802048,0.9342856760271863,0.7209526493338897,0.5857552589803074,0.9119677188810928,0.9905787783107576,0.9280684580433156,0.8367123805520874,0.7750799106572713,51
participant_full,0.14125375446227545,0.012619146889603867,0.8757530220163632,0.9816487004006111,0.8944712170673343,0.8959429605230034,0.7993704375502746,0.8264611225850013,0.8211942069692567,0.9889952509403095,0.8961497928357712,0.7318168748896309,0.880573850201209,0.7955401316064474,0.8396899660959385,0.7709356466230208,0.8517078951517343,0.8026402918463489,1.0219085217037605,0.9871203144583699,0.8624911923963298,0.9878798854295532,0.8785221810533607,52
participant_full,0.14125375446227545,0.007962143411069949,0.8773544960902185,1.0016963715909906,0.9174427208540903,0.8957821988585865,0.7992950279023308,0.8489245114781363,0.8128594045322213,0.9915928726371321,0.8819752004088969,0.7323385817058241,0.8583881653102863,0.7969502798020411,0.8576746226676804,0.7545534601092087,0.8445813948142764,0.803902833411021,1.015950258708461,1.003180461441278,0.8501917026104856,0.9969114013558391,0.8828984516055831,53
participant_full,0.14125375446227545,0.020000000000000004,0.8792049058526457,0.9685978091296482,0.879443414871844,0.9022983734118029,0.8008762967855553,0.8146248311428053,0.8316441807073767,0.9894140959676936,0.9147508456954029,0.73756112695323,0.9070710605058487,0.8031298723990185,0.8291940370240651,0.7892031111697883,0.8624756945552988,0.8129348200061546,1.029099930860323,0.9777462361031819,0.873346956534452,0.9807290221316031,0.8799564010978249,54
participant_full,0.1778279410038923,0.0031697863849222286,0.8803585721321671,1.0727125171056695,0.9834181120953833,0.921524405088743,0.900257630935727,0.912305235684923,0.7247692773566107,0.9862650355768396,0.8251140095564509,0.7142156951985208,0.7989573911627212,0.7898186613047362,0.8952787083267051,0.8026409174793306,0.7961800319405395,0.7467256851272159,0.9692064485910595,1.0315553626284937,0.8524118547458267,1.023703326592325,0.8601111361455234,55
participant_full,0.35481338923357547,0.020000000000000004,0.881111956376488,1.086131845666942,0.9502926163640444,0.7478827034946266,0.6298760273372945,0.7261566939601098,0.6264628103120119,1.052143008814763,1.179431126866087,0.6287766480970094,0.9575525023486724,0.7666085622549621,0.8325413084855035,0.7616536612195546,0.7033214614163035,0.6497130744716797,1.4003770117012135,1.1677786910472645,0.8327193883632436,1.0603356838715352,0.8624843014369397,56
participant_full,0.14125375446227545,0.005023772863019165,0.8859123765900151,1.0328419351148326,0.9508108329351845,0.9047858304113667,0.7987838763747398,0.8799741330581925,0.8055289468957435,0.9978305988223506,0.8790668959883099,0.7391130457759987,0.8478212895775071,0.8103130643338604,0.8846016360103995,0.7418433565479148,0.8441456247217684,0.8204737452428835,1.0146554606199718,1.0265893420824406,0.8371542007083861,1.0077953208773118,0.8941183957011389,57
participant_full,0.5011872336272724,0.0012619146889603862,0.8889314535704855,1.2536456900723878,1.02498696327964,0.7451630326868839,0.49740942891786827,0.8284023094560069,0.4773523541561496,0.8333778458178,1.3008694947044375,0.5741256935539704,0.8449769155740103,0.6069653936098531,0.8896280558725547,0.9051827035121736,0.6896521526321404,0.5277535570466743,1.5260594893575665,1.4269936935587926,0.8554049098404166,0.9737750653308954,0.9969043224294886,58
participant_full,0.28183829312644537,0.0012619146889603862,0.8891257436595058,1.0635578559949,1.022310094717076,0.9494395229201087,1.0876912791632465,1.0704451171308844,0.5244652011943896,1.106804973515913,1.1436494640341,0.6696342925150146,0.868902757727931,0.6742992620248165,0.8559942809269326,0.9678744545465046,0.7347964455185203,0.5767494041798285,0.8797469728185117,1.0002269449277068,0.9845779110224339,0.8332810139838867,0.7680676243274098,59
participant_full,0.12589254117941673,0.012619146889603867,0.8899044883521903,0.981852694970611,0.8965206782908279,0.9198501283630371,0.7988308249524109,0.84548728838387,0.8454180047843739,0.9986110823246387,0.9096851660671808,0.7573448487686838,0.9009854715696306,0.8184550605006548,0.841025779293177,0.7895388868584299,0.8766240370303713,0.8423543081366185,1.037347949173485,0.9933659812130962,0.8599138813076147,0.9848117181668297,0.9000659768882626,60
participant_full,0.15848931924611134,0.0031697863849222286,0.8902634868817192,1.0702201989816322,0.9917442222172838,0.9241931034186454,0.8259160960006092,0.9153487768790358,0.7706213365031999,0.9986191475404876,0.8514761731715312,0.7375351805005774,0.8207001748321628,0.8137227763973331,0.9139997726903877,0.7329619859120479,0.82313610062898,0.8066346145104394,0.9852911071595294,1.0510453310500343,0.8355452205479514,1.0463310194725906,0.8902273992199234,61
participant_full,0.3981071705534973,0.012619146889603867,0.891099995116121,1.1143831628960237,0.9886812343197995,0.7237595402414934,0.5753637185055595,0.7673468694841594,0.5771381542958738,1.0702869332996374,1.2159801827051653,0.5880191330772655,0.9630080831098973,0.749089840168254,0.8205414206832952,0.7557147731058323,0.6781985839236647,0.6339650623848246,1.518103509658409,1.265417970468593,0.8168201417331236,1.0850395237536745,0.9151420645078758,62
participant_full,0.12589254117941673,0.020000000000000004,0.8919430918301604,0.9683327364031437,0.8815311820092264,0.9246304549776303,0.80339601806582,0.8365017751939012,0.8551266727105252,0.99850105255771,0.9204063710883649,0.7630034291877104,0.9203767966735577,0.8235033372030831,0.8289687435261539,0.8051522485960831,0.8857437666560892,0.848590158401958,1.037132058642542,0.9837347162190557,0.8715884091156129,0.9823668145541437,0.9002750948208972,63
participant_full,0.12589254117941673,0.007962143411069949,0.8924040901700515,1.0033458871275531,0.9195381385209027,0.9189739260899638,0.7966942816853929,0.8608053485543407,0.8362858772063438,1.0012972115553924,0.9040863255336455,0.7560175961945028,0.8876676506440917,0.8219124466456705,0.8594243488890487,0.7777284506653458,0.8721656927894574,0.8465855723660256,1.040300692211773,1.008371419096108,0.8466751678996836,0.9855162711665205,0.904689498559268,64
participant_full,0.44668359215096315,0.005023772863019165,0.892496562801751,1.1690965314314075,1.0227277171209512,0.7132411608060352,0.5035623500631208,0.818357090765957,0.5170911988015494,1.0171768106926926,1.2291580738487438,0.5494031282407472,0.9327844634833113,0.6905801757064186,0.8375117374041828,0.7792555379696287,0.6636163175769717,0.5805416423227785,1.5882249965843467,1.3641460844914448,0.8209242438082232,1.0661612438990111,0.9863707510174955,65
participant_full,0.223872113856834,0.0020000000000000005,0.89478626876598,1.11819572666376,1.008732360810627,0.9855470849139522,1.1272078396343592,1.0711627109200523,0.5942773906095864,0.9972628110372238,0.9258059618160898,0.6675212602214398,0.8180920848261415,0.782557793850675,0.8634567910928617,0.9468566026291458,0.7529662546317292,0.6522198123204613,0.958782562746018,1.0044396724257083,0.8991151779424088,0.9048611954292705,0.8166642807980923,66
participant_full,0.5011872336272724,0.0007962143411069948,0.8951306382912179,1.3205143161321584,1.0055831274409612,0.7570742856065744,0.5154204172879328,0.8176060770278493,0.49762114276282865,0.758040198908984,1.464233014105569,0.6471031425392613,0.8226654188438418,0.6245061202993387,0.9257819779568994,0.9773200886574471,0.7075605031180014,0.554015301340241,1.369075601018122,1.3570593712790526,0.8885756443930424,0.9663919760361803,0.9264650410700714,67
participant_full,0.35481338923357547,0.0007962143411069948,0.8970485942144701,1.1078611501881193,1.0474625737358298,0.7825669465686325,0.7456877989091459,0.8641424727246297,0.5792559438671199,1.0503070734006688,1.5364904722697852,0.8185851929972291,0.885429053713553,0.6449628173584133,1.0161030809983398,0.9696167186987481,0.7271234330900539,0.5868777245778076,0.8331331624328895,1.0556306776401088,1.0069753991763999,0.9347267381580273,0.7480334537839052,68
participant_full,0.12589254117941673,0.005023772863019165,0.900681876431058,1.0379133103534461,0.9523515505920909,0.9237074922433901,0.7956931780656032,0.8795790393713677,0.8267633098696521,1.0064981339369592,0.9068012616273547,0.7583947495622655,0.8846939856717567,0.8358396011510948,0.8842653762308395,0.7716403209531207,0.8763653215056166,0.8633850048099383,1.0486741401859612,1.0285509031256939,0.8321003747315258,0.9856411424174543,0.9147793322160297,69
participant_full,0.11220184543019636,0.012619146889603867,0.9026902140234532,0.97965591170504,0.8977802563044259,0.9412256699726587,0.8079859233527941,0.8558991404122918,0.8640124531466222,1.0077384611362847,0.9233456812923899,0.7818836910532362,0.9232222533185789,0.840321186711072,0.8405066856506661,0.8118715855421739,0.8994113216429399,0.877869518333461,1.0499298742429395,0.9971788743688281,0.8586483102108099,0.9766366438147778,0.9186808382570719,70
participant_full,0.5011872336272724,0.0020000000000000005,0.9032476928336509,1.2034513168110528,1.0506999385261877,0.7348487996547954,0.48144353839575327,0.8700367772450509,0.4675053864473092,0.9465966839472705,1.2379846162173167,0.5254868838534394,0.8980240411856084,0.6302824815122439,0.8748233312480573,0.8402379842293606,0.6797556040494571,0.5362565395783058,1.662779571444626,1.487622218902755,0.8435770880150534,1.0355149008947593,1.0580261545146148,71
participant_full,0.14125375446227545,0.0031697863849222286,0.903626087830582,1.0823846255841298,0.9971735000524328,0.9267300970101896,0.7972152314709631,0.9166824152426148,0.7977367186922281,1.0082406223419633,0.8925777197271163,0.7511280361321575,0.8533804573696496,0.8390588895149783,0.9204517536033523,0.7365673424496346,0.8560764319255474,0.855389401728565,1.0228328833976565,1.0573999555205529,0.8238356596945502,1.023714669591879,0.9139453455614748,72
participant_full,0.11220184543019636,0.020000000000000004,0.9037485812305341,0.9667388333524194,0.8833532345723505,0.9437802312105106,0.8133657771087929,0.8513393517813167,0.8737502580229618,1.007386233742601,0.9287367973159169,0.7873879377753704,0.9356132774394285,0.8435653288741678,0.8288302649588024,0.8239579713573792,0.9062700606720491,0.8807270528283526,1.0438197459573875,0.9882890565083153,0.8707698520856573,0.9788944988558317,0.91839586019107,73
participant_full,0.3981071705534973,0.020000000000000004,0.9040708698049695,1.0817285755226393,0.98882020342375,0.7372287646902809,0.6048215052848421,0.7669786193195348,0.6001968642724386,1.1222067053684122,1.2217331972193077,0.5975882079459022,0.9890556021989315,0.7778676656349084,0.8123428616250576,0.7469827169717451,0.6954323888493471,0.6649153414925804,1.5552115326398233,1.2860541457557844,0.8126009515261504,1.1077079784701098,0.9119435678878421,74
participant_full,0.44668359215096315,0.0007962143411069948,0.905108400039424,1.353706355465198,0.994130766947156,0.7434746973342833,0.5332626236454722,0.8568459818615886,0.5682085764234996,0.8088614007881091,1.641543333774686,0.7740355794729487,0.8334911061986648,0.6730110562310564,1.0221358948031187,0.9810105223029254,0.710782960608759,0.5875746303095136,1.0709781591773218,1.1740964827858285,0.9605435686307857,1.0019362959899443,0.8125380080376197,75
participant_full,0.11220184543019636,0.007962143411069949,0.9053945981671404,1.0004571438485663,0.9200126108991874,0.9413438016648769,0.8047033961202678,0.8632901280177709,0.854150246422992,1.0096956782374058,0.9217461514351152,0.7792344955476185,0.9176792232082314,0.8443952323073258,0.8566988069681376,0.8043015609769352,0.8978078007002086,0.8837687566169121,1.059531401222753,1.0098407612906581,0.8445965137819378,0.9718968382921522,0.9227414157837546,76
participant_full,0.31622776601683794,0.0007962143411069948,0.9066688190563557,1.058407797801358,1.0493188339666402,0.9183865114393317,0.9796109902288656,1.0468920581051033,0.5184012023039299,1.1387555449511868,1.3306415236215172,0.7290073643889774,0.9259316477594384,0.6076019708572837,0.9024368526020066,0.9948816662896443,0.7628590154770354,0.5954527861109108,0.85122132017657,1.0174019125821148,1.0513693338533225,0.8854848697850336,0.7693131788268455,77
participant_full,0.19952623149688797,0.0020000000000000005,0.9076630092735567,1.1360239690794462,1.0222133383683767,0.996712257293647,1.0227971717930546,1.0233546379712095,0.6603762605399981,0.9861372745492473,0.8550760574394349,0.7135920438231046,0.8250722878333011,0.8161373334243823,0.9024884526005408,0.9106783159294602,0.7916214932171319,0.731346128788292,0.9864930788777603,1.0375508426586781,0.8741338664843813,1.0033579394111765,0.8580974353885067,78
participant_full,0.3981071705534973,0.0007962143411069948,0.9081834433520406,1.2461150193067378,1.023602263584612,0.7473393076640861,0.6012714197162561,0.8700903992937885,0.6032947953034297,0.9318619960231087,1.6665290581824261,0.8386792580098053,0.8540495165716069,0.695329114624034,1.0688087429419695,0.9700866377192385,0.7090204643561497,0.5936147054533254,0.8969053134745609,1.0954448443457085,1.0011992512598133,0.9935335127273677,0.7568932464827849,79
participant_full,0.44668359215096315,0.007962143411069949,0.9088593649965313,1.1278963839267555,1.0354700531949192,0.7145982541376265,0.5208106429909702,0.8347937495884418,0.5273747126860802,1.0979216211792404,1.2500010762374523,0.5404323147678363,0.9723449753385012,0.7258560361484829,0.8232897338940829,0.7502557301840739,0.6646392257346546,0.614625689711478,1.6621904556763638,1.3970334004560503,0.8073032190281278,1.1107751717636243,0.9995748532858648,80
participant_full,0.11220184543019636,0.005023772863019165,0.9124746247304122,1.0338889650468261,0.9510665406890592,0.9446829087212544,0.8021561612480422,0.8707821758932333,0.8435739622642064,1.0123014193931499,0.9244448751614461,0.7787006444283349,0.9217162977250088,0.8565276161020006,0.8765861461461759,0.802278145299752,0.9050113260868582,0.8990664805125377,1.074530639462429,1.0252871234930927,0.8283007948639278,0.9678071294067747,0.9307831426641314,81
participant_full,0.1,0.012619146889603867,0.9133549498254114,0.9737057430468858,0.8980451208691358,0.9589074173849876,0.8204772274900074,0.861287453766645,0.8793059801389628,1.0156984739463846,0.9351419745413345,0.8046022122579606,0.9446343575598549,0.8589305249550498,0.8379926629730818,0.8336825606675801,0.9182407454842008,0.908300156999531,1.0571681799721269,0.9988994952519518,0.858280463667165,0.9696582351835119,0.934140010351873,82
participant_full,0.1,0.020000000000000004,0.9140254561158573,0.962958957333993,0.8846048571883708,0.9593464523887523,0.8267416161556064,0.8608722484313681,0.8889698774414143,1.015542440533206,0.9373318087722146,0.8094678304634251,0.9511670741427294,0.8617612292933648,0.8281068209473436,0.843081925807914,0.9236868290451236,0.9087448727726706,1.0475324031839803,0.9914044308599113,0.8708185495188602,0.974445561203739,0.9339233368331559,83
participant_full,0.1778279410038923,0.0020000000000000005,0.9155678947380241,1.1264325681402765,1.037671999758757,0.9908911083039638,0.894122629485542,0.9693565555000632,0.7268178170285335,1.0043797576802138,0.8401549084198179,0.750412276192565,0.8335282976304276,0.8412508361813285,0.9414096067618006,0.8324927529700987,0.8209000818610047,0.8080117340218003,0.9886317200695516,1.074861625802661,0.8501601441330957,1.0841013896216043,0.8957700851973784,84
participant_full,0.1,0.007962143411069949,0.9155833544166818,0.991212972242357,0.9190377422145859,0.9603267994668595,0.8154465129689019,0.8626483538493466,0.8692163221817794,1.0162456953184598,0.9352987772794465,0.8017946156423615,0.9450916551268304,0.8614681494532872,0.8505710834888645,0.8285310902547739,0.9171460641558713,0.9147148683777934,1.0705170929456784,1.0085801352928285,0.8434037902748518,0.9632925887470843,0.9371227790516716,85
participant_full,0.12589254117941673,0.0031697863849222286,0.9159430237341688,1.0930687446803546,0.9962865679590301,0.9361740164783108,0.7948128554029091,0.8978674670894199,0.8162601035499666,1.0132620244118575,0.917289288664238,0.7633950246375273,0.8944372416117418,0.8621179192171031,0.914555160586007,0.773163427603113,0.8955976875954363,0.8933856082505359,1.0655879597369384,1.052520354874689,0.8159917974922173,0.9919848465383337,0.931102378303644,86
participant_full,0.44668359215096315,0.012619146889603867,0.919516969382945,1.0929600476751293,1.0375229353596211,0.7228346067153365,0.5492899491509242,0.8310732447315127,0.5481413163245366,1.1587454835889628,1.261192099460285,0.5503649586071095,0.9973743433022173,0.7547020413305264,0.8089783953273783,0.7342315032584968,0.6729538981090465,0.644660123696152,1.695464720137202,1.4095317793786613,0.7956363194682492,1.1339221469798093,0.9907594750577436,87
participant_full,0.251188643150958,0.0012619146889603862,0.9201370749693684,1.125612364891818,1.0340271555026126,1.0820358785261832,1.227691506437545,1.1791036113992,0.5290339193987782,1.0493923605109816,1.0445341912307793,0.651305962577102,0.8732309797231196,0.7853764082076866,0.8462492369954531,1.0137479898257418,0.7602758104455584,0.6347139945395979,0.9431219945855052,1.0005865019897455,0.944968995428616,0.8650487415481788,0.8126838956231627,88
participant_full,0.1,0.005023772863019165,0.9209893491211162,1.019426426122568,0.9479795685940051,0.9635378730614246,0.8109041128252974,0.8631299357807439,0.858166923660675,1.0158298502106056,0.9375818125184822,0.8004305177676576,0.9545438134361983,0.868896419304899,0.8646661086788846,0.8280239642600684,0.9225384022329604,0.927762424626895,1.0892610821989783,1.0190423220362583,0.8257558731401637,0.9594162436980094,0.9428933082675501,89
participant_full,0.5011872336272724,0.0031697863849222286,0.922269840015179,1.1612864948171253,1.075341389597111,0.7285741871649491,0.4706832761495393,0.9084749429736799,0.46734289944601504,1.0508213854885826,1.2553470937063653,0.5003334644109255,0.9468956801401859,0.6637171169894694,0.8673774514867135,0.7859630068480875,0.6743434494230574,0.561659325443113,1.765575531235203,1.5332711027946375,0.83586486456405,1.094375888701022,1.098148248923745,90
participant_full,0.15848931924611134,0.0020000000000000005,0.9237823122710545,1.1330998036573718,1.0528659474023534,0.9788319899163531,0.8171635879899911,0.9765622646638221,0.767558624439333,1.0172152243849426,0.8848537729333467,0.765025946221771,0.8467373417460233,0.865120751173699,0.9624895401735019,0.7470578032134151,0.8471507402740936,0.8687915783162465,1.0025633675810954,1.0957663961680915,0.8267255720046576,1.0943458861177124,0.9257201070432675,91
participant_full,0.11220184543019636,0.0031697863849222286,0.9246015562198036,1.086086494579725,0.9913854806291642,0.9517667643781861,0.8000045141917116,0.8756220223703028,0.8319609764783806,1.013680601352227,0.9296441865638349,0.7794750791364518,0.9376208239391678,0.8768193974035094,0.8987963037225922,0.806443327726609,0.9260649424348303,0.9231035749606482,1.0972945110651149,1.0413024890249878,0.8091596596246615,0.9728076614650829,0.9429923133488854,92
participant_full,0.44668359215096315,0.020000000000000004,0.9251707686895573,1.068709314249268,1.0261587987617404,0.7386328490776309,0.5877015200057248,0.8103228668465323,0.5806379865316618,1.1939720323418643,1.2559969338812007,0.577630993522407,1.010813028568322,0.7792401652017776,0.8001256775249113,0.7316664483983539,0.6917949615254786,0.6700657462780926,1.6864684064878612,1.397564014385396,0.7933005830885277,1.1371096015660878,0.9655034455483082,93
participant_full,0.5623413251903491,0.000502377286301916,0.9281944000754336,1.2764017978000528,1.043192155941728,0.7965143645395932,0.5423183739901917,0.8762183267167607,0.44631812623915473,0.8095314961226336,1.4160681621226097,0.5813496557917841,0.8485937230073232,0.6290378181293237,0.9362592274850468,1.0268588101626979,0.726496150043342,0.5541009053221089,1.6005521578470252,1.547260619533463,0.8825774098004444,0.9875257914897755,1.0367129294236126,94
participant_full,0.5623413251903491,0.0007962143411069948,0.928458631955554,1.2131573234291428,1.075400421035728,0.7815773336267483,0.5207124649550351,0.9210568083357966,0.4278942379796316,0.8742185037603436,1.269970189415537,0.5165799779058079,0.8736912808963411,0.601905415427183,0.9220875050289135,0.9397068766038317,0.7159197545637102,0.5240955174337236,1.754779225196478,1.6277733425817487,0.875433883190823,1.0096696589773477,1.1235429187672057,95
participant_full,0.1,0.0031697863849222286,0.9301332610007235,1.0632625277693852,0.9843705378348309,0.9685639057285442,0.8082955940319876,0.861489624241008,0.8457512697376831,1.0127415884157807,0.9410784732520027,0.800061825930366,0.9751651098401787,0.8799506270027668,0.8789921885380044,0.8323484998596893,0.9373472539048088,0.9464039585164216,1.1159542085971144,1.028063146452979,0.8051505144434046,0.9660728123279837,0.951601553589531,96
participant_full,0.14125375446227545,0.0020000000000000005,0.9324275299653223,1.16116079800823,1.0582275115128539,0.9645980756322414,0.7947200410957734,0.9543490759245712,0.7887101790508183,1.0229941050243174,0.9213763468785224,0.7666650133146146,0.8743857152788126,0.8863517797553063,0.9643887854309575,0.7423767149434447,0.8893958223143332,0.9092580486454681,1.0459466878628134,1.0942789416080956,0.8102938391610219,1.0547892754417882,0.9442838424224609,97
participant_full,0.5011872336272724,0.005023772863019165,0.9364068263542948,1.1238331447554795,1.0907887373513574,0.7271869912297457,0.47373384780844646,0.925571039052026,0.4767469546417583,1.1372999170417657,1.2847307133026193,0.494422748983958,0.9815944828594205,0.6948721100000574,0.8572757671846059,0.7460089860530985,0.6698141449953123,0.5898523197283174,1.8286286444588569,1.5575737872608408,0.8213741434126927,1.1348197286001165,1.112008318365421,98
participant_full,0.5011872336272724,0.000502377286301916,0.9387492226002598,1.4095944974706616,0.9969977543720729,0.7675866332622142,0.5374336485372729,0.8894569841563953,0.5285602130912264,0.8203590564376387,1.689611161306697,0.7406943022273589,0.8725849386025537,0.7008283746502223,1.008213399201081,1.0534671851527808,0.7342148225283657,0.616104272213982,1.2388132340670182,1.283891312561333,0.961108727576207,1.0551100616981426,0.8703538728919714,99
participant_full,0.5011872336272724,0.020000000000000004,0.939441720883009,1.0639370228217673,1.0457587215806368,0.7577218729574341,0.5801078391890241,0.8419049640074583,0.5726373184508406,1.243365594817268,1.275792988746765,0.5766612751715752,1.0175886739103912,0.7728502648029575,0.7983644961233907,0.7198441253987135,0.6946783299462516,0.6635605619150191,1.7623327912347253,1.4701117517866673,0.7804530768811038,1.1426978637956153,1.0084648841225754,100
participant_full,0.12589254117941673,0.0020000000000000005,0.9394500803846555,1.1781239140058215,1.0518647253829425,0.957970695436099,0.79394270790138,0.9115125389521637,0.805116016220239,1.019707611909026,0.9310014709528701,0.769863305333536,0.9184658385747688,0.9023390503094175,0.9491289167546648,0.7831501573328781,0.9392530063680242,0.9353257500576924,1.0945507687745648,1.0773679988471454,0.7977641860100648,1.018477539777918,0.9540754087918948,101
participant_full,0.35481338923357547,0.000502377286301916,0.9411772100418359,1.100943406310984,1.0798230290653086,0.8458118973856305,0.8403619868208964,0.9774554569152402,0.5456230385754055,1.1551808242641308,1.5940553561743278,0.8201665717651514,0.9755274304221683,0.662191039150854,1.009441861357256,1.037331610313931,0.7908771660045031,0.6402176814821656,0.8529234310536262,1.043402796300295,1.0821327619648116,0.9905999819351674,0.7794768735748681,102
participant_full,0.28183829312644537,0.0007962143411069948,0.9417673418122547,1.0984322385366072,1.0528053743391927,1.1409825097440063,1.2371249687575943,1.2355064912294345,0.48057747440777215,1.1204073357814117,1.1828180075248538,0.6483593991001759,0.9437789800067291,0.7463458140719819,0.8315447030559383,1.0534308372489494,0.7908855254247795,0.6359563292945601,0.9099868893468802,0.997581551027053,1.0406687002683292,0.8758703361448793,0.8122833709339659,103
participant_full,0.5011872336272724,0.012619146889603867,0.9421695802469559,1.0736421912967935,1.0749291493902267,0.7411672045527096,0.5314495306809528,0.8857855369435683,0.5280501671844119,1.2354913048599232,1.2955997906376517,0.5327549016833583,1.0131959074104204,0.7475943777732856,0.8134258587472321,0.713722383307024,0.6737628484790965,0.640644100100931,1.8234579980587657,1.523968547423581,0.7798572107593664,1.15551866665973,1.0593739289900894,104
participant_full,0.5011872336272724,0.007962143411069949,0.9426246015324147,1.0935056859920245,1.0911149645477582,0.731130870626964,0.4950838436469899,0.9169220416110274,0.4965199462752695,1.200208974315112,1.2998498050822416,0.5051246535690221,1.002583570436006,0.7223163446445607,0.8381399438245796,0.7221281373543118,0.6674629790610642,0.6163863672114158,1.8478467017498559,1.554913691798294,0.7988900214015705,1.154460122021495,1.0979033654787318,105
participant_full,0.11220184543019636,0.0020000000000000005,0.9429267294899157,1.16392186663476,1.040863088829305,0.9631352180161002,0.8009273495446717,0.8762621535226183,0.8194043750925356,1.0115327992892262,0.9351180715785794,0.7808998485122759,0.9686415051338152,0.9043736951203204,0.9225664952486671,0.8170288782762635,0.9677722699802425,0.9542967005701806,1.1313091683179461,1.054707493434569,0.7867693494200921,0.9994667133171113,0.9595375499590342,106
participant_full,1.0,0.005023772863019165,0.9434123674270412,1.1515271231858595,0.9584458728609775,1.027766761139014,0.5813836848643797,0.9060642854585345,0.5974105668873422,1.1166995853166741,1.2747171260850068,0.653018513289573,0.9767264678374566,0.7295120876487522,0.8511699666853202,0.6993713820334202,0.7137192142428614,0.5960577510321323,1.6390739490786561,1.4229753392077522,0.7915398790875878,1.079415938405485,1.1016518541940385,107
participant_full,0.1,0.0020000000000000005,0.9443174386344009,1.1283553413854241,1.0267405634070428,0.9758850209665197,0.8131936694213401,0.8576522085405248,0.8322172274279549,1.0055744829761377,0.9453909385157256,0.800491488972831,1.0101213435426262,0.8929504712493003,0.8927852002245087,0.8416632564552714,0.9659853635757191,0.969419232292972,1.1547145032091628,1.0333432296073906,0.7822967134809271,0.99384774363284,0.9637207738037951,108
participant_full,0.223872113856834,0.0012619146889603862,0.9445926584581844,1.1984541857948523,1.055268062470991,1.1244801469034404,1.1861456526969618,1.172549994562472,0.5827824086546993,0.9882018976819203,0.9590487616901496,0.7039476286145618,0.8811510410014216,0.8547331887547582,0.8896701030524437,1.0183680322658073,0.8007513206578671,0.7210150678282724,1.0080906443781894,1.029330709729582,0.9058681737663938,0.9500853319455859,0.8619108167133179,109
participant_full,0.5623413251903491,0.020000000000000004,0.9455901228130117,1.0733783958111274,1.039440051811892,0.7937408366848646,0.5865330152859743,0.8544911357090237,0.5817518011272934,1.2552787908778558,1.2787310132682204,0.5971590845690751,1.0133371951082502,0.7671820731147034,0.8041482567548428,0.7149637934571802,0.70506720771853,0.6525879942594036,1.7690164271071367,1.4876789286952006,0.7782060432804118,1.1295771639332082,1.0295332476860355,110
participant_full,0.8912509381337457,0.007962143411069949,0.9463178080547185,1.137144645334113,0.9691418036236372,0.9803821245804178,0.5968003272216651,0.8863881944459632,0.6151847442399976,1.148862900652498,1.2692296755826278,0.6614925646112937,0.9883300842194702,0.7478945181304884,0.844466436600087,0.7107041108361011,0.720523667592626,0.6152469076675843,1.6524262332246866,1.427257512476118,0.7908469816384462,1.0847143683543763,1.0793183600621732,111
participant_full,0.6309573444801934,0.020000000000000004,0.9477565259720417,1.0900305296704398,1.0127019822019068,0.8399919716538484,0.6117908826277522,0.8495045963139336,0.6122765716767912,1.233077025260268,1.2681609194831942,0.6370632282163599,1.008313307344102,0.7720461204631488,0.8183038972359181,0.7214651617689288,0.7244566061036506,0.6501520722230506,1.719153798880022,1.4579677068498593,0.7894477392689372,1.1095709777860905,1.0296554244126315,112
participant_full,0.5623413251903491,0.0012619146889603862,0.9478802199075117,1.1709703038149866,1.1102967175952057,0.7717728161175771,0.4963920762586203,0.9807361818600562,0.4193922040361535,0.9945180457155971,1.2495756900718922,0.48786925474103143,0.919909527194265,0.6095748893595083,0.9229549160201485,0.8610993031887297,0.7193950213072199,0.5243633012341348,1.8796795318828359,1.6892740190735331,0.8888448862625313,1.0694897950977083,1.1914959173184982,113
participant_full,0.707945784384138,0.012619146889603867,0.9481664180852025,1.1093756075192402,1.0179160753485683,0.8823232421044921,0.5692522432983103,0.893410635261399,0.5764782561870265,1.2239780794903887,1.285850922849307,0.6149436361407096,0.9929601824755107,0.7399598014502099,0.8259187677321878,0.699445729178039,0.706623091124725,0.6132970282009478,1.753016400199457,1.4975120188852322,0.7751674861243854,1.1045375692210522,1.0813615889128623,114
participant_full,0.7943282347242815,0.007962143411069949,0.9492377444305182,1.1292264048479037,1.0143913477010682,0.9317204565638564,0.5372485479417286,0.9359006754434593,0.5471496342888525,1.2011515849845962,1.2984555606509391,0.6031572803965941,0.9753446026757896,0.7099827741982324,0.8487824794951122,0.6809852008572914,0.7035092690099503,0.5802895259417248,1.764274433231988,1.5196904013803112,0.7785010135017318,1.0958836657018975,1.1291100297973364,115
participant_full,0.7943282347242815,0.012619146889603867,0.9500089532946626,1.1208378005988664,0.9767184357937513,0.9322345350952312,0.6240503489951935,0.8635129831662296,0.6377717245059789,1.1764533148138017,1.2611114326981676,0.674880914906138,1.0008648318091262,0.7696706845078786,0.8427535446263226,0.7256699652049465,0.7351941850930055,0.6402032032743843,1.6550790858419393,1.4216494463124891,0.7996291244352333,1.0900629855967072,1.0518305186178618,116
participant_full,0.8912509381337457,0.005023772863019165,0.9518589172733023,1.1484500105677184,1.0040761558630193,0.9828331838757386,0.530935991359988,0.9720315747164271,0.524955308971186,1.1686504240450302,1.3070058133024605,0.6025483888013773,0.9577586361073147,0.6841541063433436,0.8769785474106794,0.6670123849476741,0.7246785188418985,0.554333610656476,1.756986228372045,1.525550361867923,0.7939558269905251,1.0861834971803404,1.1680997752448803,117
participant_full,0.6309573444801934,0.012619146889603867,0.9528447633607291,1.089582191339947,1.0591946694494845,0.8280310713361239,0.5367310469567127,0.9173682342042294,0.5379400075531138,1.2651482210645484,1.3045139433492996,0.5696999021365954,0.9994428940195433,0.7299016386067556,0.8258754629962484,0.6916901142438311,0.6910562559645771,0.6123045372558853,1.838086943591709,1.5594230933561442,0.7682638236056639,1.1278476039108676,1.1047936122732982,118
participant_full,0.5623413251903491,0.012619146889603867,0.9532950227924653,1.0731610175381887,1.08276514129211,0.7784271909028873,0.5254054555283629,0.9168297823109818,0.5226999648828604,1.2738049876461472,1.310240100163488,0.5404564446528133,1.0105442190031577,0.7354345920897821,0.8228505706473344,0.6981386505420384,0.6806472985549059,0.6259148692253332,1.871290043347733,1.5756734270964583,0.7713397585093442,1.1497267086171299,1.100550233298248,119
participant_full,0.707945784384138,0.020000000000000004,0.9537197995028478,1.1030999574097795,0.9791232094038934,0.887612861266887,0.6580865918435908,0.8403794636389199,0.6653226829599935,1.1954171174724741,1.249249799309751,0.6933142323728412,1.0130415728398567,0.7940574891319887,0.8482682414603516,0.744051696572436,0.7563437331026746,0.6702100438674679,1.6423806536895225,1.4036126995677016,0.8158738868934833,1.093894719990756,1.021055337262584,120
participant_full,1.0,0.0031697863849222286,0.9550838125735318,1.1660285724137203,0.9893050850638987,1.03262596685748,0.5527768478178835,0.9994664774033286,0.5100053192738542,1.1305861049038657,1.3124501281736127,0.6100919278622101,0.9418877489575092,0.6634000769622974,0.9027596917362581,0.657838875682778,0.7564683130291293,0.5370521951591932,1.7360874014199883,1.517812537397853,0.8112260918146564,1.07725814001949,1.1965487495216274,121
participant_full,0.3981071705534973,0.000502377286301916,0.9580313059850614,1.2475665425967457,1.05982561262447,0.7622013004147512,0.6610554050320421,0.9339197512241363,0.6065196682730593,1.0793638259302782,1.8028644008308192,0.888505300899064,0.9395127221182061,0.7726238234352797,1.126087422922457,1.0291980372715563,0.7472646575553256,0.6475231332116717,0.8751091800760078,1.0844291642693893,1.0615106670226953,1.0732986441126298,0.7622468598806431,122
participant_full,0.19952623149688797,0.0012619146889603862,0.9583688262223721,1.2127750092928935,1.0791975190962648,1.1029382495273004,1.0200430113245091,1.0784249809100712,0.664964209543298,1.009826724035974,0.8850390198860836,0.7652652873428887,0.8923565908715403,0.8921937466020144,0.9533729407355217,0.9586579898263702,0.8419324285975222,0.8177088382283229,1.0353552633303724,1.0838448425541405,0.8830051504252946,1.0814730040334033,0.90900171828366,123
participant_full,0.31622776601683794,0.000502377286301916,0.9614561130121974,1.067212571868709,1.0751375325000567,1.1124965761172514,1.1296328536489355,1.2218013527215472,0.46343585289911254,1.1936250760842226,1.3544922161174529,0.6947735102790465,1.019760793937626,0.6549230089102672,0.8551246135076825,1.07901238028253,0.8383014356625796,0.6612597700903032,0.8886517692926544,1.0014696357688688,1.164593391701759,0.9355028783317522,0.8179150405215925,124
participant_full,0.5623413251903491,0.0003169786384922229,0.9616189942853269,1.378991274233105,1.0204651613093083,0.8115496280562755,0.5624404434632542,0.8958176152327486,0.47688185934369526,0.8313297214842533,1.6516549526604714,0.6786040360080756,0.8885485758921439,0.7032752926817152,0.9785511512188524,1.1209942790696867,0.7534751060364825,0.6209055445624958,1.4564057053375634,1.4529748760248862,0.9338552833417835,1.0644180997578936,0.9512412799918492,125
participant_full,1.0,0.007962143411069949,0.9616400415099104,1.130728408413819,0.9409239599617705,1.0130875300273656,0.6783771631252918,0.8619164104325068,0.7035513502037606,1.1213196509627552,1.237617453035874,0.7377963066674887,1.021170432618106,0.8058171749593687,0.8816958035773972,0.762261574255208,0.7654996579785365,0.6817588956203536,1.5683468733822026,1.354732728127867,0.832435661182975,1.086835509944597,1.0469282857209659,126
participant_full,0.707945784384138,0.007962143411069949,0.9622388754626339,1.1087641385494933,1.0679394149954728,0.8742734355871505,0.49894922710782535,0.9811286382553398,0.5009124561642115,1.2585214869440824,1.3245867127474888,0.5608641532521634,0.9800307710234131,0.6922116817892252,0.8699455108870954,0.6710410248924678,0.7054929646652138,0.57218408793412,1.8807249813915685,1.6128709728860855,0.7862520778752673,1.1191159635000683,1.1789678088049242,127
participant_full,0.44668359215096315,0.000502377286301916,0.9650676626055725,1.4032385771231624,1.014662004989198,0.7523760857191437,0.568132037197163,0.9423746488013199,0.5966190862275924,0.9768264887740674,1.8473930434780783,0.8589349154664434,0.923171438288102,0.7755147574487806,1.1222270936017607,1.0396843485356202,0.7371205643975618,0.6539645448600263,1.0043948496268595,1.1377105880168983,1.0417935150522848,1.1123041159126412,0.7929105485947522,128
participant_full,0.5623413251903491,0.007962143411069949,0.9657839934293955,1.0764088910435095,1.1208903245826307,0.7683008402109597,0.47942339059569666,0.9767404886935646,0.4777572686047513,1.2723588177608327,1.3336380281613294,0.5034767865835174,1.0075438848034068,0.7071457324893842,0.8641344131934838,0.6964217978980106,0.682287319688419,0.6024989363827373,1.953897038663572,1.6544962908435252,0.8025037472956841,1.1639977724477588,1.171758098645136,129
participant_full,0.1,0.0012619146889603862,0.9658992897578571,1.2210074656326109,1.072764165040938,0.9869405355163107,0.8363513445176014,0.8522896380422891,0.8197579787530141,0.9938420840316308,0.9516655459309596,0.8017211624102718,1.06401114186416,0.9071015406321887,0.9057416034007192,0.8563180460820268,1.0139289087027052,0.9961462636865408,1.2116449096351523,1.0341497030715896,0.7597368880334054,1.0524831502847882,0.9803837198882384,130
participant_full,0.8912509381337457,0.012619146889603867,0.9660797838715702,1.1194326747594014,0.9471697072350521,0.9703809577095971,0.6991362390919441,0.8563948944009043,0.7197753571955661,1.1447140851550204,1.2326524595519521,0.7495715904528609,1.0275396591185204,0.8197363700744995,0.8886338044660274,0.7728018227361677,0.7831505043452758,0.6994198398169091,1.572270036455825,1.35440543627705,0.8438142705973212,1.0881763449625947,1.0324196230289133,131
participant_full,0.5623413251903491,0.0020000000000000005,0.9673576494494043,1.1366438507362429,1.1386061827873413,0.7670374794756722,0.471267282280062,1.0222048778719928,0.419280464911931,1.1017462282252475,1.2884727052655436,0.48221309424735165,0.9592830155032368,0.6314441933351213,0.9290734489992157,0.7941216764110909,0.7237094953745398,0.5396267897545498,1.9655414763140695,1.7270125874881874,0.8957170622495205,1.1209486781510252,1.233202399606146,132
participant_full,0.1778279410038923,0.0012619146889603862,0.9677831164925171,1.2030924660290627,1.1082015107606915,1.080544843388087,0.8711296233517001,1.049146385672331,0.7318568729443925,1.035382824708157,0.8995915773093751,0.7986491804324658,0.8918142121613462,0.9208202938107684,1.0022676940856867,0.8545435145167625,0.8662690323075072,0.90292699731715,1.0273850330971108,1.1335488809599072,0.8516044263488345,1.1746108345455464,0.9522761261034585,133
participant_full,0.11220184543019636,0.0012619146889603862,0.9696308989854279,1.2748224299769366,1.0989064968816833,0.9797414027200533,0.81358071956173,0.8731981446802509,0.8069618816260201,1.0039672790691117,0.9422533200535836,0.7824883808337744,1.0202491331302057,0.9370433341543567,0.9484983287441097,0.8343432166350734,1.0374058294513864,0.9910252228981211,1.1828535471332073,1.062921853294673,0.7623341665792351,1.059109692919289,0.9809135993657577,134
participant_full,0.7943282347242815,0.020000000000000004,0.9705018285530269,1.1060055163639049,0.9509673439019256,0.9290633368192275,0.7239740688665666,0.8535076980657799,0.7392271196838535,1.1636946817176272,1.2250694425781465,0.7637203550394676,1.0339980442103278,0.835660322930232,0.8973858437494577,0.7858535149649428,0.8045757366340773,0.7214415005288671,1.567032900095135,1.346537050742374,0.8572962240566031,1.0886730041189085,1.016352865993111,135
participant_full,0.6309573444801934,0.007962143411069949,0.9715999610132412,1.085529725912521,1.110537227730287,0.8178462333881189,0.4796030265910861,0.9989268517570699,0.47782871799382604,1.2908418796205612,1.3404428141560636,0.5277133424669651,0.9951169571773667,0.6931761714753191,0.8782808422764127,0.6777063856553406,0.7002986400929732,0.5831533747375106,1.9588326576922142,1.6701490611318544,0.7994513078558078,1.14680321485555,1.1997607876979783,136
participant_full,0.6309573444801934,0.0003169786384922229,0.971626203852327,1.2092903131554986,1.0999781725330442,0.8464029588558601,0.5863333045150524,0.9719223693771021,0.40126787840649963,0.8762967090337053,1.3307064336290384,0.5191825572420958,0.8735575633112219,0.6278497090489872,0.9749592992658476,1.0614583287456743,0.7607628438678204,0.5448988810476696,1.8719322488377288,1.7770650464978832,0.9096865021498252,1.0059014035893727,1.1830715539366132,137
participant_full,0.15848931924611134,0.0012619146889603862,0.9724470270716197,1.2312093210347688,1.1321357057123118,1.0542155093193553,0.8044645402466093,1.045224160924451,0.7635841151034264,1.0468058119737953,0.9492198087184706,0.7975773055716202,0.8890252699459241,0.9422654630351337,1.0220209759353918,0.75812713985946,0.8968093414051023,0.9571364142964326,1.0424819577295534,1.150832097207358,0.8193313781046822,1.1675547140799123,0.978919511228634,138
participant_full,0.12589254117941673,0.0012619146889603862,0.9730455065092967,1.3033549577924242,1.1192904822645025,0.9891922369990704,0.7968787553439682,0.9176801727974159,0.795103488637762,1.0240164941932766,0.9440967272245964,0.7768354887758674,0.960564269814953,0.957473333813612,0.9880943396950682,0.8016128021047798,1.0195188319312916,0.9866808934396305,1.1403329723595852,1.0992978569481715,0.77729152678744,1.0801011293748566,0.9834933698876609,139
participant_full,0.7943282347242815,0.005023772863019165,0.9736610738422531,1.1300607299978762,1.0660229844912488,0.9255071938824477,0.49479639776771156,1.0380658066562312,0.47336083429553677,1.237279815803263,1.3392156323663056,0.5761741802262123,0.9579324956650253,0.6579745359255166,0.9198240832329458,0.6546109663539504,0.7543446004077802,0.538261916846507,1.8972718085990714,1.6449487539618257,0.8179259717371808,1.106501716490905,1.243141052137522,140
participant_full,0.14125375446227545,0.0012619146889603862,0.9739916720082151,1.283496360179992,1.1341228776173229,1.0187744639909924,0.7918760572595064,0.9867377836660344,0.7801851080931065,1.0433419685890812,0.9586915059951775,0.7839617566142587,0.9098094026025159,0.9547640997660638,1.0160678095232012,0.7587340436302442,0.9572784069062127,0.9799457866416181,1.0892760223270996,1.1340645481686475,0.7964325226629666,1.116568907883988,0.9857040080462707,141
participant_full,0.5623413251903491,0.005023772863019165,0.9758804348440551,1.0876171448014564,1.1458660478001328,0.7643884396547489,0.45330925883341344,1.0189804869305006,0.446582838943575,1.2440787851079407,1.340739005040124,0.4886016643677503,1.0005097067343873,0.6811060161764869,0.9019080780000766,0.7108077390565748,0.701545852899218,0.5806110984497094,2.002575311502717,1.7107671613621012,0.8474231339342353,1.1669497747222473,1.2232411525637068,142
participant_full,0.5623413251903491,0.0031697863849222286,0.9773043078934741,1.1081720165641151,1.1520099019707755,0.7647554212660432,0.45243159937900257,1.035226435790051,0.42777551270125047,1.1864990809298104,1.3250903901458089,0.4842484829723209,0.9855861380320394,0.6560942640865115,0.9242865983722177,0.7431363310315643,0.7183121502135391,0.5595200258448714,2.007412149314564,1.735482096283878,0.8819001723813553,1.1536214986858437,1.2445258919039177,143
participant_full,0.251188643150958,0.0007962143411069948,0.9815721442926966,1.2169366677739295,1.0762117868531047,1.2816052843189747,1.3426997540480214,1.3132426164929705,0.5047801085465349,1.0235821792579798,1.1079893063297972,0.6781234348481388,0.9526569019741519,0.884116848243034,0.8606339449893499,1.1040060247616885,0.8253798664094407,0.7181028569577881,0.9972142616484427,1.01217571788832,0.952057812769547,0.9112959197426147,0.8686315920001071,144
participant_full,0.8912509381337457,0.0031697863849222286,0.9842419484291274,1.1518574864225788,1.0550616409634412,0.9775277576299818,0.5226842254324986,1.0836344900656907,0.45834721514052285,1.2046080321387937,1.348759179505603,0.605224620634356,0.9360315293260099,0.6299258602947029,0.9647478834730958,0.6436748051310015,0.8066853632557432,0.5154313463149339,1.890800851592423,1.6556199271284697,0.848854569020768,1.0928472240633447,1.2925149610485867,145
participant_full,0.6309573444801934,0.000502377286301916,0.9856792252667235,1.1676209252889902,1.1420995873959852,0.8321698019819177,0.5665287360879847,1.0503222205669767,0.39109571137549004,0.9407702052223531,1.2466164457584852,0.4996254526159028,0.9007612552247428,0.5963179056721835,0.980931912293244,0.9637438904006845,0.7796971286589746,0.5173706270095578,2.010767609773188,1.8557156497574432,0.9488771309985001,1.0460591435028115,1.2764931657490517,146
participant_full,0.6309573444801934,0.00020000000000000004,0.9868260712897857,1.2842718891255764,1.0671013415751924,0.8683808386231682,0.6016938323845551,0.9298767450798522,0.42350981709542684,0.8823005734018661,1.5427876058927363,0.5960538474135099,0.8889907570878783,0.6918920800479171,0.9901013431076816,1.1674931500753942,0.7717703788273174,0.6035212538548894,1.7203223384888369,1.6758375623263813,0.9120013885977547,1.0445397511247905,1.0740749316649876,147
participant_full,1.0,0.0020000000000000005,0.9918159841500731,1.1725499794672467,1.0374405778790383,1.0279056940950173,0.5591021584158431,1.1161286862624655,0.456952657242368,1.1643045074648888,1.3539345044884388,0.6351725556248474,0.9164801259459067,0.6091665828888648,1.000032391553138,0.6382570025177708,0.8507566807287044,0.5047581804290234,1.8661040298491085,1.6473818880287425,0.8738297853553807,1.080275241894166,1.3257864528705041,148
participant_full,0.707945784384138,0.005023772863019165,0.9939533813240896,1.1026139378511968,1.1266268238690276,0.8675089739347344,0.46552715202322703,1.0785351319974035,0.4426326274244746,1.2927409074137022,1.365864181822408,0.5560291721008289,0.9730308449919685,0.6510356716509211,0.9458706567237172,0.6599254100447407,0.7651120111892942,0.5421080208151461,2.019174041361315,1.7450079951617674,0.8496023554611212,1.1362378688339345,1.2938838418108642,149
participant_full,0.35481338923357547,0.0003169786384922229,0.9950673809214232,1.0821627716835964,1.109153454799533,0.9957030322133361,0.9618635043424453,1.1438873916845547,0.4914391497324796,1.2540470022161505,1.6174995405546935,0.7977993479149126,1.0854969147258902,0.6564131831519155,0.9671740554223593,1.119360987150256,0.8825266343515903,0.7108669661989429,0.8971451173959041,1.018534175013081,1.2328815305935676,1.0447907477712726,0.8326021115119863,150
participant_full,0.6309573444801934,0.005023772863019165,0.9972347232003311,1.0818741320836083,1.1595032419342526,0.8141005790682815,0.4495801893928343,1.0737280811216379,0.43360202128478276,1.3006449223278864,1.3705847277558962,0.5234059329825324,0.9926223721553207,0.661530725687658,0.9388648676822742,0.680182470748752,0.744526240736676,0.5599449739943932,2.067341561728285,1.776978656129458,0.8632278611635957,1.1625782388369112,1.2898726671915859,151
participant_full,1.0,0.012619146889603867,0.9981537271184578,1.1067886868942407,0.9322228319887561,0.9955199795792931,0.7890133355315067,0.893889580578587,0.8189542373751,1.1394512325592085,1.201327644447513,0.8370360799404342,1.0728947803627777,0.8884479079292925,0.9557203154389649,0.8408618941579658,0.8520083749767476,0.7881314720253147,1.514919210288602,1.3042268992704364,0.9035351281800553,1.0984002155236812,1.0297247353206778,152
participant_full,0.1,0.0007962143411069948,0.9983418034415246,1.3479501423566311,1.1197743850601078,1.00539937311403,0.8915207107694364,0.8453845008696608,0.8143567499202391,0.978623832314832,0.9633821342857078,0.8039627112343801,1.1425506904170366,0.9246572437793061,0.9180330518933056,0.8769283337353398,1.0842961291673774,1.0270923957045188,1.293355501744793,1.0339459796917243,0.7432252754657411,1.1483933846839136,1.0040035426224105,153
participant_full,0.8912509381337457,0.020000000000000004,1.0004316589752904,1.0981765533181649,0.9340638147324034,0.9621168433179385,0.8045956433483601,0.8981399676029689,0.8301881773062536,1.1518332831892555,1.1972504410988976,0.8456281027384026,1.0727241659577467,0.8958207393663248,0.961122567502421,0.847305360429875,0.8701104372437787,0.8016331529869068,1.5087167619341693,1.2990322956589313,0.9113900251848742,1.095081964144028,1.0237028824441048,154
participant_full,0.11220184543019636,0.0007962143411069948,1.0087542603088324,1.426899243599458,1.1641552073846482,1.0040672597316604,0.8539472932448049,0.8681643570503287,0.7980532163221161,0.9900635265591248,0.9634941224566619,0.7837744848109397,1.100590335507193,0.9731941411038434,0.9772431201196106,0.8592658959615662,1.137662719404754,1.0324337189775543,1.2628509626432913,1.067864605679205,0.7432877071632985,1.1594284102500951,1.0086448782065007,155
participant_full,0.3981071705534973,0.0003169786384922229,1.0090529965608566,1.241845590787167,1.1014980406456172,0.7885493642436093,0.7426398315243462,0.9812314396490865,0.5943335091549325,1.2348605963429895,1.9156053437771043,0.9215617222941429,1.0390091130297574,0.8312829877718049,1.161411410740776,1.1032139435566217,0.8118867084995591,0.7096088158511535,0.8813886576307878,1.068175667035021,1.1118558608276232,1.1473965679083507,0.7937047599466784,156
participant_full,0.223872113856834,0.0007962143411069948,1.0103405914444719,1.3170834587351088,1.1094139308644397,1.2795783598174753,1.2124894408212834,1.246018631217791,0.5814390007881599,1.0015055302673601,1.0147168340247554,0.7622710968276738,0.9758205318868697,0.9567868026182678,0.9365839770283865,1.0905994298707633,0.8790883396220497,0.8283473338158718,1.0794949054879883,1.0672630310972369,0.9196786161431681,1.023983333458372,0.9246492444964151,157
participant_full,0.6309573444801934,0.0007962143411069948,1.0105708289619044,1.1343919486058556,1.1817517802897939,0.8281777631376052,0.5412289273010463,1.1150451050781531,0.38786206933518297,1.0618820179112276,1.2799017214213273,0.5103270894270636,0.9363989742891963,0.58923332145542,1.0041234856080588,0.8751388704690577,0.8049228675083808,0.5112231634966233,2.1133085108528826,1.9083741155477227,0.9829466605948285,1.1003247110168446,1.3448534758918171,158
participant_full,0.28183829312644537,0.000502377286301916,1.0119412295093122,1.16733504599373,1.0858628479288064,1.3924376581028564,1.408391839030672,1.4025923098655368,0.44210555805712487,1.1064320625101467,1.2627738441750256,0.6471334010080569,1.0393107206785843,0.8685065288342495,0.8291238857061932,1.1561132672549719,0.8704946067296928,0.7275849085215376,0.9577071219673199,0.996232184387412,1.0776273478509795,0.9252180660418242,0.8758413855415246,159
participant_full,0.5011872336272724,0.0003169786384922229,1.0141940930382143,1.5155046332815247,1.001254522160854,0.7754038208769748,0.5671561124723298,1.0061579403686722,0.5685054307500745,1.0189539455736432,1.9507573239849036,0.8479518250144625,0.986395181291759,0.817701648745788,1.133330919530504,1.1297412019633433,0.7685788934340737,0.7053000789797579,1.1617534773923666,1.2155294355580883,1.0665886426145923,1.1969799347685475,0.8503368920020267,160
participant_full,0.7943282347242815,0.0031697863849222286,1.0161394344546615,1.1239160318380799,1.1302216643403042,0.9208829677696982,0.4921877719231018,1.148438597892994,0.4261686361733581,1.2794012061706395,1.385349044515322,0.607012881306623,0.9474568637225682,0.6142153994698467,1.0116071517427716,0.6467657892803089,0.8379144679763012,0.5111343005858103,2.0499413448031696,1.794726237996769,0.9001899359940678,1.1210271587143377,1.3742312368771588,161
participant_full,0.6309573444801934,0.0031697863849222286,1.0195377912853898,1.0826854978005636,1.196693748395607,0.8180610862171734,0.4514858923559242,1.1282736313138115,0.4059322349543553,1.2855178782597492,1.3849816759405573,0.5346307773914848,0.9887252716462219,0.6348357320369205,0.9871547778785636,0.7003039057611982,0.7865354838887955,0.5415047081364018,2.1470035243408554,1.8633263760260639,0.9268287176189268,1.1700879396626442,1.3561869660819768,162
participant_full,0.12589254117941673,0.0007962143411069948,1.0204906844313644,1.479047052262438,1.1992476060502812,1.028994948734693,0.8174502311812457,0.9165105542918344,0.7898652868442756,1.0255262355305828,0.9668093710709398,0.7833485181194687,1.0286791447955155,1.0263980168371805,1.03407908852997,0.829022341595685,1.146741689528256,1.044931873277948,1.2110883242498673,1.1166645595262956,0.759597345347836,1.1866420014291124,1.0191694994238625,163
participant_full,0.19952623149688797,0.0007962143411069948,1.026587943083984,1.3158626417959727,1.1483460868650897,1.2225353645712838,0.9855940449346343,1.128444950143051,0.6770388847513612,1.0557663918536773,0.9591468270504251,0.8338226430192837,0.993147354913902,0.9983353911294104,1.022373132952906,0.9965886792429233,0.9190682183701699,0.9430973381888794,1.0977378864816398,1.149410441161286,0.9006310892727672,1.2009388016296478,0.9838726933513648,164
participant_full,0.6309573444801934,0.0012619146889603862,1.0277421397134547,1.107765852151789,1.208243305313503,0.8274050259843502,0.5107980890498336,1.1506827308493235,0.38818023462577056,1.1644725960941922,1.3356703093935387,0.5283176148297202,0.9634862518830944,0.5970681583583698,1.0195249576783518,0.7990126690936177,0.8179951991337259,0.5163135767960623,2.1727021130167268,1.930328898687455,0.9919116740239851,1.1413927454438797,1.383570791861804,165
participant_full,0.14125375446227545,0.0007962143411069948,1.0309091789018254,1.4673162992882869,1.2242000567806648,1.0872345026591943,0.7938168075698316,1.0079152270401206,0.7782539156115942,1.0747425266710393,0.9990848899882755,0.8016969122514365,0.9625561536064756,1.047258706000718,1.0765576486334558,0.78434820466105,1.0759512912157225,1.0637604251954695,1.1577568580073418,1.1731891651176602,0.7839362611104292,1.221864828970007,1.0367428976577355,166
participant_full,0.6309573444801934,0.0020000000000000005,1.0309832482580772,1.0907126211813982,1.2140642380888467,0.8241624242709232,0.47790863946808865,1.154950794095708,0.3926278052514087,1.2402031055502014,1.3742303719793054,0.5383524620422305,0.9800967043901432,0.6131575808829843,1.0147695348199395,0.7398160330130342,0.8123074616490771,0.5270057330003057,2.184236582113796,1.9161030639561811,0.9724366365323316,1.164271461027399,1.388251711848239,167
participant_full,0.707945784384138,0.0031697863849222286,1.0326528961163275,1.0936948146101488,1.1868967661097898,0.8706377042245528,0.46728702953806955,1.1678334112623578,0.40755531711376725,1.316516271275622,1.4047224195355126,0.5860267000330566,0.9697110408694293,0.6168841557994356,1.0210366553010253,0.6663345427389069,0.8327504153779876,0.5212655869466439,2.154589774930952,1.8803024789269898,0.9335382837343019,1.152765242656144,1.4027093113418565,168
participant_full,0.31622776601683794,0.0003169786384922229,1.033059896187146,1.0891142067150634,1.0983387520734298,1.3876382622274084,1.321872615011788,1.4063983383879508,0.41077489919913984,1.2207452643209833,1.4173443459181403,0.6560594270920082,1.1340329852421296,0.771925634065438,0.8071243151705048,1.183355544137791,0.9357906007589275,0.7543814563802202,0.9405294304369722,0.9857642856666594,1.2669768892690314,0.9869004193716471,0.8861302522976896,169
participant_full,0.44668359215096315,0.0003169786384922229,1.034063447618149,1.4448863372324268,1.0485130578008373,0.761704565417014,0.6189385567157843,1.0296016266136312,0.6226217771740669,1.182524375237903,2.0506150498134628,0.9403565434149007,1.0354642203937972,0.889898676969396,1.2247517307324733,1.102936078772603,0.7745032616597806,0.7313499646965533,0.9661387428444896,1.1085927083289273,1.128197727988246,1.2291041858588094,0.7905697646978749,170
participant_full,0.8912509381337457,0.0020000000000000005,1.0346695498869818,1.1474733884204094,1.1221164116412052,0.9734490870390424,0.5347094380899641,1.2040798624065085,0.4362810411198533,1.2524590462627643,1.3980871175818055,0.659129063497339,0.9218404697992254,0.5866066437655173,1.0679042365035063,0.6393875293913781,0.9025022587049552,0.49549597397012546,2.0523041248854357,1.8174085150619521,0.9423612421731369,1.1041455198468852,1.4356500275786293,171
participant_full,0.707945784384138,0.00020000000000000004,1.0356831369908677,1.1772979345835375,1.1721326198369926,0.9022271974702907,0.6447917330193841,1.1179110234132783,0.39185561199482943,0.9392196857711459,1.2559083163803797,0.5182265020496383,0.8958925296658519,0.6294700722955195,1.0389421988112684,1.0772899027032643,0.8398311853541905,0.5353591037385528,2.1594335002212164,2.024901102158674,1.0068499972480989,1.032401278393622,1.3537212447076192,172
participant_full,0.15848931924611134,0.0007962143411069948,1.0383065810842707,1.383638291551443,1.2295729135288496,1.1499327430086788,0.7915916877245638,1.1128203363599665,0.7640846576433644,1.0999757972561306,1.0373427083494544,0.8319854630964834,0.9448043227586685,1.0466621236843792,1.0936602557622082,0.765069212271173,0.9852020473646659,1.0687146808731096,1.1090619236544075,1.213151656489389,0.813962926452197,1.274799201652597,1.050098672203684,173
participant_full,0.1778279410038923,0.0007962143411069948,1.0393748222257009,1.3161037616574438,1.1975048881833754,1.190496581239294,0.8352412747963234,1.1551578380029723,0.7382300799711405,1.086049919853152,1.0126266275965121,0.8549312199617847,0.9724810711817671,1.031299929493398,1.0765422942675893,0.8641096659501649,0.9390417081810405,1.031142415301057,1.0846659433087933,1.2079116225337558,0.8567127495770167,1.302115132229415,1.035131721228024,174
participant_full,0.5623413251903491,0.00020000000000000004,1.039612950726708,1.5248474682079496,1.008465666045984,0.8213969637195964,0.5843243635845501,1.0234738568879556,0.5205875721041775,1.0125143441014985,1.9460358800534288,0.7995885433498893,1.009289953834216,0.8179793985468343,1.0916766722026803,1.219833669380402,0.7935481881842609,0.7210215027174186,1.3642477154895878,1.3562304249057364,1.0470295828835106,1.2180107163401679,0.9121565319943153,175
participant_full,1.0,0.020000000000000004,1.0412263098101664,1.0831647531535924,0.9283997830277231,0.9923680544429592,0.8926456436060111,0.9567184180486382,0.9319137716830233,1.1636440616500718,1.1678105093234188,0.9343423239315495,1.1266643487996162,0.9703242810061534,1.0320642447524382,0.9254813859712783,0.948802384008928,0.9026081061919976,1.4703224536574635,1.2643583556064795,0.9737374525004361,1.1112911570305333,1.0478647078110181,176
participant_full,0.1,0.000502377286301916,1.046417223378262,1.5160238608492533,1.1657462041359796,1.040705479409239,0.9912643228956494,0.8353172720133285,0.8268173394205618,0.9645735697097451,0.9881575806797311,0.8079950768236858,1.2504214510329223,0.9519305465559258,0.9325676956335988,0.904588455759099,1.1769985071896387,1.0645381641704506,1.4030882636525668,1.042535225634889,0.7419695406532671,1.2833294745653292,1.039776436780382,177
participant_full,1.0,0.0012619146889603862,1.0475536619533994,1.170985771043118,1.1043591588971622,1.0227725246186345,0.5793193086705309,1.2433471676274315,0.4624293936357803,1.2148940698805692,1.4042041431335441,0.7029832873341677,0.8989314653686039,0.5695116330553615,1.110968200760865,0.6372679255360894,0.9539450023110412,0.49300530256941133,2.0302478663800647,1.8145753877871127,0.9730114417514285,1.088032607298893,1.4762815814081807,178
participant_full,0.35481338923357547,0.00020000000000000004,1.0575197906337617,1.0519348429523,1.1314010952542586,1.248074898263153,1.119444496704836,1.3295160348929573,0.4217941469782005,1.3365022789372807,1.626498930165146,0.7517845267910404,1.2170422238702645,0.6640954687842366,0.885567817806274,1.2187067396164406,1.0007666684846974,0.8039239848105577,0.9567560663234043,0.9863916756406341,1.3995032154389602,1.09549565993022,0.9051950410303755,179
participant_full,0.251188643150958,0.000502377286301916,1.0610935747778436,1.382841222340001,1.124415046071754,1.5010563538138686,1.4370616497669404,1.4280387908586265,0.4939008159658312,0.9987505580165031,1.1990013392400858,0.7289968533101374,1.0642093982105445,1.0196790146318033,0.9007318819707988,1.2027905676731128,0.925420333166931,0.8411156634558956,1.0723293430581127,1.036530742891428,0.9523850754826334,0.9724830196695095,0.9401338259623507,180
participant_full,0.3981071705534973,0.00020000000000000004,1.0616712243820066,1.2165068472141485,1.1440415440492437,0.8546297736431278,0.8435629798097448,1.0450135778310436,0.5595102116664971,1.3733886943055122,1.9869740416639883,0.9304148942940522,1.1519410670041108,0.8496452950802752,1.1601193298444938,1.1930084784190815,0.908213518998538,0.7830846464761583,0.9117340676989849,1.0414778945883458,1.216958532860469,1.2116700513521055,0.8515290408402102,181
participant_full,0.707945784384138,0.0003169786384922229,1.0621765515936286,1.1375684061697355,1.220733146479168,0.8977667874090465,0.6299444937430265,1.2030448496503015,0.40112499303493276,1.0243055119159021,1.2661814575151609,0.5468677184181939,0.9186046436950474,0.5965924565800659,1.0769473641026859,0.972441283055366,0.8849074880160461,0.5123516568798024,2.2720716989245107,2.0918997100439802,1.0654789081756455,1.0792727812550509,1.4454256768089044,182
participant_full,0.7943282347242815,0.0020000000000000005,1.0670793382532833,1.11253638433582,1.2006727709524467,0.9302488454170061,0.5172581670528916,1.2519411783347922,0.42028323530575273,1.3174372801899363,1.4331096369034235,0.6597244073413164,0.9419857379648043,0.5805375739514875,1.099889437430431,0.6564957498058925,0.9199928968127402,0.49659030651438896,2.2097550711596177,1.9562188482053213,0.9984701262770859,1.137102300641502,1.5013368104690106,183
participant_full,0.11220184543019636,0.000502377286301916,1.0675369436227284,1.6292364672040158,1.234379430584668,1.042830198173186,0.9406252753610765,0.8612597050908294,0.8005980476870249,0.9703131949336287,1.0326381607940638,0.7844088203680051,1.2205031349365794,1.0176399271968455,1.0076265426047517,0.893263972459647,1.2639406325729823,1.078700622238819,1.3842003985394364,1.0819447632912307,0.7539408719796483,1.3064171544309298,1.046271552007201,184
participant_full,0.707945784384138,0.0020000000000000005,1.068176479933145,1.0852143096385434,1.238362049227408,0.8841369495930174,0.49824763210112055,1.2363680851973398,0.3989816450498267,1.3188181584066863,1.430076944786249,0.6163259778334514,0.9674640430903862,0.5911096232322384,1.0803296502414153,0.690791021496852,0.8881982210894149,0.5082222432556058,2.268548000070244,1.9994544696681646,1.0119739794152263,1.1641578405773674,1.4867487546923432,185
participant_full,0.707945784384138,0.000502377286301916,1.0868431745895324,1.1022097023841184,1.2593492973287304,0.9026439581070559,0.607637775812772,1.2592047055571554,0.4088488010869583,1.1401979147697925,1.3362528351445317,0.5881515625965213,0.9408992576642048,0.5779578215116383,1.1116222024191607,0.8776238381116158,0.9187228711249655,0.5019846923546261,2.3443240395762768,2.128272274927031,1.097874837205577,1.123568673126229,1.5095164309816869,186
participant_full,0.12589254117941673,0.000502377286301916,1.0915202240581814,1.714292199069554,1.2927927757935413,1.0782624659977529,0.8800016428231711,0.910928725513861,0.7952167429499177,1.0240485410381575,1.0693174741856666,0.7878714564915565,1.1355080839019,1.1060460576034299,1.0903604217937244,0.8673319040262559,1.321858756795431,1.108890132400693,1.3200120927918362,1.1368576719014363,0.7819771197687461,1.3465545304399438,1.0622756858770508,187
participant_full,0.707945784384138,0.0012619146889603862,1.0916396920501332,1.080323480848582,1.2707800818147936,0.8980666143241913,0.5395275906352565,1.2761356130766959,0.4048572872210963,1.29144496971321,1.4300679643067293,0.6295563571588086,0.9636556474617979,0.5754728926192737,1.1162682960279484,0.7342251761360009,0.9227582977518148,0.5012485885051555,2.3437493976037085,2.0850154959187486,1.0700084592339199,1.1655153939455096,1.534116236699424,188
participant_full,0.223872113856834,0.000502377286301916,1.0934388538106152,1.4797109576478173,1.1708405984880688,1.4344365848685858,1.1937259646480538,1.2836887871915978,0.5934192359930933,1.0530057273408968,1.0985138302373714,0.8409607126705863,1.115449878961058,1.0889479869690937,1.004706170579016,1.1572880337747855,0.9920083321910551,0.9779277810389704,1.1636312682753378,1.1276669864481648,0.9499755474585159,1.1354357858404598,1.0074369055897783,189
participant_full,0.8912509381337457,0.0012619146889603862,1.0962055571468279,1.1363790913972722,1.2002855286204395,0.9867249378766194,0.5755400479603979,1.3207539363418799,0.4622502965068128,1.302911225796326,1.4532483585224978,0.728219447189922,0.9133804825403553,0.558408643255538,1.1683264622436176,0.651448718763513,0.9962941848963581,0.4893785221320622,2.2312013176379404,2.000297222741215,1.0512489360260988,1.118513103954602,1.5793006785330923,190
participant_full,0.707945784384138,0.0007962143411069948,1.097929305148846,1.0835776335780496,1.2778700952684232,0.9045639027457769,0.5772805687310177,1.2838232096128634,0.41017532480626145,1.2313058472243437,1.3978691398518601,0.6195070130185165,0.9556431701392537,0.571061658686707,1.126319267581018,0.7970049438883476,0.9327242302492257,0.49908944390541177,2.369638855960389,2.1278791183938375,1.0996189662304534,1.1527514730572255,1.5408822400479334,191
participant_full,0.5011872336272724,0.00020000000000000004,1.103885391998437,1.6229941809301998,1.0202179994233371,0.7813523661370196,0.6068174381265564,1.128900057146429,0.6131682916395904,1.2643197333081375,2.2242637096896716,0.9597740826650512,1.1281286001170416,0.9559941057917513,1.2783503086717887,1.202694235560792,0.8100672342583058,0.8107810421416065,1.1101630007429626,1.1606350657514741,1.1853755899481757,1.3577648030936857,0.8559459948251632,192
participant_full,0.44668359215096315,0.00020000000000000004,1.1046565738268732,1.471504101071146,1.094704836106589,0.7728982707884857,0.6862813806165478,1.1056265176190392,0.6389889147418744,1.4000783137358106,2.235510387595807,1.0098905947601722,1.1545296937991476,0.9984077792731563,1.315419222848756,1.1806358476418475,0.8320941363996995,0.8119751141738227,0.9495520788083931,1.0825964885548576,1.2053004462122883,1.3365974489308596,0.8105399028591667,193
participant_full,0.28183829312644537,0.0003169786384922229,1.1066144725945617,1.3361781260529604,1.1231133883822877,1.6841395460934279,1.5908218237789726,1.5863505856969016,0.44197492589861664,1.069641864315725,1.3854644029592684,0.6737555200505472,1.1684285409712978,1.0440269431817553,0.8727857803700134,1.276404389197293,0.9810479233810231,0.8578180600909897,1.019085491478434,1.0167361834728064,1.072321804913228,0.9770162041371535,0.9551779474685359,194
participant_full,0.14125375446227545,0.000502377286301916,1.1100598013134373,1.7309479267318149,1.3289924526843087,1.1670458167453301,0.8227871476846398,1.0144379672623365,0.791167623169627,1.1212455871637723,1.0691367081535927,0.8187808646100162,1.0414388726322872,1.1665172194421902,1.1491295599176143,0.8204995020075797,1.2596311374700069,1.1565725627675032,1.256989204031969,1.2129935178507028,0.7951862025911035,1.382398839417691,1.0952973139346605,195
participant_full,0.7943282347242815,0.0012619146889603862,1.1163554555543722,1.0980529575285947,1.2667038368102004,0.9538220225962164,0.5654077677330667,1.3359994238427753,0.44206307221313923,1.339034216159692,1.471221749166073,0.7067176109557197,0.9394766781062589,0.560616003477963,1.1718103138780271,0.6829963202010287,0.9884119939066149,0.4913997449730988,2.3575580735526964,2.1084910648412096,1.0908284947178797,1.1509193941522065,1.6055783722749848,196
participant_full,0.1,0.0003169786384922229,1.1164980083572895,1.7317065243914165,1.2101821760434202,1.1143254701717482,1.144883316404658,0.8201667491226905,0.8704405357021301,0.9675669341970524,1.0374266010339706,0.8159178118262636,1.3868805436667677,0.9961467489254279,0.9600898611541895,0.9429590047611969,1.2930784916046703,1.1132770125618259,1.538606413232968,1.0709861247107022,0.7623764936844166,1.4536303029990907,1.0993130509511808,197
participant_full,1.0,0.0007962143411069948,1.1167100196047495,1.1620993239686523,1.1869210721163224,1.0363342725140188,0.6301189653671049,1.371042185681902,0.5079945148767275,1.2744760835006412,1.4640815462893704,0.7839916672529557,0.8873898544819774,0.5511654905760993,1.22181378911066,0.6506397593467278,1.0569084806160318,0.494125531381113,2.2212190766984143,2.0121139483729023,1.0889334648771276,1.099684610145549,1.6331467549206942,198
participant_full,0.19952623149688797,0.000502377286301916,1.1181749374871377,1.4552214580800726,1.2317714981057817,1.3515801596792458,0.9212198759675164,1.2397542837306936,0.6973958356837056,1.1281157764562733,1.1030611391542278,0.915519210966633,1.135082168548009,1.136484204627086,1.1065280074863388,1.0174431829105908,1.0255847121065877,1.1081494175355275,1.166413172417636,1.2358336101974334,0.9270636040241141,1.3711859973384946,1.0900914347267874,199
participant_full,0.15848931924611134,0.000502377286301916,1.1251595687179388,1.6193802150841083,1.3432130445314505,1.2652756652833375,0.7856577481548375,1.1698578084804079,0.7867344936183571,1.1942522352620932,1.1397748938568042,0.8656677106485653,1.0142411473134432,1.1796826874665272,1.1806666387637743,0.7764619603239549,1.1284004111406283,1.1995870981607304,1.205970850286565,1.2789217753287805,0.814799191905907,1.4195431228999718,1.1351026758485365,200
participant_full,0.1778279410038923,0.000502377286301916,1.1328396952767672,1.483787822543919,1.307313946161442,1.3213261968054755,0.7954407481469504,1.2742586170159504,0.7597301667099737,1.1813718387576984,1.1738642562543675,0.9139533301120217,1.0715497267196232,1.1739844652096032,1.1660738411447942,0.8600420998090627,1.0474107493210514,1.1899391077835377,1.1646544719978262,1.294536964211518,0.8661283713969133,1.4664805614568734,1.1449466239767419,201
participant_full,0.31622776601683794,0.00020000000000000004,1.1376030645325925,1.1973999395114667,1.120277212820476,1.7303595285343039,1.5613223080078207,1.6266255222756834,0.43301672418690185,1.2104820951468462,1.5546599749679562,0.6368347944155689,1.2823672276723381,0.9721175780344069,0.8364963501823887,1.3116891581724286,1.0568401500214928,0.8822693539912082,0.9963168170083307,1.0067464707761127,1.32882912668129,1.0360455167956952,0.9713654414491417,202
participant_full,0.7943282347242815,0.00020000000000000004,1.14984130089096,1.1086357553063397,1.3050049558008585,0.9796902052844505,0.7058888444024878,1.3596207324387475,0.465583221203872,1.116913891097879,1.3310601580009167,0.646445996992681,0.9215759478269426,0.6111332121666861,1.1976281919102914,0.9642990196173141,1.009817788912113,0.5160870141137303,2.518373433774389,2.320038638381946,1.1931213314808133,1.1045235740821504,1.6213841050245914,203
participant_full,0.11220184543019636,0.0003169786384922229,1.1530584509461335,1.892857416292593,1.3075172698307915,1.112718577074267,1.0868602820199045,0.8490532926076455,0.8286281774751029,0.9488254095147797,1.1594719166282106,0.7851998140327165,1.3922229115113012,1.0865562235131803,1.0398126747305994,0.9377886519524076,1.409985010358422,1.1311720457737169,1.5529744970505,1.1249519043879386,0.8096140040103108,1.5037927226631898,1.1011662174950947,204
participant_full,0.7943282347242815,0.0007962143411069948,1.1532646756014644,1.0827999607237029,1.3163707385695453,0.9776644927100128,0.6146383019338602,1.3913757137193066,0.46548097975105335,1.3333470625527386,1.4861728435634158,0.7332053809860337,0.9380274475414039,0.5569762994045514,1.2192854988291153,0.7264642719153758,1.034467980732885,0.492315774553462,2.4729110328252446,2.229911513345389,1.1630765136593084,1.1579885342305043,1.6728131704823794,205
participant_full,0.8912509381337457,0.0007962143411069948,1.1582151183569445,1.1198365519606834,1.2794173464448115,1.0193642530100706,0.6344333366798146,1.421064203821271,0.5033763095529713,1.343210533086348,1.5038333380169822,0.7910107827728906,0.9090036223965022,0.5511667242465838,1.2541078429006753,0.6778142295789678,1.077898159864852,0.4922343135579691,2.4089746946258828,2.1832981780430756,1.1565506017942186,1.1330209529516544,1.704686391832666,206
participant_full,0.251188643150958,0.0003169786384922229,1.1611265835058018,1.6261718116667012,1.178774573389252,1.7168150186835096,1.4891053951614144,1.5033727238827579,0.5242633734675213,1.0152491622894444,1.3115963520214429,0.8021093507527519,1.2244447976379484,1.1893470030445983,0.9639799350280098,1.3059221643030654,1.0653536174700264,1.0080355600065145,1.165174068994282,1.086235413089596,0.9686387045111842,1.05355132211487,1.0243913226011405,207
participant_full,0.7943282347242815,0.0003169786384922229,1.1693982142295787,1.0747573310181902,1.3358819676063531,0.9904887543329377,0.6861580338126626,1.4025658106207486,0.47869811762117526,1.2206632648577769,1.4136815203493016,0.7011682308010073,0.9308629459435356,0.5862615251535073,1.230460971940893,0.8677660837441108,1.0438898619820374,0.5047033363337825,2.554966062937831,2.3347594369821834,1.2161621321843672,1.136647127921375,1.6774217684478032,208
participant_full,0.7943282347242815,0.000502377286301916,1.1714265217519173,1.0711927874277427,1.3405758345204508,0.9909141956119836,0.6556981242406635,1.4136603133156644,0.47882830718873326,1.2941435129853172,1.4680198093724832,0.7317502712157704,0.9357999931086013,0.5671943548943552,1.2387073610533352,0.787906529537859,1.0531710543158188,0.4970408273577248,2.5406760550312066,2.3064007133337414,1.2061852053301438,1.154206380287782,1.6964588049089726,209
participant_full,1.0,0.000502377286301916,1.1896485245231487,1.146675199595443,1.2762741986028643,1.0753116682847499,0.696718195349298,1.487034821446114,0.5619656923836384,1.3308518994445182,1.5250989137230868,0.8610528841560262,0.8803785870991632,0.5594203958058204,1.3214952151922748,0.675600320701833,1.1509022491660605,0.503881388733455,2.422506035785525,2.220777370116123,1.2052504920687797,1.1132724023227953,1.7785025604854081,210
participant_full,0.12589254117941673,0.0003169786384922229,1.1946195167925018,2.018735679430326,1.4001872842422973,1.1445306532278496,1.0040696052110936,0.9027280765989788,0.820444749295827,1.018135610590215,1.2775747323884736,0.7880555158419555,1.2987486268766473,1.20114433487811,1.155322289487232,0.9200422119257625,1.5351280903756597,1.1793874842983887,1.4820238281238811,1.1795244917866803,0.8808460879938661,1.568982650942162,1.1167783323346285,211
participant_full,0.223872113856834,0.0003169786384922229,1.1970425004764584,1.6841829576050642,1.2396173258462433,1.5781774794546053,1.1229358754698189,1.3039551419832816,0.6350248628242058,1.145851543085007,1.2335104726966803,0.9379625040456014,1.3165599524933476,1.2514636860403876,1.0896300275434911,1.2092116248406097,1.1392840770209265,1.1715324124822142,1.248040791547551,1.2148696386574844,1.0018454213108794,1.299478118624623,1.117716095957147,212
participant_full,0.8912509381337457,0.000502377286301916,1.2092855931469035,1.0990057041264134,1.346606780457551,1.0544493081468003,0.6906258290567088,1.4941460168362877,0.5391335655462506,1.360572801251885,1.535507249615968,0.8336504299126377,0.9074140801138914,0.5640158817048952,1.3159631953381725,0.7182754032636138,1.137895400918316,0.5005685031987931,2.5631867159812933,2.3414697617276152,1.2441352220548767,1.1437789754674763,1.7953110382186246,213
participant_full,0.1,0.00020000000000000004,1.215992583457394,1.9996850029125561,1.2541097240564991,1.26076839164352,1.3558128326997227,0.8008428823277193,0.954700176141029,1.0177807483836994,1.119820424950047,0.8323740198719054,1.5423032904550136,1.0600625531673082,1.0205197389979044,1.0036796148213374,1.437537248064825,1.1812213904302964,1.694543142025464,1.121884283803511,0.8036528429153412,1.6515615935395171,1.2069917679406597,214
participant_full,0.14125375446227545,0.0003169786384922229,1.2263218069231314,2.0871883808250247,1.4521074806062866,1.255925434247739,0.90972842525772,1.0070297822983476,0.8247580864375517,1.1732863068358188,1.278723407968625,0.8333744329689511,1.1625907230983266,1.310701982971525,1.2403636290601168,0.8709131272262531,1.5155186221954775,1.2547412388920236,1.3950780691836577,1.2665064017644538,0.9063019688435663,1.6204494817168402,1.1611491560643246,215
participant_full,0.28183829312644537,0.00020000000000000004,1.2275811599461735,1.6209977554319583,1.166940345326672,1.9941644290906395,1.7632534508571307,1.770836393301155,0.5297799353836513,1.0355055727482214,1.530957264329823,0.7263144924534165,1.3466581492225347,1.2694011240178493,0.9590059900214432,1.4131391631323216,1.1283222230369152,1.0331317838982859,1.095302585727542,1.0685203809265051,1.023813105990832,1.0311908545795847,1.044388199446989,216
participant_full,0.19952623149688797,0.0003169786384922229,1.2364051377863992,1.6439234349056335,1.3334113606648124,1.4898564130652736,0.8361532289240389,1.4106725606120183,0.7522904258366319,1.2434865604655634,1.3223584864015752,1.0045124693768546,1.3145440266735227,1.3091190027265684,1.2063663594828256,1.0162689460060765,1.163345707540925,1.3117555198543318,1.2430803645741486,1.339098834346848,0.9623369621794611,1.59367504120454,1.231847050886331,217
participant_full,0.15848931924611134,0.0003169786384922229,1.240065115566029,1.9750821797511655,1.4706843648827888,1.399761017329443,0.8163307537347357,1.2079879969377785,0.8363980182253792,1.3135404402486923,1.2664763201822704,0.8970788520228805,1.1025909212152398,1.3463345077780886,1.2864807872351816,0.8052016137940295,1.3430802196544558,1.3454938264305831,1.3369296894151521,1.3497799545834959,0.8622034073654913,1.611728562429575,1.2281388781041518,218
participant_full,0.8912509381337457,0.0003169786384922229,1.2412659496860425,1.0761669188979437,1.3903517690823561,1.0778903621531046,0.7364243923192338,1.533664433906876,0.5610326827948867,1.3457838664150228,1.5361426552732627,0.8470010575685517,0.9075519574789107,0.5880796222458434,1.3485144185121942,0.7744275326876076,1.1695409252158977,0.5115117847081513,2.674358354235721,2.4553243961873044,1.303451566989731,1.1469181818995366,1.8411821151487142,219
participant_full,0.8912509381337457,0.00020000000000000004,1.2507835972285568,1.0600348506965636,1.404060210340993,1.084027745060987,0.7692849968528518,1.5383067396674561,0.5658568385377176,1.2950349209852035,1.498854507730662,0.8270615248438921,0.9083538579767803,0.6153616467610478,1.3508234918960391,0.8484758117342649,1.1703096691007058,0.5229083520751583,2.731718842533482,2.516786356855092,1.3287450741760902,1.1393282968141873,1.8403382099319558,220
participant_full,0.1778279410038923,0.0003169786384922229,1.2516540041586013,1.736386574503999,1.4380504748030656,1.4755139434978854,0.7674281506307203,1.3916307036066458,0.8318442844143373,1.3436459308614082,1.3695492074929128,0.9702805311026983,1.180549696933411,1.3489867356871956,1.2771749899592628,0.8459600691672241,1.2024816480563403,1.3757119613698405,1.2760543161947608,1.3876439922327497,0.8834285824081188,1.6556758616311318,1.2750824286183144,221
participant_full,1.0,0.0003169786384922229,1.254601781407124,1.1250615201814782,1.359422851000799,1.121557387015646,0.7601159735406243,1.5789516588726784,0.6091187345957824,1.3702422449846616,1.5729559514952491,0.9209697032188291,0.8769460561414215,0.5874006526908868,1.3995506498577115,0.7116024243289725,1.2260006517060271,0.5193209360173883,2.611193944266172,2.41390685271706,1.3080145909153955,1.1256490937064525,1.8940537508892432,222
participant_full,0.11220184543019636,0.00020000000000000004,1.2704013558209017,2.2297283786170317,1.3840526642438118,1.2484282379477416,1.2996051564089863,0.8269411761336709,0.9004764509145586,0.9480947081706104,1.3154666325626434,0.7908431671426853,1.6242792689653647,1.1932142686037885,1.0850422354112732,0.9938896962930608,1.5738645037925862,1.1934261161797601,1.7663425602608107,1.205680358496315,0.8903814363715205,1.7493471597779817,1.188922940123834,223
participant_full,0.251188643150958,0.00020000000000000004,1.2813345015525972,1.9255719140211625,1.2388183222298255,1.9069854455757553,1.4771042652698385,1.5149398902886297,0.6042390976951364,1.1021218994182786,1.4492406495028416,0.896362251038408,1.4509118305024276,1.3900037252451363,1.0407131761242208,1.405626076047745,1.2465079469018456,1.2224602245297547,1.2677421502788082,1.1669927163924352,1.0298671126329981,1.1664406252937443,1.1240407120629503,224
participant_full,1.0,0.00020000000000000004,1.3016395063961266,1.097608747278883,1.4231151552515033,1.1575437658309715,0.8125252661160504,1.6380412075262067,0.6415442194530803,1.3810174518393084,1.5940390771576287,0.953041178800202,0.8765546845657857,0.6223926158137558,1.4484641091713801,0.7603166588852126,1.27369622686519,0.5368564426975574,2.7643570689435983,2.5669514801224613,1.3851484899622195,1.1333237350989438,1.9662525465425926,225
participant_full,0.223872113856834,0.00020000000000000004,1.3304393362632632,1.9354823525636515,1.3178504469694508,1.7042985257205558,1.0022499877763809,1.433603945814922,0.7231855350085811,1.2801655771337082,1.4572445490938537,1.049878082997993,1.5838297959624936,1.4463807503815385,1.1876489840284552,1.2354361705476238,1.3186005525486446,1.4098074341848932,1.3242159210203317,1.3250278672706004,1.073758465917284,1.5350095657498986,1.2651122145743994,226
participant_full,0.12589254117941673,0.00020000000000000004,1.3314945204806072,2.406812890874381,1.5200444370395423,1.2507369348416961,1.1975051176033278,0.8889666906082692,0.8815648139753058,1.0071102029698185,1.5362116085444868,0.7822214771130055,1.541352597261937,1.339307318987125,1.225115414967237,0.9910416124934391,1.7721843008848654,1.2583108128062557,1.7073313112068433,1.2620673283940185,1.012765787386107,1.8579568374170339,1.1912829142374473,227
participant_full,0.14125375446227545,0.00020000000000000004,1.38169358715869,2.5456614181098254,1.60037046612872,1.3556066807462952,1.0671009976189734,0.9893028775255079,0.8894569129707396,1.2174578052916103,1.6021206969287356,0.8420161214457608,1.3501612734974846,1.4770201719732508,1.3541831687534687,0.9425004920500962,1.8415226025703846,1.356987416557139,1.5837514773892518,1.3474609033780607,1.0801212958234223,1.953162576640245,1.237906387774829,228
participant_full,0.19952623149688797,0.00020000000000000004,1.3833511169136883,1.8958200306344264,1.461476479729638,1.6461540324879091,0.7546191810334866,1.6075167019846226,0.8682920417550692,1.4426036352953735,1.6034671018076323,1.0928360818816474,1.508117435159496,1.5198491994553567,1.3305899691209297,0.9931121468451775,1.3357258763963378,1.5517861938090438,1.339475501578885,1.4503743983656925,1.0088641055408423,1.8520289978000228,1.40431322759218,229
participant_full,0.15848931924611134,0.00020000000000000004,1.397167473369168,2.483069123202417,1.6121786930958073,1.551537481791345,0.9147626785296007,1.2195248651069948,0.9042088655928053,1.4304146450970798,1.511605376642476,0.9254013383148132,1.2233265623512486,1.5532019721389083,1.4148832172550212,0.854414150608074,1.6431226724717056,1.5010327170030238,1.5060942271818505,1.43986153895376,1.0231065054364383,1.905438243193251,1.3261645934167368,230
participant_full,0.1778279410038923,0.00020000000000000004,1.3979063251199506,2.127691618572162,1.589417385835224,1.658048823155993,0.7931425628491414,1.4955643194146795,0.9353811223131844,1.5343257734022127,1.586322277124823,1.0196763458211824,1.2956414802054643,1.5570124102332212,1.4170684964682922,0.8314550634361026,1.420404641050623,1.5846668601828426,1.427489215743479,1.4841709688837699,0.9316358745938558,1.8543266432332437,1.414684619879517,231
training_fold,0.31622776601683794,0.0031697863849222286,0.9205714160486792,1.1057068031620159,1.0602745543069865,0.8203026347329165,0.7694048853445481,1.0412629460612017,0.6882146674249301,1.022506896401715,1.2821553126285825,0.8266350144296849,0.8139852065740592,0.6516518903137358,1.413170722959276,0.8979027821754014,0.7087131039360579,0.5629963948071128,0.9733926354577676,1.0569835756940413,1.0260220172974415,0.8380561465283222,0.8520901307377841,1
training_fold,0.35481338923357547,0.0031697863849222286,0.922677954914829,1.1956754189919572,1.047780892644224,0.7974931614067606,0.6510237976330335,1.035039021027316,0.6740974660917743,0.9330894634022217,1.3490400514053558,0.8101141045607626,0.8211585795980249,0.6458711531976032,1.3978809524005211,0.8960178330060969,0.7047915875284941,0.5566230502185049,1.072713719867502,1.1027708303253938,1.010788089289022,0.8728844860900921,0.8787054396119149,2
training_fold,0.35481338923357547,0.0020000000000000005,0.9246965460707941,1.1795036644630827,1.0671146442951227,0.8043985966695176,0.6680095775855737,1.0588204395451464,0.6709332163626673,0.9310652920922079,1.4360596473975582,0.8465580703026496,0.8029745312949789,0.6098115511885702,1.4345789237658464,0.9290105521589705,0.7071056667445714,0.5489713219416711,0.9615274110352594,1.0979944606621221,1.038278863765908,0.8553078866462407,0.8459066034982181,3
training_fold,0.31622776601683794,0.005023772863019165,0.9271105641249162,1.1256816213280227,1.043436432593235,0.8158545979756671,0.7379068710847988,1.028805703262069,0.7058973767229393,1.0147513831367534,1.242250559821447,0.8113136128991218,0.8510370402892502,0.6928765935291252,1.396310719395497,0.8731080251020101,0.7150216479979139,0.5875772202090326,1.0627596860422142,1.0568624921925158,1.0115658886138383,0.8862457496805801,0.8829480606222979,4
training_fold,0.31622776601683794,0.0020000000000000005,0.9276733180187783,1.0950097980488103,1.0822493757347995,0.837521987437085,0.8233910448267355,1.0709612153151473,0.6635416203979452,1.0584306859669481,1.3259156167114716,0.8343252697047516,0.8199164209370011,0.6265239926362371,1.4264106226550146,0.9376683559792337,0.7169449480807838,0.5591715681286014,0.909330091688652,1.060239311685533,1.0453754009218614,0.8261476136566117,0.8343914198623434,5
training_fold,0.3981071705534973,0.0020000000000000005,0.9295486968687003,1.2820409503843355,1.0446941471710058,0.7860046706642625,0.5736756476715104,1.0573972432475254,0.6395949481779029,0.8436568333244754,1.4528209056449153,0.797445653797723,0.8106201921453604,0.6227876007110024,1.3968130164304835,0.9234840481375904,0.7076680429169622,0.5481414962340171,1.1263215256852903,1.1653548791821349,1.0147910610297872,0.897592772792265,0.900068302025457,6
training_fold,0.28183829312644537,0.005023772863019165,0.930164885376364,1.0723238502709753,1.0470495620891924,0.8384025198407491,0.8559729254554224,1.0417837938800383,0.7162433038571063,1.0823570113522507,1.161848258579922,0.808761686063489,0.8445514754329846,0.7141116510164225,1.4063340295619153,0.8750241961114144,0.7269446296131735,0.6027229647078128,1.0045434015814094,1.0260586203142257,1.0239586437876047,0.8731658053814633,0.8811393786297079,7
training_fold,0.28183829312644537,0.0031697863849222286,0.9308482280575179,1.073883796596304,1.064718476739069,0.8551884253698472,0.92469500462969,1.0718672777836953,0.6820310734096313,1.1120450706009917,1.1704330856840974,0.7997555159268164,0.8163843405618909,0.6963086352295903,1.410023764185937,0.9130289632558874,0.7249149701760809,0.5858514231648906,0.9513833105298449,1.0307890707588236,1.0328534389037112,0.8380250061887716,0.8627839114547854,8
training_fold,0.3981071705534973,0.0031697863849222286,0.9344638311727718,1.2655529623997064,1.0418377049942933,0.7798652277802633,0.5753758149257595,1.037907173476404,0.6311142925952941,0.9100601955912234,1.338622916696035,0.7457909233825978,0.8581426643843255,0.6673961323729796,1.348090815451074,0.8845679163905308,0.702718911249364,0.564356115404003,1.2722125070429189,1.194540115667579,0.9859119031717715,0.9407782604983318,0.9444340699809836,9
training_fold,0.35481338923357547,0.005023772863019165,0.9345224154289017,1.2034667496800033,1.0384640134393988,0.7955861469909479,0.6479872455858302,1.0294015406809363,0.6769231251062555,0.9725770196381877,1.279504688534727,0.7759625056085595,0.8734931775924679,0.7000421279735107,1.3664155475100268,0.8702158036093446,0.7101809991698123,0.5891640572640557,1.196944818948809,1.11723732540664,0.9943407882901862,0.9346136370837991,0.9179269904645382,10
training_fold,0.28183829312644537,0.007962143411069949,0.941315555519604,1.0851307129421666,1.0341086478601775,0.8398930165265103,0.8116908684561954,1.0416446772135866,0.7450511455600094,1.0690082565408487,1.160913057087131,0.8108807763001957,0.8899952065063236,0.7455589097575104,1.4020438859260005,0.8570770623743676,0.7422027752462557,0.632480504989211,1.0780235614548843,1.0270848677766888,1.020751906617575,0.921170125103329,0.9116011461531144,11
training_fold,0.31622776601683794,0.007962143411069949,0.9433679403765936,1.143068617139361,1.0334981936040544,0.8200470994743059,0.7240660357781099,1.036144920314393,0.7212678622105445,1.032841454416658,1.216596390907401,0.7953198549806485,0.9020717293664211,0.7410846664629456,1.3817007750871368,0.8584613716731571,0.7303658815993446,0.6255573943084439,1.1646113372382703,1.0665840692671749,1.0061667386866708,0.9478832043979132,0.9200212106189177,12
training_fold,0.35481338923357547,0.0012619146889603862,0.9437735215630445,1.1643847206819693,1.0944988233644057,0.8180580021087716,0.7049558545108902,1.097415587732594,0.6617928070806574,0.9800087548606593,1.5247720864393943,0.8776056031206639,0.8352482668881317,0.61603684517171,1.468903916346306,0.9725962965434576,0.7228937034198106,0.5661227466441325,0.8862626399484157,1.0965432585407393,1.0713124119317055,0.8892683292023129,0.8267897767241623,13
training_fold,0.44668359215096315,0.0020000000000000005,0.9441394990965974,1.3014734245334902,1.0502571668268605,0.7771265653308045,0.5248660861321071,1.0646941761753188,0.5793795341562316,0.8657100908479235,1.3709287004000132,0.7003781558972506,0.8616962732744557,0.646934704481678,1.324499806371381,0.905279195938202,0.7038423785132112,0.5523305373152881,1.4012045569697777,1.308627152236906,0.9759223978729207,0.9654837455717413,1.00215533308639,14
training_fold,0.251188643150958,0.005023772863019165,0.9443642885960848,1.0703877960427122,1.0486794719827326,0.8688369943563664,0.9747504141674691,1.085537625067709,0.7248665392264592,1.1226772228254132,1.0708433378821147,0.7860332936281648,0.8415029624403235,0.7562069455657181,1.417916378861284,0.8893870930703155,0.7516811865264865,0.6352186662819836,0.995824827109921,1.014101574676324,1.0320077930605291,0.8908054761919206,0.9100201729577467,15
training_fold,0.3981071705534973,0.0012619146889603862,0.9458938587243452,1.2921434083030836,1.061259020777122,0.7944965039024408,0.5840146143962344,1.095149642298533,0.6517043291938585,0.8425242027080186,1.5925464220153995,0.8564658384876264,0.8135135616352048,0.629806281517096,1.45780111614858,0.9681633763499045,0.7188435158232407,0.5643818918114047,0.9991657503655326,1.1454722056004205,1.057620897460152,0.9293791105772602,0.8634254851157923,16
training_fold,0.44668359215096315,0.0012619146889603862,0.9460267679392759,1.349152986232378,1.0397642869730892,0.7863774298768259,0.5286716789565993,1.085434568352572,0.5955578703433103,0.7756180271625641,1.5208824405059211,0.7661857024129965,0.8235518391122282,0.6276097700906286,1.3820107725521855,0.9602832958985392,0.7181280692574864,0.5559187956644083,1.2407508085904453,1.2573264787444463,1.014790883429212,0.9453880480731325,0.9471316065565489,17
training_fold,0.28183829312644537,0.0020000000000000005,0.9486152337116123,1.0901807408620063,1.0861142160028874,0.9019318154927942,1.0206306845957107,1.1835290275238912,0.6404473126616899,1.148259280166462,1.1822552934814803,0.7802831035631346,0.8341177911327031,0.6991727372746532,1.4102422217813004,0.9693287460767795,0.7404646758386537,0.5878916380398791,0.9247105168042078,1.0355384338046363,1.0452883461694848,0.8293139219231959,0.8626041710366943,18
training_fold,0.251188643150958,0.007962143411069949,0.9488916169326453,1.0618636902860732,1.0342390556484702,0.8613486459431566,0.9043414860090847,1.0605598485150565,0.7633340158024794,1.1032618447385123,1.0907449908797462,0.8045741424176889,0.8867375703489555,0.7688033288619892,1.4161848360083362,0.8589929181744832,0.764236297159407,0.656930933722425,1.0444964722035435,1.0108971171918686,1.0331292457049523,0.9231213565725023,0.9300345424641769,19
training_fold,0.31622776601683794,0.0012619146889603862,0.9502826791236606,1.0962948973119317,1.1070025309318439,0.8776919870207536,0.9054333254726668,1.1527658989223533,0.6276588400342543,1.1165215209399586,1.363361575536342,0.828338504700729,0.8682766405172252,0.6224227617445439,1.4291235225784544,0.992980014103107,0.7460548903975642,0.5781567106514283,0.8791008654723313,1.0599719719435228,1.0663427967170755,0.8520901233154692,0.8360642041616538,20
training_fold,0.3981071705534973,0.005023772863019165,0.9521951089777521,1.2412114354932917,1.050858800910627,0.7770153296030211,0.5857314655854331,1.0444255127246458,0.6300347533609016,0.9955814785218191,1.2780000986607352,0.7081401693337311,0.9211293591883571,0.7232724672759192,1.3154511255376657,0.852249734319925,0.7033987473351195,0.6051748541514128,1.4084498402919716,1.2322305969393177,0.9697623350802841,1.0128520289248333,0.9889320463160305,21
training_fold,0.35481338923357547,0.007962143411069949,0.9546034839837947,1.1977838223295467,1.0391139086097156,0.7987074448194936,0.6556306574101235,1.03973632469029,0.6841318972786574,1.031594588034198,1.2473871303299444,0.7511592151145827,0.9315519925612998,0.7547036288829907,1.3447826176920326,0.8503980572982923,0.7214475237798248,0.6341526627405816,1.3166959466299681,1.1440218666600068,0.9875043554818443,1.0042989354604324,0.9572671038720693,22
training_fold,0.251188643150958,0.0031697863849222286,0.9549049390445411,1.0945938006514393,1.0688695220956521,0.9070166148840901,1.0675542110520595,1.1816124697734718,0.6833061416903845,1.14278784938517,1.0607166674170991,0.7632712362025413,0.8159457964449324,0.7615425394394493,1.4244800129250403,0.9428684378289709,0.7530104628230032,0.6279622074992722,0.9692587817257827,1.0216868559372905,1.0345669431157543,0.8708196473720354,0.9062285826273804,23
training_fold,0.44668359215096315,0.0031697863849222286,0.9609600225409812,1.259298548080523,1.0721051027777824,0.7697658615309322,0.5278557803399713,1.0885998256872473,0.5734312556465457,0.9768428424129766,1.2957312307318065,0.6540485929327646,0.9244756943652513,0.6950557798701834,1.2917179082755488,0.8578906742165813,0.6961921496537917,0.5826441658628216,1.5468210423147515,1.360516327951473,0.955486901788082,1.0344717905240741,1.056248975856518,24
training_fold,0.28183829312644537,0.012619146889603867,0.9609976332195069,1.1016935598906052,1.0266122620109785,0.8529552476867799,0.7889450181371747,1.0617180716922427,0.7716430988427216,1.0779739396868824,1.1696094341803809,0.811814067945811,0.9370702931785007,0.7840322517203067,1.4002303334053696,0.8528745771322745,0.7667110340914498,0.6701245878146331,1.1616084653380618,1.038753726189929,1.0249363032871701,0.9726550079874645,0.9479913841714067,25
training_fold,0.251188643150958,0.012619146889603867,0.9646341831379939,1.0683986700999373,1.0253062023660648,0.8739591714228373,0.858144260410266,1.0743194901878625,0.7989195423301829,1.0972531796066434,1.1168526543662105,0.8196795316761232,0.9324554919519542,0.7938415950460855,1.4184808279304408,0.8526124192519887,0.7878431781306162,0.68913646889056,1.1078441523639593,1.0160507397230751,1.0396299810717018,0.9613141940138755,0.96064191191949,26
training_fold,0.223872113856834,0.007962143411069949,0.9651966219161,1.0691911885395478,1.0370128616534133,0.8898108398892625,0.9703050410958032,1.1011530312940279,0.7908027282921226,1.1135360682600437,1.026531435528579,0.7984324403380816,0.8874366046518759,0.7994806655610447,1.4381845772831565,0.8652723222056832,0.7988055304150177,0.7008435796049515,1.0443075280810254,1.0115476207811498,1.04301654890768,0.9476364462785748,0.9706253796609573,27
training_fold,0.5011872336272724,0.0012619146889603862,0.9656525060008161,1.2917341989353301,1.07383357088944,0.7914527098059694,0.5093305808424062,1.1226496975224287,0.5220961328811069,0.8563431596205268,1.364990696040504,0.6399382218293559,0.8815219226575317,0.6349338588756195,1.313499760935617,0.9364984257950489,0.7118045723890987,0.5463056620357395,1.5859724546767082,1.4686937042251522,0.9675189997825132,0.999341901531893,1.0945898887443346,28
training_fold,0.31622776601683794,0.012619146889603867,0.9660046297561318,1.1493217083115228,1.0309377156910795,0.8310661021703405,0.7247374729332289,1.0584662896940162,0.739037161594047,1.0713814157934027,1.2135295884933353,0.7855903196002438,0.9528981458674359,0.7886647326643585,1.373374145640632,0.8503299916255035,0.7524503562299056,0.6690904445914312,1.2651757321018464,1.089355832286467,1.0085065997759215,1.0083721601257796,0.9578066799321379,29
training_fold,0.223872113856834,0.005023772863019165,0.9665710469825648,1.0924838921660223,1.0546566422727368,0.9076656834595479,1.0440310967225341,1.1596837233554622,0.7522623185709595,1.119648245476888,0.9942004069824961,0.7768710343467381,0.8406311241825319,0.7987317406121651,1.4498443550856872,0.9028971272357064,0.7885555165636126,0.6873222460592127,1.0126325975495,1.0184295138640616,1.035595041151279,0.9330952845474748,0.9621833494466829,30
training_fold,0.5011872336272724,0.0007962143411069948,0.968770214290125,1.3603449424104905,1.0462857419683314,0.8037064018410964,0.5235874370492727,1.1143856081379446,0.5414094607350872,0.7654954887828591,1.5302979247422073,0.7131790640924078,0.8499357156248679,0.6391011088402032,1.3557342780087165,1.010344746859675,0.7310530742050629,0.5643249785571338,1.41935881913583,1.396646807793489,1.0023621019159776,0.9851147192462187,1.0227358658556267,31
training_fold,0.35481338923357547,0.0007962143411069948,0.9744752393229794,1.1547387027171745,1.1268194727464977,0.8438693896007152,0.7684494898902955,1.139551909739931,0.6405728391604499,1.064504915351822,1.6022603435037357,0.8957052124168102,0.9000393982430787,0.64692919528435,1.49104390057187,1.0297757770180826,0.760351392869455,0.601820631118886,0.8614367765667664,1.0913540231718522,1.1011681681882242,0.9409412640996301,0.8281719841999597,32
training_fold,0.3981071705534973,0.007962143411069949,0.9759132030404535,1.2105293842717277,1.0666966949906445,0.7792686494066166,0.6045513330771575,1.0701929153135978,0.6386054809254823,1.0832481709809816,1.275236905394435,0.688890550363977,0.9774895371879524,0.7735996782645109,1.297751294283501,0.8284085612458358,0.7107673656412199,0.6518770664170724,1.5218355593792772,1.2733998651721865,0.9615607200336254,1.0783885381107738,1.0259657903484962,33
training_fold,0.223872113856834,0.012619146889603867,0.9767935164290483,1.0608775670968762,1.0264072757024807,0.8988994806150007,0.9140507448151334,1.0993908977534723,0.82938030230265,1.110578564038641,1.065321874982004,0.8219432523487414,0.934217272951946,0.8143111109654988,1.4369706563353295,0.8559824737837802,0.8198631221084642,0.7280076083391738,1.0911079661485747,1.0120166077535417,1.053383119641144,0.9707368633583282,0.9924235675401845,34
training_fold,0.44668359215096315,0.0007962143411069948,0.9786549046434795,1.4032839818588507,1.0447821028039699,0.7960811036317066,0.5427084424475183,1.1422697535884585,0.619964779704684,0.8081715276207289,1.7117079345544912,0.8460481459156199,0.8490602043782488,0.6780713129675002,1.4645067449687157,1.0196770677826663,0.7389943320792572,0.5947292502095968,1.1088345102931423,1.2111956114842592,1.0755226373870317,1.0130760462187154,0.9044126029744293,35
training_fold,0.35481338923357547,0.012619146889603867,0.9789944868519601,1.1804931949355213,1.0467504560979266,0.8080510865721078,0.6728226363695579,1.0615945144547594,0.6993741085457461,1.0983354008405517,1.250924825111606,0.7411819716756008,0.9829989008966098,0.8026837824490031,1.3347979684007476,0.837472722894893,0.7395521188415248,0.6807112173216912,1.4191793129892154,1.1796109303707922,0.9868989996467009,1.0644200635186463,0.9920355251060009,36
training_fold,0.251188643150958,0.0020000000000000005,0.9808934934982311,1.1283146062712759,1.0948047033848198,0.9928082706576215,1.178571183870105,1.3026929731391643,0.6401836393637981,1.15143670360799,1.0624875191935357,0.7417010945286318,0.8371780754467617,0.79176849979875,1.438980109294454,1.0129341686199438,0.7709462152376221,0.6417252622849979,0.9689110952042617,1.029291359507833,1.038848570210911,0.8711251525240256,0.9231606678181207,37
training_fold,0.28183829312644537,0.0012619146889603862,0.9816892551933492,1.1129993691691347,1.1101141372029482,1.0082834854408425,1.1454935510595856,1.3210979096858946,0.5910978042756592,1.178713784331622,1.1949252219557258,0.7512677281616276,0.8855694250934694,0.7315029054514137,1.4065056900722173,1.042031804605243,0.7760616526352374,0.6144465337302678,0.9258284539019808,1.0352500139320697,1.0657937701146465,0.8518814242226874,0.8849204388247097,38
training_fold,0.223872113856834,0.0031697863849222286,0.9821300300072349,1.1277539477952245,1.0800731445285654,0.9612284091307896,1.1262644907426005,1.2522995007682278,0.7160427532514895,1.1191258868710618,0.9746326898129611,0.7631402532069902,0.8167033815395677,0.8169882759466794,1.4768134601531542,0.9615297635230776,0.7916229409628204,0.6917299769768616,1.0027915935590321,1.030054774739384,1.02983793949222,0.9328072378838023,0.9711601792601832,39
training_fold,0.3981071705534973,0.0007962143411069948,0.9827616959396923,1.2984257139633877,1.0907695770518149,0.8054733276015345,0.6144214617512642,1.1457638792539613,0.6619271322265782,0.9295777810480773,1.7373102488651342,0.9147591443349297,0.8658632349295502,0.6961793710774091,1.5225723581060564,1.0201733915446982,0.740128684648343,0.602189769030024,0.9277320377666978,1.131924260473265,1.1093365217172981,1.0003929629394883,0.840313060464333,40
training_fold,0.5011872336272724,0.0020000000000000005,0.9832702063344272,1.2433438313696519,1.1095182205457341,0.7811703774209835,0.4978346449370969,1.1624619790487452,0.5144039120602362,0.9853416280818905,1.3013526298463354,0.5919940336347241,0.9392638625410689,0.66829246875208,1.2949301910021256,0.8715835161550712,0.7014986417369486,0.5643963923251484,1.7306568965159617,1.5307645951366662,0.9527536031351517,1.0647384666814337,1.1591042357614894,41
training_fold,0.44668359215096315,0.005023772863019165,0.9842448423523334,1.2202156103490904,1.0980449672969803,0.766602373943089,0.5401847472624971,1.1216029062042103,0.578305561421546,1.0833229592374616,1.2962443439273943,0.6297348158212055,0.9811414658394396,0.7426390668646267,1.274358361671637,0.8214569804849429,0.6951366179275221,0.6247192798509776,1.663189108169679,1.4068173538402686,0.9430094257519601,1.0999664300761576,1.098204471105985,42
training_fold,0.28183829312644537,0.020000000000000004,0.9861164579948698,1.1124241835977824,1.0245828446746477,0.8735183218964455,0.7853907051027399,1.094804251188874,0.8000100592498963,1.1054230885774634,1.1854154223012798,0.8178202277225892,0.9814392593194962,0.8242718086949818,1.4032619702173441,0.8565607387715272,0.7985591226619903,0.7130618446715863,1.243169281637076,1.0620262927297053,1.0346356627035873,1.019980448645687,0.9859736255326974,43
training_fold,0.19952623149688797,0.007962143411069949,0.9874291523525273,1.083552178408247,1.0446486065648415,0.9263340661030579,0.9842537069853483,1.154519858677019,0.83643836380423,1.1151350004739529,0.9805150239432526,0.8134037418173218,0.8931451003131867,0.8283825141073968,1.472397983663511,0.8646790228163059,0.8432266000000972,0.7598172259106667,1.0609291972029504,1.0243591435738288,1.0499395284155948,0.9884449425149711,1.0244612417547625,44
training_fold,0.31622776601683794,0.0007962143411069948,0.9875196478965911,1.101429495183196,1.131765464466201,0.9741381448698169,1.0206135954397053,1.2925505974500688,0.5773064588117658,1.1815222021927703,1.3851085207698077,0.804817510382237,0.9400781338544352,0.6401086276133314,1.4153550877781929,1.0636203157063555,0.7993786517452779,0.619561452099244,0.8838774604424728,1.0508469231824913,1.112361798981084,0.8951385384804217,0.860813978482947,45
training_fold,0.251188643150958,0.020000000000000004,0.987854001001012,1.0810249948352526,1.0214471573369752,0.897410028739985,0.8362701203931696,1.1062492506202477,0.8334813050775114,1.1089607378202975,1.1435369369707444,0.8353045216985523,0.9755550161238628,0.8267183206290593,1.4248680484899352,0.860181973921011,0.8200944777052426,0.7307150321198648,1.1761122775743234,1.0314342196551904,1.0512029780259105,0.9997650646802849,0.9967475576028187,46
training_fold,0.19952623149688797,0.005023772863019165,0.9907707167933104,1.110717077487648,1.0657417740015458,0.9473373742974622,1.035111747424903,1.2053285039489192,0.8067537156021511,1.1126704843964017,0.940650935492686,0.8007812564432069,0.8472243485985199,0.831786848465368,1.5013399669974246,0.894510313499091,0.8343895798205654,0.7540401037283937,1.0365892536011145,1.0358172456591206,1.035675298738076,0.9936041879350025,1.0253443197286054,47
training_fold,0.31622776601683794,0.020000000000000004,0.9919586811857345,1.1443991601206895,1.034053823833077,0.8489893779862074,0.7384365238162403,1.089605650439186,0.7634963718935672,1.1196499365808872,1.2248820994268663,0.7879398367209186,0.9978321838043763,0.8316604314670055,1.3737086025264218,0.8488217955396322,0.7817210269047896,0.7135079954286951,1.351666996019592,1.1216525559142716,1.0155243226774306,1.0582005274401014,0.9934244051747401,48
training_fold,0.19952623149688797,0.012619146889603867,0.9960727256150778,1.0675481410704937,1.0318138970974329,0.9319704505833784,0.9387948397131426,1.1402209013889646,0.8702900150522076,1.1188261509703965,1.025805644691334,0.8354123220939285,0.9406494375132779,0.8389182372363997,1.4611593135191674,0.8616316143261173,0.8618840950060804,0.7812375138760554,1.0971332738059707,1.0203548251068846,1.0653629163468614,0.9953270212572434,1.037113901646221,49
training_fold,0.223872113856834,0.020000000000000004,0.9973729099287432,1.0648148193827662,1.0217453304034576,0.923113744004984,0.8811003326894232,1.1264837117593047,0.8673559545055515,1.117613985193073,1.1025165991925507,0.8464902558404234,0.9772802932245556,0.8397785877534029,1.4429471027926923,0.8655418052839814,0.8499965321952063,0.7669873126085892,1.14501120632618,1.0212763110611849,1.067012548946293,0.9974434405152071,1.0229483248960354,50
training_fold,0.5623413251903491,0.000502377286301916,0.99887902386499,1.3086363460896213,1.076058762906343,0.8376124880774208,0.5482137214955976,1.1684752670274539,0.48212545814287394,0.812818274685203,1.4794582426082354,0.6417393773920013,0.8777827349907626,0.6433448320172618,1.353118885246765,1.0607224437496554,0.7464217132684681,0.5637793884468716,1.654978437751744,1.5893407589646644,0.9898949458116066,1.0090121997929642,1.134046198834288,51
training_fold,0.3981071705534973,0.012619146889603867,0.999602868793505,1.1783072812266517,1.0820901404081682,0.7887579738160264,0.6321462569437998,1.0943177497095946,0.6583351216387263,1.1628582896238018,1.290316888205802,0.6901646546168874,1.0206569425484158,0.8150296906079386,1.2927174485841526,0.8149844263736,0.726768957235682,0.69565137597919,1.6036830530884898,1.309375630987417,0.9589250776459719,1.1257597391248801,1.0512106775049053,52
training_fold,0.5623413251903491,0.0007962143411069948,1.0006479851752166,1.2441060413590663,1.1192020110384497,0.8224778054251762,0.5267029768758127,1.208998921744974,0.4638644690426708,0.8854990302908019,1.3313097708160386,0.5744979814502851,0.9088760640103193,0.6247847637989298,1.3351955541656406,0.9703449810617467,0.733280984501149,0.5395869144875711,1.8178519488406313,1.6722679638254974,0.9772882684844524,1.03570284170747,1.2211204105776525,53
training_fold,0.35481338923357547,0.020000000000000004,1.0041619270544586,1.1583544763864313,1.0559976514066882,0.825295242376846,0.6995871084015934,1.0894030068515528,0.7254306736864263,1.161041732131727,1.2629717684005324,0.7493013491431432,1.023602806254805,0.8426562997533645,1.3371021370725311,0.833652330128781,0.7666071754724089,0.7240787222070857,1.4941958669379978,1.2148840502649652,0.9915589464858202,1.1069727164610421,1.0205444812654327,54
training_fold,0.5011872336272724,0.0031697863849222286,1.0058440102942634,1.2055649553504402,1.1441835073873492,0.7754325033248877,0.4926444266612773,1.2024570482571664,0.5176616922632887,1.1042352271718987,1.3172148549952554,0.5689420759720356,0.9904246056384884,0.7078913648200397,1.2857673637579734,0.8197270671322375,0.6970251871052503,0.5974937119449731,1.839954744123928,1.5769510309257513,0.9424808339200258,1.1256059543538472,1.205222050779157,55
training_fold,0.44668359215096315,0.007962143411069949,1.0060231636153483,1.1843132354833643,1.1193470971018227,0.7698878097583836,0.564299896324146,1.1453903566869506,0.5943412226123138,1.1761380587483095,1.3168222342293407,0.6278342759022972,1.0232521538053956,0.7827777357209358,1.2648683186688772,0.798278745022017,0.7014209191165315,0.6657441781462966,1.7432168835472008,1.4397886884267945,0.9335119588662423,1.1470493690240329,1.122180135115721,56
training_fold,0.19952623149688797,0.0031697863849222286,1.0078084101173865,1.1473006508254608,1.0960982125187335,0.998445016620354,1.0792487077872643,1.2709273886644818,0.7842019225004349,1.1108120410355184,0.9126942478212762,0.8029021230258728,0.826238910390057,0.8543398089925874,1.5544496386147586,0.9434177753233179,0.8385057739060955,0.7693211150050238,1.0305610154872784,1.054393416744711,1.023269921436433,1.0167205775456516,1.042319938102419,57
training_fold,0.5011872336272724,0.000502377286301916,1.0105076770684378,1.455766816063137,1.0328296386427354,0.8150116907740836,0.5433293347563832,1.1775382623222943,0.5724386881074277,0.8284615744567747,1.7581586583605904,0.8081389005846219,0.8891726017027233,0.7088238340349026,1.4410718402944858,1.0893119283812147,0.7600208316011323,0.6211510858094825,1.2798863338624922,1.3209498690503012,1.0738066347094324,1.0687829078204323,0.965502110034109,58
training_fold,0.1778279410038923,0.007962143411069949,1.012792497582556,1.091724787608817,1.0560288870074603,0.9663085709861203,0.9559103843479381,1.2054894906340985,0.8966004142555555,1.127783328189352,0.9607637587779244,0.849666255734428,0.906366307573645,0.856552464906543,1.5129660411512056,0.8562795710079495,0.8915572365878992,0.8241869239140014,1.0829470301505935,1.0436296833566685,1.0551259047071047,1.0346720630851478,1.0812908476686656,59
training_fold,0.223872113856834,0.0020000000000000005,1.0131989431087995,1.1737340759301689,1.1135194368235755,1.0559459651423633,1.205274645188853,1.3496203306914312,0.6855153164351305,1.1085572058617874,0.9721567874379714,0.7660826148728791,0.8396188339205384,0.8602512332882137,1.5259388244935983,1.0314834324236262,0.8123786027330361,0.7211890202459934,1.019786980145634,1.0447142914548282,1.0251382247222969,0.9528845519158946,1.0001884884481755,60
training_fold,0.19952623149688797,0.020000000000000004,1.0137324076339749,1.0628987635472082,1.0259350219821757,0.9541010993513416,0.9091847241976184,1.1580514844182717,0.9061171778755099,1.1268600464211365,1.0688443240507115,0.8629217399530142,0.9840749961508479,0.8601299122782479,1.4620104071933855,0.8749789780604056,0.8888275720104655,0.8153088896212305,1.1390922317386574,1.0243020877571691,1.0818066578706755,1.0091618289482842,1.0600402092531398,61
training_fold,0.35481338923357547,0.000502377286301916,1.0140228933172017,1.1429917654493624,1.1599362570570748,0.9020053269133408,0.8614521167550475,1.228372277116272,0.6012567717063133,1.1634570554951549,1.653561700612658,0.8939437530195724,0.9864043283489169,0.6661111061807575,1.4902761103121893,1.1011438853944597,0.8255235527182105,0.6542776639224559,0.8781293509324801,1.076416415401805,1.1452756164746993,0.9961498645135018,0.8537729480197591,62
training_fold,0.1778279410038923,0.005023772863019165,1.0156084924641626,1.115934365156327,1.0799511040402971,0.9813806218714944,0.9761970887580322,1.2383027479969613,0.8782110328101542,1.1277392161108772,0.9212527321019491,0.8447096000901657,0.8652087620785824,0.8613743141433823,1.5578086811164942,0.8605521418152641,0.8819420775008346,0.824972974326117,1.0579864395532188,1.0601947065631279,1.0354838800790311,1.0549589126709389,1.0880084505000027,63
training_fold,0.1778279410038923,0.012619146889603867,1.0201170119741294,1.0752626963070233,1.0412600885955592,0.9716655611104169,0.9337623770356567,1.1918015222078893,0.9213750652688855,1.1316060635187015,1.0053685944401975,0.8663878447172099,0.9520552776275479,0.865548074322745,1.4900567302871393,0.8682304514765935,0.9091539416564757,0.8400048361702266,1.1141400417432847,1.0352915586112263,1.075103827061639,1.027537671817244,1.0867280155069232,64
training_fold,0.3981071705534973,0.020000000000000004,1.0207983136345224,1.1510057932636848,1.0904314085136524,0.8073093350733638,0.6688540115605981,1.1100928044382268,0.6907407789345091,1.2251009141342852,1.2986572295536394,0.7121995471893092,1.050590216731155,0.8489095250074025,1.3008076412083478,0.8136948376013802,0.753775207824021,0.734157620327688,1.6474285801724602,1.3306274028280898,0.9640511597412356,1.151926860651447,1.0656053979359539,65
training_fold,0.5623413251903491,0.0012619146889603862,1.0222565346212988,1.2046470173658963,1.1658497624222768,0.8128781505231283,0.5030835819194451,1.2663101763664184,0.4566157142459503,1.0227933822175557,1.3091969590186783,0.542747492700619,0.9579848558388393,0.6406350848332616,1.3326888532811176,0.8897824835858781,0.7347634913052437,0.5469282291787564,1.9499956303775772,1.735176930373393,0.983989395096588,1.0975447780808358,1.2915187236945211,66
training_fold,0.251188643150958,0.0012619146889603862,1.0227601866472564,1.1709087890395444,1.1264259492745974,1.1407555946706613,1.3003091008765135,1.4265340447785078,0.5986645309226408,1.141042574253141,1.0829187879954807,0.734075264092279,0.8882531000492513,0.8545282560566332,1.4686093901686417,1.0965940318472618,0.8090517057411002,0.6846240764907721,0.9957514899258262,1.034396754808657,1.042465112995528,0.8962204435691561,0.9630747353889333,67
training_fold,0.44668359215096315,0.012619146889603867,1.023402581533516,1.1551180062667274,1.128989270995239,0.7812433425318066,0.5996466924039181,1.154092061060822,0.6224677490769703,1.2477148934801803,1.3291123127155113,0.647632444237589,1.0511139913289278,0.816098208124058,1.2626022300581745,0.789069880090063,0.7173359089633722,0.7024725177731447,1.7816046404591064,1.4518786687550664,0.9297517554805618,1.1727505853642213,1.1273564715048567,68
training_fold,0.5011872336272724,0.005023772863019165,1.0243920288086807,1.1740290485812892,1.1682699742367928,0.7752926641159001,0.5026204623781645,1.2256373551458108,0.5317632711827688,1.203778841909942,1.3453651023185733,0.5678821748609887,1.0269749221780036,0.7435846660812135,1.2770136505165268,0.7845409454968728,0.6957404579864608,0.6320735402924247,1.9080683412820207,1.600776160633292,0.9288553212985663,1.167705142832796,1.2278685328452028,69
training_fold,0.3981071705534973,0.000502377286301916,1.030320465194646,1.3014122014899236,1.1308371684047172,0.8206215531085702,0.6716141414288039,1.2000542116536526,0.6633801978374618,1.0680621517282634,1.8717554091790913,0.9639065631920971,0.9462212814329186,0.775520696238458,1.5799140307964055,1.0837101175949888,0.77958663214367,0.653026904396941,0.9037484525780874,1.1191360392408083,1.1584537316974797,1.0782642867835839,0.8371835329669999,70
training_fold,0.28183829312644537,0.0007962143411069948,1.030421007829952,1.1385147258762296,1.1359997508530806,1.1945798289699012,1.2992148402820782,1.4652730233939075,0.5361102970139713,1.190888617369723,1.2204427239483293,0.722402812387829,0.9553700105005649,0.8049629371436859,1.40465362650068,1.1319084383233122,0.8328008925207306,0.670603743802916,0.9519728613939691,1.0276312331384863,1.1002904241105527,0.893278279534257,0.9315210895348365,71
training_fold,0.1778279410038923,0.0031697863849222286,1.03173045546741,1.1484578320456764,1.1149716552799538,1.0200959791647972,0.986066802847356,1.2815218090453677,0.8675071918807363,1.133082571412022,0.8957184985971779,0.8540676689094198,0.8475124939933238,0.8856258134858945,1.6292030893099927,0.8868063586125455,0.883306436580299,0.8489162703420735,1.0456164389422216,1.0863853746539438,1.0174271184048613,1.093008591196554,1.1093111146439862,72
training_fold,0.5623413251903491,0.0003169786384922229,1.032776835746915,1.4178858172930426,1.0450509881583394,0.8532366380274313,0.568995400721384,1.1887448710068798,0.5133749494515109,0.8532617245479786,1.7178720941871455,0.7413366274211117,0.9093284934436239,0.7141049981519141,1.401142647080241,1.158856534100806,0.7764844822630114,0.6272356372656736,1.5024931279326956,1.4918979221318214,1.043490008303856,1.0812997059469134,1.0494440475029179,73
training_fold,0.1778279410038923,0.020000000000000004,1.0350923106852503,1.0668468801431643,1.0340000783020689,0.9904791007032632,0.9193674336617882,1.2010002526144041,0.9506133914996211,1.1391406487839046,1.048076821946383,0.891817669239094,0.9947545177733499,0.8846421671340456,1.4832770820084957,0.887813133727529,0.9333529678081265,0.8684321739299143,1.1474963319376437,1.034566008981598,1.094547036454267,1.0294032794092012,1.1022192376471442,74
training_fold,0.5011872336272724,0.007962143411069949,1.0361816199222584,1.149937935186287,1.175341688324433,0.7812813251958837,0.5311119856650597,1.2275005883554602,0.5575882585155016,1.2778524779277158,1.3607185099022108,0.5869995298426061,1.0500155139075642,0.7750227009422213,1.2642363713886753,0.7667456267605702,0.6996021681121614,0.6645988327686347,1.9310068095639508,1.5967711482049594,0.9129434837282862,1.189094775949479,1.2252626682035124,75
training_fold,1.0,0.005023772863019165,1.0365699090913567,1.2073568462622357,1.0116686614696668,1.0748170460821365,0.590111762052001,1.2806418188385327,0.6547017146682952,1.1842725490008592,1.3321712263101446,0.7502511822357103,1.0071156917560062,0.764614141467494,1.3107221281036863,0.7296341980268912,0.7507750187368056,0.6338565637309117,1.7023797852602567,1.4437062873017807,0.9142653053994636,1.1035574086760636,1.2847788464481946,76
training_fold,0.44668359215096315,0.000502377286301916,1.036698554072299,1.4596448821802321,1.0667508731818551,0.8059445943651081,0.5746848684871776,1.2126031698403894,0.6484025452822119,0.975281679625752,1.9188255524767932,0.9319703080016029,0.930772851149589,0.7807692081726423,1.5622327197723784,1.0820171913148946,0.7671925992694131,0.6562794489484456,1.0384209669261462,1.1728776477560594,1.150449746238598,1.120163736116591,0.8786864923400989,77
training_fold,0.44668359215096315,0.020000000000000004,1.037350277793954,1.1362831183246964,1.1245425630639758,0.8018349749864523,0.645631874981044,1.1508363412399087,0.6642995567775714,1.2926320477953133,1.3270040958648937,0.687682060754581,1.0680508257373846,0.8453440501443514,1.27438256034358,0.7939041293261708,0.7460603326163554,0.7349404496535229,1.7771532988453007,1.4394401010489648,0.9385084800625162,1.1788957029758327,1.1195789913366618,78
training_fold,0.31622776601683794,0.000502377286301916,1.0393430308838554,1.1034227467664832,1.1538988849192093,1.1634295062190563,1.1746143595310772,1.4468116481135016,0.5117290820013402,1.2368285506897263,1.3971251144951666,0.7647300489386055,1.0289719413497198,0.6960645783922326,1.3837150887525946,1.1519206836612519,0.8766344324527633,0.685271214946875,0.9169372257456013,1.0303328410008077,1.2094634482996736,0.9452013863037951,0.9097578350976281,79
training_fold,0.6309573444801934,0.0003169786384922229,1.0400198314302274,1.2340153578409192,1.1308276225015483,0.881916343692124,0.5941341257584689,1.2581185898290237,0.4288842421918814,0.8742712650223146,1.3913081953424131,0.5725945074533927,0.9042485656722808,0.6420941487483213,1.3841034339809613,1.0973151354395072,0.7772515449500734,0.5553229052525477,1.9322085087404566,1.8235961591193663,1.0079560841111566,1.0296631989358815,1.2805666940219076,80
training_fold,0.19952623149688797,0.0020000000000000005,1.0403923471167729,1.1944028033050234,1.136416200046623,1.0764081754408246,1.1050848560872677,1.3329995285078644,0.7713837271104087,1.1150963816255428,0.90223894167335,0.8235875283899254,0.8493794840401275,0.9018814602735711,1.6377078304751507,0.997666964349996,0.8605674001113275,0.8137884170152653,1.0499115538212729,1.0819441960592922,1.014876016232996,1.064583431682029,1.0779220460875953,81
training_fold,0.15848931924611134,0.007962143411069949,1.0405548323748939,1.0959790066578634,1.0697738120941982,1.0047760822626524,0.924199046334229,1.2580521196339098,0.9579504038853198,1.1472872066328572,0.9707182656468281,0.8952383106329386,0.9291114507381483,0.8883061843400739,1.5510854826269835,0.8580672974925649,0.9382601749078919,0.887223161638454,1.1096355735004455,1.0629237458007748,1.0600087640028506,1.0686801403999249,1.133820418268971,82
training_fold,0.8912509381337457,0.005023772863019165,1.0412460699731352,1.2058792082565302,1.0618927942643437,1.0309659352056917,0.533995967117233,1.3290092342992812,0.5757201311929928,1.2370658725690524,1.3625780819974307,0.6887634930785698,0.9900646362970953,0.7187371683834393,1.3195493500973405,0.6956270925012799,0.7526771479721399,0.5896875945151947,1.8247650146285679,1.5499110080000007,0.9081000719349677,1.1110737180477508,1.3388578791037968,83
training_fold,1.0,0.0031697863849222286,1.0424816416747693,1.2224583285096968,1.039827209873058,1.0807916537370421,0.5542306833305682,1.3572711472678645,0.5565424085145294,1.193981601070287,1.367063099997731,0.6940591750953967,0.9716122877646504,0.6940073979048826,1.3457018555548843,0.6822856034758182,0.7854707115299525,0.5681907081973641,1.8008818496894867,1.5405611277434716,0.9261378653798523,1.1003091343113225,1.3682489845475219,84
training_fold,0.7943282347242815,0.007962143411069949,1.0426369235471955,1.188219792218318,1.0802542353690587,0.9800254077041034,0.5527949362536138,1.2933438687856424,0.6038240772575479,1.2755025964440874,1.3556900474082223,0.6943793456042079,1.0110909132256478,0.7496733014707029,1.2940729758897287,0.7153633947747584,0.7371209505964591,0.6211073103329674,1.83544428540959,1.5457951339146185,0.8959268056489016,1.123227416897526,1.2998816757382052,85
training_fold,0.5011872336272724,0.012619146889603867,1.0426508747345862,1.1356850308984698,1.1645248450167172,0.7942889081917259,0.5748753652750747,1.2111411338579425,0.5967870417058154,1.322598490632288,1.3585074560911143,0.6260747054416024,1.06314236355969,0.8043437449395068,1.2537451796035914,0.7648529598229004,0.714610022266658,0.6949737719652493,1.9093620174120525,1.564075365032673,0.906287459803238,1.1922281508546635,1.20091348232075,86
training_fold,0.15848931924611134,0.005023772863019165,1.0429871891320646,1.1192467954289538,1.0965208486157851,1.0104165362801332,0.9257058921300446,1.2842461951198791,0.9457903661707352,1.1493272397260057,0.9438184200437322,0.8920809343156518,0.8963633692848962,0.8948448949018915,1.6040822552545628,0.8384477582053329,0.9268543336916777,0.8931918030303232,1.0865434799599414,1.082666200921828,1.035977197727941,1.0899321344087982,1.1436871274231775,87
training_fold,0.8912509381337457,0.007962143411069949,1.0430952054919673,1.1945341147761748,1.0300270843488177,1.0278834984961303,0.6153576771256637,1.2614941936866235,0.6772309784829497,1.2219354830830451,1.328059260012423,0.7625864941827579,1.0219017202982446,0.787291129724345,1.3074359406079492,0.745784227980327,0.7619078529705698,0.6574625819541853,1.7189593117133755,1.4496435481102659,0.9187510608499,1.1110344635914617,1.2626234878441374,88
training_fold,0.5623413251903491,0.0020000000000000005,1.0445104264516412,1.175784342084008,1.2047530942254014,0.8090806311443878,0.4797736434201994,1.3095706989949842,0.4591143070547569,1.1457862131820078,1.3457752557729363,0.5361105898640632,0.9988265582630593,0.6682521063099004,1.3366468360170756,0.8228858003353595,0.7386421376005197,0.5685482998868202,2.0415295913310274,1.773087038811046,0.9876121762118325,1.1501220520125794,1.3383071565108549,89
training_fold,0.15848931924611134,0.012619146889603867,1.046601782798531,1.080568011078491,1.053226177445614,1.0122719565944247,0.9215555067859041,1.245780995772425,0.975118407338335,1.1492817761878826,1.006202379080137,0.9087463114871357,0.9691922813047888,0.8952518803895317,1.5194829824690201,0.8799431783846436,0.9560930879731442,0.8979738592268461,1.1360557365466117,1.0514491025963897,1.08323511427163,1.0560750675991186,1.1345318434385452,90
training_fold,0.707945784384138,0.012619146889603867,1.0474746042885592,1.170658851319109,1.092625623957393,0.9315785816208215,0.5982063554044934,1.253605327445118,0.6410756862746527,1.3053820191496002,1.3458082030086251,0.7139827623064668,1.0332265911405831,0.7860020156112348,1.280276738912902,0.7412588952447619,0.7486130884494668,0.6608977923269187,1.8281700389395497,1.525617285909193,0.9034765421245565,1.1351054284891804,1.2539242581365564,91
training_fold,0.5011872336272724,0.020000000000000004,1.0484219307301812,1.1306354828956182,1.1404836749596208,0.8152743069390725,0.6318914522004588,1.186422404118102,0.6511005779714993,1.3388830588320082,1.3426573871638658,0.6838630349291986,1.0707751032479074,0.8341809679352776,1.2636690452555535,0.7778952063748792,0.7460364652538356,0.7246227831125381,1.8506622752603554,1.5087330315474285,0.9213491138828094,1.182007744131055,1.1672954985925423,92
training_fold,0.6309573444801934,0.012619146889603867,1.050948407643191,1.151830664298359,1.1398868325464548,0.8778356757057433,0.5682981013901587,1.2624197201564193,0.6012527747561813,1.3488135655213884,1.3638957113083936,0.6631378946561025,1.042570370984794,0.7784715553441057,1.2675843677469214,0.7357434931629975,0.7299300624642766,0.6610197602343559,1.9181297363842067,1.5919335897690012,0.8907282688603301,1.1602284318445732,1.2652575757290594,93
training_fold,0.7943282347242815,0.012619146889603867,1.0517013464295024,1.1804213742969647,1.046317217379018,0.9808423102545601,0.6533763982537482,1.241058470796818,0.7063071812873086,1.2561222716333036,1.3221426426612695,0.7818680938813957,1.0386181689980032,0.8145104497953307,1.3128164220642096,0.767061479578552,0.7821306427178293,0.6881370970205081,1.7255397995448813,1.4460284329440853,0.9348825487966712,1.1192796848191027,1.2365662418664882,94
training_fold,0.5623413251903491,0.012619146889603867,1.051781362136722,1.135578772150772,1.168824932752,0.8290235027639818,0.5621644580141109,1.2498955258053788,0.5875289480090331,1.3594271625089056,1.370377927942974,0.6319406824570268,1.0569180299597396,0.7877259090075179,1.25931303842336,0.7455883858775347,0.7192468400208717,0.6770680278995159,1.955196036716854,1.6124402014761057,0.8927827526632541,1.1842211230008948,1.2503649852846044,95
training_fold,0.5623413251903491,0.020000000000000004,1.0528775935712589,1.1392001880587892,1.1294061034660579,0.847877021841219,0.632917159261782,1.2080404323859657,0.657163596248968,1.3479390666660203,1.3434908256612437,0.7040772725042898,1.0627938502069425,0.8242448432214935,1.2688453256372978,0.7690545432008024,0.7552729542072673,0.7105269987841136,1.8537150017291943,1.5224114501255046,0.9175722647678246,1.166481777275831,1.196521196174574,96
training_fold,0.707945784384138,0.007962143411069949,1.053428092720495,1.1684847888321666,1.1403522622689803,0.9229758470608296,0.515142276593187,1.3222249375639308,0.5545900181426512,1.3348200642981745,1.3805033361986143,0.6430807157524614,1.0182069834277885,0.7334935782330547,1.3014451162014766,0.7066436287257087,0.73245811770231,0.6130525264482826,1.9571924475820246,1.6437353700012998,0.8953151589170399,1.147957911894054,1.336886768565868,97
training_fold,0.6309573444801934,0.000502377286301916,1.054793108259704,1.1931758772176175,1.1861050151960362,0.8679968436715491,0.5731182788372752,1.3313620800638093,0.4173910075399351,0.9449386969489435,1.3051585589821169,0.5491782260989516,0.9346759926096795,0.6151844028136383,1.386611943535794,0.9953039025155883,0.7944672058843297,0.5312037482719447,2.078771881958082,1.9045818079175425,1.040858295127554,1.0720942647752367,1.3736841352284557,98
training_fold,0.6309573444801934,0.020000000000000004,1.0548870364541647,1.1545079662656703,1.0972386765918665,0.892368048117628,0.6544526067017756,1.2162257383131028,0.687245954769248,1.3229496882824672,1.332381968922321,0.7468301834360955,1.054439189181641,0.8257792264120688,1.2899130666081642,0.7724274022776425,0.775687107197013,0.706080004367944,1.7992478209099914,1.4885821584788457,0.9300632869495677,1.1443222388423517,1.206998396457889,99
training_fold,0.6309573444801934,0.00020000000000000004,1.0568210601048502,1.3134654768866283,1.0867718607823846,0.9039348793543256,0.6108040610677469,1.2216401501478367,0.4528983672548028,0.9068129534542575,1.6061995754321203,0.6537620457898307,0.9146168924309759,0.7046952642014496,1.4023975697569042,1.2082627535508101,0.7916278849513662,0.6121828201324944,1.7726040357636557,1.7189729113286845,1.0164494189159714,1.064667859694088,1.1736544212006752,100
training_fold,0.5623413251903491,0.007962143411069949,1.056950452651575,1.134472909689077,1.2039389988422875,0.8164067686690115,0.5074856106723423,1.293169414588495,0.534065375778558,1.3504220347546434,1.3907917716140603,0.5800225153089508,1.0516108717528891,0.7554263633742995,1.2844889883517123,0.737973231897852,0.7093427583857516,0.6477674564365122,2.0372947047277608,1.6941254388818563,0.9063719031200407,1.1966808485324452,1.3071510876529555,101
training_fold,0.15848931924611134,0.0031697863849222286,1.0569691271168935,1.1548596658059567,1.136312465339815,1.0343405019563068,0.922955244884505,1.3228280221710027,0.9376393317441207,1.15624283277264,0.9360008294673937,0.8995037153205232,0.8827220353214319,0.9198298368149217,1.6796209400316027,0.8239875289536844,0.9258656247609551,0.9217133965786062,1.0729459721220536,1.1119285733430648,1.011513478784441,1.1217938131344227,1.1667787330304238,102
training_fold,0.5623413251903491,0.0031697863849222286,1.058081456085667,1.154051605726409,1.2262366629992296,0.8084623456820532,0.4651440672255127,1.3285607188849629,0.471693622122491,1.2442403703825822,1.3810191095452764,0.5405144224384214,1.0264075645076642,0.6971267272405216,1.3324572229194336,0.7745609958815602,0.7343241107236326,0.5940496472161205,2.0873794878714436,1.7803930975136066,0.9738247596643685,1.183787876371016,1.3573947067970373,103
training_fold,0.15848931924611134,0.020000000000000004,1.0590760358891864,1.071323729899873,1.044653366464463,1.0283198228021755,0.9227828254902036,1.2494485576157506,0.9970823174830251,1.154904719496723,1.0424208266870054,0.9311794504030926,1.008854787927779,0.9120126151611793,1.505438009623386,0.9040844352804346,0.9786397404663554,0.9210031133290043,1.1623303439614623,1.0472012450394035,1.1049719938050624,1.0507048224218916,1.1441639944254631,104
training_fold,0.223872113856834,0.0012619146889603862,1.0605589910512694,1.238303233588424,1.1547958878896594,1.1867399610861298,1.2669710921550723,1.4360472988929447,0.6640527458679758,1.0971489232582199,0.9902656931018676,0.7907624669060607,0.8953908062659129,0.9330780051885034,1.6052018416556322,1.1071271355083188,0.8575448485191345,0.7843107466492317,1.0662557187294013,1.064551826114529,1.0235162874896473,0.9987475920978286,1.0503677100608888,105
training_fold,0.7943282347242815,0.005023772863019165,1.06061243377444,1.1881032349659582,1.1307580880014663,0.9743480083877376,0.4975012858177477,1.3779828305443549,0.5193905238519175,1.3074309817988905,1.393031851871359,0.6515156759581295,0.9922965448179403,0.6931570305948399,1.3487836195242013,0.6834248392831891,0.7786669711945067,0.5724235219658094,1.9706909246870397,1.6743650191471304,0.9249884294100464,1.1326020377177284,1.400787255948806,106
training_fold,0.5623413251903491,0.005023772863019165,1.0612380916241435,1.1400986001274935,1.2254407273716716,0.8102095688690227,0.47319855295521346,1.322125481160835,0.4959997622573031,1.3130857435626004,1.3965709833548057,0.5520744148434507,1.0427862627926507,0.725773942499783,1.3139626999082483,0.7468828770019035,0.7207458232576291,0.6204621376221879,2.084888606909269,1.7533580149356922,0.9425454955822941,1.198238317105363,1.3463138203654528,107
training_fold,0.707945784384138,0.020000000000000004,1.0619993948448159,1.1656836688834833,1.0585933728044226,0.9390163986082662,0.699367270064448,1.224008133468131,0.7425521515090495,1.2830193447940226,1.3137120338297328,0.8087888852705838,1.0562470127974584,0.8456688860624346,1.3297659606276966,0.7934365785550763,0.810726157013972,0.7254627813771406,1.7177541261394254,1.4305148708899835,0.9594412722747183,1.1269181234870906,1.2093108684391773,108
training_fold,0.6309573444801934,0.007962143411069949,1.062003075273458,1.1449542600095075,1.1893610561571921,0.8661692538334018,0.5004607276050985,1.3259407250285604,0.5313909292859121,1.3686112153389893,1.3961237160935536,0.6039087485130747,1.0360696900322026,0.7374255611188614,1.301177166566719,0.7160155224192705,0.7249854880321743,0.6257007864476467,2.0398379402729594,1.7059022984051988,0.9029390485258071,1.1774842121552669,1.345603159627764,109
training_fold,1.0,0.007962143411069949,1.0622382953296503,1.1857479053221154,0.9990981678025694,1.0599974728003967,0.7021704472153683,1.254996531359858,0.772794777969785,1.1946213403662937,1.297747677675897,0.8494657387577196,1.052656528303138,0.8459326779804442,1.3599399824085738,0.7998672694702054,0.8143345081666101,0.7262744103544178,1.6316743516300245,1.3747512258487475,0.9688654384944313,1.1125928131072738,1.2412366415591358,110
training_fold,0.1778279410038923,0.0020000000000000005,1.06389138374265,1.1934699921212197,1.163312288358796,1.0818662913251749,0.980455004720737,1.3350758745800695,0.8641657595681677,1.1467298524414065,0.8975473666243513,0.8784315453684665,0.8654610318418623,0.9352734349377952,1.7284961367575549,0.9182166987252518,0.9003022863377291,0.9038501244496366,1.0546188454386405,1.1248450131428562,1.0019215636214067,1.15432721136228,1.1494613531296025,111
training_fold,0.35481338923357547,0.0003169786384922229,1.064919590027348,1.1172618287601999,1.1887415121531526,1.0456640941134137,0.9849672162518768,1.375422337926427,0.538946650283014,1.2621256992403167,1.6678624519166676,0.8672308663017821,1.0920332282992058,0.6654720370490622,1.4571308373305925,1.1874893352740172,0.9197855719160127,0.7260693743019961,0.921868369510141,1.0478060403310618,1.2784720926458948,1.0504142502748013,0.9036280066673301,112
training_fold,0.8912509381337457,0.0031697863849222286,1.0693171100568748,1.208892693911198,1.1125290812788826,1.0268615292678402,0.5262008564026697,1.424044791742442,0.49852183905867753,1.2695436912728866,1.4013752905105608,0.6795683207197487,0.9675216885643584,0.6602062848398491,1.3943662608614482,0.6675025069028505,0.8344182369090216,0.5441499778603014,1.9613996826247952,1.6835723548753438,0.9576662243395795,1.1168528788119665,1.4511480103830703,113
training_fold,0.14125375446227545,0.007962143411069949,1.0694763714260134,1.1027806135237004,1.0842228533481064,1.0409897436102449,0.9180488549708741,1.3047987087751096,1.0090703954578146,1.1660914128062234,1.0005973942856397,0.9422398812391595,0.9612196451687274,0.9236486728519342,1.5804291564385378,0.8794371009563561,0.9839240786524579,0.9460434175140605,1.144676922423973,1.0779336405444617,1.06553447816846,1.0789368399006443,1.1789036178837828,114
training_fold,0.8912509381337457,0.012619146889603867,1.0708189469356046,1.1766650073140492,1.0134125562537633,1.0185909820241559,0.7315059366061234,1.2523239148322831,0.7943838210823257,1.2239730641901703,1.2946323107876216,0.8660542492667126,1.062990615612409,0.8645197798096422,1.371726202176296,0.8156799342072724,0.8363760481436724,0.7487626708886227,1.6391250167046032,1.376178087026543,0.9849361122823769,1.116531540963965,1.2280110885394895,115
training_fold,0.14125375446227545,0.005023772863019165,1.0728527470493294,1.1306543403838212,1.1130254871086653,1.0397927044976956,0.915155691215489,1.3245103732813308,0.9973323232630811,1.168196477067386,0.9881569376957634,0.936811955594985,0.939040080477068,0.9320798149851004,1.633135754529027,0.8628940230022746,0.9750940241053605,0.9552403770286981,1.1317135450798101,1.097483553289949,1.0384041214138147,1.0886125246115588,1.18972083235571,116
training_fold,0.14125375446227545,0.012619146889603867,1.0736025120840338,1.0857608225897013,1.0660618782978228,1.0498490269729337,0.9228705537145254,1.2945330779096258,1.0229663916535472,1.167210676049822,1.023154616691935,0.9551059451150532,0.992325184876556,0.9276792757943648,1.5453159542557326,0.9005762192679029,1.0003627096195375,0.9522423638859033,1.161894434837484,1.0653172739772372,1.0907051821902862,1.071182826615885,1.17693582736482,117
training_fold,1.0,0.0020000000000000005,1.0761453825240201,1.2290873773182112,1.088024320042394,1.077690325270904,0.5688674449419595,1.458086465803947,0.49328132328750174,1.2247712331406249,1.4059204491162998,0.7113759602965187,0.9458462008587014,0.6357088054520006,1.4316622578506046,0.6588497011441081,0.8823819698852097,0.5296109872408508,1.9339897959631358,1.6737718874519618,0.9851575365413676,1.1027072571675938,1.4861163517065028,118
training_fold,0.707945784384138,0.005023772863019165,1.0793818543276428,1.1601129993664832,1.1989785783183702,0.9157438409128889,0.47072400261574077,1.4028427989380519,0.4864820766353434,1.3642034957763247,1.4188522564602135,0.6225321127707071,1.0097256686552711,0.6881971783868919,1.364595038558839,0.690591133365692,0.7866861609911776,0.5769315713179392,2.0979895980615533,1.7800560678963477,0.9499033068000966,1.1639073063562715,1.4385818943686552,119
training_fold,0.3981071705534973,0.0003169786384922229,1.0797779695916097,1.2951177661010482,1.1776084150057193,0.8459214295992041,0.7547246972959245,1.2419755121066298,0.6483608448642578,1.2186718223094193,1.9804844261662056,0.9957392700778478,1.042168255979221,0.8375370938519696,1.6168700065456254,1.1627993035700572,0.8464012354903178,0.7142142016810634,0.9101041034682705,1.1007105632649417,1.194505045577669,1.1512756703934908,0.8603697284833082,120
training_fold,0.7943282347242815,0.020000000000000004,1.080851691430682,1.166178348240336,1.026600721888979,0.9801543512913659,0.7663376575633138,1.2547657425061831,0.821052681989827,1.2501868536730707,1.289890515154395,0.887077762077457,1.0746007228262175,0.8863294900078073,1.3884961272661587,0.8355096114905093,0.8638762719021642,0.7771090249296743,1.6384209934785,1.3706063364474002,1.0046298542974081,1.1204606754783875,1.2147500861044866,121
training_fold,0.251188643150958,0.0007962143411069948,1.0816534754657274,1.2433918331429274,1.1638473923997492,1.3353621796154131,1.4206815439226514,1.5413315064717463,0.563086903885517,1.112598247664034,1.131973325965442,0.7497616219497388,0.9615776276112362,0.9548602580260951,1.5253787437008126,1.1918021184532854,0.8740327497285154,0.7643942062916209,1.048670025473417,1.040241697872346,1.0422717318733046,0.9425490798926462,1.025256715374049,122
training_fold,0.6309573444801934,0.0007962143411069948,1.0818463313419924,1.164326281961997,1.2384742258832073,0.8650994372213757,0.5465149089006185,1.3946704662068103,0.4139087636794154,1.083824000712196,1.3359373758243347,0.5590620405245498,0.9717887930867466,0.6136923448893542,1.406690294276265,0.9033385269696371,0.8202452149643703,0.5294784765875411,2.1876751192086616,1.9582770967778214,1.0725340749882357,1.127185727385005,1.4442034567917048,123
training_fold,0.6309573444801934,0.005023772863019165,1.081988433823731,1.137437124120029,1.237518434610373,0.860677332402102,0.46061732796392824,1.3853219734251967,0.47875946309848827,1.3717983423518563,1.4241344672535954,0.5845165342953458,1.0319666323048797,0.7020458573731638,1.3514381605875978,0.7136054242733975,0.7632646536804092,0.5970382377687077,2.1495126651656156,1.8168115520881796,0.9585117819235413,1.1920328752969458,1.4227598364912697,124
training_fold,0.14125375446227545,0.020000000000000004,1.0834674156458766,1.0755270882277437,1.0562824489233225,1.0635138216346225,0.9315370681761023,1.295566267726095,1.040053193516016,1.1713525502341484,1.049449853166044,0.9752859417009034,1.026173332323849,0.9412306307749709,1.526436200608622,0.9247060694783436,1.0211670990952384,0.9701502871533574,1.1798474541676036,1.0590533455953213,1.1137275530519368,1.0657601033379698,1.1825280040253219,125
training_fold,0.5011872336272724,0.0003169786384922229,1.0854025400217013,1.572798994355139,1.0362306386380822,0.8241004172323777,0.5737438324291225,1.276631780853199,0.613290155982971,1.0368288338296838,2.0218008921744963,0.9178067779310123,0.9949546253162531,0.8274161409380513,1.5636239213934147,1.1691187090285347,0.7975980149397108,0.7070965656012285,1.2011842051748274,1.2498653876050914,1.1753239726879816,1.207113922986966,0.9415230113358859,126
training_fold,0.14125375446227545,0.0031697863849222286,1.0858185473065076,1.176648498126447,1.1547991558702064,1.050760185008335,0.9128990169088382,1.3507355175363709,0.9862497212261664,1.173550348577573,0.990206253379166,0.9378419515782884,0.9317900693659341,0.9564396355448554,1.7022110196537057,0.854173166113023,0.980093641894657,0.9831815941533227,1.1278333634446784,1.1238557203530217,1.008967319064041,1.102892669793584,1.2112420985379415,127
training_fold,0.15848931924611134,0.0020000000000000005,1.0863188851824526,1.2116428421655894,1.191952415339668,1.0803592156125317,0.9156515923321672,1.3731548066658594,0.9314354890894855,1.1693467472059589,0.9563317550258388,0.9160576612522483,0.8937839792209837,0.9683512524079904,1.775779251498679,0.8311110191856429,0.9421948041880679,0.9775573413423126,1.0776568003080347,1.151568066907922,0.9862975028983048,1.1690101813483058,1.2071349796534654,128
training_fold,0.19952623149688797,0.0012619146889603862,1.089904889718805,1.257220705510752,1.187178987633855,1.1752235774754143,1.1035235427516854,1.385309440075495,0.7693246297104283,1.133764363683335,0.9180804253439817,0.8638136922140056,0.9076072455858867,0.9785495854225594,1.7539282219357044,1.0486876120153774,0.9060503850848738,0.8954257096039615,1.0964794820824684,1.123242010183943,1.0134094922197365,1.145193701415951,1.136084984426684,129
training_fold,0.12589254117941673,0.007962143411069949,1.0967950199615428,1.1105853945052413,1.096869982769327,1.075899600125958,0.9325903533627994,1.338327953705051,1.0480860171287247,1.1823414272633181,1.0332208266377716,0.9881523396705024,0.998948721270464,0.9590994555885424,1.5988206792392772,0.9125477823533252,1.0310059780556629,0.9993826442635527,1.182604056715395,1.0875710321715455,1.0720477998243063,1.071887364365646,1.2159109902144443,130
training_fold,0.28183829312644537,0.000502377286301916,1.0973488282911583,1.1905861503552717,1.1642339197708027,1.4423287335546322,1.4783972598636277,1.6091302866717299,0.48272305889174627,1.1765729008720076,1.287404212848013,0.711528752359614,1.0437161737347933,0.9296015292148997,1.4250489388462653,1.2400326808381386,0.9139578193141962,0.7617839190067954,0.9982120918173903,1.019753668024284,1.1274387149757135,0.9434284028110603,1.0010973520521838,131
training_fold,0.12589254117941673,0.012619146889603867,1.0991536605290633,1.0909433148555303,1.0779416095863308,1.0836884518441574,0.9385933103505912,1.3327259910285862,1.0614024086872051,1.1832828561556412,1.046267971865602,1.0011878140319694,1.0199135898502427,0.9604428064018343,1.565040542459149,0.9285678634417828,1.0427060489746427,1.001830526498651,1.18899471289336,1.075721064534604,1.0981774079954092,1.0727660743029503,1.2128788448230254,132
training_fold,0.7943282347242815,0.0031697863849222286,1.0993504763451765,1.1803245600374637,1.1963663211619733,0.9698838293635967,0.496046813069228,1.4721102692191,0.4614448065579584,1.3456740962734535,1.4368280871082735,0.6737861440397255,0.9808872919644516,0.6453152782711831,1.4300469311249897,0.6715628926064156,0.8637414475018662,0.5391498879485909,2.126747815712308,1.8290012192882976,1.0023687433333457,1.1463426183187864,1.5193804740025223,133
training_fold,0.6309573444801934,0.0031697863849222286,1.1001100883030013,1.1330366839477646,1.2735007059639734,0.8622276174620582,0.45628771854632877,1.4269734847442024,0.4436012636856206,1.348323603132441,1.4378254089621316,0.5889621409224151,1.0268354213080764,0.6718966758129652,1.3934340461565955,0.7296842588108904,0.8043446861284413,0.5736337989129041,2.2296656584944268,1.907303221044603,1.01845607462444,1.1986404070706758,1.4775688903290694,134
training_fold,0.12589254117941673,0.005023772863019165,1.1005397790258908,1.1433008301500398,1.125730646135354,1.0724800588758305,0.9286624473836639,1.3481848107631336,1.0351805298248453,1.1833290423187943,1.0267199505406766,0.9798544796168528,0.9874606603555108,0.9684950161551564,1.6451727174838677,0.9028838347785628,1.0294509842704478,1.009738816561973,1.181315149847043,1.1040790817711637,1.0428463725933645,1.0701269948311398,1.225783156260399,135
training_fold,0.6309573444801934,0.0012619146889603862,1.1017412050957622,1.1443097838346619,1.275160363016629,0.8663194077663319,0.5147434666544961,1.4329499294102892,0.41578204507697836,1.202695078883695,1.3897854975681576,0.5777331045395907,0.9997480952400515,0.6265233320772442,1.42107699615612,0.8254032257962844,0.8344376164958843,0.5391763625348942,2.2517126645777514,1.9797557613153045,1.0809867996207065,1.1687478306926395,1.4877767406575377,136
training_fold,0.707945784384138,0.00020000000000000004,1.1027110822968784,1.1994223245272193,1.206576036838735,0.9325298553901732,0.6579513489193494,1.395973697081763,0.4116734235254974,0.9290065711247835,1.3139203676728788,0.5676360363346842,0.9268123828900349,0.6434140620802953,1.4418504253488749,1.1146384983714896,0.8564706247088365,0.5466206050970761,2.2265868386369574,2.0772843303474113,1.0987863474852047,1.057095054920795,1.4499728146355113,137
training_fold,0.44668359215096315,0.0003169786384922229,1.105128872568627,1.5093569894635852,1.1055078265620906,0.816309495997206,0.6278600488864524,1.2865227583893188,0.6745515419535537,1.1854688026672189,2.122217047819233,1.0147091447930416,1.0377101458889881,0.8990701448857943,1.6623565873660808,1.1506832082597118,0.8070010810860871,0.7303718091838448,1.0004000241451438,1.141798611280055,1.2281310795348361,1.2344032801125653,0.86814782309773,138
training_fold,1.0,0.012619146889603867,1.106130883745107,1.161128257183989,0.9969506655763747,1.0440962919537953,0.8263961404210303,1.3015926300193321,0.9010555322497377,1.2198713977810782,1.2638652780034372,0.9641303713245586,1.1060875090894917,0.9339582201068801,1.4496641247496445,0.8867374645887347,0.9125427544792606,0.8395801999161547,1.5795016711796817,1.3245047779328987,1.0499636692320569,1.1262237006782867,1.2347670184357131,139
training_fold,0.12589254117941673,0.020000000000000004,1.1065500832327602,1.0792887368230073,1.0673871366190144,1.0943872392301672,0.9485175089102691,1.334032678001514,1.076195630101132,1.1864930758533454,1.06343027469576,1.0194696395338867,1.046112851148606,0.9706410003267016,1.5444840012737944,0.9492838341625436,1.060102156347157,1.0148979773280267,1.197830514423273,1.0688328902745468,1.121643089356167,1.0720182811512395,1.21595314909505,140
training_fold,0.6309573444801934,0.0020000000000000005,1.1080737204392317,1.1345184709717455,1.2875942948496137,0.8656204182937927,0.48105897754990173,1.443707421830181,0.4241491852748954,1.292145430815988,1.4273385381572576,0.5895478685299441,1.0172117851460372,0.6466808283199004,1.4175134646453904,0.7665980550617721,0.8296138072924373,0.5544555819221195,2.265986004471293,1.9634750421210316,1.0621905098844178,1.1921499073219253,1.49991881632499,141
training_fold,0.31622776601683794,0.0003169786384922229,1.1080812171857464,1.1142992774502534,1.1722440757351025,1.4349774158833895,1.3755357799397463,1.6076055612243938,0.4402786247859208,1.2675571819750224,1.4472747780576911,0.7188374749732425,1.1359034038352247,0.8198159148540329,1.3485271442667273,1.261612666081319,0.9768109849159854,0.780205906232376,0.9670636200195883,1.008090614944979,1.3057694475704045,0.997466747685397,0.9817477232841313,142
training_fold,0.14125375446227545,0.0020000000000000005,1.1102628389272273,1.251580933582656,1.2109098304337473,1.0785123949846132,0.9100704556024685,1.3789499553000695,0.9747632643503025,1.181916409772747,1.0046902252648762,0.9435278899225278,0.9419667216397393,1.0000127869659006,1.784628772547022,0.8565608903647577,1.008884881251232,1.031112787179445,1.13858910283722,1.1554988184104222,0.976142435895871,1.1315096623444478,1.2454285598944825,143
training_fold,0.5623413251903491,0.00020000000000000004,1.1112759489260176,1.5767462845039004,1.028585827442774,0.8643591805096756,0.5929187672160681,1.3014360424106735,0.558501254121349,1.049043137737629,2.0154272944391254,0.8656232279621069,1.0216521524037077,0.8307602384115584,1.5156916913548022,1.2621311667477209,0.8206765600852112,0.7257259050815297,1.4089087246017604,1.3915503794761488,1.155278753912811,1.2312567266927186,1.0092456634090778,144
training_fold,0.12589254117941673,0.0031697863849222286,1.1113651759700187,1.196539177539033,1.165588084679454,1.0755385918793312,0.9247512864776157,1.3584837035560677,1.0218146416772824,1.1851255047951024,1.025305709583781,0.9751462803321853,0.988889192866651,0.9903937755988779,1.701237220995468,0.9012569177710763,1.045067262320241,1.0338492329037052,1.1879312393264148,1.1237004246088182,1.009463421752434,1.0738848473975964,1.2433370033392408,145
training_fold,0.8912509381337457,0.020000000000000004,1.1131980099101872,1.1554863323348519,1.0073862709511778,1.0139690007280346,0.8500583647343716,1.3090248496938328,0.9182412242920115,1.2386691599475161,1.262206448437698,0.9783479113035518,1.110881472245667,0.9464390872903945,1.4615783425361417,0.8988338333234506,0.9355565761145573,0.8585143534668118,1.5772577255472124,1.321270614530877,1.0630296010653597,1.1260128763768031,1.231196153283424,146
training_fold,0.707945784384138,0.0031697863849222286,1.1143048044585742,1.1479488169373486,1.2605967744695448,0.9173036178009703,0.4701901753623304,1.4770354767232805,0.44154072895013374,1.3823917531830798,1.4563252304744183,0.6459260158648118,1.0053430275245887,0.6502984838451014,1.4312557485239517,0.693279704431913,0.8551302712048203,0.5506875288064594,2.236018597387514,1.9204833778084456,1.0296327590691363,1.179629923550161,1.5350780772534776,147
training_fold,0.1778279410038923,0.0012619146889603862,1.1145504652675382,1.2600233720114282,1.2272685704837742,1.1658129501833834,0.9587096104478334,1.408799338177663,0.8659997861302958,1.1720459292225247,0.9436627747292567,0.9160481822486313,0.9130296020492832,1.0146718679374283,1.8528083865263398,0.9423169116044825,0.9388074815733471,0.994559624921201,1.0890291636026581,1.1781377239200148,0.9888087587707005,1.2456035614632728,1.2148657093472477,148
training_fold,0.8912509381337457,0.0020000000000000005,1.1170881386018368,1.2034230430227115,1.1820464129081605,1.0234669786767672,0.5453719886314917,1.5285390975640598,0.46589220153691435,1.3143479725941698,1.4487563781180264,0.7295983710559251,0.9528354598165304,0.6128093598597107,1.4878478828945962,0.6602771389505616,0.9332210076690286,0.5183732790856869,2.1270030702582354,1.8506292999891045,1.0474425359304684,1.1276504012110506,1.582230892263535,149
training_fold,0.11220184543019636,0.007962143411069949,1.1202127623708447,1.1132079074546004,1.1063133852715414,1.1081839120363572,0.9529712270511173,1.3607128484271185,1.0784758120137412,1.1960404415133925,1.0595902616832975,1.0319658827734695,1.0372358368464745,0.9904870932850365,1.6069133253924885,0.9476299074882661,1.0758293598036057,1.0462623483775002,1.2138221655188244,1.0925612408926628,1.0787791837382106,1.0619069173774438,1.2453661904717426,150
training_fold,0.11220184543019636,0.012619146889603867,1.1216385127777966,1.09320094777878,1.0875923972259258,1.1134032578557858,0.9602456165470162,1.360391878394463,1.0917025051236025,1.1973623906510462,1.068038054086184,1.0445264623652428,1.048944108042652,0.9906811385336546,1.5779981194029202,0.9590016038350819,1.0822771928555475,1.0460529168018613,1.2120766680812216,1.0827813684252412,1.1056079825377059,1.068452807887978,1.242432839124024,151
training_fold,0.11220184543019636,0.005023772863019165,1.1232921762382566,1.1459473495326868,1.1339263337974637,1.1053186197080795,0.946222886662713,1.3619040966709521,1.064899881464906,1.195025714072583,1.0534780969897415,1.022291542473472,1.0351997467023288,0.9983727614963058,1.6431942417220184,0.9423356003807843,1.0798117963417708,1.0562887046143667,1.2204287976995123,1.1045913416547815,1.0477239333798682,1.0555950331542137,1.2532870462465864,152
training_fold,0.35481338923357547,0.00020000000000000004,1.1252726612279438,1.0778290514525146,1.2082982153487747,1.2940332031365651,1.1491467152824153,1.5380097375009232,0.4554819040378394,1.350294614678819,1.6646449911541723,0.815614945456503,1.2176479890932577,0.6816144958449041,1.3877853682418761,1.2919400012825641,1.0415490920378403,0.8220263494908387,0.982120934326981,1.0102730345725568,1.439599663664334,1.101685176616989,0.9758577413382028,153
training_fold,0.223872113856834,0.0007962143411069948,1.1257169447573159,1.3365880262029353,1.2032325317788715,1.3356856853788186,1.2961943347248168,1.5012560110780344,0.6540396724746943,1.1050337312216916,1.0320120143062241,0.8377646775327088,0.9833318740569279,1.036977718417536,1.720651925064357,1.1833121450149993,0.934277359414506,0.8886067533785775,1.139199154743141,1.0971735547228625,1.0309847739445073,1.0758342167547128,1.1221827349353979,154
training_fold,0.11220184543019636,0.020000000000000004,1.1271623333576897,1.081241637007673,1.0769330694066304,1.1206245203689256,0.9701826717606388,1.3635690211139564,1.1054129401227246,1.1999677586374482,1.0790062360730426,1.06068142237549,1.0673177847957418,0.9983764739734087,1.5585871126386128,0.9756165835087666,1.0952824651664412,1.0548732614158793,1.2134956197971738,1.07632352934166,1.129153760573125,1.0724338611333912,1.2441669379430647,155
training_fold,0.3981071705534973,0.00020000000000000004,1.1293593781410578,1.2653357527757798,1.2251605020268435,0.907030063719376,0.8583052694913029,1.2918481328001472,0.6088791843679652,1.3520045317248468,2.0452307893272015,1.002270623814264,1.152002159301445,0.8589109123632719,1.6192571467294556,1.2579286373573728,0.9459191846905227,0.7889057637256334,0.9413392117927453,1.0711571118494962,1.269508617891646,1.2150882571416324,0.9111057099302098,156
training_fold,1.0,0.0012619146889603862,1.1299285365826557,1.226934274969509,1.1580091670579116,1.0737418195286075,0.5976266003937606,1.5696428752543454,0.4908858925815373,1.2730028847690051,1.4544513532261782,0.7776558073692621,0.9281520573748863,0.5921211039170076,1.5333231262442688,0.655972477806395,0.9890546278502675,0.5127645657613085,2.102644203527789,1.8463868199582625,1.0810879366363146,1.110169820735944,1.6249433166905511,157
training_fold,0.12589254117941673,0.0020000000000000005,1.1302579796208512,1.2795033107330525,1.2167147387838073,1.0871960433928405,0.9194733608053938,1.3649356159254447,1.007762561714803,1.1859186984429058,1.0233641820576744,0.9726486938873965,1.006138456076422,1.0261710739682262,1.7629242099619007,0.9085204182317067,1.0879560996644786,1.0708787668739008,1.205282258665219,1.1433150296302519,0.9701846359036879,1.0969985500564488,1.269272887641465,158
training_fold,0.707945784384138,0.0003169786384922229,1.130615982668429,1.1620832374023133,1.2697268667015176,0.9294122263674032,0.642742668340962,1.4771829711171152,0.41942961185863553,1.0256880058131683,1.3219126886467696,0.5967507424576262,0.9510234272108942,0.6121376556789627,1.4765813182964178,1.0047963504154915,0.9036349153221899,0.5249625421081653,2.34604672472414,2.14613222640129,1.1558732267042757,1.1046855620665377,1.5415166857347016,159
training_fold,0.11220184543019636,0.0031697863849222286,1.1312541639945661,1.1974070153990517,1.170700414890779,1.1051036295969765,0.9386495513175005,1.3610731226693453,1.0502190446827735,1.1926245302430145,1.047211831259575,1.0145801667412895,1.0457344617453779,1.0141427322791818,1.6831209576964716,0.9436316372537238,1.0994363924541222,1.0756845736858447,1.2337220957721553,1.1165561596946296,1.0111044650781191,1.0577622782328315,1.266618219198562,160
training_fold,0.15848931924611134,0.0012619146889603862,1.1323658406108617,1.303104608974055,1.2650999970105048,1.1495553962268563,0.905508507338021,1.431564665263179,0.9256212417304497,1.1918022547648204,1.0057260727196515,0.9388680708075243,0.9261585334752729,1.043982683070241,1.889356449094728,0.8450992928825516,0.9862022108448422,1.061527996429089,1.1088858716875412,1.2007459190947791,0.9593949995324875,1.2405950787978002,1.268516962472842,161
training_fold,0.1,0.007962143411069949,1.1390377982458713,1.108380026098377,1.1128610041575824,1.135215002531916,0.9726055963873426,1.3773233588664806,1.1032944176733286,1.2072836288976372,1.0806819015167206,1.0725036660051166,1.0721041776237406,1.0147668479283423,1.6074231462125674,0.9792080438713281,1.1117788794506216,1.0859316183049876,1.2346589408071487,1.0941386072157093,1.0855397447406108,1.0566658429190081,1.2683915137088566,162
training_fold,0.1,0.012619146889603867,1.1403300835811696,1.0909017192553065,1.0948764478151711,1.1378652857092089,0.9820175721093414,1.380652465250877,1.1163102476417746,1.2093508662897199,1.0865590607123,1.0835191242659987,1.0765056490355642,1.0161065616558347,1.5850645065619844,0.9877881432027682,1.1159425053915295,1.0841769424844871,1.2281323945906295,1.087012626325292,1.1128403982380115,1.0648392826394315,1.2661398724481594,163
training_fold,0.1,0.005023772863019165,1.1409166787300284,1.1366380062583126,1.1388886476659876,1.1337640422210318,0.9628234016956723,1.3737147794174487,1.0893081714846582,1.2042885950844429,1.0752958884323776,1.0635621980574954,1.0771652278485173,1.0181662766298634,1.6329951560553504,0.975761695598085,1.1152263716616282,1.0947949153967438,1.2457936142276447,1.101600202915138,1.0536183452515107,1.0506344901904252,1.2742935485082367,164
training_fold,0.1,0.020000000000000004,1.1447262339769877,1.080387388995685,1.0846592090630485,1.1419151260618505,0.9925990485016115,1.3856146682578787,1.129208610196984,1.2116760965004367,1.0935708687627546,1.097190752398864,1.0881203589790815,1.0228558184762861,1.5686689715996813,1.0012414350079415,1.1256446708234396,1.089661923103454,1.2248409474805557,1.0816536643038364,1.1363794228195316,1.0713038099915622,1.2673318882152698,165
training_fold,0.11220184543019636,0.0020000000000000005,1.1449009259281813,1.2742362000936904,1.2164473552720014,1.107929023713747,0.9319868112926161,1.356222256246375,1.0338547461915684,1.1869345646136165,1.0378472091015276,1.0080325593104207,1.072631570362607,1.0364164376976728,1.722926772478543,0.9517030966057242,1.1413966084655947,1.1030292937028523,1.256235302091636,1.1251455721898682,0.9679131042443225,1.0810854302027681,1.2860446046864735,166
training_fold,0.1,0.0031697863849222286,1.1462597112523472,1.1803645095534736,1.1723863146120093,1.1333612537560214,0.9531986726878225,1.3682843553720097,1.0734680109855288,1.1989551659597608,1.0691493839280637,1.05627474645542,1.0941550532876685,1.0247348780791345,1.658332945394386,0.9775529277472227,1.128837413567018,1.109768500130114,1.263543988390299,1.1071573135354629,1.0166202973754175,1.05471463118509,1.284333863045019,167
training_fold,0.707945784384138,0.0020000000000000005,1.1468122380697399,1.1349014683793033,1.3133470669108238,0.9279760118539148,0.5028237558861851,1.5324244180681885,0.42400708923548225,1.3773519649505623,1.4815754074027498,0.6737436941185285,1.002304892334679,0.6208457839146256,1.4845111329540297,0.7153865950061113,0.9115288028969509,0.5329633686519195,2.3519698451800055,2.0449223994731467,1.1053534491354933,1.1904620848295207,1.6078455302125767,168
training_fold,0.7943282347242815,0.0020000000000000005,1.1476140113327316,1.1663462116379928,1.2700966798393354,0.9777353568210216,0.5256008572087641,1.560414449184358,0.4454353786917425,1.3791781569279085,1.4837785785682,0.7242257744638904,0.9747899915945306,0.6076336486494711,1.5102205447130865,0.6788766056722416,0.948098519454437,0.5193643770708156,2.2903849008941397,1.9964884118204989,1.0973114692643975,1.161915508246078,1.634384805931722,169
training_fold,0.14125375446227545,0.0012619146889603862,1.1476866046267569,1.3697027311290526,1.281169387033231,1.124620798215342,0.9054652439396186,1.4028922602180416,0.9637779798788102,1.1941898774995254,1.0236485868125667,0.9518937672389576,0.9700017438711942,1.0654205666196337,1.876961305530442,0.8706001435335586,1.0758760853839577,1.097450069227822,1.1696753741207502,1.1889868318318508,0.9383604445208726,1.1898704824166562,1.2931684135132584,170
training_fold,0.1,0.0020000000000000005,1.156128558140464,1.2448789177394883,1.211894043612454,1.1343913244941126,0.9486859528657703,1.3605343955076126,1.0553586296435742,1.190226042035512,1.0615462950797585,1.0506472969041387,1.1264006913585178,1.032396315493187,1.6805937096175605,0.9847192405558551,1.1564411958982042,1.1295678549860366,1.291316380316287,1.1084515630278065,0.9753684391897274,1.0796022017210103,1.2995506727626627,171
training_fold,1.0,0.020000000000000004,1.1567091719109759,1.1372993102009155,1.0007193976153907,1.0465184477354912,0.9423732830980633,1.3734116979334996,1.0269455120419413,1.2520386736170148,1.2325969141247448,1.0771555188757378,1.1624103567211799,1.0213715790804725,1.5420701476663974,0.9798673730934926,1.0209895320989952,0.961146933103349,1.5370736811210548,1.2856062659017737,1.130047230546397,1.1415190892963147,1.2630224943472974,172
training_fold,0.707945784384138,0.000502377286301916,1.1576091228008871,1.1317043800168463,1.3208593147937293,0.9366588069776564,0.6195458652249528,1.5333422389675024,0.4265560330882122,1.15971440318303,1.390166382434812,0.6397995360977988,0.9740348290626348,0.5963464656251716,1.5096442494708477,0.9057685844738735,0.9397573356250424,0.5167240447616411,2.423608597129472,2.182834680208697,1.1879011270215336,1.149146338423015,1.6080692434312696,173
training_fold,0.12589254117941673,0.0012619146889603862,1.158661177062596,1.4022399134849173,1.2791725957609614,1.1083881062402232,0.9154126348400042,1.3641755011359666,0.9938327385615819,1.1842034970132385,1.015499880096032,0.9710758046896892,1.0436786527372433,1.0763076971757988,1.8265112970586757,0.9247465316885787,1.1709475751540097,1.1186283530991687,1.2371599326030243,1.1588338183113058,0.9237749754045899,1.1545178737961292,1.304116162400786,174
training_fold,0.19952623149688797,0.0007962143411069948,1.1589049284668194,1.343680280292118,1.2489837277370863,1.2890450952193568,1.0699446471980218,1.4454617359737703,0.7771601408396487,1.1730235626581003,0.9794021158153778,0.922120738465648,0.9998172701590848,1.0864031944790011,1.900166993910903,1.0889449083445222,0.9790688676416484,1.018832790920418,1.1611590824260525,1.1834735035215913,1.0204162195356101,1.2677517067492632,1.223241987449165,175
training_fold,0.251188643150958,0.000502377286301916,1.1603867057503154,1.3897570089436595,1.207197372794956,1.550038918565966,1.5218015330061925,1.6395925623195378,0.5394077734115337,1.0828821498985381,1.2114834438925073,0.7892322240493902,1.065188450989888,1.09296676191627,1.621624621161065,1.2957750272685764,0.9746904765314437,0.8870455310690832,1.1256375496244122,1.0584411599394425,1.0417207017860333,1.0069983005145198,1.1062525473232951,176
training_fold,0.11220184543019636,0.0012619146889603862,1.1660528758687279,1.3835080662831765,1.2706422354675997,1.1148639624035652,0.9345225642854953,1.347166549198087,1.0158972095654915,1.1765804062277148,1.0256595091797587,1.0021820266083448,1.1216123484574232,1.06239195754608,1.7603017310446187,0.9668366182187647,1.2126795393148426,1.136703574266538,1.29294156358267,1.127489052703449,0.9191478879885647,1.1369928444706634,1.3129378705617059,177
training_fold,0.707945784384138,0.0012619146889603862,1.1676053687926826,1.1239991023598708,1.3451296033012834,0.9385052372747286,0.5471183083110176,1.5615936045281695,0.42479929953355466,1.3400445818119207,1.4821295068016034,0.6852974111658178,0.9978666317180547,0.6013797341682084,1.516487641783837,0.7581710115404032,0.9462748472540239,0.5220434252494437,2.4277587144788058,2.1350403634941406,1.161538547632627,1.191443261998065,1.645486541448075,178
training_fold,0.707945784384138,0.0007962143411069948,1.1712876564008712,1.1201100157192894,1.347998640623795,0.9416164787421147,0.5874739665205063,1.5618228530588425,0.4282164991485603,1.266875516749865,1.4507267929404484,0.673347905856432,0.9893084728424592,0.5930565052246062,1.5245182882055743,0.8221944306526385,0.9554533113396175,0.5165761159753087,2.4523219457323053,2.1810441220246646,1.190041767339261,1.1784532352412802,1.6445962640798513,179
training_fold,0.1,0.0012619146889603862,1.1727758857642576,1.3360348284897392,1.2551376828142746,1.138520612948576,0.9605954265031966,1.3507997855343807,1.0362864334254254,1.1778882881242598,1.0531844370749612,1.0472171620127337,1.178411974008479,1.0399143777225333,1.6981155333901619,0.9976424770279045,1.2031884498491394,1.1533716884933936,1.3347143902169865,1.1045115782655022,0.9329296141366081,1.135148219118372,1.321904756128528,180
training_fold,0.5011872336272724,0.00020000000000000004,1.175269598327007,1.694518828525089,1.0584906707568806,0.8315964644639342,0.6176664355108239,1.38159120648504,0.6593545920440226,1.2924042137981808,2.2973250206819245,1.0326702062233486,1.1299703478538645,0.9699764109746063,1.7043373077530812,1.2462807430997536,0.8429085910774375,0.8106078171468806,1.151099574705459,1.192259357453158,1.2879683531035524,1.3645825294266707,0.9397832954564345,181
training_fold,0.44668359215096315,0.00020000000000000004,1.1756065757161025,1.5427060210716548,1.1596416037954278,0.8282019266088534,0.7014009879937284,1.3531009578938298,0.6906072024758468,1.4063230784360239,2.3054899132788904,1.0852505673611232,1.1524320622239819,1.0123429110377615,1.7513228301202979,1.2353135681263878,0.8675952713381075,0.8089835476734247,0.9846528417465874,1.1137531585347773,1.29442804768367,1.3398716298667648,0.8787133870549129,182
training_fold,0.8912509381337457,0.0012619146889603862,1.1767851437936585,1.1903449895696485,1.2650337755634118,1.0353935090136397,0.5926962714672125,1.6298102482344472,0.4862672438786181,1.3612729893650382,1.5034691626679693,0.7984060124293387,0.9440982498543994,0.5804008488358694,1.5801334022975513,0.6711173838786567,1.0299363696373436,0.5077173219637935,2.310670902722129,2.0401471275189977,1.1531949101143837,1.141734756771505,1.7138574000892135,183
training_fold,0.1778279410038923,0.0007962143411069948,1.185481631770358,1.362052514237247,1.3089071737673845,1.2717208298391989,0.924860558627169,1.5051108081474545,0.8709823097632089,1.2159900183746275,1.0430991228005984,0.9628656327367114,0.9853619379427352,1.1261615896221413,1.9974809391684318,0.9533903327292844,1.005794189286315,1.12111859560116,1.1467874183772013,1.2464558949004654,0.9770940265251253,1.3729911354298414,1.3114076075308552,184
training_fold,0.28183829312644537,0.0003169786384922229,1.1896956704096566,1.3457444505966063,1.1966250026018177,1.729079195761722,1.6725097502762583,1.766552182530805,0.4564480564810265,1.1381865532526025,1.4025602426851103,0.7268789060968014,1.1617765212598812,1.1084986567970838,1.5005905032119555,1.366652034397464,1.0264149520104204,0.8940116971649792,1.060770365075351,1.0333792791006864,1.120468854100022,0.9977397254059405,1.0890264793865982,185
training_fold,0.7943282347242815,0.0012619146889603862,1.194800160874568,1.1480511341369262,1.3398915903462645,0.9980381593405087,0.5786853518302861,1.6307670766073266,0.4626131162599828,1.3946296108461274,1.5223152045040405,0.7705936442605543,0.9718499972855289,0.5835461095358925,1.5757695083613235,0.7045378578652252,1.0182367556822487,0.5100918977520745,2.4415725641470645,2.155104147433387,1.1870197682400299,1.1754056104880781,1.7272841125684877,186
training_fold,0.15848931924611134,0.0007962143411069948,1.1962654714124228,1.4483785268212,1.3553701505586264,1.240938212302059,0.8942508535572585,1.489949347369334,0.9239123815156386,1.2358121016493198,1.0764206596021333,0.9645411507404298,0.9761043848955719,1.148072141076065,2.0184824886919968,0.8560506478638453,1.0721026607264172,1.1709244615090397,1.1712696031050531,1.2562136936089205,0.9299236183004311,1.345101057330129,1.3514912870249876,187
training_fold,1.0,0.0007962143411069948,1.1978617697545688,1.2166197552012714,1.2464279469063737,1.0863476886098384,0.655834393972798,1.6817939028497193,0.5345649920391815,1.3299521520882056,1.5140307937050537,0.859466261010254,0.9166057338493536,0.5698616037570721,1.6359259534893393,0.6689890831462638,1.0953279049898157,0.510030240592429,2.299050225575392,2.0509334003275708,1.1939186929689931,1.121698150355772,1.7698565196566787,188
training_fold,0.11220184543019636,0.0007962143411069948,1.1984010876514282,1.5327584656879272,1.3321312107635364,1.1289785799015597,0.9631063410041284,1.334957312138327,0.9984836614984982,1.1611308367659843,1.0198108990868398,0.9969800335265685,1.2007850213178544,1.0896564151998527,1.7940266953521185,0.9899060356924462,1.3153540977884326,1.1756600672622637,1.3543083666357643,1.1248152602960322,0.8721217002236225,1.2329638562098313,1.3500868966769721,189
training_fold,0.12589254117941673,0.0007962143411069948,1.19966821371318,1.5745327589217657,1.3536965134102643,1.138578972485954,0.9255674405276361,1.3555050125917905,0.9823500903704593,1.1799161329874643,1.0072291617701992,0.9691496246102804,1.1095699630228342,1.1389496960787382,1.8904624410770452,0.9502952684521249,1.304635499803228,1.1746928953637137,1.2912275299158666,1.168111514801727,0.8741745659043918,1.2557796132332297,1.3489395789348924,190
training_fold,0.1,0.0007962143411069948,1.1997417542055786,1.4599121929862515,1.2994095041755813,1.1502531518026664,1.0044915198744984,1.3390768454957207,1.021236765715249,1.1630489202619931,1.0465196920445397,1.0471138355289908,1.2555485745485488,1.0491467429208452,1.7105514359768261,1.0170472338536765,1.272146423340096,1.181523709615592,1.4010561445149121,1.098285188322952,0.8957604599335729,1.2278175998183534,1.3548891433807055,191
training_fold,0.14125375446227545,0.0007962143411069948,1.2001538095644624,1.5485409677277895,1.364682638227807,1.186719558899694,0.902251550085096,1.4160609583555333,0.9579235071303538,1.2159353847876475,1.0397162444973929,0.9612721198122607,1.0187139453607579,1.1552360745109407,1.9762059527938596,0.8951851748313707,1.1986149760944056,1.1787555374635958,1.2269720260759096,1.2204044271454602,0.8956817433030206,1.2902835627083826,1.3539198414779725,192
training_fold,0.31622776601683794,0.00020000000000000004,1.2089452196218713,1.2101256583097886,1.1883908660672446,1.7724584258523586,1.6292448877835355,1.7969410982935208,0.4285434791087971,1.262072363099723,1.5799716409804376,0.6900751496033631,1.272581352227564,1.024750638531755,1.3832518209391016,1.3966101223715008,1.1008826354639782,0.9115919270170817,1.0228909445469834,1.0222917408310042,1.3646806875936044,1.0482113111951963,1.0733376426208856,193
training_fold,0.223872113856834,0.000502377286301916,1.2100063592084929,1.4776516782684885,1.2577573494146836,1.4852401514929623,1.2795540660840963,1.540988766773411,0.6582387799191347,1.1473200556469945,1.1041672135127711,0.9062780476412684,1.114229609667592,1.1716049067342027,1.8719038387039943,1.253189460365893,1.04643123829486,1.0387575865981433,1.227872393439008,1.152280691350712,1.0554853213748416,1.1926985183294208,1.2184775105573773,194
training_fold,0.7943282347242815,0.00020000000000000004,1.219587050560412,1.1350847726298625,1.3625643955860014,1.0084995228366207,0.7283050935156342,1.6271098295832176,0.4850448567148706,1.1193328126306274,1.3855090453465695,0.7020200500860845,0.9525882925346443,0.6248812383711887,1.5929520897457026,0.9966998055401376,1.035448619504002,0.527771874318731,2.598697899833295,2.379925519044684,1.2844237618458203,1.1289739936788699,1.7159075378616833,195
training_fold,0.7943282347242815,0.0007962143411069948,1.2297839208578731,1.1275948590392466,1.391869194735921,1.0178220088544805,0.6322880742796658,1.6746085725473456,0.4850403058579116,1.3803375847718764,1.5382501094113081,0.7963352072566269,0.970073542800896,0.5759469910069149,1.618546534642125,0.7486724077106002,1.0650183358098904,0.507996302124671,2.5590307454146926,2.2822722721058035,1.2571933542721525,1.182285778096904,1.7844962364184274,196
training_fold,0.8912509381337457,0.0007962143411069948,1.2374104999004862,1.1707355127542,1.3501391403059606,1.0644387747045267,0.6577590307161847,1.7157682655552768,0.5267385768980161,1.3966690451439159,1.5548646398049457,0.8616995887656322,0.9395805862786404,0.5690554289126857,1.6590459959963244,0.6976559422117681,1.1138543515492807,0.507252383865987,2.4930497646466714,2.2303990576467507,1.2557269430368863,1.1560773784877874,1.8276995907282862,197
training_fold,0.7943282347242815,0.0003169786384922229,1.2415230448033479,1.1060783216431513,1.404354033807918,1.022705312226438,0.7084279734385552,1.6717396231211576,0.49826294335023125,1.2409131796791963,1.467449858731735,0.7601360776946046,0.9622871584897237,0.6006003265697375,1.625435563843665,0.8955558329946431,1.072267998526477,0.5169546745806445,2.639347428520826,2.3940083925723656,1.307850413183554,1.1609554256868957,1.775130357405434,198
training_fold,0.1,0.000502377286301916,1.2420652821769633,1.6226147922908125,1.3423718851546886,1.1805930209785278,1.0940106487649188,1.3242845541890182,1.020621055599392,1.149539926840927,1.0476037590604101,1.052237313769054,1.3620733251438781,1.066505097968125,1.7204819979272667,1.0442687762951168,1.3630483545666066,1.2162614592125411,1.4960282955727577,1.0996002644989173,0.8746933998315116,1.3596057409696372,1.4048619749051643,199
training_fold,0.7943282347242815,0.000502377286301916,1.2458666684942763,1.1094671681909478,1.4149560967923271,1.0269655086469691,0.6764075015008013,1.6881888758891628,0.4983603671968412,1.3294278301573004,1.5210730064511273,0.7933108187139227,0.9675479886342722,0.5832036462474981,1.6349748759714444,0.8122275140340041,1.0832438492839773,0.5106072832133559,2.6270103939185816,2.3631196975506032,1.2988060707923137,1.1784473438456458,1.7999875328544253,200
training_fold,0.11220184543019636,0.000502377286301916,1.2494480489594095,1.7302734674462037,1.3989290345387668,1.1582693918793137,1.0382384853852964,1.3193472871805005,0.9881653892471768,1.1413545710883053,1.0533879305850387,0.9931274904149902,1.3206875458847156,1.1222646709738695,1.822426258890463,1.0224678112334298,1.4433625597242137,1.2197852227018617,1.457036686646358,1.1291887853918339,0.8529929665762783,1.3748926048769057,1.4027628185226722,201
training_fold,0.19952623149688797,0.000502377286301916,1.2515905861225183,1.464860614080295,1.3232396299469265,1.4141885586268674,1.0059048672449786,1.5577010372880482,0.7948378425594453,1.2385391594604074,1.1116080679001474,0.9947591442542103,1.130933554679326,1.2268335626547704,2.068972918248318,1.1110518694699867,1.0818022227147535,1.185172502421803,1.2340562190762407,1.2642585595959184,1.0352263347017465,1.4404142656813865,1.3474507918447851,202
training_fold,0.251188643150958,0.0003169786384922229,1.2615221575041295,1.6210715430037532,1.2561268377104482,1.760272758862613,1.580773264245439,1.7066026899354156,0.5512568102904305,1.0886725905851962,1.3154983947899563,0.8517795265866365,1.2150077080496513,1.2656593500344375,1.7593643265179388,1.4038440949124795,1.1160727630519838,1.0571820097414566,1.2228680248094985,1.1029224213527145,1.058674707545432,1.0937523716475552,1.203040956409557,203
training_fold,0.12589254117941673,0.000502377286301916,1.2628081104388067,1.804672515626714,1.4416289083665481,1.1782592576596627,0.9756994133437156,1.3409028141965145,0.9777092575099837,1.1739086544936317,1.06767969884715,0.9652143650946894,1.2163804069043618,1.2102825596724105,1.9548206238816046,0.986918574257001,1.4890074208141963,1.2377416893471396,1.383369794787789,1.1783061308027685,0.8585221165723486,1.4084975424935808,1.4066404641043235,204
training_fold,1.0,0.000502377286301916,1.269921374059578,1.1988078176419075,1.3434928872778076,1.1216352000300742,0.7292644480229917,1.7828502927729653,0.5895120518389734,1.3825924272815169,1.5760707138659193,0.9378538956419831,0.9096758481121473,0.5751236410662515,1.7282701585169822,0.6946627337905042,1.1921395712053786,0.5169848260615193,2.5059337036900304,2.2675462766845818,1.3073230803475955,1.1352371184498875,1.90345078889254,205
training_fold,0.14125375446227545,0.000502377286301916,1.2737021975613398,1.8054983463781682,1.4619756001356805,1.2605405005711754,0.9209142109258543,1.4142455248749397,0.9646385541011435,1.2537012878640552,1.073335735428928,0.9700985795075241,1.09647066340807,1.271280642281996,2.080568011998483,0.9307388427112752,1.3922443938522817,1.2709505489667303,1.3174021001722696,1.2508861413489938,0.8683590453008501,1.4429201910481244,1.4272750303502575,206
training_fold,0.1778279410038923,0.000502377286301916,1.2788393236689257,1.5185531132642314,1.409449802382856,1.399856859754659,0.8875488986887234,1.6146459196934557,0.8891569638987022,1.3045264984226916,1.190716688888842,1.0132881833562195,1.0785272860016455,1.2706011538583069,2.16088293923269,0.9500741235329062,1.109841035001467,1.280863121063581,1.229714788495218,1.326367325472723,0.9662951185487142,1.535878319609116,1.4399983342117646,207
training_fold,0.15848931924611134,0.000502377286301916,1.281235150717261,1.6757604738205785,1.4604465740042383,1.353025994873757,0.8858079725809731,1.5380349778992173,0.9423370668112099,1.3216770725313038,1.1583289465189028,0.9901873630056958,1.0431462507486498,1.281540010364606,2.1631065841695216,0.8724337177755682,1.217239262683994,1.3017894536482477,1.2672648388693126,1.3140365563540857,0.9005331554150636,1.4852378253727614,1.4527689168975286,208
training_fold,0.8912509381337457,0.000502377286301916,1.2871528275554835,1.1455756937695358,1.4225606366826147,1.0948888533191794,0.7190580122225387,1.7762852766251556,0.563207897191816,1.4069481781470354,1.5879405168188623,0.9044380659118533,0.9379170242685111,0.5790244875806982,1.715386928438869,0.7394334318585857,1.1751845715554432,0.5133135675219964,2.650823236635426,2.395462392439491,1.3409729588784471,1.1667622478596567,1.907872573383957,209
training_fold,0.1,0.0003169786384922229,1.3069537272536746,1.830626406190157,1.3828292007393148,1.2529361611754244,1.2387175200411331,1.3054318360189279,1.0494337153491178,1.1491649401147086,1.0713268575790418,1.0655325782360974,1.4970360647904097,1.1008822037762804,1.7373391325285101,1.0831856788003074,1.4771012316906713,1.2625406095493539,1.619638331757041,1.1221707678590995,0.8815348596362241,1.5274003672684775,1.4842460819731929,210
training_fold,0.28183829312644537,0.00020000000000000004,1.311607117629135,1.6318740553332725,1.2356037105547146,2.0320996734928465,1.8599127250261982,1.9307264652270775,0.5224882942124827,1.0967121895716545,1.5441275172916975,0.7682175029220837,1.3275574500602327,1.3379652264291848,1.6383930890730105,1.510254358178063,1.175920865467963,1.0739619119281079,1.1403727860517325,1.0810809686056218,1.0799035239402723,1.0564060027481434,1.1885640364683412,211
training_fold,0.223872113856834,0.0003169786384922229,1.316244657566211,1.660457962899605,1.3173452002733506,1.624119637298619,1.2093201272811265,1.577721530256695,0.6901844222953465,1.230026800270124,1.229500139955734,0.9944858993053712,1.3028445185090975,1.3367593172179806,2.0503442965048904,1.3071000901777996,1.1934732351976858,1.2369239733914874,1.3178679137407525,1.2345485578829218,1.101383738947323,1.3631075236233938,1.3473782662949165,212
training_fold,0.8912509381337457,0.0003169786384922229,1.3175949111558982,1.1170666956231194,1.4686349746501164,1.1135970860716011,0.7684312079114634,1.8057398116153032,0.5857874509053456,1.3821974905661492,1.589947938970867,0.9168581614234451,0.9379791715093662,0.6018619023192551,1.7439183635150886,0.7979740705589451,1.206896151267824,0.5229378986325571,2.7637983549064176,2.514947997428584,1.3984441942151355,1.1699323143881948,1.9449469866391833,213
training_fold,0.8912509381337457,0.00020000000000000004,1.3251895935390208,1.0943361353061287,1.4799733249218705,1.1152852814108,0.8030853068888995,1.8033933401696263,0.5908322944464544,1.3181241461527835,1.5535964511556721,0.8946642349184769,0.9386364477424195,0.6290228466814839,1.7437930189809463,0.8755202140350701,1.2063365500515129,0.5338779867854717,2.820793764406411,2.580209413592069,1.4223865536963594,1.1624912814200765,1.9374332780178825,214
training_fold,0.11220184543019636,0.0003169786384922229,1.329736317584182,1.9866345923686513,1.4690797169290928,1.2217885521798895,1.1748531131659576,1.2972725116926167,0.9986108774598556,1.120749948989583,1.1655899000302614,0.9931517433212406,1.4931653176178887,1.1777775716235586,1.8456504078354636,1.0662892417331573,1.5887551505658843,1.270240613400407,1.613467297885198,1.1637038712658125,0.9003070496397447,1.5670084799250337,1.4806303940543473,215
training_fold,1.0,0.0003169786384922229,1.3340615483690568,1.1737027177812043,1.434469664089812,1.162789808577508,0.7984238839739441,1.8612168935306954,0.6381640999225798,1.4164112289937516,1.6256568363283939,0.9986979133213121,0.9063674769618011,0.6019249040225296,1.8000529374102352,0.7321918000634227,1.2692146764671068,0.5306576857294866,2.699494366611368,2.4685883667717077,1.4075022269062278,1.1476152555450216,2.0080882243730294,216
training_fold,0.12589254117941673,0.0003169786384922229,1.3622320746029626,2.1015097981466178,1.5437449301799226,1.2348480337723902,1.089097729564693,1.321256729804212,0.9877486099758468,1.165948451391618,1.2799974704007335,0.9572744619697966,1.3815708615632285,1.2943842151400136,2.016578553746908,1.0380487427303424,1.712000145494438,1.3081733520220196,1.5349345777887329,1.212020381047351,0.959826152466966,1.6222743455479605,1.483403949305457,217
training_fold,0.19952623149688797,0.0003169786384922229,1.370762843651925,1.6357497309979632,1.4129654448703832,1.5508340543611503,0.9206291130110408,1.7185177220724952,0.8439773563169688,1.3490736520569613,1.3202809583375856,1.0755046509100492,1.3000468079605907,1.401999542368113,2.2554359039237477,1.1099866532496516,1.2157437493370762,1.3934685252840273,1.3152774485352503,1.3616192463974253,1.0570789917418089,1.6635475804411786,1.5135197408650352,218
training_fold,1.0,0.00020000000000000004,1.380078359082765,1.141500249112499,1.5038902988512397,1.1934839035235494,0.8551253753283736,1.908908252367188,0.6717851099448175,1.4191121903773969,1.648535690304947,1.030669001261075,0.9060952645036846,0.6369901219319332,1.8439717205080022,0.7832144862424044,1.3176874472647166,0.5474167335313144,2.8560054575842413,2.62851150148174,1.4824873331996629,1.1553611904892978,2.0708158538472095,219
training_fold,0.251188643150958,0.00020000000000000004,1.3848766864825819,1.9091760758620264,1.3091828346854206,1.9444817941745067,1.574103925390094,1.72309468472125,0.6207375883138929,1.158871980175199,1.4460028892365862,0.9369011993725712,1.4299257176630715,1.4693607702778055,1.927417443678286,1.5078066305424023,1.299701383648065,1.2786069559038011,1.3315022907932843,1.1800971506876738,1.1182348888091662,1.213748592381835,1.3185789333346978,220
training_fold,0.14125375446227545,0.0003169786384922229,1.3870785839347246,2.1523042671929837,1.576934792459299,1.3422428536858797,0.9965299899358728,1.3976665194756643,0.9892661641480117,1.300730283384598,1.2719547290337538,0.9759227502891346,1.2190547333920514,1.4110462275325424,2.191115276657187,0.9803894951292639,1.6638605996820708,1.3703194738795343,1.4503159557893608,1.2952860861742836,0.9728030181317905,1.6684731285104732,1.5153553342107335,221
training_fold,0.15848931924611134,0.0003169786384922229,1.3940411531225188,2.019890807150349,1.5778925428497237,1.484441663906948,0.9068147402314894,1.5662858791049186,0.9901921353631673,1.4355473680034196,1.2604851694855128,1.0138406180726107,1.1317207648047567,1.4485563250183788,2.3225722140554663,0.904467963334272,1.4397305457854195,1.449793940157131,1.3992902446902078,1.376097456590959,0.9164365956880902,1.668328221056008,1.5684378671015484,222
training_fold,0.1778279410038923,0.0003169786384922229,1.3981209572997404,1.7596209888490446,1.528528870132681,1.5522140090738437,0.8588815874051898,1.722621640642164,0.9594743799642036,1.4645833310590417,1.3731783121303744,1.0614603391515487,1.1858707208661836,1.4477714367947094,2.3466435612182006,0.9360296363709368,1.2627127596984251,1.4700746052493616,1.345204422223436,1.412134072645419,0.9590062884314202,1.7218939633381183,1.5945142207505039,223
training_fold,0.1,0.00020000000000000004,1.4032407674257468,2.090423790521173,1.4208390180931842,1.4033583737898692,1.4425307178643796,1.2842394580898138,1.121218812630019,1.1888510943947577,1.1400736858187326,1.0915536171746567,1.6507843892370535,1.1580065047495123,1.7792025452156992,1.1443498889489405,1.620114439810728,1.3286349870884269,1.766794221458381,1.171550937569364,0.9205621896394758,1.7241227839386961,1.617603892482073,224
training_fold,0.11220184543019636,0.00020000000000000004,1.4456579725752965,2.3157606653578116,1.5428561472168212,1.3579502279103615,1.3804968722472601,1.2653833858292134,1.0508269656589233,1.1157247215583432,1.3296879946266658,1.003530080896817,1.7265355168258303,1.2753430421776222,1.8736166336812563,1.1231579838295516,1.7486972436042703,1.330701390545067,1.821124647579757,1.240778499310596,1.0008822463705784,1.8081570598602172,1.6019481264189648,225
training_fold,0.223872113856834,0.00020000000000000004,1.4527234210917193,1.890388228148548,1.382542663640327,1.7460501849152998,1.0869867276606344,1.7153458960659704,0.7754599607793272,1.356948135514772,1.4443828283448046,1.09879639913082,1.5585792089877102,1.5341897659566983,2.2453238182230004,1.333785504184927,1.3725385434801942,1.4838266975445682,1.3990303889675233,1.3402378091468943,1.1671741482878037,1.6034319513241155,1.5194495615304477,226
training_fold,0.12589254117941673,0.00020000000000000004,1.4989867233576097,2.480681491723982,1.6593733299932456,1.3330921513559635,1.2747857351441847,1.2929341936165055,1.0282691626143319,1.155398341224125,1.5640809972193126,0.9447067620754466,1.6278395511299788,1.4219828976663502,2.071367689309224,1.1078041167283779,1.9560789658206474,1.3872716795934399,1.7587374300087664,1.2898986517770679,1.1313545690484408,1.9031827025766694,1.5908940485261351,227
training_fold,0.19952623149688797,0.00020000000000000004,1.5196317695323693,1.871885979780695,1.524006176321662,1.7076066387940976,0.8367858339680152,1.9037508296250558,0.9645303781875507,1.5499097626877527,1.5925431511636794,1.1557863259652348,1.4877969632298593,1.6153433657750298,2.4636071611448207,1.0859254750584317,1.384190019067259,1.641343192943485,1.4161159829068921,1.46669081136104,1.0873944184593916,1.9204325959879647,1.7169903282194703,228
training_fold,0.14125375446227545,0.00020000000000000004,1.5443404624301944,2.5993270841550595,1.716929304881478,1.4323151963154575,1.1458802073092924,1.369547237653427,1.03868978341543,1.3439781183666109,1.6272769918033803,0.9744617214957442,1.4104998372369006,1.5713682453881153,2.307308837251783,1.050782034612062,2.0097541122107896,1.4753972538045317,1.638298706754767,1.3715802455709227,1.1903543252908735,1.9885766625398063,1.6244833425474614,229
training_fold,0.1778279410038923,0.00020000000000000004,1.5452829276611033,2.1365263822744542,1.6645419110211257,1.7333636458210637,0.8744612656723156,1.815121967746715,1.0707083461070581,1.6565472965163686,1.577398703551952,1.1026793096722654,1.3038845491497966,1.658057071301999,2.560325066841869,0.9212472741776176,1.4816229931680325,1.6847372438805739,1.5012950126158295,1.500867019772635,0.9821038441056971,1.9148256136220898,1.7653440362026125,230
training_fold,0.15848931924611134,0.00020000000000000004,1.5522476196476667,2.511308834409645,1.708426619228683,1.632108209013213,0.9958995850046992,1.5670998355295636,1.0560938727429792,1.547141146194079,1.5014336037806368,1.034012913966168,1.2543161513870387,1.6548779235286475,2.494665747339027,0.9548056135167681,1.7549530571434169,1.6094051021041174,1.5707779953911205,1.4585590752142394,1.0990085693239897,1.9416205944327634,1.698437943702541,231
