rank,length,noise_level,mean_standardized_rmse,participant_1_standardized_rmse,participant_2_standardized_rmse,participant_3_standardized_rmse,participant_4_standardized_rmse,participant_5_standardized_rmse,participant_6_standardized_rmse,participant_7_standardized_rmse,participant_8_standardized_rmse,participant_9_standardized_rmse,participant_10_standardized_rmse,participant_11_standardized_rmse,participant_12_standardized_rmse,participant_13_standardized_rmse,participant_14_standardized_rmse,participant_15_standardized_rmse,participant_16_standardized_rmse,participant_17_standardized_rmse,participant_18_standardized_rmse,participant_19_standardized_rmse,participant_20_standardized_rmse
1,0.44668359215096315,1.0,1.0844346148368396,1.4259626815825936,1.2983751312492569,1.156874310052736,1.011530508586367,0.9145726283007367,0.724015323622905,0.7536282530655989,1.5202896416009823,0.8725043971171376,1.2142354254588095,1.137931378748258,1.0835813696987462,0.9150072051655485,1.07488613808278,0.8601530641308551,1.4355630895004996,1.0055371596761062,1.198491301293181,1.1200832111759218,0.9654700786277768
2,1.0,1.0,1.0854844701687536,1.3981151059666046,1.2978968293642235,1.08278278003122,0.781544081494254,0.9571583162272363,0.6738318326499725,0.7703807868087824,1.4622908991900316,0.8824649692751972,1.2130631602299229,1.1030799867316288,1.0569631509056368,0.9126922228494921,0.9117699498968908,0.9171767689773997,1.534342459264205,1.7564471686968495,0.8902662286480851,1.15038260850323,0.9570400976642137
3,0.5011872336272724,1.0,1.0874547281391116,1.4775202289009666,1.3563474073963628,1.1660220231026845,0.899958752160601,0.8934559148575609,0.7147215983296522,0.752049173386484,1.4642637751270555,0.8464649985283301,1.2151999174666783,1.1319277011701758,1.065934628812027,0.9105700836633789,1.027745950678994,0.8710795298325644,1.6141281745975835,1.1710459000767248,1.0864148431266614,1.1056400060013447,0.978603955566401
4,0.8912509381337457,1.0,1.0910065480464683,1.4142894587279884,1.4203592081375103,1.072365290713215,0.7756264339194283,0.9424705837074516,0.6595819249555548,0.7768118867096074,1.5007786239907688,0.8771423160812137,1.2135855298438298,1.1075188376070428,1.0589312620750353,0.9108196024135552,0.8929628151065966,0.9128810282250898,1.5581070050581052,1.7567736926476942,0.8750517044242541,1.1350040737184042,0.9590696828670134
5,0.44668359215096315,0.6309573444801934,1.0912522747865894,1.422845574268767,1.2964306031312565,1.155614144472683,1.0105333168841337,0.9257714009287126,0.7310460998841574,0.7524314894588073,1.5350348645247576,0.8948866553330852,1.2129177789832208,1.1411492482626302,1.1345979497990843,0.9190213750083289,1.0785750724577832,0.8552564846601838,1.4149880504900143,1.0062363917172998,1.250220368007716,1.1252916717431254,0.9621969557160467
6,0.5011872336272724,0.6309573444801934,1.094819267588871,1.4500122404111349,1.4479126817484258,1.1636328799586462,0.9090086163861241,0.8893944084284182,0.7197376938071219,0.7421102574170269,1.5075160005443315,0.8453228913195054,1.2152555262611355,1.134601440147652,1.0661020007407798,0.9127893811637436,1.0412008460412698,0.8651315614437852,1.6052297687605876,1.1807791356283481,1.103780212410284,1.1185011931058917,0.9783666160532064
7,1.0,0.6309573444801934,1.094917161525844,1.4922322931787229,1.4196050623599175,1.0746818588600906,0.7818434736593305,0.9440977865014405,0.6628551106059835,0.7744525704897726,1.4916785890815922,0.8791276121823912,1.2137673856282063,1.1067341377737265,1.0609872983383681,0.9123611668422171,0.893140360414867,0.9132572513604789,1.5481793470755185,1.7564721661394493,0.8744798200513678,1.1411924295712639,0.9571975104021746
8,0.5011872336272724,0.3981071705534973,1.0963889424180213,1.4445583939973166,1.4790843285460316,1.1615496972659112,0.9052293595766854,0.8897726067804503,0.7227025173960505,0.7344412439770988,1.521669099170992,0.8457899760611222,1.2154066422965522,1.136201539928708,1.0641039467696864,0.9153920049294291,1.0498649702454241,0.8598371396980496,1.5801278278833104,1.1714396827620956,1.1229869064299343,1.1309043239438061,0.9767166407017693
9,0.3981071705534973,0.3981071705534973,1.0975955301873532,1.4127133822406275,1.1182760752353285,1.1516562981554812,1.0086778846539095,0.9529241772756016,0.8368461163046865,1.012700064013573,1.3525134728335273,0.942833648523521,1.199630636005352,1.1554563698660807,1.3297051361347472,1.0016141947754638,1.1631739460190627,0.8432074201516453,0.9917862727448226,0.9417740122853383,1.4263507890236042,1.1086419622560004,1.0014287452486876
10,0.3981071705534973,0.6309573444801934,1.0977573194759256,1.4039611803731116,1.173639558008444,1.1519903625859398,1.0072642587986451,0.9540238537299606,0.7991978161768074,1.0110270014422285,1.4083412309266634,0.9388358848543022,1.2046206303282347,1.1512057839627865,1.2976360470110035,0.9562610549868547,1.1641080426216288,0.8463959914207134,1.0389529647870457,0.946303114946736,1.3920925595139,1.1130629318777454,0.9962261211657593
11,0.6309573444801934,0.015848931924611134,1.0979813575907655,1.4452697198912687,1.2813297859626935,1.1639114406910278,0.7693802000433936,0.957645414262223,0.727253620235989,0.9615350227775442,1.4505912020878844,0.8175799557747684,1.2252614455918054,1.125382672133629,1.1878520755962696,1.1496068932222008,1.0562201259861288,0.8507001771768901,1.2955662311462404,1.176566131468369,1.2219196818751634,1.1497703152918606,0.9462850405999591
12,0.6309573444801934,0.025118864315095794,1.098226596880104,1.4645624202205059,1.3003390744698118,1.1652915062795337,0.7687434078905484,0.8983512272685308,0.72668305618859,0.9675070737801017,1.5287343183142323,0.8384465572690747,1.2236726766508752,1.125902011329433,1.102536448050804,1.1482842555715416,1.035437359501988,0.8531192038680162,1.3891284166272535,1.199495425881164,1.1090107693311826,1.149275865264316,0.9700108638445757
13,0.5623413251903491,0.06309573444801933,1.098720417081843,1.4546870742159217,1.3124907311791179,1.1626950688105675,0.7634003671715718,0.9091414769575955,0.7253590111341518,0.964390735014861,1.527722963629722,0.8417960453727954,1.2195510415094628,1.1306743743192342,1.1199445719541168,1.148399384313229,1.0502254652900007,0.8517822639110191,1.362199465554132,1.1758253643544592,1.1420931572352415,1.1428515001105337,0.9691782795991258
14,0.5623413251903491,0.039810717055349734,1.099002695767773,1.4424911464441164,1.2899046839569452,1.1615634787219384,0.7620129776287581,0.9553876110704638,0.726909975594076,0.9663383581102654,1.4450189927249493,0.8391002820118244,1.2199176384360364,1.1300401948660408,1.2038745726873818,1.1499112613692977,1.0559851277331944,0.8489773555828615,1.2631837511448192,1.1655886600279686,1.2617287976875857,1.142311179663289,0.9498078698936492
15,0.44668359215096315,0.25118864315095807,1.1010011375162538,1.4284720577119399,1.2070079087827879,1.1544812457931712,0.9982661944914121,0.9527961666108838,0.7464938484492196,0.9910908845487019,1.4336069142937542,0.9164807029168305,1.2083203129321192,1.144517051720817,1.2680430247321266,1.114564258013417,1.0819205476408278,0.8465984851756486,1.073578432261849,1.0002807930250919,1.3588510087183923,1.1232510635819772,0.9714018489241102
16,0.707945784384138,0.01,1.1019561674967189,1.4732725621850418,1.291228498644577,1.1666844561010807,0.7798283606113674,0.8912730384608369,0.7286379376973847,0.9939390713673258,1.5309161483045277,0.8386317070405406,1.2266241329619185,1.12237885157786,1.0943382986654788,1.1482754076921242,1.0183855160045105,0.8545489838004133,1.4380303488946242,1.22744942798716,1.0912033975821902,1.1540800279313108,0.969397176424101
17,0.44668359215096315,0.3981071705534973,1.102643358134049,1.4244224260493126,1.1964518458740927,1.154804718262851,1.0069251878639887,0.9418903119664442,0.7377127909623342,0.9905084177844309,1.52002716802141,0.9101954263466844,1.2109932224109725,1.1432802953200818,1.2111160894609228,0.9404851491841072,1.0808910167265275,0.8507333425609056,1.338246172834075,1.0024877671573784,1.3034077812990932,1.1256431662854391,0.9626448663099246
18,0.7943282347242815,1.0,1.1028266959638293,1.41226691083973,1.444110422700699,1.0698609565761898,0.7701292003485035,0.9285524867735514,0.6732240424125969,0.7822369365535424,1.512288429230009,0.8720865527964978,1.2135379309423873,1.1118347953295378,1.0610473067668258,0.9093507109896993,0.8761701316443545,0.9070737923493443,1.7550301754983682,1.7577672072757315,0.907581813598318,1.1266763932834913,0.9657077233672112
19,0.3981071705534973,0.01,1.103430464173564,1.3151543658007938,1.2536632348818242,1.089464271151504,1.152901606824426,0.9493537631034936,0.7196670425489329,1.0919520551210502,1.2434664364206869,0.9617923324336528,1.1033201462068638,1.1873131649138344,1.4362970089593432,1.3039997075925456,1.029428903050031,0.8248305829189946,1.0977432854947005,0.9101945779336568,1.2614012981153695,1.0980501369516014,1.0386153630479753
20,0.5623413251903491,0.25118864315095807,1.1034769207612936,1.4710762642708968,1.5201388138973415,1.176976078049181,0.7625121393737999,0.8768315751315645,0.7220369211102455,0.7563441469595351,1.5161653272080824,0.8459325138330662,1.215884174719989,1.1314640496996236,1.0652748521544688,0.9317796039263755,0.9290155228446819,0.8634239623266442,1.7009579627414653,1.3995654086921074,1.0797625142955125,1.1248757408411354,0.9795208431501565
21,0.5011872336272724,0.1,1.1036259736236729,1.4393911059812432,1.2960011871695323,1.1582544063330655,0.833718678968741,0.9533917532363766,0.7302166797037986,0.975856510240418,1.440745860779071,0.8772186069737075,1.2138691941783963,1.1364776382345785,1.2310993706542914,1.1504347488081401,1.058808922616497,0.8473594842123641,1.197699584017851,1.1325364231885269,1.3108589117323393,1.1332152209944242,0.9553651844500994
22,0.5011872336272724,0.06309573444801933,1.1063185218653941,1.478368931635391,1.2859276750223274,1.1582698936842257,0.7973947329768872,0.9596820553151518,0.7377782840762411,0.9794777933263903,1.3780752722509313,0.9195297866376718,1.2119409530987526,1.1360799947253344,1.2813301191189357,1.152185684519345,1.0580213056039047,0.8444337245125547,1.1089820389642433,1.1309257951661074,1.4012931455728377,1.131007920862991,0.9756653302376614
23,0.5623413251903491,0.15848931924611143,1.1064075499896464,1.468388903843716,1.4840480238667968,1.1707609474124265,0.7634589626388122,0.8768466816219057,0.7232875326218356,0.7470558874509517,1.4982999013099385,0.8434784296005586,1.2171733381287955,1.1316145379510059,1.0600878451376379,1.136556049232914,0.9632652385366439,0.8590830387170773,1.6249130533813556,1.3523592165667695,1.0894984390954563,1.1397795068132404,0.9781954658650907
24,0.44668359215096315,0.15848931924611143,1.1068633275690072,1.474643493554138,1.231449999274296,1.1546280882809379,0.9780628276703183,0.955859302083536,0.7631164668401818,0.9930991087507989,1.3684539910183076,0.9313454113931232,1.2048412547236664,1.14517967681694,1.3103885739779009,1.1498762519330659,1.081328779883385,0.8428842244799973,1.0272151537761895,1.0001461167414747,1.414382195635039,1.1195572150917577,0.9908084194550935
25,0.8912509381337457,0.6309573444801934,1.1070650864430818,1.4917003814304337,1.4463708235901083,1.0688145937470417,0.7780926191689554,0.9305385392763827,0.678127772188783,0.7802675136021451,1.511360144182351,0.8747838706079458,1.2134747752752548,1.1106622251902156,1.0630089006793315,0.9108243402802316,0.8763970147406136,0.9079347527785444,1.7448150957240376,1.757709644275801,0.902215846620124,1.130530862493489,0.9636720130098461
26,0.7943282347242815,0.6309573444801934,1.1070963348261054,1.423302236147146,1.4585848205760201,1.0677765582488519,0.7728644026113729,0.9172821894793877,0.6948459375267519,0.7853132831058363,1.5121446974931474,0.8703338990203351,1.2131404288744116,1.114633791775855,1.0646761667157947,0.9096352705732527,0.8644474587122482,0.9006454439592455,1.765609067521926,1.7602746663516424,0.9523713212571673,1.1237487312437437,0.9702963253279702
27,1.0,0.3981071705534973,1.1073330868609164,1.4974457911791927,1.4458223207807288,1.0692098508959265,0.7845974505415956,0.9325683222947042,0.6821172555267911,0.7777974910425816,1.5087285249434235,0.8770155264447483,1.2135511606258729,1.109609242540176,1.0643932052558926,0.9122816573983717,0.8765900508481381,0.9088384998374188,1.735798410114341,1.7565382346683414,0.8976890717569829,1.134677725790708,0.961391944732392
28,0.35481338923357547,1.0,1.1074699222749604,1.3758721156771356,1.1776570324614297,1.1512145592478835,1.0935390189507674,0.9520894637989151,0.9136194868531552,1.0353654566772295,1.3157951295556267,0.9519748462336786,1.197057136935176,1.1599110448025203,1.33985574118487,1.0078415859055474,1.1781834010298058,0.8428352898556456,0.9944361845626384,0.9290636254937141,1.4327234037561822,1.0983962617099956,1.0019676608072934
29,0.5623413251903491,0.025118864315095794,1.1075810217170783,1.4517423435027976,1.281038273096735,1.1613866581596741,0.7605850969390009,0.9635690736378637,0.7308138534560895,0.971109927745468,1.386202371843163,0.9121317261129812,1.219307031116534,1.1295411750275537,1.250090506830373,1.1512460488595506,1.0553346487329818,0.8468136768742609,1.218123418859549,1.164877584054878,1.389837913289608,1.1416864482889997,0.9661826579135072
30,0.3981071705534973,0.25118864315095807,1.1076747334385282,1.4863632821552495,1.1160817235054297,1.152039740924626,1.010085874797198,0.9513505980960766,0.8859468247475009,1.016580694357268,1.3290644678464907,0.9471339606327778,1.1937333510372632,1.1587606427182569,1.3572392598334349,1.0954913242008426,1.1584207569370064,0.8398565049632281,0.9686869221364951,0.9392644036170525,1.4453110873998765,1.102897859058015,0.9991853898064781
31,0.5623413251903491,0.1,1.107704114458795,1.463868682495662,1.3542404527114407,1.1655299000162107,0.7638574247715392,0.8830873429356945,0.7242898454709031,0.9690010738036795,1.5335030584414506,0.8415194500001697,1.2185097349904566,1.1312749215815825,1.05026797756461,1.1464801080273035,1.017278784346553,0.8551968243852416,1.5692113917456938,1.2435395655887913,1.1047612360786976,1.1429446898853162,0.9757198243349035
32,0.44668359215096315,0.039810717055349734,1.1080472086535536,1.4430842065931624,1.280917439609246,1.1579084835440503,0.781171806662216,0.9540319683924757,0.9858756997277437,1.0171069400492565,1.316989172877999,0.952514489956996,1.1884685251591787,1.146066661665419,1.384122823255914,1.1675212644252198,1.0529795220791063,0.832501029917928,0.9542788973100844,0.998297899536643,1.454223658369112,1.1040201285381057,0.988863555401211
33,0.707945784384138,1.0,1.1081720538357935,1.4240433722032646,1.4818301629999364,1.0714104646783578,0.7625613188664522,0.915433318110999,0.6901855959496963,0.785069959812118,1.5113542003240177,0.8667002568042548,1.2133895312689125,1.1163118831695908,1.0628560518012289,0.9083789519639964,0.8653225339230843,0.8994368926487413,1.7760639728212932,1.7588573788837016,0.9628018094682105,1.119863312532727,0.9715701084852876
34,0.6309573444801934,0.01,1.1081782645936253,1.4315603497697404,1.2736543631754222,1.163770688178124,0.7699257967852343,0.9671411259107783,0.729096282583179,0.9662379056994064,1.3942234195255299,0.9102600032255186,1.2257436745600978,1.1250029086223896,1.2244734624706126,1.1507962409831198,1.056081347200371,0.8489579081955133,1.2616431870724145,1.1762225781718445,1.3781286381938616,1.150459429040271,0.9601859825090766
35,0.5011872336272724,0.039810717055349734,1.108366590196327,1.4904470173590778,1.2834098065627588,1.1586533858597257,0.7683175583683697,0.9604621978354387,0.7649175240350008,0.9851353084184453,1.3511257320041623,0.9403840933198776,1.2089751737174326,1.1357990343117903,1.3271342973449767,1.1537406720292875,1.0564594384278616,0.8419075120745431,1.0385475116066178,1.128418620106322,1.445239149880414,1.1280488793762231,1.0002088912882172
36,0.5011872336272724,0.15848931924611143,1.1086792097364486,1.4421194986051145,1.3220554642975677,1.1587657034127476,0.866817834742308,0.9250973125245319,0.7269411302929344,0.974009285156433,1.5263267527978568,0.8632229290878328,1.2149560332359919,1.1368308306655635,1.1564350462688568,1.1484172290123744,1.0582720146831963,0.8509086854876904,1.3542655556730905,1.1371203818863997,1.2126749304572368,1.1348920041171362,0.9634555723241102
37,0.3981071705534973,1.0,1.10877533834445,1.4025222197417417,1.242069934663542,1.1529181280961431,1.007362874231049,0.9539451182262759,0.7689085339781614,0.944787364153828,1.4856969311223414,0.9360313829669703,1.2086316214062296,1.1460190802946328,1.2566006332376136,0.9374294756035612,1.1620231206285458,0.8495203967078557,1.3166266144427108,0.952734248485064,1.3514372868811657,1.1151705730644472,0.985071228957121
38,0.44668359215096315,0.06309573444801933,1.1088847208002925,1.4644973741127154,1.2661123958044749,1.1562564339043573,0.8520467594076357,0.9551820199460396,0.8970679264840475,1.005831568215499,1.3268847323238582,0.9491074545111499,1.1950782380919684,1.145825854909182,1.3679101919004926,1.1619309089666618,1.068157955227774,0.8361231275723304,0.9733899644264363,1.0007698601117145,1.452736996077952,1.1096209088592581,0.9931637451523059
39,0.5623413251903491,0.3981071705534973,1.10919327363094,1.4811564810809958,1.5281159789571117,1.1759267931422808,0.7609012662442071,0.8803752267264123,0.7200213750357478,0.7436894967055585,1.6126765012761375,0.848307968088114,1.2148817314313405,1.130627900635417,1.0670242232371918,0.9151103492559811,0.9110182048834456,0.8684014557749447,1.7606517393391647,1.410563687828202,1.0711493194961728,1.1032083165918047,0.9800574568885722
40,0.44668359215096315,0.1,1.109506039209596,1.4865515600197747,1.2514636489228637,1.1552140912869773,0.9318899029076798,0.9559043954834257,0.8044300817357056,0.9977448170856968,1.3413186366732912,0.9426923568215297,1.2004777066666912,1.1455571646142544,1.3442944478932517,1.1572305599248467,1.0776643970886588,0.839483479884443,0.9971950938657855,1.0008329369144369,1.4452998895426945,1.11499686342091,0.9998787534389975
41,0.35481338923357547,0.025118864315095794,1.10991673872467,1.2565478883683547,1.1741604920056008,1.1040833292957248,1.3753549958262687,0.9598177714392457,0.692396190359614,1.1449547599928889,1.219734938357041,0.9634540036037642,1.0934383281186861,1.2432987597474288,1.441594683746843,1.2778079072613808,1.0287350988397006,0.8446407287645886,1.102108676587545,0.9026035344733646,1.2605988369922891,1.0842670260668261,1.028736824646246
42,1.0,0.25118864315095807,1.1104004851570892,1.5010882053478058,1.4517207889307837,1.065760933572729,0.7876576352561775,0.922228435350213,0.7013423873853502,0.7806546763774763,1.5115639128422589,0.8759831968669853,1.2133394219292475,1.111740701235836,1.0667843136117048,0.9123595041452937,0.8647916755229061,0.9034505931636014,1.7481083643790167,1.7578639543473042,0.934255197395575,1.130544915975681,0.9667708895058397
43,0.44668359215096315,0.025118864315095794,1.1105311808025171,1.4222960215175946,1.317922949086708,1.1605674660012428,0.7480808114055386,0.9523620300935496,1.0616604020214533,1.0296327575221866,1.308585821242107,0.954364829870402,1.180457670739842,1.146343216258783,1.3968713254846794,1.1785693088671472,1.0401852727577974,0.8284980549732855,0.9502529402256632,0.9915791027707188,1.454809683119922,1.0998740915092577,0.987709860582461
44,0.8912509381337457,0.3981071705534973,1.110553300293757,1.4987750357108198,1.4535159771141615,1.066219273241593,0.7810861746373142,0.9196396178940528,0.6984969684966582,0.78349153108367,1.5121634895980958,0.8734467559051463,1.2131729563317006,1.1130757823605937,1.0659364383990846,0.9109848364490372,0.8644937581910466,0.9019798613743621,1.756469069870406,1.759386794017166,0.9427371540631562,1.1272817766306797,0.9687127545064035
45,0.7943282347242815,0.3981071705534973,1.1108165772105896,1.4282094685754319,1.4820211898893234,1.06638897894051,0.7753541911714797,0.9066016399374867,0.7094397956343347,0.788598074699246,1.5157028761403575,0.8693542717527294,1.212870656502093,1.116732801307207,1.0670908586001087,0.9100844127636941,0.8574689937109443,0.8932312690567139,1.7729143766270536,1.7636713038799214,0.984705874674671,1.121538846713434,0.9743516636350513
46,0.5011872336272724,0.025118864315095794,1.1108890897565817,1.4694543757946827,1.2841564772805634,1.159252149218135,0.7539584670040036,0.9603978486907826,0.8746932020418565,0.9932803191207922,1.3368427168497952,0.9480902291518116,1.2047912192011556,1.135664253697616,1.3517035610357548,1.155248291419965,1.0535340633758505,0.8393885206946214,1.0061705119715905,1.1229342139254572,1.4525792853290185,1.1237369574730196,0.9919051318551622
47,0.35481338923357547,0.6309573444801934,1.1116427104594107,1.3682239882565936,1.1598542933672422,1.1507920550793682,1.140941970827346,0.947597913754939,0.9468221818317517,1.0412415645660356,1.30875698878181,0.9530685182655152,1.1898747086492927,1.1701929541107299,1.364305466470744,1.0378269950624384,1.1770200764052976,0.8429406984378192,0.97322546781537,0.9237747811092607,1.4455268184379588,1.0923056125900896,0.99856115536861
48,0.3981071705534973,0.15848931924611143,1.1121026696118268,1.4551282395779856,1.137796129488036,1.1532781294417873,1.0104321645280239,0.9495499483811749,0.939904885399349,1.023982564193125,1.3160363355539944,0.9509998792138431,1.1869196827346467,1.1612617837466739,1.380010893758686,1.1626615266599258,1.145211376774038,0.8362619181915442,0.9521808566433126,0.9380083941263052,1.4516115214320584,1.0966241198590694,0.9941930425329518
49,0.6309573444801934,0.039810717055349734,1.1122154997445173,1.4796297113164631,1.3370026065397949,1.1700230105995069,0.7674380239344966,0.8762538516433359,0.7261094816185915,1.0481926498727312,1.5259124060013827,0.8435836059956063,1.2213762535954085,1.1264607051304865,1.045031209069857,1.1466436115004122,0.9370363664486371,0.8560590409274271,1.5699510342924636,1.359039088887704,1.0846490863879428,1.1488727408906638,0.9750455102374307
50,0.5011872336272724,0.25118864315095807,1.1122784574651816,1.4441594559557032,1.3612986942612668,1.1598815988630264,0.8910174696916364,0.8986008653488016,0.7248070119116302,0.9477665399250718,1.5384829786048646,0.8502146887299544,1.2153946036165446,1.1368516715571282,1.0724803912907759,1.1346321910228006,1.0554741099547125,0.8550936699462935,1.5483781649866437,1.1505130336999003,1.1527066542515974,1.1351430437794954,0.9726723119057834
51,0.5623413251903491,0.015848931924611134,1.1123751148430778,1.4922358392754602,1.2785313044746986,1.161619019277493,0.7607944953038588,0.9646337824305625,0.7510424119242822,0.9768726593206981,1.3599693328780131,0.9398088885290059,1.2175091440657562,1.1292453199735673,1.3085837908397944,1.1524817863159338,1.0539925259057745,0.8450630256174279,1.1060799603525129,1.1636613770694395,1.4443766773344524,1.140422643313181,1.0005783126596461
52,1.0,0.15848931924611143,1.1126961923595562,1.5022840246078217,1.4545739776474096,1.0637706623104652,0.7898900135430104,0.9125573810493544,0.7139125218242958,0.7838748568559739,1.5132290781911129,0.8758205104061487,1.213410547858448,1.1132586547639856,1.0684149052746945,0.9125371059649643,0.857877105031539,0.8967661402992633,1.7585258485115425,1.7605761468665975,0.9625122411419202,1.1281722387820547,0.9719598862605221
53,0.8912509381337457,0.25118864315095807,1.1131027478968827,1.4998441080155214,1.4591726443161934,1.064597287551807,0.7834965831720104,0.9093954147479716,0.7119684247297042,0.7873271119077139,1.5144864590844263,0.8729365536998988,1.2130949204749935,1.1148280060370266,1.06789789732112,0.9112631524355885,0.8574602209308049,0.8948526827211959,1.7655665777276361,1.7623520248171431,0.9730500898018443,1.125145898239517,0.9733189002055365
54,0.5623413251903491,1.0,1.1138914111597304,1.5680626476430186,1.4646541990843502,1.148344130080163,0.7530338806530039,0.8950951973714474,0.7094447574807456,0.763250958128355,1.5346990370563083,0.8529666222700534,1.2142482075402385,1.1263957373467215,1.0652579952673402,0.9090067979512696,0.8913148023014305,0.8810888404687793,1.7651329078134779,1.6078017355459113,1.046554040325828,1.103043502216781,0.9784322266493846
55,0.707945784384138,0.6309573444801934,1.1139526135849955,1.4319359460764791,1.542287191690377,1.0702550711706293,0.7648422215318139,0.9045572100052148,0.7061956044519053,0.78567364711201,1.5166714562911376,0.8651217985860177,1.2129429917135262,1.1189150158024856,1.0659033333347856,0.9090738700371924,0.8589096354732393,0.8918692433245564,1.7810602463512644,1.763366435807146,0.9971078376060344,1.1172105518225408,0.9751529635115542
56,0.5011872336272724,0.015848931924611134,1.114573042008918,1.4499684596422626,1.2870400206671426,1.1600089147281192,0.7513359275500123,0.9598021433510727,1.0035252814456825,1.0034006586074289,1.3273434160390911,0.9512998531143655,1.199322124723946,1.1356294783438874,1.3663058571316724,1.1570506171521937,1.0477400500794105,0.8365031378433914,0.9828425813139875,1.1124447788533365,1.4541520775187888,1.1180319390849411,0.9877135229876245
57,1.0,0.1,1.1147734080038203,1.5008632011373708,1.4601166985937608,1.0627742295814193,0.7911032350632438,0.903258838889079,0.7213963069560037,0.790476606719284,1.5195685928020093,0.876258992444869,1.2137868265871612,1.1143050917340667,1.069549884794294,0.912784181104502,0.8546695267993016,0.8890229990444105,1.7668307112658532,1.7644576152267206,0.9812208962832223,1.126806738273857,0.9762169867759771
58,0.3981071705534973,0.1,1.115069038792026,1.431219100940763,1.1814007732337957,1.155631438495081,1.0090428014429604,0.9475905331610915,0.9836418999786662,1.0357444291757483,1.306445678630579,0.9540081457180399,1.1789428003922158,1.1631869140955235,1.397069634870493,1.1952493668960469,1.1070964379234702,0.8323389182932825,0.9516189870183208,0.9370208257625624,1.4528776609246516,1.0908889139916496,0.9903655148955763
59,0.5623413251903491,0.01,1.1152650477916182,1.4725363510718297,1.2788180794727095,1.1618673279244542,0.7634103900987126,0.964952394673517,0.876956472019344,0.9841363729081397,1.3460543156462097,0.9475470392934167,1.2143802663332435,1.1291247430254927,1.3351444150544112,1.1536989573305079,1.052775913730365,0.8433100804712547,1.040226911667081,1.1603887866631923,1.451476783442605,1.1375551319877122,0.9909402230181616
60,0.6309573444801934,1.0,1.1154777859139027,1.4913725222466208,1.5177817329827892,1.0806832102979484,0.7519825186793704,0.9037262233231746,0.7021204254695341,0.779606956910759,1.5168166634522218,0.8604159884983081,1.2135132424982946,1.1211496070940101,1.0642433373282667,0.9082039300649862,0.864541638551945,0.8905156462171309,1.7892665111420587,1.755636275743457,1.0099322050710138,1.1122509156637441,0.9757961670424191
61,0.5623413251903491,0.6309573444801934,1.1156950548518854,1.5182432639830514,1.5233226588991826,1.1629538515984623,0.757948757121073,0.8866989642133746,0.7163318274326355,0.7474065584466104,1.5859826666960626,0.8505915366430028,1.214318197416036,1.1289609633120077,1.0668954806065134,0.911234781488125,0.8998694911491467,0.8742653907382805,1.7744331327412297,1.554486453629838,1.0610573390056195,1.0991768386736456,0.9797229432438115
62,0.6309573444801934,0.3981071705534973,1.1159218747336843,1.5538181207630544,1.5393479095610754,1.0829773605730086,0.755881872707258,0.884668525219405,0.7186229452779387,0.751692368615081,1.589234956875535,0.8569197654239507,1.213379193537346,1.1254639036505982,1.0679170958716309,0.9117439665059337,0.863374771432239,0.8761007461996065,1.7933051693650444,1.6082837662102079,1.044653374557501,1.101446692942898,0.9796049893843779
63,0.7943282347242815,0.25118864315095807,1.1159563125982976,1.4230054944673463,1.54782055659012,1.0657136510142207,0.7772116982413132,0.8965288839466506,0.7180665944827564,0.7957795318508806,1.5277441003093872,0.8688716678367564,1.2129056960165194,1.1182109698796376,1.0686349384766483,0.9107172594993209,0.8540686209465587,0.8854419405609677,1.778316790529607,1.7682059811444382,1.0049316035709857,1.1194833523132857,0.9774669202885564
64,0.6309573444801934,0.06309573444801933,1.1160911207541764,1.4894604279120285,1.4677813165559523,1.1810236918515844,0.7653846545462962,0.8711824007035481,0.7254504177567228,0.9110817904628095,1.4859063010807165,0.8472056175412017,1.2189568375759152,1.1269271921389385,1.059746484006657,1.143746779926967,0.889314026456167,0.8592249015281294,1.6521162357026895,1.4302981199065112,1.073788089789533,1.1461279046413435,0.9770992249998155
65,0.35481338923357547,0.3981071705534973,1.1165670145259532,1.3687332118353324,1.1543518505901447,1.1514619736892544,1.1765276165586516,0.9441502792490188,0.9711148111100207,1.049582397601517,1.3024671575956268,0.9544046728872001,1.1816575718863291,1.1797433661558323,1.3861349523772062,1.0737517097920266,1.1742166255035698,0.8423719414466462,0.9705229079096324,0.9199115066925095,1.449672332369431,1.085300115009946,0.9952632902591633
66,0.8912509381337457,0.15848931924611143,1.1166826314653664,1.4981285829279534,1.4910354249290858,1.0637877483373752,0.7850435066121275,0.8996498411488737,0.7199619817668517,0.7962782540724558,1.5233319664501273,0.8729668225148437,1.2133217532155787,1.1160421974359938,1.0692080406911018,0.9116466738174964,0.85409918831818,0.8870186002413105,1.7724599414134588,1.7665283465607122,0.9925995953289825,1.1235804810084955,0.9769636825163243
67,0.707945784384138,0.3981071705534973,1.1167578318329499,1.4489249502819255,1.5457062654215044,1.069765928444651,0.7668506489427046,0.8943217061958393,0.7156505595209344,0.7831307402176563,1.5324167266106192,0.8640185053301535,1.2127862322714809,1.120812872237267,1.0677881781030107,0.9100761912960802,0.8558371517350007,0.8841763316594096,1.7847605624082743,1.768080352340813,1.0179307265685664,1.114274643799201,0.9778473632739072
68,0.3981071705534973,0.06309573444801933,1.118011379734145,1.4064123417153866,1.221626312873858,1.1595577913434205,1.00976022998263,0.9455336861525124,1.018508754778289,1.050566893657392,1.297718149817383,0.9561482322537858,1.1691539358498186,1.164843374700057,1.4091606103753676,1.2220123231935003,1.0550721599593536,0.8281190864753227,0.9818315564165765,0.9352815190587155,1.4530772177664262,1.0872182881668389,0.9886251301462664
69,0.5011872336272724,0.01,1.1183202012084257,1.4321222214627793,1.2947057538790956,1.1611012785334136,0.7511665711977585,0.9585036428942505,1.1315571878792423,1.013904519525429,1.3195812630250279,0.9527881735529622,1.1926905235368852,1.135648672860613,1.3798117878898255,1.160295984536513,1.0404439656533766,0.8331020050995723,0.961414072601513,1.0934266563925958,1.4548646977785882,1.1124647902674574,0.986810255601619
70,0.35481338923357547,0.039810717055349734,1.1188074017801433,1.2485958637583041,1.1693724839670518,1.1854423576226414,1.331680857091295,0.946535070065482,0.9379947762731128,1.1322515767295864,1.249131917680784,0.9625101783963095,1.1039554922645587,1.2214511455580062,1.4369068828202742,1.2645435835950294,1.0305145148225843,0.8345340959100975,1.0958920366894636,0.9053938892888734,1.2549916284545826,1.0786730599893772,0.985776624625449
71,0.707945784384138,0.015848931924611134,1.1193435482614438,1.4913246345961988,1.3232159663556347,1.1719306597155863,0.7798888720997572,0.8732206438667939,0.7284958928684186,1.1707006339503931,1.5193478991031457,0.8467330859649784,1.2233093395865775,1.1227456482609957,1.0438363918567486,1.1469121659512034,0.8985350165527665,0.8574009085580586,1.575125142945597,1.4143312632987382,1.072845052228962,1.1531429508485396,0.9738287966197815
72,0.3981071705534973,0.015848931924611134,1.1193614208145515,1.3384792906960752,1.253491995752875,1.1778136427147317,1.1069765478349158,0.9439324307209424,1.0052986605617007,1.0857428004144345,1.2634891686257699,0.9602484584552048,1.118230115281731,1.1750754287793357,1.4307558422438422,1.2975864196327433,1.0291596008140083,0.8194457614462664,1.0867057773276734,0.9181963443672506,1.2591658437659503,1.0928913317653488,1.0245429550902316
73,0.31622776601683794,1.0,1.1194315396652064,1.3339044029718659,1.151654908650135,1.1521834181483601,1.2435359850174341,0.9404216129532619,0.9640805418722522,1.0786636225280968,1.278685357721585,0.9599920388329146,1.17752712064122,1.1867927766424748,1.3870431087285975,1.0631945229135784,1.176522805496672,0.8485016566993615,1.0093839989150761,0.9162200682304631,1.4479310576914135,1.0743930011244924,0.9979987875248739
74,0.44668359215096315,0.015848931924611134,1.1197675569851824,1.402787118660606,1.367093845308837,1.1648996109949907,0.7654029854071973,0.9501304044359223,1.1547680985026783,1.0411380315185688,1.300190957212735,0.9554877300910064,1.1706202450431862,1.1467976409146594,1.4074352176222606,1.2091321890505309,1.0337561753798457,0.8243361393693016,0.9791027480992561,0.9789613068866576,1.4557855966436988,1.098812072191794,0.9887130263699158
75,0.707945784384138,0.025118864315095794,1.1200182458345886,1.5037255251362724,1.4560666016841488,1.1781762494786339,0.7788563474450612,0.8687469006034888,0.7280851964364335,0.9741668400745646,1.4792834694077666,0.8510694468841044,1.2202304632912069,1.123074669128311,1.0601883094929836,1.14489556227174,0.8682658950920589,0.8602137268947969,1.6666870554116648,1.449464220836742,1.0634970398780372,1.1499414776528707,0.975729919590887
76,0.35481338923357547,0.015848931924611134,1.120209142535273,1.2831425787812725,1.178460409566512,1.122081348473812,1.4334455662406693,0.9786634902744401,0.692104154725995,1.1606713261700066,1.1598136892332642,0.9624358815362903,1.0896135223200323,1.2832542142807735,1.445361878606001,1.2858341356485903,1.0287315176726293,0.8811045502412508,1.1070167373448727,0.9026881777080413,1.2785302207606295,1.0911788905173379,1.0400505606030435
77,0.6309573444801934,0.15848931924611143,1.1204470189044609,1.5018844457647833,1.5303163991578965,1.098442773044578,0.7603095454393529,0.8729598416737474,0.7235770849377514,0.9632536589227435,1.6588068584881253,0.8530119400679338,1.2151954746613476,1.1270873104692336,1.0675898057729032,0.9376312871179652,0.8679934409882366,0.8661256313105585,1.7928875056804805,1.452892053348863,1.0599905624611015,1.0793989450488937,0.979585813732721
78,0.7943282347242815,0.01,1.1208395090094023,1.511448034710934,1.4467199067952579,1.1748595946482976,0.7890276429368328,0.8676997629344125,0.7305680610017298,0.9894459262508077,1.4750131947033016,0.8542440863750812,1.2207182907461598,1.1200973906294842,1.0608606981466224,1.145558055483354,0.8607037219851555,0.8617441562275683,1.6703436440512163,1.4582477189354957,1.0552578427083852,1.1497073347582778,0.9745251161596691
79,0.6309573444801934,0.6309573444801934,1.1208478213671882,1.546024851759907,1.5386232882678823,1.0811441727103601,0.753923841620254,0.8935870056460651,0.7127389651975053,0.7692282871530086,1.5361889135586935,0.8585672869843748,1.2132271216729158,1.1236875485514792,1.0666597683313568,0.9095898707466701,0.8630667589413115,0.8829154038080738,1.7916922521219607,1.7581781218483226,1.031563578416454,1.1081535107569556,0.9781958792502135
80,0.31622776601683794,0.06309573444801933,1.122045517537994,1.213421058443163,1.1622126534562884,1.204207445309916,1.415707966602019,0.977577015605888,0.7223972579578165,1.2310838259079047,1.2118243849872523,0.9644513038305756,1.0903701924480114,1.3050119407907377,1.450031266357898,1.1900401676790218,1.0413863535987797,0.8927559293634634,1.1056227863780541,0.9014974681711079,1.3013196544376282,1.068936411358575,0.9910552680757799
81,1.0,0.06309573444801933,1.1224592476492257,1.4988546050816969,1.5394279503235098,1.0624403120995494,0.7916964236586674,0.8944370372370279,0.7257501902288324,0.834330637001886,1.537083135890186,0.8769460291078396,1.2144013661360726,1.1149978300977426,1.0703690225866356,0.9130891805000536,0.8537968348900602,0.8812386530083861,1.7728974038304819,1.769217997749627,0.9934511754633396,1.125528409574256,0.9792307585186633
82,0.6309573444801934,0.25118864315095807,1.1230126458243366,1.5189506610825525,1.5365195879247282,1.0874509374336865,0.7579645587543254,0.877661169523876,0.7218081898337647,0.9217049506185735,1.668041263476225,0.855155850965304,1.2140346751875009,1.1265573682479266,1.068242237616827,0.9162729444586184,0.8649371829091865,0.8705230778361344,1.794066423061486,1.5383335339746047,1.0533063460375744,1.0887037539782964,0.9800182035655416
83,0.35481338923357547,0.25118864315095807,1.1233068351866329,1.3817557850717883,1.1550607196089422,1.1537032698002618,1.2070940432555262,0.941269680363216,0.9899005724098255,1.06191670919483,1.2958659405949255,0.9560972544131697,1.1722826595637121,1.188023926620819,1.4037194630405672,1.1203275430529471,1.168760834599986,0.8408226505066192,0.9911540826819915,0.9170698658384195,1.4499991279006128,1.078806042933016,0.9925065322814806
84,0.3981071705534973,0.039810717055349734,1.1235434910829765,1.3814954815585765,1.2398509923492207,1.165571578025633,1.0334379802913636,0.9436458584140928,1.050853685717724,1.0652777899257053,1.288444497230174,0.9576789101661362,1.1562154920192451,1.1666974827114913,1.4179787653940035,1.252541503071964,1.0358115333245017,0.8239287865537351,1.0303280769359267,0.9318273463575881,1.45397069915547,1.0866382008537658,0.9886751616032099
85,0.707945784384138,0.1,1.1237274942091513,1.5329057647802453,1.5353347312782886,1.0739556886128816,0.7723936630716591,0.8724937907900794,0.7256293515590585,1.0095198783146722,1.6765664579578328,0.8601028298571389,1.2146160411762463,1.1232631659429586,1.0691809221648851,0.926123482109616,0.8555645854114171,0.8680027264319863,1.7902948384606532,1.4866628923076946,1.045331620649009,1.0569372987498797,0.9796701545568253
86,0.31622776601683794,0.6309573444801934,1.1240071238868183,1.3110049224995328,1.147351606956848,1.1533143494263327,1.2639011340444386,0.9374086931481168,0.9801636604349732,1.0970301789879313,1.2823747573065882,0.9600114567423679,1.1670008160365193,1.2090735086861368,1.404635603745356,1.0782413023996598,1.174033467555153,0.8571526640159284,1.0363701644280785,0.9116085948682693,1.4467422957859577,1.0666670397779245,0.9960562608902574
87,0.707945784384138,0.039810717055349734,1.1243652179809172,1.5130229271023103,1.5075062272701596,1.0964480396599166,0.7769574895371968,0.8678698215647815,0.7274948342408415,0.9972761228712113,1.5337507095751992,0.8546553987846218,1.2178169338459035,1.1233048608937384,1.0659593758578993,1.1390308887415987,0.8599214073934587,0.8627414630078336,1.7881803856692629,1.4608291476903608,1.0566296600256688,1.0606325974600477,0.9772760684263264
88,0.6309573444801934,0.1,1.1246581293902318,1.4955514090822968,1.515579448087869,1.1334417732137072,0.7628745826433179,0.870698018340336,0.7246630540200059,0.9562069945021315,1.5264123615724088,0.8503623676946143,1.216846177276644,1.1271737464120535,1.065402191318911,1.119190456809693,0.8741899926878218,0.8625070153566504,1.774062049857486,1.448676143461221,1.066344045966597,1.1244322809459402,0.9785484785549314
89,0.7943282347242815,0.039810717055349734,1.127181075914069,1.5434632020353736,1.532891183901082,1.0699990271951303,0.7834925656873488,0.8697371212696978,0.7286581048051425,1.0155449848122955,1.6717798304220632,0.8644510940179673,1.2157591228216966,1.1202507093970124,1.070026805902351,0.9444519687325064,0.852925661229713,0.8669068648731111,1.7867025917240507,1.4780257615989103,1.0375247709249087,1.1119197779261727,0.9791103690048489
90,0.28183829312644537,1.0,1.1275424415711401,1.2691926059732443,1.1405158028047098,1.1564550704602108,1.2852917977982998,0.9488913345994373,0.9437866617562667,1.1651710434332982,1.2693804415241363,0.96610334052272,1.1389358409471713,1.2406613582166457,1.4160645412873436,1.0753921585209725,1.1728262471146549,0.8897967250314821,1.078690178591017,0.9095336044820159,1.438987367768505,1.043699095196666,1.0014736153940087
91,0.31622776601683794,0.039810717055349734,1.1277941387487251,1.255873182384632,1.1635492817555595,1.17113754358498,1.46320147773506,1.0024090771033332,0.6831772200158236,1.2597651182816714,1.1541321654818502,0.9601268889756973,1.0870850718798661,1.3293926194551546,1.4567125037089572,1.2160975244715608,1.0330783641281205,0.9107600464416231,1.1098804329629834,0.9102775449026472,1.2958435263200836,1.0776899492112442,1.015693236173655
92,0.31622776601683794,0.3981071705534973,1.1278514803632693,1.2765959535198568,1.1471148285984485,1.1566112002264322,1.2839714196874161,0.9364485252146565,0.9903531313653993,1.1193197170322984,1.2809533705361487,0.960546915658537,1.1543716455136785,1.230430220630363,1.4185331025247347,1.0948151177406054,1.1703119264046509,0.8650889657944317,1.064900494503887,0.9077362972468255,1.4437322366476968,1.0606001661922835,0.9945943722270372
93,0.707945784384138,0.25118864315095807,1.1281363927164072,1.4920669269250335,1.5431780436969755,1.0700465991927735,0.7686088073505201,0.8852340198790547,0.7209574454601686,0.9210156998389796,1.5766810024435842,0.8630523560135254,1.213011351078941,1.1220885842146688,1.0688535461508888,0.911640550522079,0.8548284009582838,0.8773015290430356,1.787643174848195,1.767349189932392,1.030679569425538,1.1090167911636715,0.9794742661898337
94,0.3981071705534973,0.025118864315095794,1.1282498048868708,1.358128353713586,1.2494626586493573,1.1734258839062108,1.0724184584355203,0.9426475255043197,1.0624426409697778,1.0772323951574272,1.2774765682161278,0.9589412354943642,1.1385181838559735,1.1695626119923046,1.424886175996964,1.2810321433989542,1.0304977080355995,0.8205363679555386,1.0667768321968847,0.9260301790797809,1.456754244882333,1.088844747906098,0.9893811823902923
95,0.35481338923357547,0.15848931924611143,1.1285598548512228,1.3582552626826554,1.1579559579743663,1.158052883199066,1.2373080923171267,0.9389786306235797,1.0027284779892782,1.079023693513707,1.2883056900204939,0.9579258977057045,1.1608511103600458,1.1951064876244883,1.416506571358174,1.1706237130291226,1.1524255594692177,0.838365248977866,1.0302166225578824,0.9146215637219616,1.4489159606842406,1.0743976513754134,0.9906320218400687
96,0.35481338923357547,0.06309573444801933,1.128708557712308,1.2809205320423402,1.165112325006913,1.1745136675954817,1.2985494698088196,0.9398236273602869,0.9856448949185168,1.1173063543870843,1.2668054367373522,0.9611605344200612,1.1239586496620482,1.209550447915375,1.4317536360940246,1.2437586992728558,1.0386968840891366,0.8334918990783995,1.0854521413249298,0.9088411415723275,1.4449566743658238,1.0747530884234702,0.9891210501709115
97,0.31622776601683794,0.1,1.1291270593717317,1.1608068582432376,1.1570557274084792,1.185125774684669,1.3729464964009996,0.9571659770476801,0.9373035584478349,1.2042339263531239,1.2469185404968404,0.9639672876158972,1.0988153013546313,1.2838673962940133,1.4438720694663112,1.1627877422687174,1.0754895959786273,0.8815096870444176,1.1015224529717016,0.900384774646723,1.3937182714579528,1.062512708431624,0.9925370408211565
98,0.8912509381337457,0.1,1.1291960602108029,1.4931606157615782,1.5481600335491528,1.0636068394190796,0.7860358457429901,0.8906252500713425,0.7245786666343504,0.9558122619935482,1.548093253249212,0.873161852546273,1.2138108396148715,1.1168415466582495,1.0700928821076672,0.9121638971537639,0.8529990223224285,0.8795885815939922,1.7774329146102885,1.7716724144858857,1.0051305269959423,1.12154428728245,0.9794096724229913
99,0.35481338923357547,0.1,1.129364985714083,1.3222721420683796,1.1613745186587634,1.1649935949441539,1.2680469952471038,0.9379990661105133,1.0046419574314769,1.0988101521113633,1.279046827075609,0.9596422719960442,1.1452129172598942,1.2017550236696277,1.4253749239373459,1.2130227851692026,1.0815817542081967,0.8355367980236548,1.0651400007281295,0.9119830790907517,1.448042656965344,1.0730864252162828,0.9897358243698235
100,0.707945784384138,0.06309573444801933,1.129714776168909,1.5213867360398834,1.5268039797432231,1.0796963567646811,0.7746601236501899,0.8691851702085606,0.7267184016942527,1.005089082820394,1.6634863828852082,0.8576897044112843,1.2159937662788063,1.1233855740745677,1.068282025090401,1.0447669952763967,0.8568849221196737,0.8651632637625092,1.7900612550979673,1.4642360820836942,1.0508598159076856,1.1112923614043109,0.9786535240644915
101,0.31622776601683794,0.25118864315095807,1.1302816361436256,1.2287965798925629,1.1489243141140224,1.1628028441023273,1.3075351219390012,0.9381373355473095,0.9898983249776853,1.1461409587096036,1.2754925951721359,0.9615652634948446,1.1378372509202186,1.2492599213608528,1.4291419502023524,1.1143093084723794,1.1642318476006843,0.8711333815774743,1.0848696070811061,0.904473324921993,1.4396440384265394,1.0577633228940946,0.993675431465328
102,0.7943282347242815,0.015848931924611134,1.1304171226290332,1.5215742453796754,1.4984381266239448,1.087402816195725,0.787675004164421,0.8665977878364426,0.7301371798343345,1.0059092723701821,1.5320267502790308,0.858150420546866,1.2185657549589675,1.1202134128091479,1.066658609980699,1.142148663682779,0.854908588572826,0.8638275544903722,1.7893540725812909,1.4665752266591459,1.0484629885281862,1.173603952080644,0.9761120250059812
103,0.8912509381337457,0.015848931924611134,1.1305527481659867,1.547538446968642,1.5299386292940327,1.068471099618825,0.791601474146449,0.8682978511869412,0.7311012402285946,1.0176878557656281,1.66818614552923,0.8679980721682105,1.2171097230316024,1.1178078224350734,1.0707945817370423,0.9725680271360921,0.8524515376630027,0.8668970336569582,1.7835899976834209,1.4765235120705857,1.0300181127270744,1.1539633545006904,0.97851044577164
104,0.7943282347242815,0.15848931924611143,1.1306040558096417,1.4287984047515523,1.5457121702576901,1.0656897282648026,0.778620104458661,0.8874159986730159,0.722985920742569,1.0389126048367614,1.561755280870862,0.8685127235675882,1.2132521977477144,1.1191872675258312,1.0695937663959905,0.9116481509596447,0.8528541020420043,0.8783515358515451,1.782286469295195,1.773313417190117,1.0175955437210114,1.1161519897325478,0.9794437393077328
105,0.31622776601683794,0.15848931924611143,1.1309362894085946,1.176229560842928,1.1522279803476259,1.17226966706303,1.3368299710933733,0.9443062244920313,0.9737808291070277,1.1756160635697805,1.265237488015353,0.9628152158893546,1.1166825652332046,1.2662561359104367,1.437272113412822,1.1370703985180257,1.143774729864719,0.8757554209978989,1.0957467047333327,0.9018563502395945,1.4332142652626927,1.0585859016000883,0.9931982019785712
106,0.8912509381337457,0.025118864315095794,1.131025058999825,1.5578259149102665,1.5367509503661805,1.066160971974531,0.7896598179197291,0.8715763089571551,0.7301726126732082,1.0204479762639813,1.6750943478443658,0.8706264865903517,1.2161845362717032,1.1177494630185287,1.071114194443171,0.919863371251938,0.8529490726129525,0.8677804680754605,1.7837900401215592,1.6108414697439528,1.025044677615203,1.0569462529803315,0.9799222463619295
107,0.707945784384138,0.15848931924611143,1.131033804364208,1.545783756023258,1.539959355282663,1.0712775210933672,0.7703831276073191,0.8778526081276278,0.7239153726163863,1.0120749094683674,1.6645761626230242,0.861847739838252,1.2136243285782427,1.1228644932858431,1.0693062568182907,0.914786749050738,0.8549088661107962,0.871897648788772,1.7895949305492767,1.6017753565168875,1.0390700067149339,1.0951454923162036,0.9800314058739117
108,0.7943282347242815,0.06309573444801933,1.1315148984652508,1.5496418993989325,1.5385594961305167,1.0676111390396885,0.7815579640196074,0.8738397771348717,0.7275173627847968,1.0191151347182599,1.6799566116121891,0.8665647336804012,1.2147106674991879,1.1201084922668578,1.0703032135071548,0.9176425285818786,0.8528067445984062,0.8691628550014938,1.7865197641458075,1.60601711562106,1.0322344709110274,1.0763526525014562,0.9800753461514221
109,0.28183829312644537,0.6309573444801934,1.1331885216670003,1.2031493549691894,1.1422846267142996,1.160235641353779,1.3053620128699772,0.956929400363731,0.9585409032067659,1.2108390028861844,1.2780415930752211,0.9655775848410728,1.125735047701704,1.2799411911132303,1.4279462034561807,1.082715648277253,1.1694558447592591,0.9228055656484212,1.097268549069423,0.9056292564736488,1.4325459325131322,1.038036255163964,1.0007308188835677
110,0.44668359215096315,0.01,1.1332806975129528,1.3850585501041364,1.3669581999559646,1.171212203514024,0.9151141642154282,0.9475814746389437,1.2003168751111704,1.0504547411056087,1.2909352481577903,0.9563893102655712,1.1580210951136105,1.1477574411454945,1.4159969862407593,1.2714280438907228,1.0311976936722815,0.8206077345931929,1.0261237696796242,0.960303914311852,1.457798504920306,1.1008300384750722,0.9915279611475036
111,0.35481338923357547,0.01,1.1333355914402978,1.2652133901832672,1.180541607545175,1.134538246328232,1.4965485365976399,0.990875867978497,0.6940197329445509,1.191743113674038,1.1251157195377848,1.0162288344904895,1.0887833085878025,1.3298410068409308,1.4342728339235602,1.2906597673223184,1.0292627409033404,0.9285728890599565,1.1118230258732509,0.9133161274365067,1.299057555534625,1.098981194241071,1.0473163298029213
112,1.0,0.01,1.133707656381049,1.5611452226279607,1.5347555561658743,1.065500626622245,0.7957226219520523,0.8703055834737224,0.7321823630366323,1.0211345602920852,1.67112359598676,0.8739550411766313,1.217699967652665,1.1158652294956175,1.0717917052141006,0.9212602150561937,0.8538656410820131,0.8673772306486605,1.781355821125933,1.6130994487005652,1.0179649319261104,1.1083696465136514,0.9796781188715098
113,0.8912509381337457,0.06309573444801933,1.1340532924239028,1.4420322589185246,1.544352135501361,1.0639367491916034,0.7869397173736228,0.8827534040139804,0.7272860262255094,1.0289464158815034,1.6207753754405858,0.8730836828786945,1.214489993941108,1.1173335604385861,1.0706842901320512,0.912943207212682,0.8529596432530775,0.8736916338413245,1.7808365463347777,1.7770531017925837,1.0135817645772052,1.1167575486248227,0.9806287929044594
114,0.7943282347242815,0.1,1.1353955970046603,1.4621084261152462,1.542332067226626,1.0662914897263436,0.7799682665702028,0.8797478628214066,0.7258087847700165,1.0237357826532292,1.6488805221418084,0.8678616584769234,1.2138671458425898,1.1197833704649427,1.0701331792901034,0.9132943652097358,0.8526851124400551,0.8728491497025601,1.7850326671981045,1.7697376537133878,1.0260161082129817,1.107509205282288,0.9802691222346527
115,1.0,0.039810717055349734,1.135779227459789,1.499505767206078,1.5463571397378506,1.0625763914863042,0.7921872178316481,0.8864718052774506,0.7283323153880599,1.0327648330493726,1.5888429856072592,0.8774444957064832,1.215167345162103,1.1154291739558775,1.0709792812853771,0.9134713306156383,0.8540572318318711,0.8747279224023717,1.7769974710334968,1.7746162965414747,1.001803574190745,1.1228981105395122,0.9809538603468091
116,1.0,0.015848931924611134,1.1362728599383607,1.476612538471041,1.5394572562996447,1.0640438919883288,0.7941036468609676,0.8743442740785252,0.7311876198727394,1.0236991541800928,1.679253595951284,0.8761744024172478,1.2168719967971389,1.1158035936066977,1.0717251722608894,0.9153567522851354,0.8545209445654944,0.8680297797809207,1.7809830863899285,1.7625123021410392,1.0131354791681697,1.086679121382856,0.9809625902690676
117,0.8912509381337457,0.039810717055349734,1.1365030697889837,1.458053357798094,1.5409513652265865,1.0647558854924608,0.7880971638053097,0.8763717539429724,0.7289827949594886,1.0238390459838072,1.68223340052772,0.8723222363134884,1.2152968832672837,1.1176106606527079,1.0710342921613734,0.9144990527490494,0.8531044810459129,0.8698265149801963,1.782926219330765,1.768328025538348,1.0198244525404718,1.1012752441365539,0.9807285653270885
118,0.7943282347242815,0.025118864315095794,1.1365711288741878,1.5318287596947096,1.5220185438805651,1.0746293566868999,0.7856504481614939,0.8673416408264856,0.729498874047269,1.0117609830184078,1.6627082288900183,0.8615814636334264,1.2170145347104624,1.1202725493832038,1.0690391243791755,1.1168064415496777,0.8532904392052452,0.8653742348050386,1.7865294828669527,1.4696132337480694,1.0427312201454952,1.1660421717515561,0.977690846099601
119,0.28183829312644537,0.3981071705534973,1.1371094776657045,1.1255960428619465,1.1473785568233321,1.1671168751523018,1.3307381320917986,0.9679814067976091,0.963435101648592,1.2572911527389599,1.2814437362344708,0.9655278454496277,1.1097177996769119,1.3079317124056038,1.438278741473433,1.0910371098792755,1.1657287173166437,0.9518319175426717,1.1051181419414866,0.9029531669611248,1.424804707114588,1.0377981552554576,1.0004805339482565
120,0.8912509381337457,0.01,1.1378620849233096,1.5351224148916685,1.5165988786757065,1.0727544955771138,0.793702145942861,0.8664479445191574,0.7318498934571853,1.0147350978959304,1.6613999251996105,0.8646642154873929,1.21803634057664,1.1178249605180721,1.0697799604569262,1.131446759237701,0.8520467183316519,0.8663587164395292,1.7836322669899451,1.472740391584793,1.0352621818964103,1.1760121063345819,0.9768262844533162
121,1.0,0.025118864315095794,1.1399907789121133,1.501421175475881,1.542901646311147,1.063105953486109,0.7929345610397932,0.8797239315964791,0.7299846106798373,1.0271334548205897,1.678993689598285,0.8773012906161689,1.2160098487536302,1.115675857560114,1.071432062215712,0.9140464451692628,0.8545057268172792,0.8703097360810756,1.7795826335792881,1.7799288735957135,1.0079939322333933,1.115356614815682,0.981473533796826
122,0.28183829312644537,0.25118864315095807,1.1443059742808521,1.1293490186884751,1.1556734276812055,1.1775317776311522,1.3629132735286598,0.9841042588776865,0.9547831427673696,1.3034747784372296,1.2759544677105217,0.965826212166992,1.096728615782973,1.325853014349676,1.4479391125366405,1.1011755739373448,1.1607250954496393,0.9723568751656663,1.1087853194230122,0.9026636736940187,1.4160874795890743,1.0434316083567148,1.0007627598429893
123,0.251188643150958,1.0,1.1460703966969268,1.1324057294226613,1.1384232949621995,1.1624529509441985,1.3079838417937182,1.0223104751785803,0.9969190226413402,1.3105008097106834,1.3047729452153054,0.9724476716882571,1.0980906604868914,1.303897349569586,1.4340414259938679,1.074691436340659,1.168706532602323,1.004627165686941,1.1131267316637201,0.9109649998737005,1.4120898123562846,1.041179647721743,1.0117754300858741
124,0.31622776601683794,0.025118864315095794,1.1461187303031388,1.281375190842178,1.1587913732115687,1.1488516300066378,1.5113438282825373,1.016051081770586,0.6861061447998668,1.2963432703483093,1.1215847999769204,1.012131986336639,1.0858486786820898,1.3466137614915739,1.4566338422559533,1.238309314892767,1.0306400240367621,1.0214909980880686,1.1149115678423374,0.9558502649288426,1.3105681195084593,1.088902906149706,1.0400258226109698
125,0.31622776601683794,0.015848931924611134,1.1535330557645076,1.3125867023032796,1.151276443526288,1.1550210284322886,1.554976678857424,1.0127839547561104,0.6947263694322284,1.3414753783836901,1.0988780094422972,1.0188438428238404,1.086170001212356,1.343394248105247,1.295092266967576,1.255817804730987,1.0302965256626753,1.0551430548525187,1.120646916912839,1.0685481560498564,1.3173068403682642,1.1027381658920248,1.0549387265783576
126,0.28183829312644537,0.15848931924611143,1.1549968688490002,1.235530835797054,1.1635809276170945,1.1915328331206392,1.401841153396359,1.006762251748528,0.9233884298162776,1.346700291052206,1.2518353762073997,0.9661237173237144,1.0908286104646074,1.3372329468506512,1.4580310226152253,1.1141143119669263,1.1484464500065035,0.982545285956105,1.1117293729853948,0.9074130868477976,1.406755381651113,1.053972564086227,1.0015725274701859
127,0.251188643150958,0.6309573444801934,1.1551722223621765,1.1185954877990707,1.1497506954874437,1.1685635935627807,1.3324605033531474,1.0351485485922352,0.9679996768045059,1.3619056180749136,1.3374759761087263,0.971170232240335,1.0925899016316882,1.326467210849105,1.4445634929448745,1.0787829726072797,1.1655148104566653,1.053600097904231,1.118383075525113,0.9111710651966332,1.3998285836188766,1.057439514811073,1.0120333896748286
128,0.28183829312644537,0.1,1.1569964679907527,1.2825711196933556,1.1628359591452326,1.2096564479593284,1.4453745826667403,1.0342680497727261,0.7708926456205516,1.3837995012337185,1.2001515303385673,0.965755451040679,1.0890204001767585,1.3431320984753359,1.470410814182151,1.1306239862078937,1.1131481299176733,1.025071311447169,1.115425521774694,0.9251782366049269,1.4007273346850773,1.0687511445539004,1.0031350943185746
129,0.31622776601683794,0.01,1.1627310233590733,1.3442830882388077,1.1456146094501851,1.1627469327104656,1.5903591459895285,1.03841680294452,0.7115288161018516,1.375300645634579,1.0782371042181675,1.0204311303671922,1.0876396260434227,1.3196147506759501,1.277306091541264,1.2693686550677827,1.0317397986231713,1.0636986609059775,1.126450348010398,1.1103645186688202,1.3106077096044546,1.1191395266236115,1.071772505761316
130,0.28183829312644537,0.06309573444801933,1.165924121910234,1.3085171511074438,1.1538071414500155,1.2327081763847636,1.4895107921991686,1.056436815683859,0.7057822165844035,1.411949324691705,1.1614875319931517,0.9617704527772908,1.0883371355266882,1.3406001643083498,1.4878555650772485,1.1504652646983382,1.0712979229391588,1.1019313896679204,1.1201222325987363,0.981253921073835,1.3981524768363716,1.0883775401973217,1.0081192224089128
131,0.251188643150958,0.3981071705534973,1.17168062180446,1.2599020688218483,1.16451593675624,1.1777841286248605,1.3632910409812835,1.0518198967345973,0.955392183247406,1.405308566846134,1.35081950284192,0.9701920312179844,1.0900634743776185,1.334623594609663,1.4556814834281742,1.0841964924559804,1.1632866616077417,1.0855283765034325,1.1213480021800817,0.9166856672025666,1.3879582221685551,1.0821898473688818,1.0130252581142276
132,0.28183829312644537,0.025118864315095794,1.1758297949617136,1.3606917429151546,1.1341527228277073,1.2134539868251804,1.5628390346751255,1.0722333202624221,0.7301922369700913,1.4112070500232226,1.1061811575802258,1.0181035767006599,1.0887310505838053,1.2816175294789929,1.371993831946084,1.1923099937860246,1.046715068097122,1.1067833034831855,1.1304653966366178,1.1195653873063276,1.3635835531016982,1.1484832601896435,1.057292695844987
133,0.28183829312644537,0.039810717055349734,1.176834571615746,1.3331012906287598,1.1429151932668824,1.2335930445938175,1.5297880669558335,1.055204485573301,0.7088518979667409,1.4255948088295738,1.1337874887504245,1.0102459395420307,1.0881957505076314,1.322568143849249,1.4942094606213612,1.1719093068190993,1.0518230750861972,1.11017171279259,1.1253648331152724,1.071706220127604,1.3863184321158302,1.1143709615695174,1.0269713196032062
134,0.28183829312644537,0.015848931924611134,1.1797626064531948,1.3908168377606358,1.129615330965899,1.2339907824429381,1.586915764592908,1.0985599020209889,0.7739062700577647,1.3645598475612528,1.0735207947091245,1.0218912275282737,1.090133152822703,1.2339052215780082,1.3456140321302985,1.209248162408084,1.0502210037694244,1.1055677184965205,1.1352978151238777,1.1418536365483323,1.3245670408457102,1.194399523504482,1.0906680641966617
135,0.223872113856834,1.0,1.181911717688043,1.214162148992155,1.1539986520763388,1.1669902302603221,1.3184029091332665,1.1065591828784345,1.1249837911054288,1.3850773217364156,1.4005283377410802,0.9801991070451793,1.090052132104319,1.3118980522304267,1.4476820631243634,1.070511034112349,1.1651884352421273,1.147483770118665,1.1317914656053563,0.9280956040412379,1.3303887139804622,1.1357132058102721,1.0285281964226594
136,0.251188643150958,0.25118864315095807,1.185026361097188,1.307839687963733,1.1673389822457747,1.1894208716903951,1.3998148407854965,1.0745629910709293,0.952698141773398,1.4454484716346054,1.328765753529668,0.9695617589562385,1.0916013430731866,1.3343819569361883,1.4679726040949135,1.0916469030598583,1.1617150057925039,1.14418100384618,1.1251865507145378,0.9338050281420631,1.385049431720526,1.1143386250271958,1.0151972698863725
137,0.28183829312644537,0.01,1.190273281207761,1.4219902434628275,1.134888599137186,1.2809878527968173,1.6014922058100658,1.1229496219577322,0.8299731416372629,1.3271321706604822,1.034326117621251,1.0305280097163265,1.0933041654337488,1.2119046749019406,1.3402814257916338,1.2213104412752478,1.0605802768424837,1.1120012560843577,1.1441611352492131,1.1573548723635179,1.286794442710563,1.2625551462239861,1.1309498244785803
138,0.251188643150958,0.15848931924611143,1.1952223813023193,1.329007118475478,1.158142223089354,1.2016280931769452,1.4393772298208323,1.1022784596099946,0.9227655574591027,1.4786647621803433,1.2727118373486863,0.9694418142557882,1.0952021173577964,1.3251040088057833,1.4812369817720614,1.1016497058309183,1.1595215658068656,1.1877402037801907,1.1305504787893965,0.9768785491250256,1.3996057149360785,1.1536201818945155,1.0193210225312215
139,0.223872113856834,0.6309573444801934,1.195995883325979,1.315625489330063,1.1716281190256939,1.1733893448186432,1.3430334408771085,1.1157024084931488,1.1017401851668023,1.422658506108776,1.4130078735163991,0.9780734555909923,1.0904384715666757,1.3122357150233654,1.458569245406972,1.0731339018398833,1.1641971758392375,1.1961777923476273,1.1361716384359277,0.9408402510722595,1.3090668567687342,1.174521685677042,1.029706109614225
140,0.251188643150958,0.1,1.2019166843947233,1.347620193621968,1.1457921144908982,1.2142294551221213,1.4777356439541665,1.1308900036598146,0.8470733641046457,1.499551637554493,1.2333774743219856,0.9707748869528782,1.099146864431835,1.2996161288505266,1.493126550218811,1.114031883365427,1.1539097627686874,1.193898926799398,1.1369540716860778,1.0546814217728522,1.3970660491112792,1.2020910864448096,1.0267661686617964
141,0.251188643150958,0.039810717055349734,1.2054329726394837,1.3925678226594669,1.1257965497772737,1.2948818487418436,1.5316984466004095,1.1422481720103963,0.8519868275138378,1.48479404056185,1.154903508635202,1.007758030820786,1.1076064755281316,1.2048538512670235,1.3623945426662687,1.140554141444579,1.1224574343722282,1.1813512686699468,1.1516386759049955,1.1616573295662849,1.3047091596459501,1.323421223379842,1.0613801030233567
142,0.223872113856834,0.3981071705534973,1.20557619367031,1.3427497100373451,1.1688126562808123,1.1810172891472344,1.372375591245483,1.1317456475571015,1.0499793724356885,1.4615245989454002,1.421197600182977,0.9763419410099505,1.0966979966035226,1.3019290860667445,1.4698983335182456,1.0772470416793738,1.166159381397263,1.2311729675521224,1.1421295704571761,0.9689928608545404,1.2923474928912353,1.227065779187859,1.0321389563561243
143,0.19952623149688797,1.0,1.205739586742749,1.3402670828581744,1.179859465653336,1.1674613291092626,1.3112004613668362,1.1564445003311765,1.2367649640547695,1.404602511556575,1.419308217350185,0.9910661553415878,1.0929723666178277,1.275113972053731,1.4581944320868157,1.0653680832164363,1.1653927182803536,1.245973948240764,1.1512969703079055,0.9679644559690503,1.20343878160256,1.2326480083915445,1.0494533104660881
144,0.251188643150958,0.06309573444801933,1.2060079990978279,1.3687455997590132,1.1343306230202959,1.240582162976467,1.5100840717593398,1.1379180831619518,0.8196478626638243,1.5033887426821821,1.1987361765611928,0.9790475278066554,1.1030364943438733,1.2499779506702964,1.4922839773786107,1.1276394752391927,1.1408043719161998,1.1881024278277685,1.143824297829783,1.1220576903463635,1.3601841265090004,1.2599858404921276,1.0397824790124184
145,0.251188643150958,0.025118864315095794,1.2123287596819543,1.41287531363249,1.1211188637991476,1.334906426740417,1.5361466100840988,1.1680122136898974,0.9095972189126845,1.4471462092487286,1.0948184536175836,1.0299849687999496,1.116861538615542,1.1882816558313267,1.3485456191832719,1.1507437053705056,1.1112379907029921,1.182527551525928,1.1646262724941518,1.1882630052693344,1.259147785114225,1.3876219968993002,1.0941117941075085
146,0.223872113856834,0.25118864315095807,1.2127686566760905,1.3596248908201338,1.1589146071960794,1.1899410564908703,1.4044954765810775,1.1540250910991159,1.0214661846701052,1.4995904713966195,1.328674650720534,0.9756044658544596,1.107898830176016,1.2771175794414258,1.4795033149470445,1.0830128063529927,1.1711592156298969,1.2433566053195968,1.1501976233283153,1.0235037528618536,1.3009795632541465,1.2896084297335535,1.0366985176479688
147,0.19952623149688797,0.6309573444801934,1.2166334842103976,1.3662792594126523,1.1772809407794536,1.1695407861661102,1.3298753429251484,1.1659733802150742,1.2717243120425252,1.4394607164887048,1.4003046327556494,0.9883787382415907,1.1021854933678685,1.257493702882725,1.467646591359407,1.0665122855707079,1.1722170680067177,1.2679829868189183,1.1586800900467367,1.0015220795337065,1.1737549989743374,1.305085236469969,1.0507710421499497
148,0.251188643150958,0.015848931924611134,1.2173162325904616,1.3989554608992623,1.1230052994266717,1.3486091520470285,1.5064782783930533,1.1988557586480444,0.952850551159818,1.3503362667400636,1.0307107894235805,1.0512376132964214,1.1521427737555734,1.183650043178515,1.3486565643532509,1.1567748169322463,1.1107902575294584,1.1975696893619623,1.200521605010442,1.2068478486549579,1.2443574707294596,1.4465602637481598,1.137414148521262
149,0.223872113856834,0.15848931924611143,1.2235323775848097,1.3771854457731316,1.148028954147157,1.2220750152111568,1.434408525139,1.1798131969697345,1.038967816389167,1.529060076137969,1.2714264327313969,0.9768244999927251,1.1208925581625782,1.2333626251580132,1.483054665988162,1.0900598960917476,1.1792555857002753,1.2407687076615272,1.1593302074532446,1.0991636578217017,1.286157931234039,1.356267175619671,1.044544578313792
150,0.251188643150958,0.01,1.2249355463943377,1.4681557081554009,1.136387704282982,1.3452528928390113,1.422471310810457,1.2374859307731785,0.9845264816317328,1.1891112666409518,0.9799385078797089,1.0794420507528053,1.1884926878247222,1.1832075025398452,1.3551153766360102,1.1577464694951871,1.1151480226505495,1.22448420949828,1.292064967628638,1.2161241070653346,1.24304617134715,1.4968327479415942,1.1836768114932186
151,0.1778279410038923,1.0,1.226236181369222,1.3845902700162536,1.1971215203906458,1.1675785982400677,1.2865532226651424,1.1858537189794354,1.3354727749786794,1.4067699887052272,1.3854248211361397,1.0070457443143215,1.1047360796135242,1.2268697163823123,1.4614323691330964,1.0604241124442306,1.1990897582512183,1.291571249765306,1.1730773673752632,1.0285090728957846,1.2037862524422676,1.3489115963046652,1.069905393350861
152,0.19952623149688797,0.3981071705534973,1.2274907488627709,1.3843633791999668,1.1704600863667318,1.1948647795568808,1.3507665685704187,1.1800143332199307,1.291807285558152,1.474028129475354,1.3090526671020868,0.9862803866586086,1.1223699045810722,1.228132967856299,1.4730729136220884,1.0684671693919203,1.18357701750911,1.274046121940779,1.1678205747220969,1.0567391284090277,1.1956961530093166,1.3847454705021,1.0535099400034753
153,0.223872113856834,0.1,1.2338746727809586,1.3975500942522214,1.1383316358400042,1.2825412407087675,1.4471620395466804,1.2078428616084698,1.0665290497171562,1.5440737908877933,1.2377674814998525,0.9814738297645388,1.1338689892300322,1.192402631709152,1.476148794293263,1.097282734515305,1.1897494109064344,1.2321301628597525,1.168266422175758,1.1620607346947358,1.2470386868095062,1.4180609043279437,1.057211960271805
154,0.1778279410038923,0.6309573444801934,1.237778695611881,1.406676114588578,1.1932501098505082,1.276792028845123,1.295031181387151,1.1990667372594082,1.3747090402476927,1.4220545201943238,1.2573288848681532,1.0039806642425533,1.1318528368445577,1.2053247261869953,1.4564841865872744,1.0594278803240051,1.2152339756958945,1.2990015907620263,1.1822463981003035,1.0769485046587814,1.192088371858349,1.4385174811096733,1.0695586786262692
155,0.223872113856834,0.039810717055349734,1.2394476448006368,1.416557242719352,1.1325096024811245,1.329688351881281,1.3599399479363643,1.260271896370241,1.1316644242788003,1.3412023110670193,1.1521271042364662,1.0079909525090478,1.2245046787751817,1.158967687460534,1.447884128951986,1.1013884248931927,1.2048705773324904,1.255311080194636,1.1858997597609966,1.2278459550245269,1.2269643263114811,1.5173301875412655,1.1060342562867505
156,0.223872113856834,0.06309573444801933,1.2397138631254405,1.4129012480370233,1.132172579233373,1.3180062251269284,1.4181541109077114,1.2329363131763968,1.105054294764774,1.5141472633817668,1.2008649946979297,0.9913614498403938,1.1536716513985978,1.1715518814815251,1.4600168848911572,1.10246068570142,1.1999187308202615,1.2308553127770279,1.1766718603759938,1.203054709651916,1.222029235796133,1.4716515484520998,1.0767962819963803
157,0.223872113856834,0.025118864315095794,1.2419110333828391,1.4225918738357717,1.1462478428963225,1.326365979223396,1.2938804996845776,1.2926083643543151,1.1492870177409484,1.2653108006428222,1.0935124951145017,1.0316883201024762,1.2269502404380734,1.1512071577024792,1.4576068591309064,1.0898263067864105,1.1999427677697636,1.3006361945523726,1.199166467120635,1.239954473401954,1.2493504043188195,1.5561271108413641,1.1459594919988785
158,0.19952623149688797,0.25118864315095807,1.2436781848568068,1.4079362561341602,1.1641343530982473,1.2855843563507556,1.3679040338220303,1.1924466077378058,1.3059814575792519,1.4962498670700437,1.2730102057349422,0.9857648097022201,1.148902496488733,1.1951228814630164,1.4708575500037306,1.0707042088693233,1.1978663508481862,1.2666880842927928,1.1770790556199024,1.1266759567450708,1.2276469098795708,1.4545416800956776,1.0584665756006808
159,0.223872113856834,0.015848931924611134,1.2473840731744628,1.430533266729924,1.1236593029489783,1.31281528858304,1.2200411235455273,1.327820422580912,1.1838692313927843,1.2657338178950197,1.0380897298620686,1.0608827301741526,1.2231601308472428,1.1480335590935942,1.5014900836782037,1.069876177447047,1.1842331056188988,1.3444439124474583,1.2170582344861802,1.2438268083054131,1.2730488128858166,1.5892019800430437,1.189863744923946
160,0.15848931924611134,1.0,1.2502023209654551,1.4257766308572104,1.223046327374245,1.3368332696318974,1.252567924850223,1.2142107291370159,1.3981899707611674,1.3434079562141847,1.2906778875494416,1.030887374257826,1.1329732484054467,1.1988382308813392,1.4221754721306263,1.0573605245558242,1.3485117577884451,1.3191578320497548,1.1962669457612076,1.0835255687986798,1.1851860169620423,1.4580617039114987,1.0863910474310243
161,0.19952623149688797,0.15848931924611143,1.2503713597579134,1.4394081761942543,1.160019079868645,1.3398049044469085,1.3419984193953343,1.2177426629060781,1.3422407620341992,1.410883976090298,1.2524840858499124,0.9880551270216376,1.1760520238285352,1.169598624981274,1.4640719571566372,1.0717497742957227,1.212977936536481,1.247268023989713,1.1836366950201822,1.1846812099860284,1.2268013868146488,1.5113026175869744,1.0666497511548028
162,0.1778279410038923,0.3981071705534973,1.2517762438420514,1.4410132515613916,1.1911773888999808,1.3580328625178901,1.3021397553886558,1.2016744975120606,1.4040063289905667,1.3431107640471707,1.2560409348037778,1.001214556760201,1.1753726548802435,1.1825833992068306,1.443805902352546,1.0579206348747126,1.2272770363376702,1.2941462214007529,1.190345584022353,1.1305869726847317,1.2560707362833596,1.5087227986762917,1.070282595639846
163,0.19952623149688797,0.1,1.2533916112812045,1.455537547421692,1.1610612648145333,1.364755361034901,1.2608393201999266,1.2519735433881714,1.4373298500061646,1.2365018319377037,1.228823370750047,0.9943024836940513,1.2656127448995584,1.14633586211625,1.4600135184193221,1.0669338906284571,1.2256173428591157,1.2352686896074205,1.1851637766998144,1.22174823190096,1.2343119366217559,1.5559262435631287,1.0797754150611225
164,0.15848931924611134,0.6309573444801934,1.2557979442764835,1.4631990597114024,1.2215084187823655,1.4002218423721189,1.2497903324936521,1.234205137184309,1.4226043519285771,1.2011200621195215,1.2578088745533673,1.0278905040636706,1.1920943335482503,1.1801509262603271,1.4071445634360937,1.054042978321419,1.3354267331418925,1.3225436759182128,1.2065758251085965,1.1158780421798518,1.2107843005812329,1.529951107511321,1.0830178163134967
165,0.1778279410038923,0.1,1.2564446722084468,1.4920634308612495,1.2071998790832121,1.4311431296007642,0.9842440329777397,1.2979837340819453,1.5365873339134892,1.1309953260853074,1.2284176126354933,1.0045444595751176,1.3209344023777565,1.0982456844404065,1.4412947485002996,1.0011726114277766,1.2363266838866562,1.2930960383638017,1.1932320502376788,1.2525411781903288,1.258468443320399,1.6308868693320981,1.089515795277413
166,0.19952623149688797,0.06309573444801933,1.256838465387333,1.4585102486971357,1.1715384935801791,1.3708087441501398,1.1898487293287359,1.2891610306408054,1.498333071278014,1.1460700682497587,1.1995351253673567,1.0051968604949386,1.275761923486827,1.1266144763253207,1.465566872021626,1.044991349588019,1.2320352120297469,1.2883790861670499,1.1812783689181685,1.2463461111619225,1.2552712514971784,1.5905253127923715,1.1009969719713655
167,0.1778279410038923,0.25118864315095807,1.2572073485307667,1.4827512626402632,1.1920515160291774,1.4050600393381951,1.296407351097909,1.2191968905076775,1.4415895474552958,1.1983315468580966,1.257064242981538,0.9997653334493346,1.2209172817837324,1.156211859118029,1.4345512467187607,1.0540859189240557,1.2360866327252389,1.273926926930279,1.1950843830726585,1.1805134467977196,1.263356225440813,1.56435781166694,1.0728375070796226
168,0.1778279410038923,0.15848931924611143,1.2584932737857788,1.4907995171969737,1.1971964169434595,1.4278432159600878,1.1920185297310195,1.2567756969903718,1.4939262899980144,1.143077811771873,1.2469887444934995,1.0006944852677573,1.2845438947741052,1.1230895796648923,1.4330983162798714,1.0409417976328803,1.2400194946454197,1.2397586384804637,1.1954713730150242,1.220082411427773,1.2606205108980226,1.6044438729531614,1.0784748775909068
169,0.14125375446227545,1.0,1.259054845738742,1.4721153685874069,1.2483971333667097,1.3966738573435444,1.2212081228902218,1.2521967477174694,1.4275805466581162,1.1706687049805768,1.2685805086032698,1.067883719193852,1.1918844557177497,1.1835373299484067,1.3754541186510658,1.0578226735216067,1.3741136535525413,1.3429056234861076,1.2226116377383813,1.100481454805123,1.1846827035906302,1.5227066109557017,1.0995919434663577
170,0.223872113856834,0.01,1.2632137129679686,1.434250127646272,1.253483254149407,1.2933134969223927,1.134810410454593,1.3626229004102473,1.278525548779598,1.3046203051677874,0.9948851465138604,1.0921155633393562,1.2212738251508508,1.1484782540374667,1.5569673245950066,1.046330509338073,1.1613450001740027,1.3749436668455657,1.2193888007584324,1.2435197939133829,1.2997623413050288,1.6156165793996398,1.2280214104584115
171,0.19952623149688797,0.039810717055349734,1.2633886804680035,1.4608726766740625,1.1912423736611983,1.3623255685958138,1.1122205920788786,1.3279727613752437,1.5037020356789643,1.172862259014575,1.1653378391696183,1.0211664718940092,1.2744196914681447,1.1147233004706458,1.4868092102737391,1.0074733505334508,1.2294532318168616,1.3627035360143238,1.1745317492868759,1.2633386990683826,1.2846974229131365,1.617981099852472,1.1339397395196755
172,0.1778279410038923,0.06309573444801933,1.2681280798209025,1.49697234988317,1.2201333102378107,1.4195497713301575,1.0378670321789687,1.3399615772794031,1.5508841032786382,1.1728021215414357,1.2023616954596807,1.01105384775972,1.3313682802133553,1.0863577625641114,1.4592348631612557,0.9516283453951798,1.2238810538080096,1.3893524237224968,1.1916201699624864,1.2802137263399018,1.2398927856000277,1.6478291515514933,1.1095972251507475
173,0.19952623149688797,0.025118864315095794,1.2683565826435828,1.4657392412111097,1.2076722950987622,1.34338067825861,1.0223475286867285,1.3665258322887994,1.4715191773229719,1.2246417357182673,1.1290687127912293,1.0425102558617485,1.2742963721131095,1.109543177709957,1.5179691312254382,0.9760423078365086,1.2172741882437168,1.411193365963411,1.1693930075059278,1.2740567672151653,1.3286871497861406,1.6387031616443308,1.1765675663897301
174,0.15848931924611134,0.3981071705534973,1.268528412540856,1.5167761752816502,1.222084726938519,1.4510440236010331,1.2407612603693816,1.2307022476912362,1.442930850584205,1.1725727526139913,1.2632655201084295,1.0243891309237083,1.2595953954158028,1.1475509269715811,1.3999188067979316,1.0484012319315332,1.3250323826128725,1.317604649471227,1.21388064423589,1.1582371807155831,1.266926517278404,1.5882664420109276,1.080627385263212
175,0.12589254117941673,1.0,1.2716284097582262,1.515967966274244,1.264275349034843,1.4376424831132815,1.2024747869496593,1.2534934306389371,1.439585561703563,1.1637458499873017,1.2666468131683415,1.124621929082948,1.2938426307741424,1.1273340773998557,1.351369444942914,1.062483970515504,1.3732430303987848,1.3653337494989395,1.2511977992704229,1.0981189670280096,1.1817226177258429,1.5465634666905614,1.1129042709664243
176,0.14125375446227545,0.6309573444801934,1.2732444409171144,1.5326708208825384,1.245696009169903,1.460374916953143,1.2116207749728793,1.256605147857013,1.4405717071847417,1.1695989635001793,1.266702085327585,1.0668177923425026,1.285740781309778,1.1400107815551994,1.3714222012826909,1.0527505390988448,1.377556816624985,1.3498743296423794,1.2358736374649493,1.1234558916423876,1.2016911291534622,1.582651900651423,1.0932025917257004
177,0.15848931924611134,0.25118864315095807,1.2732883165380293,1.522587433118004,1.2242986627497152,1.4754062530281598,1.2168335691013061,1.2477330316462372,1.466696395767329,1.1617074444222477,1.2611737901513955,1.0212077619790716,1.3138294813371254,1.1034032410053058,1.3993647683914312,1.034845462278783,1.3148897463546088,1.3075695148096502,1.2175649655568181,1.2059272194559618,1.2632746637504209,1.6273338573232412,1.0801190685337787
178,0.19952623149688797,0.015848931924611134,1.274296246606191,1.475222887060235,1.2663788687036168,1.3184176902076277,0.9549074305481472,1.4028566359013128,1.4347353086609616,1.2777091718776745,1.0978195140018545,1.0674904728003882,1.2757598584524552,1.108573768338414,1.5377438015025413,0.9525948572651505,1.198106296610062,1.436760957997824,1.1691842989954453,1.2797281553027315,1.3626353941212654,1.6488616409575194,1.2204379228185922
179,0.11220184543019636,0.015848931924611134,1.2763146019803282,1.390919552537343,1.1696241685722064,1.4136877282084288,1.3396762177826798,1.201362935696992,1.3468316040073192,1.2208626258785622,1.3173442701442726,1.2051598933373453,1.3963048930817739,1.1589595977626361,1.2999754586765437,1.0477552943589081,1.1442149024178754,1.2983407044386488,1.3578180073629869,1.3720609091764024,1.1681713827374336,1.3382251093053412,1.3389967841228674
180,0.15848931924611134,0.15848931924611143,1.2765192235360259,1.5239544662158988,1.227153090397211,1.4818240380224135,1.1818983378033585,1.2794535285002022,1.4917985489813812,1.1734801799342438,1.250694535839086,1.0192789135460554,1.3542267089116025,1.0804482522371752,1.4053409552436087,0.9939961646004152,1.2991577292093541,1.328649491481134,1.2185454497922645,1.2480846522929376,1.2450083024087077,1.6446940685979565,1.0826970567055132
181,0.11220184543019636,0.01,1.277494650891176,1.3868609232628741,1.1649860726601662,1.4446553234354838,1.4283008938246542,1.1148461189533447,1.3168162504589733,1.1554695904989782,1.3170142784709988,1.2328724083072522,1.3950117261123745,1.1710757287991902,1.266876013312562,1.0458944693876935,1.1525317842120397,1.2777790036526209,1.4164773339287837,1.357743161127685,1.234514343609452,1.3454886844623155,1.3246789093460833
182,0.1,0.6309573444801934,1.2792340141550018,1.3688723368912765,1.26266943304096,1.4803157530660656,1.1954424104254624,1.1937760690246604,1.4505578050307,1.1929232220022328,1.3059699352835943,1.2678793859172937,1.424132315111765,1.1114240686246877,1.3342382033993918,1.0790780557988922,1.351260692969633,1.3297648326748146,1.3185635735236336,1.1372451920892537,1.2041484705946428,1.4365010456676544,1.1399174819634221
183,0.1,1.0,1.2794393139621179,1.4391983337024645,1.2733425127111597,1.465878153044721,1.1982180014707804,1.1893361999939658,1.4474713126222376,1.1754346656843617,1.2884319213808488,1.2615844553873419,1.4043902552194367,1.1079703900514788,1.3344150230575549,1.081692390575443,1.354562423280432,1.3703295624973173,1.29865225245647,1.1107276112527575,1.2016298139192298,1.4347893368169977,1.1507316641173557
184,0.1778279410038923,0.039810717055349734,1.2796678536337953,1.507883938835978,1.235646025456783,1.3972370259048907,1.0623984064402567,1.3786840026743363,1.5399091120348185,1.2411431601312404,1.1726316912155983,1.0201327979711738,1.3366324667824343,1.0818939624444832,1.4789697162809285,0.9224835939200874,1.209518980319962,1.4325508692630575,1.1929360967299012,1.3009360676446178,1.2848406416087812,1.6553084523408117,1.1416200646757653
185,0.11220184543019636,1.0,1.2801125270704492,1.5447935477757502,1.2712526579012529,1.4584996645162327,1.1968766552703403,1.2141465609727824,1.4449487114233286,1.168497604764617,1.2702835542895952,1.1969038439912918,1.371155396197941,1.1033404755556862,1.3391728984887386,1.0709027448327066,1.3656353484173909,1.378143088650074,1.2771636563937405,1.0904690790298428,1.1845222067389076,1.5257898792875566,1.129752966911209
186,0.19952623149688797,0.01,1.2803363948577302,1.4957812031416329,1.3640922382155196,1.2908236980561112,0.9350589751040784,1.436650432563739,1.412988282735523,1.3105088310522413,1.0848016570841987,1.0907357112895393,1.2810838181984938,1.1098251340957435,1.5396010626432521,0.9316358110792997,1.1783979376630835,1.450923945800507,1.177847647846926,1.282193216704351,1.323490826398943,1.6429887068322941,1.2672987606491257
187,0.14125375446227545,0.3981071705534973,1.2814366259820473,1.5523884777454477,1.24293921907971,1.4915572110800184,1.1976268425313603,1.241206997784495,1.4495599536912052,1.1763319528449576,1.2687690346354699,1.0645114997374199,1.3420894101876342,1.091279443013723,1.3707733532724184,1.0435222406461175,1.3820745248820279,1.3568133594679854,1.2452131849048746,1.1655982560522098,1.2313822606632059,1.626905084375895,1.0881902130447714
188,0.12589254117941673,0.6309573444801934,1.2815321854080717,1.5743769253437074,1.2580046442053339,1.481138247991599,1.1943809886209444,1.23646544239127,1.4460426482277604,1.1760618865842156,1.270137637346797,1.1280489841301855,1.3614813377644317,1.0946302599404456,1.350692148611738,1.0569702273088253,1.375193784483661,1.3730874779900821,1.2673245425581279,1.1027472855591771,1.186407941455404,1.5930632201269532,1.104388077520777
189,0.1,0.3981071705534973,1.2834845618578583,1.3502858246325404,1.2515646576280577,1.4883036702733894,1.1933716878084693,1.1982115146417736,1.452297069442705,1.2320075039014466,1.324654990111654,1.2702485146548619,1.4437462783038881,1.1179680083618087,1.337067507763022,1.077303543353689,1.3474566283172449,1.3001702712449674,1.336066316980484,1.171721638985317,1.2160982545068744,1.4268753302211574,1.1342720260238148
190,0.15848931924611134,0.1,1.2840326378860554,1.530126653306352,1.2297274124339386,1.4764335338168362,1.1564380477429768,1.3133984677193724,1.5071795244907553,1.228919881103529,1.231558564140893,1.0195160755652577,1.375306712052517,1.0744972428545125,1.417299634308282,0.9330590607820198,1.302888037578763,1.4006195573840767,1.2186414089627593,1.2860381847034743,1.2431288974106316,1.6458297190891513,1.0900461422750058
191,0.11220184543019636,0.3981071705534973,1.2842232670548017,1.5005761769204515,1.2515541309223508,1.4939660694331354,1.1889213962800695,1.2089949607506147,1.4510746993543635,1.220194548801769,1.287877499275552,1.205767558852474,1.4218706142874178,1.1082914883642911,1.3411703178395298,1.0614002566448906,1.3640147882206533,1.3416560698251536,1.3093419325930993,1.1380789796967399,1.199824907902086,1.4744475797930825,1.1154413653383068
192,0.11220184543019636,0.6309573444801934,1.2849440804175358,1.556441753425061,1.262012883723734,1.483652802642055,1.1923358504466037,1.2111824779888287,1.448975091821571,1.1853885427388389,1.2792068678032473,1.2033760605174102,1.4009208513893658,1.1023846509187143,1.339178857535807,1.0665896114659452,1.3650133988842175,1.368228675637352,1.2950073289474635,1.1007116237091734,1.1864913378797475,1.5314437866896902,1.1203391541858907
193,0.1778279410038923,0.025118864315095794,1.2859276035425113,1.5272326587755782,1.260436843154998,1.368852160431877,1.0688726949124099,1.4116056099048753,1.5093986263866088,1.2905852128245716,1.1531428743842134,1.0326525410824392,1.3423268096204057,1.080904934093451,1.4892117055264804,0.9048794391705618,1.215271754496086,1.4484319957146667,1.197322983928927,1.3144351368786933,1.2687661596348419,1.6495510146338563,1.184670915294681
194,0.1,0.025118864315095794,1.2860517308353625,1.3238285546998436,1.1758929676834935,1.4410849118051732,1.299918012659986,1.1952334876542974,1.3667207832036332,1.188415568931557,1.3993142098027862,1.2816209886785264,1.3316856796202219,1.1163293873882196,1.3124601896448234,1.0604972437717923,1.1269871910795533,1.315305594844584,1.4827486988077507,1.3709169346328203,1.2937420192141305,1.3592224412808311,1.27910975130323
195,0.12589254117941673,0.3981071705534973,1.2860642653829835,1.5642860117987096,1.2503277738080383,1.4983570432359556,1.1862820328141843,1.225666715945221,1.4493648391245255,1.1982472804689341,1.2730153827611148,1.1292244301162147,1.3921973582701903,1.092199181190765,1.3518676217017696,1.0473799561671049,1.3768602181962617,1.3736030771585466,1.279115966158112,1.1262132610058377,1.2039801869227524,1.6048116102299255,1.0982853605855083
196,0.1,0.01,1.2867534497752573,1.3376139041534287,1.1904292237308303,1.4424270899688836,1.389522707748285,1.0863320582085818,1.3368066288528444,1.0605154892591888,1.4270626884470357,1.3364789016203544,1.4527487432549835,1.1501397909878865,1.265390321650934,1.0568353927010823,1.1453750515795185,1.2958191424052345,1.5595122341638454,1.326126645394743,1.2750391248598296,1.3759712357036435,1.224922620814007
197,0.14125375446227545,0.25118864315095807,1.28715270616753,1.5494539381562173,1.239295007178249,1.5034223341339135,1.1821404022398485,1.2451113232304802,1.4555468113370393,1.198468345149857,1.265405234025492,1.0617819884845754,1.3770454499746103,1.0801062065028781,1.3738592016887075,1.0193009447268169,1.3857702593778205,1.3721195796874492,1.250587614267856,1.2244804047481275,1.2363956648222878,1.6372903079733383,1.0854731056450346
198,0.11220184543019636,0.25118864315095807,1.2895191326957849,1.4482772779936326,1.2414489967018343,1.4993711904738856,1.188105570949406,1.2105046871599348,1.4517902722098341,1.318989547696399,1.2957559156359655,1.2042110750415858,1.4415177880471406,1.117386799061589,1.3485103480700613,1.0575211893519294,1.3628107387247588,1.3270946730613595,1.3206063851772538,1.1832242754161586,1.2153418949604937,1.4384456727986066,1.1194683553838738
199,0.12589254117941673,0.25118864315095807,1.2895526339035392,1.5512206738174554,1.2416652232818033,1.5048898498416008,1.180555449290944,1.2204985486068876,1.4500174520700604,1.2555959872691793,1.2721716382149957,1.1286493660025136,1.4147441701833912,1.098647940650811,1.356172510061878,1.0242323271851945,1.3781529633055833,1.3677123240705173,1.287352039117969,1.175504752677837,1.2178262536437816,1.5690467242285109,1.0963964845498673
200,0.1,0.015848931924611134,1.2897439146114338,1.3282484053902517,1.1786762513123612,1.4754808778104294,1.3361002237412167,1.1372414528819674,1.3468928582445168,1.1252368619550948,1.4080959708215344,1.3059501453330296,1.3962214228397414,1.1302070763153471,1.2876743329804419,1.0571172456067255,1.140077403975838,1.3049628658743413,1.5380689822431957,1.364027248766884,1.3168984063403335,1.3689171224543428,1.2487831373410845
201,0.1778279410038923,0.01,1.2903772751763385,1.567866546252382,1.3350993235201538,1.3063291865366007,1.0993747170785653,1.441260868868739,1.2487320948643024,1.3241685024389012,1.1821727538202873,1.062287832947186,1.3640896614293934,1.0836165710054981,1.4741750662139361,0.8794310658065069,1.3041901075914253,1.4608053213417878,1.3387644333240432,1.3392868615082976,1.2106267400840127,1.425798276542882,1.3594695723518695
202,0.14125375446227545,0.15848931924611143,1.2912825247323962,1.550796815352437,1.234554111762677,1.5061424230221747,1.170371552672726,1.255495000900384,1.456346305851532,1.2637432616049533,1.2553447532746984,1.059734394243133,1.4007799632565519,1.0826817618974847,1.3811679018347012,0.9548455761715855,1.3876051339738464,1.3960071682856412,1.2535157245052282,1.2749359770106872,1.2351304338774982,1.620180569782179,1.0862716653678048
203,0.12589254117941673,0.15848931924611143,1.291382080682757,1.5342358853618179,1.2331139850838861,1.507019057639647,1.1799314956475206,1.216818182663058,1.4473809280257282,1.3591375312937204,1.2681217258302238,1.1269410957189379,1.4332773866937358,1.1074394834549053,1.3663632195375637,0.9613673850416063,1.3795663980260433,1.364593526564374,1.29270762302,1.228247996879251,1.2198861641232104,1.4979818276221728,1.1035107154277397
204,0.15848931924611134,0.06309573444801933,1.2916750828049923,1.5408819392321509,1.2324307729791513,1.4615314143185296,1.1442156424681023,1.3385840271745573,1.5023901684397845,1.3050712912008136,1.2063268189371201,1.0228682246316683,1.3870471566450597,1.07421890480011,1.4312353750496398,0.9003879865253536,1.3413925441400907,1.4294711292270421,1.2203637091401174,1.3200094755977025,1.240850357724743,1.6294628223922079,1.1047618954759044
205,0.1778279410038923,0.015848931924611134,1.2916857464533478,1.5512901379116402,1.2976644028787514,1.3381376389999116,1.0819876906513262,1.4353910773103995,1.4518399514107334,1.312097079319959,1.160997631005433,1.0487923095751213,1.3518390979608388,1.081613483803133,1.4861035110879095,0.891192003547529,1.2549288749239396,1.4557447671376669,1.2088144802043168,1.3245873049126478,1.2367688205888332,1.6177401339277988,1.2461845319090619
206,0.15848931924611134,0.025118864315095794,1.2919469730908244,1.5754072376202526,1.242665471388249,1.4065902925029135,1.1625631020469607,1.31598807864636,1.3814648206754647,1.3562143912698246,1.1966629029718703,1.0387904629901679,1.408120694702732,1.078141263381601,1.4416960888479746,0.8758668263790664,1.3849592685858392,1.4338817779174924,1.2743114582786343,1.3759643500108065,1.1609077472077638,1.4842644342533329,1.2444787921391807
207,0.14125375446227545,0.06309573444801933,1.2925017298201973,1.5593457040404768,1.2245377160399065,1.497787405650272,1.1738163126350267,1.236351772953603,1.428504048653981,1.373395250123171,1.2273989967884975,1.0615583546329996,1.4306694493370529,1.09364244024388,1.4070244453213558,0.8814409468391446,1.3944432075242776,1.404560963543347,1.2676447430317608,1.359501963248196,1.1865906715691619,1.513181835359219,1.1286383688686126
208,0.12589254117941673,0.1,1.2927187489741632,1.5238053148473292,1.225768236641183,1.507741395877554,1.1870340345798112,1.2252540310282094,1.4424891744204396,1.3861393953882397,1.26308314125286,1.124582923788559,1.4500880924820705,1.11671351048427,1.3877112420720068,0.9038213408475173,1.3810324803084792,1.3643036214230302,1.2944347129063183,1.2895184220386737,1.2004792875473054,1.4324521111478234,1.1479225104015807
209,0.15848931924611134,0.039810717055349734,1.2928139597715544,1.5557459867537589,1.2366625919905465,1.438061885822072,1.1470347661544575,1.3436202271764466,1.4665309658028942,1.3396264402188027,1.1893754216377126,1.0298544136491121,1.3970560748821668,1.0756114981232519,1.4405016394248875,0.8851256732910553,1.3686204934916515,1.4337403585489557,1.2330867028424426,1.348321874709308,1.2100586933589912,1.5820528422706266,1.1355906452819524
210,0.14125375446227545,0.1,1.2933659281552885,1.5534390822894582,1.2293692888060854,1.5037513091043704,1.166705340027419,1.254224511624854,1.448284000616018,1.3481331577740012,1.240047513890223,1.0594524399096192,1.4170217343302132,1.0879720075086758,1.392661984291245,0.9006143724646686,1.3900737679412547,1.405850332638457,1.2578661291391544,1.3172846316694131,1.2251428837626188,1.5756945196961858,1.0937295556218358
211,0.15848931924611134,0.015848931924611134,1.2951366807560105,1.6089183201057833,1.2486343866111353,1.3662437881449319,1.1842305867393026,1.305579838580845,1.3076590464685263,1.3808429534256788,1.2173380047417397,1.0474650273131147,1.4166926013077525,1.0835077017718526,1.4453858885602504,0.8700104303029585,1.390621713221759,1.4354428111277797,1.3199469727337951,1.4167472261566536,1.125353378538881,1.3947514592134902,1.3373614800539793
212,0.12589254117941673,0.01,1.2956030550852018,1.4961796726207666,1.1827193689943074,1.3769428264479775,1.3966255906809022,1.2263198030909124,1.375150857902206,1.4645991879459848,1.2515776653030897,1.1347291999396147,1.421930875748404,1.2368181899272133,1.3015879924094187,1.0429127527284252,1.2094135492326277,1.3176756232035358,1.2575077988683314,1.5108425982503635,1.017091467569692,1.325975020123272,1.3654610607169917
213,0.1,0.25118864315095807,1.2957896538663662,1.3845782548554135,1.2420041419026362,1.495340862921712,1.1934165212172312,1.2054705701644175,1.45268270722717,1.339089602582018,1.343722603449426,1.268730154731979,1.46530558268665,1.1254943289837898,1.3502491643380523,1.0770678494872339,1.3432953806454635,1.3040927819099983,1.3506435334950426,1.2088950196787207,1.233005293143269,1.396128880119242,1.1365798437878616
214,0.11220184543019636,0.025118864315095794,1.2960041871447008,1.3974498707031395,1.2065639413091374,1.5085161122926998,1.2944649191659774,1.2377657999877703,1.393441007532838,1.4190005629636473,1.3179968635856985,1.190399548223434,1.4344090412632595,1.1467017593305024,1.3327189248524633,1.0515910729496614,1.2437063926682317,1.3176518146664757,1.317959024412488,1.3881012990911976,1.0435887998602744,1.3347837691107838,1.3432732189243368
215,0.14125375446227545,0.039810717055349734,1.2980211376832995,1.5809073350523757,1.220216007281194,1.488672677088673,1.1895511905503222,1.2511015298650086,1.4065820758680538,1.3887343693272967,1.227448268171631,1.0663713513915298,1.4435153388665398,1.100377464942583,1.4197250446025103,0.8747541685281754,1.398190795771762,1.4019715590809179,1.2796365885266132,1.3998626248631234,1.1122380309072954,1.420960865769279,1.2896054672111101
216,0.11220184543019636,0.15848931924611143,1.2989316799478636,1.4415559197366092,1.2332803253341154,1.5038860675352486,1.192201632971749,1.2197128931435155,1.4515753498749104,1.3868782776580253,1.3031792563554245,1.1994796416592846,1.4611620600366384,1.1273068928101213,1.3705892693374482,1.0621190316707918,1.3611904824179986,1.3286791681226227,1.327836544013452,1.2371942044993194,1.2227789154723985,1.398679238144115,1.1493484281634854
217,0.1,0.039810717055349734,1.3001704042299025,1.3235903862578673,1.2082407631266887,1.523799954191578,1.2681130345915352,1.2187075585392135,1.3958309839729832,1.2668975927353383,1.393143657173653,1.2664527403275296,1.396238893761939,1.1085261806678506,1.337418321136018,1.0650626189248522,1.204786367724249,1.323643634365324,1.4039637523391266,1.366553567305751,1.281230185377448,1.353163217868957,1.2980446742101464
218,0.14125375446227545,0.025118864315095794,1.3022131878814291,1.6292774599821604,1.2158602392150022,1.475946204800734,1.2096071505436907,1.2851359545432586,1.3964191522402516,1.4122905460627935,1.2371478409085435,1.0746898013531745,1.4514880081278012,1.110554754506869,1.4247095603893782,0.8854974841081802,1.3971275639567184,1.4009112353250994,1.2861653605743844,1.4451753141111698,1.0638406142557837,1.3354916573312858,1.3069278552923034
219,0.12589254117941673,0.06309573444801933,1.302285741654463,1.5473194664823609,1.2201092389566779,1.5092825955404838,1.2028176954804226,1.2491786001705383,1.4386820378188314,1.3956162120180582,1.259221008262697,1.122117789833832,1.4661874145554712,1.1264217969345816,1.4080554236575518,0.9274717441125153,1.3805516096809798,1.3638585140136452,1.290822298411928,1.3517474507689393,1.1174456510191129,1.3671061125432498,1.3017021728273832
220,0.15848931924611134,0.01,1.3032214307749386,1.6653207121058824,1.2520378234531413,1.313976889242943,1.2135175813311947,1.32684595215122,1.2863419783033216,1.4369833748275829,1.2405766602574693,1.0707038929914496,1.418008635723992,1.0958756696871252,1.4621212059869948,0.8736261490381624,1.3874539632462404,1.4406832971072336,1.3413190060054883,1.485268818851841,1.1150071101022647,1.2803195894005632,1.3584403056846552
221,0.1,0.15848931924611143,1.3047689242964098,1.3584193093075254,1.2352300406346264,1.503881217552357,1.1987693081930022,1.2150679840660084,1.4504901302097735,1.3947300980435466,1.36140605255632,1.2645779184224235,1.4887624978234395,1.1314932808963865,1.3833003555462924,1.0766078116216966,1.3376607736482298,1.3160232049380238,1.3603770398757051,1.2526554391209703,1.247835755893093,1.3684232674377104,1.149667000141063
222,0.11220184543019636,0.039810717055349734,1.3061527922056262,1.4091684344448487,1.221474731874561,1.5242830525330082,1.2580740017001237,1.2485876168805432,1.430287383973368,1.411039896075107,1.3173843852177023,1.185700297649986,1.4822901909655337,1.1332442420188942,1.3612437874609706,1.056727621822336,1.324141586878573,1.32979616222987,1.3133263448138441,1.3854756339457361,1.0578106054163532,1.3360805722306988,1.3369192959804692
223,0.12589254117941673,0.015848931924611134,1.3080138980728502,1.511753922775098,1.2069176794212475,1.4873882955755515,1.3264105618579098,1.2644705717268754,1.4188793247753482,1.45077234412526,1.2533033407767695,1.1253249097407014,1.453955157547441,1.1826598548849423,1.3474015930760088,1.0418389468033884,1.2993201173108435,1.3433222838792696,1.257505719462428,1.4909038353922952,1.0136990444794596,1.3240684340446078,1.3603820238015552
224,0.12589254117941673,0.039810717055349734,1.308159003677384,1.5562908546748626,1.2160371123467537,1.5130636522520244,1.2280454735249884,1.268286210979813,1.43641556663821,1.408741662454759,1.256792915485607,1.1205191057241177,1.4774285050581442,1.1344958707981851,1.3995864194847927,1.0311918134985099,1.3742168523857061,1.3618976432497665,1.281782529687364,1.4006644424965617,1.0476025318137465,1.3365111910111498,1.3136097199826136
225,0.12589254117941673,0.025118864315095794,1.3102649628257832,1.5321281678847645,1.2128284099248217,1.5156089794413439,1.2692334253491708,1.2740733807198126,1.4326062436514384,1.427596327916321,1.254997650680684,1.1211439349606662,1.4761563144823326,1.1481609180872743,1.3805754645174246,1.0411171972201771,1.354749878893843,1.356616932081749,1.2694487659353164,1.447040269966104,1.0226533548082555,1.3265316548895918,1.3420319851045712
226,0.11220184543019636,0.06309573444801933,1.3115296209350231,1.429587741139782,1.2246959890665372,1.5180175198154766,1.2266011968295798,1.2459801321886974,1.4454597550738586,1.4016215119465816,1.3147060292649186,1.1876355606838285,1.4968225634312704,1.1338722764185947,1.3869397949835702,1.0622216667627118,1.3474978297199753,1.334228220773919,1.322184240831341,1.3587327949644217,1.1266228747430476,1.3430882045851482,1.324076515477201
227,0.1,0.06309573444801933,1.312792840427017,1.3282649303168828,1.2265607436319719,1.524610420108927,1.2381119470974733,1.225578873808066,1.4247585547998614,1.40679222517,1.3859929312642918,1.2601322328679072,1.4298075985207224,1.1067629792870348,1.3619181397243267,1.0697986343263282,1.3043713280211546,1.327076446081153,1.369385382625996,1.3458842107776552,1.270372878326826,1.3513035146609425,1.2983728371228236
228,0.11220184543019636,0.1,1.3137521978755646,1.4594720016550662,1.2278208417879617,1.509871022810377,1.2043298703282115,1.2344277971026245,1.4502633879867164,1.394443104361835,1.3097901423880474,1.193164943898876,1.4812409341138166,1.1360784556391745,1.399243075770251,1.066329721871742,1.3573288777408352,1.3330390486739838,1.3287801552631173,1.3035003813165016,1.2102977793263934,1.3609417995870365,1.3146806158887245
229,0.1,0.1,1.314696291931431,1.339072247408985,1.2310114249007842,1.5145273779459614,1.2135036073882584,1.2231281206206648,1.4427539593994037,1.4030602365290412,1.3757239650597426,1.2605505479406587,1.4901579272896153,1.1244798845153727,1.3881047814972034,1.0739864143150668,1.3269851958083065,1.3244260390333196,1.3640731255221246,1.3034115516912617,1.2591591082832239,1.355106341617969,1.2807039818616521
230,0.14125375446227545,0.015848931924611134,1.314714919272713,1.64979431363706,1.210429990950119,1.4539644276946126,1.2491408020084946,1.2989227823168314,1.3949451420350008,1.4483054856863886,1.2472651644650234,1.0877777957079062,1.4502097215302743,1.128044174916917,1.4242439709981551,0.9711690199298209,1.3862054136799906,1.4018162889254546,1.2831899364859873,1.5044526410295613,1.0466957997064095,1.308530652628564,1.3491948611216893
231,0.14125375446227545,0.01,1.3212511524654789,1.6414989987918431,1.2016625180663716,1.3484403226807369,1.3360583724365114,1.295650381855935,1.395452293117263,1.4968322413881918,1.2543456276082579,1.1047603188836435,1.4373425911535826,1.1607499038239717,1.4098747374309628,1.0278281029779035,1.356054753096582,1.4034782010179794,1.2696982559050631,1.547757039999895,1.0491912928978309,1.3033613996047406,1.3849856965723113
