rep,L,kernel,ell,lam_session,xcv_score_selected,Raw_shape_R2_mean,Raw_shape_R2_sd,Raw_RMSE_mean,Raw_RMSE_sd,Raw_cRMSE_z_mean,Raw_cRMSE_z_sd,Raw_zRMSE_mean,Raw_zRMSE_sd,Raw_dX_peak_mean,Raw_dX_peak_sd,L2_shape_R2_mean,L2_shape_R2_sd,L2_RMSE_mean,L2_RMSE_sd,L2_cRMSE_z_mean,L2_cRMSE_z_sd,L2_zRMSE_mean,L2_zRMSE_sd,L2_dX_peak_mean,L2_dX_peak_sd,RKHS_shape_R2_mean,RKHS_shape_R2_sd,RKHS_RMSE_mean,RKHS_RMSE_sd,RKHS_cRMSE_z_mean,RKHS_cRMSE_z_sd,RKHS_zRMSE_mean,RKHS_zRMSE_sd,RKHS_dX_peak_mean,RKHS_dX_peak_sd
0,1,rbf,0.32421560600991084,0.01,-1.1708437050752094,0.3652881338750932,0.2552885256250948,0.8115770790892295,0.31354430008764067,0.9139270881060099,0.29822290762242465,0.9139270881060099,0.29822290762242465,0.43000000000000005,0.4728125676607286,0.38526999435425696,0.2550796234771782,0.7969973520494122,0.3180395561549166,0.8844245087709875,0.2845025857367937,0.8844245087709875,0.2845025857367937,0.37333333333333324,0.41682985310169623,0.4153833936007226,0.28338479014178825,0.8517534624378024,0.302822787656983,0.9247523599352381,0.3954120029646259,0.9247523599352381,0.3954120029646259,0.5333333333333333,0.6640177258401203
0,2,rbf,0.32421560600991084,0.01,-1.1708437050752094,0.5600085211106371,0.2653079108990088,0.7252852820323934,0.29831126213277,0.6986218348572864,0.2721126874081352,0.6986218348572864,0.2721126874081352,0.3266666666666666,0.4160017683428375,0.6248336497554148,0.24011316833764013,0.7058612413102915,0.2919194078955562,0.6282280972731402,0.2586585350889827,0.6282280972731402,0.2586585350889827,0.26999999999999996,0.42030366690500465,0.4553118312944185,0.2772714855286156,0.8199102639011582,0.3010426024705787,0.8314253528138242,0.33681847682099914,0.8314253528138242,0.33681847682099914,0.47,0.6287096802729903
0,3,rbf,0.32421560600991084,0.01,-1.1708437050752094,0.6883397451780819,0.18111632328451385,0.69033505255445,0.28658599475377133,0.5737564971770843,0.19117128248441195,0.5737564971770843,0.19117128248441195,0.20999999999999994,0.27835724998765465,0.7691521660272375,0.18020677330614257,0.6490876090401579,0.2951921907535269,0.47812590935951804,0.20352644656955385,0.47812590935951804,0.20352644656955385,0.15999999999999998,0.2811307218334928,0.5209012417112229,0.2892163965173178,0.7873413390227229,0.3005945480436357,0.7448796993522789,0.3038998694858144,0.7448796993522789,0.3038998694858144,0.42000000000000004,0.5441855667274562
0,4,rbf,0.32421560600991084,0.01,-1.1708437050752094,0.7556805818669857,0.09087287859160534,0.6850096675228898,0.2805220215271454,0.5038500741835444,0.10499330553397855,0.5038500741835444,0.10499330553397855,0.1866666666666666,0.25289132643984796,0.8610378063347047,0.07235584430829171,0.6237739528428251,0.29012954623630677,0.3671788656721591,0.1064897987432232,0.3671788656721591,0.1064897987432232,0.13999999999999999,0.2527094556313975,0.7016215737629424,0.20205508350954426,0.7061858604482236,0.3052106573197493,0.550494062838377,0.21258243316897255,0.550494062838377,0.21258243316897255,0.2733333333333333,0.43781064505050615
0,5,rbf,0.32421560600991084,0.01,-1.1708437050752094,0.7665143644058585,0.09711463307694354,0.6807952233793756,0.27852734389116074,0.4900228542326147,0.11326170918872723,0.4900228542326147,0.11326170918872723,0.1666666666666666,0.255063661199254,0.8897227825929157,0.05815596739169885,0.6078057572674996,0.2942739826186022,0.3254518169122563,0.0941938839319007,0.3254518169122563,0.0941938839319007,0.10666666666666667,0.22580634567506386,0.8049183958201074,0.13207434566775889,0.6725798141008514,0.27494232776202465,0.4355084253434107,0.15516533005549346,0.4355084253434107,0.15516533005549346,0.14666666666666667,0.33294229937429654
1,1,rbf,0.20456621780704987,1.0,-1.1862027088996066,0.32483068016138955,0.25239271904289223,0.8395667995793202,0.24652853215330503,0.959392704276296,0.28675023058428967,0.959392704276296,0.28675023058428967,0.5266666666666666,0.5613612355530164,0.3670739367922238,0.26630787888839613,0.91332011861088,0.25670378558748513,0.9221035738058841,0.3145865961387567,0.9221035738058841,0.3145865961387567,0.49,0.49712969236858384,0.3572001572481271,0.2750491270352149,0.9124292420867505,0.2559178195984787,0.939939885011959,0.33596616975445454,0.939939885011959,0.33596616975445454,0.4966666666666667,0.4679252322631317
1,2,rbf,0.20456621780704987,1.0,-1.1862027088996066,0.5174825550670046,0.2211566263497092,0.7720201450030297,0.24168502631770747,0.7433242261532536,0.21928742608166488,0.7433242261532536,0.21928742608166488,0.30333333333333334,0.32428524409881787,0.5676895985319358,0.25333980087761393,0.8901439297745519,0.2602890411123897,0.6911383314321128,0.28462095332025716,0.6911383314321128,0.28462095332025716,0.33999999999999997,0.40051690738775086,0.568708924035051,0.25400279001472104,0.8900177150584773,0.26018800635959494,0.6875723570602484,0.2808732626965826,0.6875723570602484,0.2808732626965826,0.3333333333333333,0.39595657488593655
1,3,rbf,0.20456621780704987,1.0,-1.1862027088996066,0.6731842355762659,0.16485602481362888,0.7305706888670743,0.2459775191293313,0.5867605610203379,0.17121363008752513,0.5867605610203379,0.17121363008752513,0.3433333333333334,0.42966172205852693,0.7377319740966437,0.20038792660062377,0.876244697932016,0.25871078199743536,0.5007463317917012,0.22613939444885564,0.5007463317917012,0.22613939444885564,0.32000000000000006,0.47226526736424385,0.7417432853936847,0.19542630568944974,0.8762656087621887,0.2593259117508479,0.49706197625819093,0.22126719594583377,0.49706197625819093,0.22126719594583377,0.26333333333333336,0.3800937573386547
1,4,rbf,0.20456621780704987,1.0,-1.1862027088996066,0.7369250427847748,0.11931026103139222,0.7180750574575031,0.2492290274704295,0.5218543679790628,0.13133378430879578,0.5218543679790628,0.13133378430879578,0.22333333333333336,0.3212940787774827,0.8056384326628963,0.14825561926931694,0.8717545983094428,0.2593205858372165,0.4241348967683647,0.18531758895656605,0.4241348967683647,0.18531758895656605,0.2833333333333333,0.45643546458763845,0.8083480264018543,0.14535560271395195,0.8716480810809856,0.25969553835791487,0.4216859381409341,0.18177372289551494,0.4216859381409341,0.18177372289551494,0.23666666666666666,0.38280573387170874
1,5,rbf,0.20456621780704987,1.0,-1.1862027088996066,0.7647695037538774,0.09914656116771596,0.7148963412635545,0.2526589092857861,0.4919864279533226,0.11414362631193084,0.4919864279533226,0.11414362631193084,0.26,0.3409924662935613,0.8406804525469543,0.11335620450445284,0.8696102762342524,0.2610745078179679,0.3855885334750063,0.15042806326611832,0.3855885334750063,0.15042806326611832,0.2733333333333334,0.42420988082375655,0.8414788492790546,0.11284281364555938,0.8695730175591799,0.2611434928667522,0.38469377473507077,0.14967704696959275,0.38469377473507077,0.14967704696959275,0.2733333333333334,0.42420988082375655
2,1,rbf,0.20456621780704987,0.01,-1.1595712832361789,0.299434758767952,0.25147755753926115,0.8462372907475646,0.3610801929508631,0.975445225647117,0.2746357357818066,0.975445225647117,0.2746357357818066,0.5133333333333333,0.5500679163918563,0.35178649474932233,0.27720118538453425,0.8259606699677966,0.36443836221036524,0.9066830414737909,0.2918783738076802,0.9066830414737909,0.2918783738076802,0.4666666666666666,0.5181754018924836,0.288438850534542,0.22050737832592227,0.8549760479240948,0.39380812525935577,1.0028750038583327,0.2677445907894266,1.0028750038583327,0.2677445907894266,0.6199999999999999,0.5422812605256071
2,2,rbf,0.20456621780704987,0.01,-1.1595712832361789,0.5197036597582607,0.2064297121688403,0.7825255381260138,0.3395157828338141,0.7398602616916968,0.20600828183304828,0.7398602616916968,0.20600828183304828,0.42999999999999994,0.512027747092971,0.5576078016898917,0.21064174078147685,0.7619145611583041,0.3454948427503978,0.6990715461457734,0.21679468390064122,0.6990715461457734,0.21679468390064122,0.36,0.48109071479510906,0.45410647402779547,0.26084812293020043,0.7987915229007607,0.3859119475108952,0.8204449957932329,0.2878493605029668,0.8204449957932329,0.2878493605029668,0.5433333333333333,0.6425613258446733
2,3,rbf,0.20456621780704987,0.01,-1.1595712832361789,0.6687399053079405,0.17549246594301052,0.7276323711114778,0.31953889094323185,0.5918446114670526,0.18105124612873408,0.5918446114670526,0.18105124612873408,0.2733333333333333,0.41267281298228586,0.7203357428695161,0.19012217205308543,0.7035736899184134,0.32487712520368556,0.528605539513959,0.20857339223656662,0.528605539513959,0.20857339223656662,0.2466666666666667,0.372996564034589,0.5635656035982187,0.26242575885188846,0.7789101791543869,0.3678141270060005,0.702080284297948,0.27351901892957436,0.702080284297948,0.27351901892957436,0.3933333333333333,0.6219731302175712
2,4,rbf,0.20456621780704987,0.01,-1.1595712832361789,0.7688721187094977,0.11404790961802795,0.7045018767742613,0.3188337354578877,0.4857998050967683,0.12648013522145773,0.4857998050967683,0.12648013522145773,0.17333333333333328,0.3161550616208853,0.8317607495977409,0.13938953204172716,0.6679168460011837,0.3326821091477322,0.395069540564475,0.16779166281575159,0.395069540564475,0.16779166281575159,0.24000000000000002,0.44458426919290905,0.7875032310100405,0.15942651769837574,0.6969467472269397,0.34422933980108666,0.4494182150195575,0.18630828285586812,0.4494182150195575,0.18630828285586812,0.18333333333333332,0.3974776795583954
2,5,rbf,0.20456621780704987,0.01,-1.1595712832361789,0.7719077064178917,0.0864125711955554,0.7199940666589434,0.3061811539531248,0.4859126649325083,0.09922690129123274,0.4859126649325083,0.09922690129123274,0.15666666666666665,0.3212940787774827,0.8724759597034853,0.08155962202886398,0.6553850740362482,0.33067882599098647,0.35085823893379386,0.10717995658372026,0.35085823893379386,0.10717995658372026,0.19999999999999993,0.43311223360296774,0.8266007473448557,0.10793353019443754,0.6864659917581517,0.33629749840912604,0.41071568332724195,0.13306847806006153,0.41071568332724195,0.13306847806006153,0.19666666666666668,0.4072475594925569
3,1,rbf,0.32421560600991084,0.01,-1.1543495333992844,0.31684513515144075,0.20462073825815058,0.7537507742313188,0.22346542020541085,0.9516136890264273,0.21968300991163744,0.9516136890264273,0.21968300991163744,0.56,0.5468404545739284,0.3563268848315913,0.23972878931390856,0.7280889879366076,0.23753804267911907,0.9145577930543944,0.2630309371619861,0.9145577930543944,0.2630309371619861,0.5,0.5119267188936727,0.24760729780731103,0.20878721400009181,0.8033801568959598,0.25973863374006817,1.0800839621764988,0.29823740102490315,1.0800839621764988,0.29823740102490315,0.78,0.668193653532185
3,2,rbf,0.32421560600991084,0.01,-1.1543495333992844,0.5162215044117059,0.2458598142766949,0.6755510271169537,0.18028360537189633,0.7477305252191955,0.24540300109412297,0.7477305252191955,0.24540300109412297,0.32999999999999996,0.5133728899522559,0.5547590190569629,0.2795949629023503,0.64963815155357,0.20015319874178686,0.7035406498715019,0.2900491963998818,0.7035406498715019,0.2900491963998818,0.3333333333333333,0.5033222956847168,0.4641808992539006,0.2293916502170028,0.7287390558355712,0.27422550874692897,0.8153515265605231,0.28056624466698743,0.8153515265605231,0.28056624466698743,0.4766666666666667,0.5157407350085181
3,3,rbf,0.32421560600991084,0.01,-1.1543495333992844,0.6688243768907987,0.19641552131078058,0.6232090571141081,0.17337718807829086,0.5905291893238138,0.19881009616661696,0.5905291893238138,0.19881009616661696,0.27999999999999997,0.3907552369097743,0.7304951958908058,0.22115928461101517,0.5772150405053247,0.1914102314248969,0.5129480295986583,0.238190577868479,0.5129480295986583,0.238190577868479,0.2733333333333334,0.3685323485856065,0.6089327699451826,0.2618928983980018,0.6785979791408401,0.27921496085178193,0.6605500757484768,0.32632703832672494,0.6605500757484768,0.32632703832672494,0.44,0.6201223461043242
3,4,rbf,0.32421560600991084,0.01,-1.1543495333992844,0.788415306775875,0.08533920807041406,0.6099656332342249,0.17582339089816512,0.4653439458930192,0.10273093832210864,0.4653439458930192,0.10273093832210864,0.22666666666666663,0.44716218868382174,0.8572080936952763,0.07908103008304762,0.5504518173954438,0.20079911086170676,0.37240163481000715,0.10955842391606666,0.37240163481000715,0.10955842391606666,0.2033333333333333,0.43587670934236256,0.7159095901162751,0.2524556013049921,0.6407285661971808,0.254731561387761,0.5255268289525997,0.2749376856643492,0.5255268289525997,0.2749376856643492,0.42999999999999994,0.6401239104186432
3,5,rbf,0.32421560600991084,0.01,-1.1543495333992844,0.7665067544163854,0.0995439827919894,0.6240353286980472,0.17615440615648634,0.4892959039392829,0.11706809955218864,0.4892959039392829,0.11706809955218864,0.13666666666666666,0.26455340811852424,0.900727568319345,0.05122307364852912,0.5331321191230391,0.20622607490451567,0.30973588499244176,0.0831989012951625,0.30973588499244176,0.0831989012951625,0.11666666666666667,0.28172294207599424,0.8997554614393551,0.05204668079795523,0.5364257268586826,0.20515326535560036,0.3113942636544434,0.0833883816625114,0.3113942636544434,0.0833883816625114,0.1466666666666666,0.32455097185701565
4,1,rbf,0.32421560600991084,0.01,-1.1182507931800345,0.36838994614011455,0.2428040645066148,0.8957123299621216,0.29052778002852686,0.9402498357526373,0.31872840280255105,0.9402498357526373,0.31872840280255105,0.35000000000000003,0.429715222459937,0.452431572417433,0.2636756707675387,0.8718002706987599,0.28698072508779154,0.8759104486584671,0.372752598829852,0.8759104486584671,0.372752598829852,0.3833333333333334,0.46910283655544854,0.2711474689276928,0.1813781161936431,0.9352417208994848,0.2999427115430243,1.0256215863073324,0.24368306604074688,1.0256215863073324,0.24368306604074688,0.8066666666666666,0.6792152334373349
4,2,rbf,0.32421560600991084,0.01,-1.1182507931800345,0.5294673475820088,0.23951640466124846,0.8329893849361144,0.3092970884749664,0.734104343897188,0.24199194000721563,0.734104343897188,0.24199194000721563,0.31666666666666665,0.4426279930482087,0.6126835977603068,0.2421914384293629,0.7878779916120722,0.317051445078806,0.6404301861878553,0.2725244976647645,0.6404301861878553,0.2725244976647645,0.31666666666666665,0.44028465191583016,0.38834460266486526,0.24984443770498688,0.8914382390328829,0.3286582399197293,0.8787496968899774,0.2649778819823127,0.8787496968899774,0.2649778819823127,0.7799999999999999,0.6504110106375973
4,3,rbf,0.32421560600991084,0.01,-1.1182507931800345,0.7552709890155173,0.12155435913427844,0.7241596690195364,0.3133996023812947,0.4996782810300734,0.13692693123056893,0.4996782810300734,0.13692693123056893,0.2866666666666667,0.4980882994238959,0.8291521353645991,0.13759644519652522,0.6838413081131746,0.3101441111571357,0.3964537269103856,0.17311841577637632,0.3964537269103856,0.17311841577637632,0.29000000000000004,0.48305778907518604,0.6097865834997602,0.2769724262575767,0.7958540772116645,0.3547819135806957,0.653315153336285,0.3090485700474728,0.653315153336285,0.3090485700474728,0.4133333333333333,0.5847093786414448
4,4,rbf,0.32421560600991084,0.01,-1.1182507931800345,0.8057577732071327,0.08179302872982587,0.7114467150128957,0.30753946592260645,0.4443596425296525,0.09985283871055574,0.4443596425296525,0.09985283871055574,0.0733333333333333,0.09071871393197362,0.8903498151875043,0.07470179121347006,0.6527759243595096,0.31078918290964574,0.3192018551133789,0.11460236257377025,0.3192018551133789,0.11460236257377025,0.07666666666666666,0.08172001541568766,0.8626821526777219,0.09028114216488398,0.6764848784750955,0.31175588739453,0.3600065246484998,0.12628613357422433,0.3600065246484998,0.12628613357422433,0.12666666666666665,0.29353180328582773
4,5,rbf,0.32421560600991084,0.01,-1.1182507931800345,0.8196137024703215,0.07042999224049143,0.7117252826590027,0.3072952070507953,0.42776930094451077,0.09109545986058123,0.42776930094451077,0.09109545986058123,0.10333333333333333,0.14499306364701425,0.9170114049112678,0.05080076034388906,0.6392951396507588,0.31682333558524606,0.27610911703571817,0.09791618939426806,0.27610911703571817,0.09791618939426806,0.10666666666666665,0.2227312178440617,0.912343813152746,0.05964244823955928,0.6477389171233074,0.3144795357898548,0.28312683891925633,0.10431930572968091,0.28312683891925633,0.10431930572968091,0.12333333333333331,0.29441155024818616
5,1,rbf,0.32421560600991084,0.01,-1.1643380692918361,0.38130386052611265,0.2735834771589182,0.8793877189876013,0.37624987574044494,0.886030910854464,0.2869571450598593,0.886030910854464,0.2869571450598593,0.43,0.47644516998286385,0.4038179429113698,0.28464826978437163,0.8663422042894273,0.3783892396990216,0.8616540881476645,0.3085367458478277,0.8616540881476645,0.3085367458478277,0.44,0.49799598391954925,0.36372743164744553,0.2555766999588087,0.928719990125245,0.3946476573038429,0.9912465413442034,0.3717740196636318,0.9912465413442034,0.3717740196636318,0.5166666666666667,0.549660292163814
5,2,rbf,0.32421560600991084,0.01,-1.1643380692918361,0.6004841090909955,0.2593115008655976,0.8004336401374981,0.3635133588724969,0.6593621150276593,0.2676774830770842,0.6593621150276593,0.2676774830770842,0.3133333333333333,0.46958039474240915,0.6405327216003046,0.24065932165858858,0.7833549443013739,0.367486844740239,0.6139359919669778,0.25109021399966036,0.6139359919669778,0.25109021399966036,0.3133333333333333,0.49391702034704754,0.484941835937758,0.26405686407433904,0.8904313723438452,0.39832745916393325,0.8091207634506374,0.3304342771371698,0.8091207634506374,0.3304342771371698,0.42999999999999994,0.5694219694658302
5,3,rbf,0.32421560600991084,0.01,-1.1643380692918361,0.7066008315219946,0.2016445576528031,0.7754773325586134,0.3656977614270483,0.5467315284145271,0.21551417756171634,0.5467315284145271,0.21551417756171634,0.2033333333333333,0.37736229124089055,0.7575633584436141,0.1992319646258866,0.739772525493367,0.3792981552774092,0.4873060922857839,0.2153333520116515,0.4873060922857839,0.2153333520116515,0.2533333333333333,0.44700793276408757,0.5749740439681453,0.23613683460143903,0.8341179041891073,0.40857125613206413,0.6844750873199604,0.24283025649549161,0.6844750873199604,0.24283025649549161,0.32999999999999996,0.4662025606817352
5,4,rbf,0.32421560600991084,0.01,-1.1643380692918361,0.7203172303043794,0.13585162081541738,0.7786739359594933,0.3622514537253232,0.5372584093173017,0.15063067328105553,0.5372584093173017,0.15063067328105553,0.19999999999999998,0.3713906763541037,0.830930829142713,0.16189914054694177,0.7059509399527154,0.397091685246826,0.3991963820004596,0.18193757604825894,0.3991963820004596,0.18193757604825894,0.1933333333333333,0.4109982241201111,0.7535536455139256,0.170263517817827,0.7652411796298062,0.3819091321009463,0.4925342244193183,0.18862504496354354,0.4925342244193183,0.18862504496354354,0.2733333333333333,0.4711931541371831
5,5,rbf,0.32421560600991084,0.01,-1.1643380692918361,0.7690726531481974,0.11111367531420743,0.7591364355676727,0.3741555849222574,0.48514490224511847,0.12704808476985374,0.48514490224511847,0.12704808476985374,0.15666666666666665,0.2932379677789465,0.8830370384725977,0.057629656386655105,0.686653775176177,0.40479209280651335,0.3374051125197061,0.08951395732001505,0.3374051125197061,0.08951395732001505,0.1466666666666666,0.34414645372166114,0.8053749683041223,0.15798748540454668,0.7385607170178053,0.3967204102482798,0.42907329964959756,0.1816717347465901,0.42907329964959756,0.1816717347465901,0.15333333333333332,0.3115404809400663
6,1,rbf,0.32421560600991084,1.0,-1.2163211731592074,0.33288443979130555,0.2547305842723531,0.8715027866050947,0.34673988370559744,0.964242483289318,0.3061844557523696,0.964242483289318,0.3061844557523696,0.6,0.5620160753621886,0.3303794546920156,0.2964980239067412,0.9430912986261862,0.37201415728653814,0.9602308017107289,0.3517442870295627,0.9602308017107289,0.3517442870295627,0.4833333333333333,0.49694468805743947,0.33918322856236993,0.2961362512195605,0.9414015994647538,0.37178904990861805,0.9582610299650429,0.35734216892279774,0.9582610299650429,0.35734216892279774,0.5000000000000001,0.48778174882088265
6,2,rbf,0.32421560600991084,1.0,-1.2163211731592074,0.5499657738442661,0.26379143635650365,0.7919134095079031,0.3276856959374175,0.7286404634065389,0.3088568309820151,0.7286404634065389,0.3088568309820151,0.39,0.5306794603667759,0.5851990055838894,0.2718756808832752,0.9137511944335622,0.36787587036799885,0.6813071513350345,0.3066448433280663,0.6813071513350345,0.3066448433280663,0.3766666666666666,0.5940412927324702,0.5850183890746677,0.27234855127946356,0.9137614837535195,0.3678266744112909,0.6821145317439022,0.30890324656343493,0.6821145317439022,0.30890324656343493,0.3733333333333332,0.5812788121644074
6,3,rbf,0.32421560600991084,1.0,-1.2163211731592074,0.687400065824525,0.1877231636640336,0.7427556556209205,0.3341438496860586,0.569967084234399,0.1946130614620686,0.569967084234399,0.1946130614620686,0.19333333333333336,0.30164301043970243,0.7079959133522729,0.20857529096352823,0.9040238834025479,0.3709752950016172,0.540153135017082,0.22703214666047988,0.540153135017082,0.22703214666047988,0.2733333333333333,0.4863185654757967,0.7083746566478696,0.20834650638763103,0.9040609622235316,0.3710123998082598,0.5397535175123984,0.22705646361615867,0.5397535175123984,0.22705646361615867,0.22666666666666663,0.41682985310169623
6,4,rbf,0.32421560600991084,1.0,-1.2163211731592074,0.7240022865985979,0.11515455399090337,0.736653899213264,0.33266069905905693,0.5374722602425078,0.12485021022922592,0.5374722602425078,0.12485021022922592,0.2233333333333333,0.3450970211737397,0.7498375993396446,0.15492154797169597,0.9010933996837303,0.37285767554824684,0.49735748520627343,0.1788069200147575,0.49735748520627343,0.1788069200147575,0.20999999999999996,0.41634700381557566,0.7499093983379677,0.15388211398017954,0.9011800483917212,0.3728651252136345,0.49755960786558234,0.1774045905976572,0.49755960786558234,0.1774045905976572,0.20999999999999996,0.41634700381557566
6,5,rbf,0.32421560600991084,1.0,-1.2163211731592074,0.7458632470551542,0.09020724721171366,0.7370800102884697,0.34087695175324884,0.5156095814938452,0.1017623653729904,0.5156095814938452,0.1017623653729904,0.22999999999999998,0.3743039517235453,0.7661161987558687,0.13973629664146806,0.9001724796813377,0.37340458300128254,0.48024703588828677,0.16551687744159208,0.48024703588828677,0.16551687744159208,0.1933333333333333,0.40678159295599414,0.7664531171524102,0.13902341517861017,0.9002163449240838,0.37344545774588983,0.4800808402276354,0.16452562791357425,0.4800808402276354,0.16452562791357425,0.1933333333333333,0.40678159295599414
7,1,rbf,0.32421560600991084,0.01,-1.179660103848857,0.33760024142143547,0.27709305962971964,0.8022351227529326,0.2171225741209444,0.9473464426455008,0.3093237839618821,0.9473464426455008,0.3093237839618821,0.5866666666666667,0.5525697542693894,0.4089840684837489,0.2932188834440825,0.7848934930370655,0.2174713024151426,0.8797859668098437,0.34701420449665804,0.8797859668098437,0.34701420449665804,0.5333333333333333,0.542874427172768,0.3530465187402812,0.26632113924733675,0.8722721595377909,0.23166627423975214,0.97494362054511,0.35762182844530915,0.97494362054511,0.35762182844530915,0.6933333333333334,0.6175219294351686
7,2,rbf,0.32421560600991084,0.01,-1.179660103848857,0.53411215176875,0.25952959717535923,0.72796177205489,0.1951213048775194,0.736686462171113,0.2775000532616631,0.736686462171113,0.2775000532616631,0.3533333333333333,0.4666338247885398,0.6007766794047928,0.27788362459219856,0.7010089003297821,0.18710194719734766,0.6831473177620778,0.3551808243164054,0.6831473177620778,0.3551808243164054,0.44999999999999996,0.5587856291193832,0.46223140318067996,0.29709538618031595,0.821073476357414,0.22589699796233476,0.8472176087361578,0.389735927128102,0.8472176087361578,0.389735927128102,0.6500000000000001,0.6420602614321687
7,3,rbf,0.32421560600991084,0.01,-1.179660103848857,0.7028785138469336,0.17734158653147916,0.6778967511358801,0.1772423215810244,0.5582741287418489,0.1863800733513593,0.5582741287418489,0.1863800733513593,0.2699999999999999,0.36022023914496426,0.764199492671964,0.18227543053548032,0.6511584161438757,0.1780671055144875,0.4796505108312819,0.2015747912701983,0.4796505108312819,0.2015747912701983,0.3499999999999999,0.43529617345054816,0.593375196374456,0.2489258857063677,0.7588568416255661,0.2173965265756675,0.6941173554701638,0.3266730167398763,0.6941173554701638,0.3266730167398763,0.6033333333333334,0.664095616990315
7,4,rbf,0.32421560600991084,0.01,-1.179660103848857,0.7579705236509151,0.10051259525078426,0.677717399287974,0.18014626813722037,0.5013981323727831,0.1089546725048352,0.5013981323727831,0.1089546725048352,0.26999999999999996,0.3733815650289236,0.840933573654733,0.10372211000200977,0.6245745533551187,0.19395775076632513,0.3906847575560899,0.13255770200820127,0.3906847575560899,0.13255770200820127,0.2333333333333333,0.3623042475821833,0.7503128511071145,0.221301344613264,0.6922335584126701,0.1897993283392758,0.5115584927857353,0.3149506405943534,0.5115584927857353,0.3149506405943534,0.53,0.6287096802729903
7,5,rbf,0.32421560600991084,0.01,-1.179660103848857,0.7583240123397459,0.08114707175562731,0.690897414188719,0.17740295251144542,0.502976672721894,0.0903526371579954,0.502976672721894,0.0903526371579954,0.32,0.42458905081144704,0.8838830373592406,0.06120716774407229,0.6063937809145673,0.20397333643212173,0.3355629649097339,0.09226584645101814,0.3355629649097339,0.09226584645101814,0.24000000000000002,0.37563738934757557,0.8746812824237402,0.0794077847701657,0.6135041458933557,0.20926552019301847,0.34515581961937297,0.11310966516845064,0.34515581961937297,0.11310966516845064,0.3066666666666666,0.42502197373891093
8,1,rbf,0.32421560600991084,0.01,-1.216924925137248,0.3347520217719444,0.24278552895857974,0.7895337978219549,0.28223009572662944,0.9873593428603277,0.33311473725153856,0.9873593428603277,0.33311473725153856,0.6133333333333333,0.5431284431394903,0.3805281338894905,0.268273593831577,0.7648202441224732,0.2828514346938816,0.9094757648744616,0.31839472979228867,0.9094757648744616,0.31839472979228867,0.6466666666666667,0.6409762668871943,0.36493162908316645,0.25486101328669813,0.8095547159333932,0.3018588536588533,0.9365973932852375,0.32179706070390274,0.9365973932852375,0.32179706070390274,0.6866666666666666,0.7214608424068744
8,2,rbf,0.32421560600991084,0.01,-1.216924925137248,0.4995392049186973,0.2316991956375859,0.7426111621093275,0.2552459424353355,0.7774719463069435,0.2639955010848701,0.7774719463069435,0.2639955010848701,0.5033333333333333,0.6310819026212777,0.5298574960333796,0.2923310274565257,0.7021509449405149,0.26654339721042264,0.7252654355391456,0.31484677669104094,0.7252654355391456,0.31484677669104094,0.56,0.6657119600796605,0.5039724467436607,0.28946436494152905,0.7601529348091263,0.32102059555862467,0.7855673610112192,0.3560954677225193,0.7855673610112192,0.3560954677225193,0.6733333333333333,0.7182033778492156
8,3,rbf,0.32421560600991084,0.01,-1.216924925137248,0.6893958519247915,0.15515126270326735,0.6879421319874799,0.26866425006490186,0.5699453734569434,0.1628810787033214,0.5699453734569434,0.1628810787033214,0.39666666666666667,0.6025711194730367,0.7660176138654591,0.15504372706056657,0.6325359441053203,0.28307497929807024,0.47525764893177086,0.1849248968120368,0.47525764893177086,0.1849248968120368,0.36,0.577509516267317,0.6023334472058509,0.29136327677824175,0.7173095940753181,0.33344431484169174,0.6725381446974518,0.349630881576288,0.6725381446974518,0.349630881576288,0.42000000000000004,0.6133008487149538
8,4,rbf,0.32421560600991084,0.01,-1.216924925137248,0.7612733389648283,0.11499914529497625,0.6836581914963431,0.2720533622913467,0.49525866182363437,0.12527382234581974,0.49525866182363437,0.12527382234581974,0.3633333333333333,0.6228318715591593,0.8530531957056127,0.11020250375090558,0.6098231448712128,0.2906255559217629,0.3722224394820449,0.1382660248619813,0.3722224394820449,0.1382660248619813,0.30999999999999994,0.5485718134235102,0.683378341761694,0.2164804518452861,0.6883330479809283,0.3193040401846763,0.5698881631630406,0.23107166224306777,0.5698881631630406,0.23107166224306777,0.3633333333333334,0.6065637148971946
8,5,rbf,0.32421560600991084,0.01,-1.216924925137248,0.7667574532190257,0.10132504635126241,0.6915410954322763,0.2654803047493664,0.48894796744193453,0.118224323370057,0.48894796744193453,0.118224323370057,0.24666666666666667,0.49878012109084935,0.8918937022154088,0.06462163315175963,0.5885824014789619,0.3054513138684527,0.3207007630312272,0.09972233697872847,0.3207007630312272,0.09972233697872847,0.24666666666666667,0.5243934646304493,0.8206055834114682,0.13173309284727744,0.6284615779469418,0.31688273532288225,0.40764049695681376,0.17089154989130223,0.40764049695681376,0.17089154989130223,0.33,0.5700272225804296
9,1,rbf,0.32421560600991084,0.01,-1.1966199115434912,0.3732862714348778,0.2846368732152589,0.8034418102911114,0.3812108382781827,0.9148075837689748,0.3263027307985567,0.9148075837689748,0.3263027307985567,0.37666666666666676,0.4074168697380196,0.4087564776311439,0.2938737149493175,0.7913478118760015,0.3910694020463238,0.8700035269945611,0.33662912140591233,0.8700035269945611,0.33662912140591233,0.41000000000000003,0.4816279863560456,0.2561969584539238,0.2180139889388433,0.8878991277640037,0.41517996854684464,1.0591131906409665,0.29091339578064584,1.0591131906409665,0.29091339578064584,0.65,0.6361251232373967
9,2,rbf,0.32421560600991084,0.01,-1.1966199115434912,0.5352397192265997,0.22177303223645398,0.7499253156954506,0.3740384752541632,0.7270991684217699,0.22437963782453274,0.7270991684217699,0.22437963782453274,0.3266666666666667,0.3703989771838613,0.6088261796578586,0.22446482058139505,0.7118410007355263,0.3894732632556186,0.645482508836841,0.2348751956340913,0.645482508836841,0.2348751956340913,0.3066666666666666,0.37225624594313816,0.43094881519826056,0.2587191867018459,0.8325849644020521,0.42214615409415956,0.8560089759517119,0.31904418991558886,0.8560089759517119,0.31904418991558886,0.5233333333333333,0.5367098576180317
9,3,rbf,0.32421560600991084,0.01,-1.1966199115434912,0.6567560662644306,0.17833683706937095,0.7115690121579028,0.3608285770009046,0.6045168770926084,0.1813478047551609,0.6045168770926084,0.1813478047551609,0.26999999999999996,0.34556300887602,0.7513296686849235,0.19847798146576218,0.6590903624301337,0.38804304385660704,0.4913466249152714,0.21488445944887258,0.4913466249152714,0.21488445944887258,0.2233333333333333,0.3328905104595548,0.6172554386484014,0.2686382958440084,0.7356980535958272,0.41656475740867854,0.6353232093379191,0.2920860005825859,0.6353232093379191,0.2920860005825859,0.3133333333333333,0.40661201818605086
9,4,rbf,0.32421560600991084,0.01,-1.1966199115434912,0.732307682374133,0.10737640266759342,0.6945503941025551,0.35303108225483665,0.5289043973111275,0.11786827673441401,0.5289043973111275,0.11786827673441401,0.23,0.3592616950319661,0.848226310187641,0.11639168244913341,0.6225533985131017,0.39708318041099827,0.37721046443390605,0.14646879951731728,0.37721046443390605,0.14646879951731728,0.14333333333333334,0.2648139663643313,0.7356689579285445,0.16104335264581682,0.676699954220254,0.40996900905074835,0.5142322335707868,0.18174384749911512,0.5142322335707868,0.18174384749911512,0.22999999999999998,0.3825053526783464
9,5,rbf,0.32421560600991084,0.01,-1.1966199115434912,0.7492204664424756,0.08850188745311291,0.6948066439976832,0.3513922086738387,0.5121546664696796,0.09944207964712029,0.5121546664696796,0.09944207964712029,0.2633333333333333,0.3995543494456287,0.9003419129946372,0.05089339463310471,0.6033675587000259,0.40195348451254653,0.3084998020163378,0.09003562495633921,0.3084998020163378,0.09003562495633921,0.20666666666666667,0.36853234858560646,0.8231983315098411,0.145586725302111,0.6422840140407542,0.40805160020835085,0.40031516959801344,0.18584209772439794,0.40031516959801344,0.18584209772439794,0.22999999999999995,0.39317452472986053
10,1,rbf,0.32421560600991084,0.001,-1.1957808657579851,0.32253170306520634,0.22461905441633787,0.7995788746156866,0.28846275885783657,0.9555332684994854,0.25277029858930516,0.9555332684994854,0.25277029858930516,0.3233333333333333,0.2990598294809843,0.33672584032065456,0.2546243224204375,0.79087411632737,0.30233431914776054,0.9392386055116212,0.2759410323576842,0.9392386055116212,0.2759410323576842,0.3233333333333333,0.2661129308282914,0.22512654746704217,0.21254289141412558,0.8779608895346241,0.3279950330183789,1.226520796723856,0.3810232561007168,1.226520796723856,0.3810232561007168,0.7866666666666668,0.45617097016687563
10,2,rbf,0.32421560600991084,0.001,-1.1957808657579851,0.5910113758609913,0.22522908952083945,0.6711633642139373,0.26414159156876915,0.6713991206550866,0.2404135886177108,0.6713991206550866,0.2404135886177108,0.3199999999999999,0.331558493305116,0.6211651630115897,0.24260587173557957,0.6533756956364868,0.2783664139606167,0.6326249933623989,0.27323753773979265,0.6326249933623989,0.27323753773979265,0.2866666666666667,0.3298205712132012,0.2894596392994872,0.24103745382023828,0.8473349218140191,0.3381866730150442,1.0936168002928446,0.3785402604846843,1.0936168002928446,0.3785402604846843,0.62,0.5441855667274563
10,3,rbf,0.32421560600991084,0.001,-1.1957808657579851,0.6919323786021765,0.18944711582037602,0.6461990063522483,0.26445870327006515,0.569622731293714,0.21039702725666062,0.569622731293714,0.21039702725666062,0.2533333333333333,0.27257815498442395,0.7315745175600052,0.19320850851791602,0.6215395581354795,0.27743505918769135,0.5190818480687983,0.21763116603295135,0.5190818480687983,0.21763116603295135,0.24000000000000002,0.3811054700609069,0.36709969870363834,0.25549849436737626,0.8097943127646943,0.33421787643436734,0.9901606339714035,0.3936234646307965,0.9901606339714035,0.3936234646307965,0.4966666666666667,0.5455040904005012
10,4,rbf,0.32421560600991084,0.001,-1.1957808657579851,0.7963282310971181,0.07850337463869285,0.6165717418558498,0.25908553560952796,0.4577578820001378,0.0908858170083714,0.4577578820001378,0.0908858170083714,0.22666666666666663,0.4008037901029874,0.8582580443126753,0.08464804728011616,0.56800338560196,0.2901937023024152,0.3690572117219567,0.11731527670927779,0.3690572117219567,0.11731527670927779,0.2033333333333333,0.40724755949255687,0.38314249489081226,0.2557446080758593,0.8072410796907572,0.33361251747410514,0.9747445335566367,0.3944776506716781,0.9747445335566367,0.3944776506716781,0.6533333333333334,0.6009953429926481
10,5,rbf,0.32421560600991084,0.001,-1.1957808657579851,0.801119005191665,0.07104831290634006,0.627539040402663,0.2517811892168728,0.4522016144978286,0.08609901061081644,0.4522016144978286,0.08609901061081644,0.12333333333333334,0.17356968854500257,0.8897061067591031,0.07117613321265899,0.5549567665493395,0.2865162518110202,0.32454554727361773,0.10073019850789704,0.32454554727361773,0.10073019850789704,0.10666666666666665,0.17603552410558057,0.4813965073025077,0.27224852778548503,0.7781474994203113,0.30461167096319053,0.828212424075913,0.3598176355670922,0.828212424075913,0.3598176355670922,0.43000000000000005,0.4419002852103238
11,1,rbf,0.32421560600991084,0.001,-1.1602653903691367,0.33173622717735046,0.25413641976369966,0.9424241796522692,0.3536860941230667,0.958144813080465,0.2941795162853458,0.958144813080465,0.2941795162853458,0.4233333333333334,0.4515745123785056,0.35751743466646696,0.2717774436277012,0.9353352770984994,0.3572694277758367,0.9331955407810661,0.31632960700858326,0.9331955407810661,0.31632960700858326,0.4166666666666667,0.453403476655923,0.08412684740610245,0.09377710873384171,1.035259379274905,0.36375555360959316,1.3171662250662384,0.20174503434050153,1.3171662250662384,0.20174503434050153,0.7733333333333334,0.5965032204054082
11,2,rbf,0.32421560600991084,0.001,-1.1602653903691367,0.5596303608770434,0.24135109939595203,0.8756551221789988,0.33135311124117445,0.7107226924625185,0.25603481581114407,0.7107226924625185,0.25603481581114407,0.3133333333333334,0.36740781938756617,0.6105573251652766,0.26090284876124814,0.8533065158458105,0.3355250288380966,0.6531786708876504,0.2779928948916797,0.6531786708876504,0.2779928948916797,0.2966666666666667,0.3547542455174338,0.18200905387088234,0.15346943308723945,1.0234247655440452,0.37170636760561326,1.1643880078106295,0.26116442721577166,1.1643880078106295,0.26116442721577166,0.7300000000000001,0.6670315093627578
11,3,rbf,0.32421560600991084,0.001,-1.1602653903691367,0.7174918171979913,0.10742954870846896,0.8286193427749531,0.3480907449948623,0.5452600969711113,0.11751945967635412,0.5452600969711113,0.11751945967635412,0.21333333333333335,0.29796242916750815,0.785583880744911,0.11472424428029526,0.7982758009780746,0.35453586825612743,0.46260288712205816,0.13736018560637683,0.46260288712205816,0.13736018560637683,0.20999999999999996,0.3021189535083251,0.23931571595414017,0.20337023478029412,1.0089416189427962,0.39089230176814754,1.1032287759811545,0.3043651872436922,1.1032287759811545,0.3043651872436922,0.9400000000000001,0.706423727488411
11,4,rbf,0.32421560600991084,0.001,-1.1602653903691367,0.7498615739935122,0.08972359416360334,0.8248204575622679,0.3538491363015376,0.5109949034079898,0.10203470724013287,0.5109949034079898,0.10203470724013287,0.18333333333333332,0.28049627612419425,0.8330552302243416,0.08533876510348457,0.7825463882823124,0.360302382414661,0.40394888917449623,0.11930439035561692,0.40394888917449623,0.11930439035561692,0.17999999999999997,0.2987329565186018,0.2843456577288137,0.22718215997547805,0.9938077255907961,0.3866322145923627,1.0181348649042015,0.2888979972515325,1.0181348649042015,0.2888979972515325,0.6466666666666667,0.68668786933006
11,5,rbf,0.32421560600991084,0.001,-1.1602653903691367,0.7561040868166761,0.09374301659420257,0.8262581907824121,0.3456360547380082,0.5031463063245131,0.10718942063244387,0.5031463063245131,0.10718942063244387,0.17,0.30754870654345434,0.8686659606871299,0.08301935617763886,0.7692188748592129,0.3633717928130851,0.35113079213460624,0.12370949756042232,0.35113079213460624,0.12370949756042232,0.14333333333333328,0.326616228806133,0.45987697406627004,0.24299936860367607,0.9423772807607605,0.4016926801255929,0.8235138821729915,0.2902427262512152,0.8235138821729915,0.2902427262512152,0.4,0.5747563201794365
12,1,rbf,0.32421560600991084,0.01,-1.1324673648285761,0.4274432254613672,0.29072104416591954,0.735830723824946,0.26389613645944904,0.8623059745379652,0.33737451030208904,0.8623059745379652,0.33737451030208904,0.43666666666666665,0.5229118296703522,0.4458944054131025,0.2954481927021099,0.7294997084041196,0.27161643565021354,0.8456083383425951,0.34668404763335875,0.8456083383425951,0.34668404763335875,0.4433333333333333,0.530896011204307,0.41603656739128553,0.3065662530414499,0.7396909538564832,0.2761109410645115,0.9259234580985124,0.41183557890749556,0.9259234580985124,0.41183557890749556,0.51,0.5358525273193016
12,2,rbf,0.32421560600991084,0.01,-1.1324673648285761,0.5984209844606957,0.23952155643016126,0.6738059493444586,0.26578417824332,0.6687178355341499,0.254582037042924,0.6687178355341499,0.254582037042924,0.2866666666666667,0.4224177808866424,0.6408823389546965,0.23678747401843356,0.6534548921444063,0.26862281103610536,0.6240267911726823,0.267756215304457,0.6240267911726823,0.267756215304457,0.26666666666666666,0.43575802628438687,0.501983965214103,0.28674873143182206,0.7173063144428057,0.28226063141302726,0.8254797475075718,0.4002308487057738,0.8254797475075718,0.4002308487057738,0.5166666666666667,0.5693815963822949
12,3,rbf,0.32421560600991084,0.01,-1.1324673648285761,0.7034593912463661,0.1643480943692111,0.6324743338561445,0.2272763462415362,0.5556913737450683,0.17047373530426918,0.5556913737450683,0.17047373530426918,0.38,0.49854962053734536,0.7548435117626706,0.19781333324528771,0.5984523639014374,0.23880237228667642,0.4880294863073146,0.2176563563341736,0.4880294863073146,0.2176563563341736,0.2566666666666667,0.4272472701902933,0.5936810668680125,0.2706300089712728,0.6736302281853411,0.2654925426308646,0.6740187411283753,0.2991916551161963,0.6740187411283753,0.2991916551161963,0.53,0.5902366562192047
12,4,rbf,0.32421560600991084,0.01,-1.1324673648285761,0.770096368794837,0.12696258104240146,0.6113867074254871,0.2157534788109175,0.4808097005150837,0.14491144261164554,0.4808097005150837,0.14491144261164554,0.3633333333333333,0.4693967760150609,0.8305796401664823,0.12289357208851433,0.5752017661314851,0.23445283950990325,0.40021739457492506,0.15262321593574868,0.40021739457492506,0.15262321593574868,0.37,0.5627212208667743,0.649349085776471,0.2506012161591084,0.6572156794806131,0.265084072983666,0.6219533379580383,0.3028820227853328,0.6219533379580383,0.3028820227853328,0.5466666666666666,0.664744354975102
12,5,rbf,0.32421560600991084,0.01,-1.1324673648285761,0.7826336035451448,0.11131800289752937,0.6190946291765489,0.2165083413477354,0.46881067609108684,0.12730468568279174,0.46881067609108684,0.12730468568279174,0.3066666666666666,0.43623256478020145,0.8667909952937467,0.08740179622696756,0.5608738570200654,0.23618731469964435,0.3572030800838638,0.11539371214197236,0.3572030800838638,0.11539371214197236,0.32333333333333336,0.5411885599966655,0.7706162827980632,0.19570092114987783,0.6088481492150922,0.27988420118805013,0.47029256739969855,0.21428098946471993,0.47029256739969855,0.21428098946471993,0.5033333333333334,0.6930608438898662
13,1,rbf,0.20456621780704987,1.0,-1.1698621968689944,0.3937320590731387,0.27877771382188754,0.7507752057839203,0.24207334924812046,0.9119168235803202,0.3493776380924983,0.9119168235803202,0.3493776380924983,0.5000000000000001,0.5381962211069427,0.3872617335567498,0.29718741486433115,0.842431017210288,0.2745398479635209,0.9019811282878026,0.3652927450223525,0.9019811282878026,0.3652927450223525,0.42,0.508818780828831,0.39465994653258313,0.2930165896258961,0.8421434230379042,0.2736168779602368,0.89951509259014,0.35813108792510495,0.89951509259014,0.35813108792510495,0.49,0.5628437646881023
13,2,rbf,0.20456621780704987,1.0,-1.1698621968689944,0.5593460959263499,0.2705643494652955,0.700720486483267,0.18924692100909363,0.709904252350097,0.28740525620937707,0.709904252350097,0.28740525620937707,0.46333333333333326,0.6250425272887761,0.5751565692282998,0.2802683365857027,0.8211821313862029,0.2701397581101694,0.6902125090026503,0.3131218908681973,0.6902125090026503,0.3131218908681973,0.4666666666666667,0.6059095945614404,0.5742277427698255,0.2823963720516435,0.8212658959224891,0.27001137818395865,0.6866094387202184,0.3036949096706058,0.6866094387202184,0.3036949096706058,0.41000000000000003,0.5622307784850115
13,3,rbf,0.20456621780704987,1.0,-1.1698621968689944,0.6847313572087326,0.2141288477190476,0.647354255777853,0.20747900974513608,0.5707777843933468,0.21999896911688002,0.5707777843933468,0.21999896911688002,0.2833333333333334,0.49276372832628723,0.7254401329054667,0.215146454292088,0.8093885818864369,0.27025064799160053,0.529542855253974,0.24530782243793944,0.529542855253974,0.24530782243793944,0.3433333333333334,0.48826457873838713,0.7283107417927774,0.21544268133544944,0.8093280842092933,0.2702597117925838,0.5256363069797916,0.24820357220580663,0.5256363069797916,0.24820357220580663,0.35,0.48760498427482796
13,4,rbf,0.20456621780704987,1.0,-1.1698621968689944,0.8023582347997155,0.09255983075860176,0.6195339239555171,0.1838522233250658,0.44845949470262564,0.10547502054028303,0.44845949470262564,0.10547502054028303,0.33,0.6137223903474543,0.8265935138018097,0.14263103006421735,0.802023299187382,0.27116758450064565,0.4074917096692979,0.16100294361629494,0.4074917096692979,0.16100294361629494,0.3033333333333334,0.5169428257142865,0.8283515571432372,0.1395848403992689,0.8020502344928757,0.271255217483177,0.40543106820894514,0.15821338968833812,0.40543106820894514,0.15821338968833812,0.3066666666666667,0.5172429118751242
13,5,rbf,0.20456621780704987,1.0,-1.1698621968689944,0.7885187683841633,0.09712900417700238,0.6390426980585073,0.20219165129834968,0.46493553743472577,0.10912107020371364,0.46493553743472577,0.10912107020371364,0.2833333333333333,0.5305061560521191,0.8469645414173338,0.11083047166470081,0.8005345811594627,0.2723588519267977,0.3834892374600166,0.13218411835618082,0.3834892374600166,0.13218411835618082,0.30666666666666664,0.5002987613163885,0.8467636799077221,0.11070706088844293,0.8005645638226488,0.2721960565996372,0.3839352547466425,0.13166917553044372,0.3839352547466425,0.13166917553044372,0.30666666666666664,0.5002987613163885
14,1,rbf,0.32421560600991084,0.01,-1.1684904701918655,0.3612563002123575,0.22524345778944568,0.7680434721746117,0.2949430844696229,0.9203662227578903,0.26155120548890487,0.9203662227578903,0.26155120548890487,0.49666666666666665,0.5307660913040328,0.3927954744100244,0.2431581400647424,0.7495190839069888,0.3053049080005017,0.8744723536278052,0.25189516330985173,0.8744723536278052,0.25189516330985173,0.48333333333333334,0.49416131202154073,0.3330016315896103,0.253835769812365,0.8219011304876529,0.3654908734203539,1.0349508576156952,0.37420273093622225,1.0349508576156952,0.37420273093622225,0.6733333333333335,0.5959248583350162
14,2,rbf,0.32421560600991084,0.01,-1.1684904701918655,0.5909727572804254,0.24200957878657078,0.682538060086959,0.24873315725682127,0.6688635232003292,0.2510054166865391,0.6688635232003292,0.2510054166865391,0.44333333333333336,0.5392736707405833,0.6329409691880189,0.24323066721349915,0.6553573507010185,0.26204919317958003,0.6143483420619265,0.2647508861432826,0.6143483420619265,0.2647508861432826,0.3966666666666666,0.5567661140435242,0.4628659604817894,0.22897929568030867,0.7557893864502278,0.3249996628295782,0.8254693460460673,0.2791635866299995,0.8254693460460673,0.2791635866299995,0.5,0.5889792455801292
14,3,rbf,0.32421560600991084,0.01,-1.1684904701918655,0.6879455038088679,0.2181734223548842,0.6605706491014576,0.25888612424534463,0.5677107476414183,0.23351563603808748,0.5677107476414183,0.23351563603808748,0.4066666666666668,0.5451563099688479,0.7466856376555991,0.19487672161022557,0.6193587090231365,0.2692118672974974,0.49158045242759607,0.2221515912237641,0.49158045242759607,0.2221515912237641,0.42999999999999994,0.5977832613800815,0.5518426511311252,0.2623959925420197,0.714911793686881,0.3235184826575193,0.7157217481218725,0.27885676290946526,0.7157217481218725,0.27885676290946526,0.49666666666666665,0.6456663669971237
14,4,rbf,0.32421560600991084,0.01,-1.1684904701918655,0.7604241939681227,0.1533277318836575,0.62757205877763,0.24948095655311248,0.48983800022308976,0.16732353673142178,0.48983800022308976,0.16732353673142178,0.3766666666666667,0.5481525922294048,0.8367406171394165,0.14570495464858876,0.5708753393674123,0.27453333105563515,0.3815998690008737,0.1838759393708883,0.3815998690008737,0.1838759393708883,0.28,0.5313612966581278,0.6070687346040491,0.2570810827496598,0.6988134712962102,0.31135922239537567,0.6496788321649968,0.27010607724869684,0.6496788321649968,0.27010607724869684,0.37666666666666665,0.6262550616951934
14,5,rbf,0.32421560600991084,0.01,-1.1684904701918655,0.759534690376126,0.12506282996149334,0.6404463210923755,0.24964623693137508,0.49523170440894193,0.13741191916996867,0.49523170440894193,0.13741191916996867,0.3266666666666667,0.5009875305305777,0.8738095760760037,0.12020008018017965,0.5549534999953507,0.28190560000671305,0.3304051574354883,0.164543465029812,0.3304051574354883,0.164543465029812,0.25,0.48831165853588726,0.8235276127372367,0.14581549084530346,0.5912885872385188,0.2906752459110642,0.4060415743957675,0.17291529001923925,0.4060415743957675,0.17291529001923925,0.23333333333333328,0.47367479993340794
15,1,rbf,0.20456621780704987,0.1,-1.1467273106572,0.3399260303902315,0.22893847448465943,0.8659667350574506,0.3029582226110747,0.9715982718116007,0.3072589699637068,0.9715982718116007,0.3072589699637068,0.52,0.5653195617494159,0.37033792370454777,0.24559845397694774,0.8691071515492129,0.31077694578700765,0.9767857148858948,0.35439702259390704,0.9767857148858948,0.35439702259390704,0.47,0.4669416267143257,0.37854827557059845,0.25629472658087593,0.8685047740084272,0.31035911983124065,0.950968304025561,0.33410008091191346,0.950968304025561,0.33410008091191346,0.51,0.5005858636603233
15,2,rbf,0.20456621780704987,0.1,-1.1467273106572,0.5784221691245228,0.23672666702229014,0.7562768510706172,0.28503592363326247,0.6842967963748935,0.2407228375243587,0.6842967963748935,0.2407228375243587,0.32333333333333336,0.4515745123785056,0.6113626526361883,0.2644403284851236,0.7743307952527093,0.2969134355873428,0.6446869517013468,0.2784152450847776,0.6446869517013468,0.2784152450847776,0.29666666666666663,0.38906017027184114,0.6192766053302403,0.2571596713469694,0.7725257415920094,0.29866671534351114,0.635400564188103,0.2698184762182322,0.635400564188103,0.2698184762182322,0.33666666666666667,0.451421764202173
15,3,rbf,0.20456621780704987,0.1,-1.1467273106572,0.6842393981029831,0.1996554889968144,0.7081556286276112,0.29834751244917596,0.5770369676731966,0.20931565750665734,0.5770369676731966,0.20931565750665734,0.3433333333333334,0.4568885273639311,0.760468487706044,0.2038315002419507,0.7176635591944628,0.3148366549414175,0.4835425501504819,0.2260123866247155,0.4835425501504819,0.2260123866247155,0.3,0.44721359549995787,0.762803424500452,0.20137622302518804,0.7156713238664847,0.3170591922123073,0.48012975923400286,0.22025234617160516,0.48012975923400286,0.22025234617160516,0.26999999999999996,0.4426799264043709
15,4,rbf,0.20456621780704987,0.1,-1.1467273106572,0.7213538818482962,0.15336627079648524,0.7009010009175908,0.29485580425563773,0.5376435724127002,0.15816533496360732,0.5376435724127002,0.15816533496360732,0.35333333333333333,0.5230766630258885,0.8391829298576334,0.11751291281270357,0.6895579635744616,0.3190775155347926,0.39113687814444575,0.14443698057928203,0.39113687814444575,0.14443698057928203,0.29,0.47076606680513033,0.8316245712853819,0.134589748768446,0.6924910580018341,0.319851325874034,0.3965758189755201,0.1634666238600704,0.3965758189755201,0.1634666238600704,0.2233333333333333,0.4174498386825559
15,5,rbf,0.20456621780704987,0.1,-1.1467273106572,0.7489126414585564,0.13257399318352542,0.6961507762188969,0.29944299366147,0.5089525021243514,0.13905845668200834,0.5089525021243514,0.13905845668200834,0.23999999999999996,0.4605843365057942,0.8759440225673522,0.11597394778548115,0.674723841200725,0.32353886822674294,0.33395817294793245,0.15013662164672126,0.33395817294793245,0.15013662164672126,0.22666666666666663,0.3741042942663259,0.8746113261310152,0.11262871628943932,0.6752166555516754,0.32370076284155147,0.33656180880988734,0.1475263112715301,0.33656180880988734,0.1475263112715301,0.19666666666666663,0.3285110960529112
16,1,rbf,0.20456621780704987,0.1,-1.173291791929744,0.3394455994327376,0.27038319023065377,0.8518026243525768,0.28777518491303716,0.9542385059532024,0.3137393282052829,0.9542385059532024,0.3137393282052829,0.44333333333333325,0.4658572619437708,0.39252941734179425,0.2944705839564843,0.8497123738245485,0.312913055733112,0.9219131330330448,0.3644892905756701,0.9219131330330448,0.3644892905756701,0.44666666666666666,0.4826173849229688,0.3941341885916223,0.27370880248986285,0.8536819037772765,0.3140941887562434,0.8847282059447186,0.30503466496656306,0.8847282059447186,0.30503466496656306,0.59,0.5891841232029956
16,2,rbf,0.20456621780704987,0.1,-1.173291791929744,0.6049891594259013,0.2538146419954484,0.7305881303228485,0.2586571808701609,0.6576624707202485,0.2634949556825669,0.6576624707202485,0.2634949556825669,0.31666666666666665,0.3760808179224186,0.6484101750431446,0.27314497090726536,0.7484598707279205,0.28522307424785964,0.602832671801423,0.2909374691568994,0.602832671801423,0.2909374691568994,0.3566666666666667,0.5090107602231887,0.6501349274848723,0.2702703767279067,0.7502321832388537,0.28730273418674074,0.6018103149236675,0.2885496622870999,0.6018103149236675,0.2885496622870999,0.33333333333333326,0.4581321397492915
16,3,rbf,0.20456621780704987,0.1,-1.173291791929744,0.7090627604201516,0.16722414697474677,0.7070545075910036,0.2581042321812138,0.5470022422998435,0.17819224363984337,0.5470022422998435,0.17819224363984337,0.3033333333333333,0.5054757631444229,0.7596337604410278,0.2011464428003807,0.7123079603994715,0.2887859884237045,0.4820627309068196,0.22109142502055407,0.4820627309068196,0.22109142502055407,0.23666666666666666,0.4055505694334753,0.7720350281095077,0.19603547400674234,0.7134490329371418,0.29254963095784,0.46727637363940994,0.21347301599404514,0.46727637363940994,0.21347301599404514,0.21333333333333332,0.3578993629820938
16,4,rbf,0.20456621780704987,0.1,-1.173291791929744,0.7613949949740089,0.11068333088612042,0.6925393139840346,0.26030109084789604,0.4940023860272434,0.12686397242408642,0.4940023860272434,0.12686397242408642,0.2766666666666666,0.5076540590580961,0.8212001311754756,0.1304559524455515,0.6935417109725782,0.2885203558616898,0.4141435004365897,0.15404133507482837,0.4141435004365897,0.15404133507482837,0.2966666666666666,0.49583321259536833,0.8318892889242875,0.11183588658024853,0.6928511229981642,0.29613448751475707,0.4022536592663662,0.1389700056379145,0.4022536592663662,0.1389700056379145,0.29,0.49920626653891687
16,5,rbf,0.20456621780704987,0.1,-1.173291791929744,0.7687674905250134,0.09724135559737448,0.6970184180974595,0.2463948152830696,0.48796777550846754,0.11149790901323263,0.48796777550846754,0.11149790901323263,0.32666666666666655,0.5132273364217603,0.8614528468303283,0.09484811626487345,0.6824496803535318,0.29394908582457113,0.3599839420989766,0.13307867697120013,0.3599839420989766,0.13307867697120013,0.28333333333333327,0.5024651872197875,0.8650268244338385,0.08884908955811287,0.6823381797127854,0.29856265789246184,0.35577522626077884,0.12794440953789513,0.35577522626077884,0.12794440953789513,0.2733333333333333,0.5071443604131378
17,1,rbf,0.32421560600991084,0.001,-1.1808605882368528,0.41899813909029204,0.2546244562183564,0.7947397736723062,0.23722672018145893,0.8521898204907352,0.2819506556022934,0.8521898204907352,0.2819506556022934,0.3433333333333334,0.4057205878462404,0.4526779813228931,0.25759639134584533,0.7843406281472551,0.2501547024389864,0.8271132651159954,0.3100699839817209,0.8271132651159954,0.3100699839817209,0.3266666666666667,0.37039897718386133,0.14903759774618983,0.18302257767735927,0.9410490531451517,0.3040676103313323,1.2331500003671567,0.2835120183496659,1.2331500003671567,0.2835120183496659,0.7633333333333334,0.6578351818174379
17,2,rbf,0.32421560600991084,0.001,-1.1808605882368528,0.6250353081155284,0.2190492083860166,0.7029045155286906,0.25145204443060976,0.6296380718641993,0.2299253053630592,0.6296380718641993,0.2299253053630592,0.4033333333333333,0.5505378770102822,0.6650349630634854,0.2124537336775233,0.6845902036742048,0.25884390797555484,0.5818558165195005,0.23511194618391543,0.5818558165195005,0.23511194618391543,0.37666666666666665,0.5721606558406074,0.27116926207776415,0.23186875429150405,0.9016127486503501,0.3156849929845733,1.0944389299937605,0.35020667833337005,1.0944389299937605,0.35020667833337005,0.5800000000000001,0.5996550732684179
17,3,rbf,0.32421560600991084,0.001,-1.1808605882368528,0.6929338228601928,0.16276724889480612,0.6652410033107305,0.2444887378039113,0.5634812074518685,0.17640875619656443,0.5634812074518685,0.17640875619656443,0.3566666666666667,0.5667106135764796,0.7557828697638732,0.15943204537216896,0.6386461634719472,0.252815563483689,0.48339988110992854,0.19677668440745028,0.48339988110992854,0.19677668440745028,0.33999999999999997,0.5887450124248803,0.3676173495165239,0.26115150793572867,0.8706595000844065,0.32792443002025795,0.9656466191389234,0.3604921983396214,0.9656466191389234,0.3604921983396214,0.5633333333333334,0.5580034194267577
17,4,rbf,0.32421560600991084,0.001,-1.1808605882368528,0.7614177963767776,0.1026842957462018,0.645250598576882,0.2554803394616535,0.4950156534310445,0.11914334077879042,0.4950156534310445,0.11914334077879042,0.4033333333333334,0.6155924162857319,0.8545490973172061,0.10390352434908792,0.5842001455964174,0.28627651475273197,0.3678949226576103,0.14163446360407042,0.3678949226576103,0.14163446360407042,0.36666666666666675,0.6210854421388265,0.38214456624776516,0.2571106681125337,0.8529590859543973,0.3402386629531443,0.9336187197144378,0.33331864171613884,0.9336187197144378,0.33331864171613884,0.5900000000000001,0.6047798117411454
17,5,rbf,0.32421560600991084,0.001,-1.1808605882368528,0.7801304023027004,0.09308349338240803,0.6465144370603116,0.25562577921874097,0.47438422707394856,0.10963150654503818,0.47438422707394856,0.10963150654503818,0.3533333333333334,0.5864759355578929,0.8922509235278262,0.07233940276636296,0.5740643824276691,0.2900199810066768,0.3171528671806129,0.11062479033217094,0.3171528671806129,0.11062479033217094,0.2566666666666667,0.5599774215481177,0.5385903152113607,0.25347483802628396,0.7935159558533428,0.29685289770844003,0.7326473254429812,0.2806818819947637,0.7326473254429812,0.2806818819947637,0.47333333333333333,0.5953459344021721
18,1,rbf,0.32421560600991084,0.01,-1.1730154011630016,0.3987081595571086,0.23651825127774417,0.8011345428323342,0.2519878184029199,0.911377392214872,0.31952877739135144,0.911377392214872,0.31952877739135144,0.39666666666666656,0.38460309441017904,0.4500796245114175,0.25189041331875583,0.7835840950727186,0.27378552970060943,0.8711624485035624,0.3436616902621006,0.8711624485035624,0.3436616902621006,0.42000000000000004,0.3925161977769088,0.3852938167338766,0.28642215400418775,0.7969723004753541,0.31017510875131343,0.9221599784301536,0.3596810695904118,0.9221599784301536,0.3596810695904118,0.4366666666666666,0.4197563606413256
18,2,rbf,0.32421560600991084,0.01,-1.1730154011630016,0.6084132356364496,0.2031666058209843,0.73441389803776,0.26009713354913505,0.664203532181586,0.22473969078590592,0.664203532181586,0.22473969078590592,0.3033333333333333,0.39782454400915485,0.6639282831096149,0.22022026711873874,0.7000303883842917,0.2807775857390804,0.6016301963049464,0.2664642182568843,0.6016301963049464,0.2664642182568843,0.2866666666666667,0.3674078193875662,0.55824344894767,0.2522830954337712,0.738338420390292,0.342655850576994,0.7439905283222186,0.3415554786883088,0.7439905283222186,0.3415554786883088,0.36000000000000004,0.4263720247017572
18,3,rbf,0.32421560600991084,0.01,-1.1730154011630016,0.7156422564937807,0.15367634895435142,0.6823868765070746,0.24122390844459238,0.544834337744657,0.1601823428458692,0.544834337744657,0.1601823428458692,0.19333333333333333,0.2803118132431777,0.7829770449839354,0.1601502147957779,0.6398427123707285,0.2583142913409676,0.46256146038764495,0.17433299202046304,0.46256146038764495,0.17433299202046304,0.18333333333333338,0.27802670838376775,0.6588974675533783,0.26463750948199083,0.6903287362498004,0.318825127125167,0.5964419798939531,0.2994952635310342,0.5964419798939531,0.2994952635310342,0.24666666666666667,0.36834516546242363
18,4,rbf,0.32421560600991084,0.01,-1.1730154011630016,0.7682661390400395,0.09013755227372815,0.6695093943197965,0.2403263100474673,0.4897721626162555,0.10276550548371044,0.4897721626162555,0.10276550548371044,0.26666666666666666,0.39508474283751904,0.8623183202473477,0.07657347182813853,0.6088309644804878,0.2674436618463167,0.3662415146335317,0.10424438905120256,0.3662415146335317,0.10424438905120256,0.14333333333333334,0.2750339581959282,0.7882135286449373,0.14809647607095433,0.6412782922581209,0.2771203229829792,0.45412802034073,0.16973643623692164,0.45412802034073,0.16973643623692164,0.16666666666666666,0.30775419359963385
18,5,rbf,0.32421560600991084,0.01,-1.1730154011630016,0.7604091965903931,0.10277672386943928,0.6773953893329465,0.2447235984450133,0.49682822744488936,0.11690919225260502,0.49682822744488936,0.11690919225260502,0.22,0.343812298430007,0.8868740946122375,0.06597379430326616,0.5994512820072215,0.26495947481690574,0.329799916417209,0.09686515697554553,0.329799916417209,0.09686515697554553,0.14333333333333337,0.3191403683532431,0.8361585176401581,0.10373987995527269,0.631192980713758,0.2761197320982864,0.3968194729022337,0.13397669964964684,0.3968194729022337,0.13397669964964684,0.08333333333333333,0.21022702561481144
19,1,rbf,0.20456621780704987,0.1,-1.1616777270371912,0.36547711980366854,0.2549141561842049,0.8669321465356141,0.3508480853684125,0.9202216100277395,0.30811951387362874,0.9202216100277395,0.30811951387362874,0.7333333333333333,0.7653411830267476,0.4093588571784041,0.29153362142093836,0.8818688337487419,0.34755361007617863,0.9334289704611737,0.4009394570490796,0.9334289704611737,0.4009394570490796,0.4766666666666668,0.548781303927375,0.37770207703073644,0.28015320980016706,0.8679337034209819,0.355414610422453,0.907843222896004,0.32559441137082157,0.907843222896004,0.32559441137082157,0.7133333333333334,0.7309574888970717
19,2,rbf,0.20456621780704987,0.1,-1.1616777270371912,0.5571026066071814,0.22820290553984243,0.7998328536766485,0.34436999143729186,0.7084675831170891,0.24097935854386068,0.7084675831170891,0.24097935854386068,0.37333333333333335,0.5976582654819145,0.5940189500165375,0.26581211403293425,0.7915794393820761,0.3648280921043081,0.6700662247801392,0.3073565677186031,0.6700662247801392,0.3073565677186031,0.38333333333333336,0.5681690698674321,0.5908128538395274,0.24405039598857045,0.7959047249622533,0.36550765955551595,0.6698706674529137,0.2665199454133263,0.6698706674529137,0.2665199454133263,0.2966666666666667,0.485999385080733
19,3,rbf,0.20456621780704987,0.1,-1.1616777270371912,0.6717363447015424,0.1771648883728361,0.7574304143206284,0.34214772234853513,0.5885602883182509,0.18306674370649162,0.5885602883182509,0.18306674370649162,0.37,0.6018076219134346,0.727622561639829,0.19361229001199498,0.749431922793678,0.35882171268421054,0.5183133036284138,0.2167961540039261,0.5183133036284138,0.2167961540039261,0.3066666666666666,0.5057826528796959,0.7342948419418674,0.17747254043278937,0.7490037026247754,0.359700078707261,0.5125260194543717,0.20117034015720497,0.5125260194543717,0.20117034015720497,0.32,0.5767925581805071
19,4,rbf,0.20456621780704987,0.1,-1.1616777270371912,0.7574656350393193,0.12633487342288913,0.7312827118584221,0.3397074367565026,0.4976694441025259,0.1373042352396067,0.4976694441025259,0.1373042352396067,0.16333333333333336,0.3022710970171545,0.8248859567458665,0.11890821336477034,0.7214642387627898,0.36332502646688253,0.4107188192893559,0.1436810886320027,0.4107188192893559,0.1436810886320027,0.15999999999999998,0.3190503149164342,0.8270084522536703,0.115111796333986,0.7220015468324504,0.3631368232088898,0.40813838087090126,0.14138036542223997,0.40813838087090126,0.14138036542223997,0.11999999999999998,0.238385373307375
19,5,rbf,0.20456621780704987,0.1,-1.1616777270371912,0.7881847208442411,0.09453622006476145,0.7347763374649038,0.3266015784771859,0.46575611109922394,0.1059996647988433,0.46575611109922394,0.1059996647988433,0.24666666666666667,0.46441162875141295,0.8812454207388765,0.06991947485383843,0.7070225280899164,0.36729232415328994,0.33883991962546045,0.09768446362520992,0.33883991962546045,0.09768446362520992,0.08666666666666666,0.22242136670701418,0.882616921083004,0.07168454510140099,0.7067136299851483,0.3669046150733595,0.33602641853228304,0.10036047518229842,0.33602641853228304,0.10036047518229842,0.08666666666666666,0.22242136670701418
20,1,rbf,0.5138471068547622,0.0001,-1.1738767209154426,0.3625346991624741,0.23246478651511365,0.9203149424496291,0.27878812192133345,0.9334687748562013,0.28855630427998835,0.9334687748562013,0.28855630427998835,0.6933333333333334,0.5988110825992436,0.38254722206411124,0.2489693311112914,0.9145091514597005,0.28518408044681665,0.9159497406002893,0.30624786866641185,0.9159497406002893,0.30624786866641185,0.7533333333333334,0.6521758454077653,0.1751531507660651,0.19365452909459946,1.0442664937376904,0.29288509079286035,1.2015253687219472,0.281162909017946,1.2015253687219472,0.281162909017946,0.89,0.7169619813899624
20,2,rbf,0.5138471068547622,0.0001,-1.1738767209154426,0.5693041891299359,0.23797626699270175,0.8252934733809566,0.2622829594943166,0.6997696491348914,0.2530101374396984,0.6997696491348914,0.2530101374396984,0.6066666666666667,0.6258419616161417,0.6033821380419244,0.25140613443695353,0.809523686440292,0.2692085158860825,0.6628554846860464,0.2715936857587823,0.6628554846860464,0.2715936857587823,0.5399999999999999,0.6251068874117892,0.23610853631124262,0.2351508536277201,1.0228000710858167,0.3005143469425879,1.1205638240921683,0.3088242670001878,1.1205638240921683,0.3088242670001878,0.8733333333333334,0.7119343893313792
20,3,rbf,0.5138471068547622,0.0001,-1.1738767209154426,0.7369452637359625,0.1115829406249325,0.732221496052376,0.2770646539627758,0.5233846755692567,0.12126152373358302,0.5233846755692567,0.12126152373358302,0.46999999999999986,0.5207090656350077,0.7940574349247037,0.1131284948826822,0.7049978053626657,0.2871665905520753,0.4513695986174675,0.13953902153364783,0.4513695986174675,0.13953902153364783,0.3933333333333333,0.575915063980393,0.31159736995519954,0.2895035807750926,1.002192142917085,0.3245459860056135,1.0285226699800127,0.3575588755200358,1.0285226699800127,0.3575588755200358,0.7599999999999999,0.7735275221905209
20,4,rbf,0.5138471068547622,0.0001,-1.1738767209154426,0.7952171602549144,0.08417428193952348,0.7078387769891672,0.28754943252587495,0.4578863940570489,0.09865257948328109,0.4578863940570489,0.09865257948328109,0.3833333333333332,0.5819606180142607,0.8549095449794332,0.08692636332504815,0.672906773783215,0.2959967730708986,0.3718323207614874,0.1242328717280012,0.3718323207614874,0.1242328717280012,0.44333333333333336,0.6605553219324884,0.39679713128038213,0.30633742389174684,0.9537544518604323,0.3157391962981643,0.8963133336407151,0.3655836186172669,0.8963133336407151,0.3655836186172669,0.6400000000000001,0.6703575988566309
20,5,rbf,0.5138471068547622,0.0001,-1.1738767209154426,0.8003197571795212,0.08776506779432033,0.7136557337900968,0.27829512181498695,0.4504126705346465,0.10496129831122256,0.4504126705346465,0.10496129831122256,0.36,0.5430437843527334,0.8820865000014312,0.06881245542763607,0.6672668504448144,0.2918070536588686,0.33426287373453867,0.10821913417745396,0.33426287373453867,0.10821913417745396,0.29,0.5435198185010812,0.46054237450872226,0.3009838576148444,0.9355565967896138,0.32061567935613233,0.8239531746306661,0.3563908936826678,0.8239531746306661,0.3563908936826678,0.5266666666666667,0.6459066513814907
21,1,rbf,0.20456621780704987,0.1,-1.2055058735443425,0.38518519371258203,0.2322471113872287,0.8161488462887079,0.2859648114435442,0.9124416739087268,0.29873696169676217,0.9124416739087268,0.29873696169676217,0.3366666666666667,0.33986136456860877,0.3954990046697553,0.2364109675211855,0.8256636702248372,0.29294510530545087,0.8903105376148039,0.2861980394137239,0.8903105376148039,0.2861980394137239,0.2933333333333332,0.3039207398187133,0.4550954031550309,0.25296505920676476,0.8172230120942507,0.2886234339639962,0.880689197603673,0.36477453464234244,0.880689197603673,0.36477453464234244,0.3266666666666667,0.33418282559033496
21,2,rbf,0.20456621780704987,0.1,-1.2055058735443425,0.5579237062618467,0.21438589155524412,0.745591887019312,0.2532710492273382,0.7067690164853812,0.2128110153934716,0.7067690164853812,0.2128110153934716,0.16666666666666666,0.14932799662056892,0.6011790070709621,0.22305838835023187,0.7480907738252305,0.2799112356794961,0.6579374274859873,0.2266150364807264,0.6579374274859873,0.2266150364807264,0.22333333333333333,0.30814610656067964,0.6050011181661664,0.22713999730432877,0.7483662414038164,0.2808423767004387,0.6544162449231483,0.23028595394254955,0.6544162449231483,0.23028595394254955,0.15666666666666668,0.13565507307349295
21,3,rbf,0.20456621780704987,0.1,-1.2055058735443425,0.7330893226111996,0.1412239312394435,0.6681856920429079,0.25400731514927544,0.5235041031138048,0.15158985850951323,0.5235041031138048,0.15158985850951323,0.24333333333333332,0.3370084756258782,0.791099609732207,0.1617189942476036,0.6824291163166726,0.28657763889896576,0.44530904641948443,0.1868091455499569,0.44530904641948443,0.1868091455499569,0.16666666666666663,0.24400866764329798,0.7934736107715905,0.1552787222415429,0.6823252885528307,0.28515691436193047,0.4437907465977777,0.1799455611860647,0.4437907465977777,0.1799455611860647,0.16666666666666663,0.24400866764329798
21,4,rbf,0.20456621780704987,0.1,-1.2055058735443425,0.763784360238698,0.1200067131425426,0.6618697703802784,0.2563491159339339,0.49106521636888256,0.1320859966471988,0.49106521636888256,0.1320859966471988,0.22666666666666663,0.3403176339157626,0.8496074213628476,0.12134948561950763,0.6583307941461425,0.29925374166660224,0.37167423655400383,0.15647156761027767,0.37167423655400383,0.15647156761027767,0.14,0.2647054315975428,0.8513239093309656,0.12278007805094897,0.6581601704822849,0.29798206589539233,0.3692691744250071,0.15710287048304986,0.3692691744250071,0.15710287048304986,0.14333333333333337,0.26350859873862825
21,5,rbf,0.20456621780704987,0.1,-1.2055058735443425,0.7731055886916333,0.10452572008300816,0.6695411165769352,0.24411014246699544,0.48206749314026287,0.11772735820417088,0.48206749314026287,0.11772735820417088,0.2133333333333333,0.3298205712132012,0.8842654090182316,0.07931275943690085,0.6461756758152004,0.3026842607592984,0.3292471407245433,0.11540023193311218,0.3292471407245433,0.11540023193311218,0.11333333333333333,0.26617771265198686,0.8839526440020851,0.08697180545347089,0.6459396051597454,0.30304623513083506,0.3277353141239139,0.12328777385470041,0.3277353141239139,0.12328777385470041,0.12333333333333334,0.26481396636433135
22,1,rbf,0.32421560600991084,0.01,-1.1682434106253194,0.3496584748378255,0.2614477788260197,0.7376239983544671,0.2210129079308108,0.927691409259763,0.28702856098336915,0.927691409259763,0.28702856098336915,0.39666666666666667,0.42627766030858444,0.38165144146328844,0.2670765967198628,0.725329438190442,0.2246726442030518,0.8865588196253987,0.28275658295938144,0.8865588196253987,0.28275658295938144,0.4233333333333333,0.3927650287590431,0.3112569901674593,0.2700416132772915,0.7974839699025723,0.25514268281933494,1.048830223988784,0.3774804747915663,1.048830223988784,0.3774804747915663,0.47,0.46397829913581684
22,2,rbf,0.32421560600991084,0.01,-1.1682434106253194,0.5230341968893449,0.2366981961859311,0.6623661291598667,0.2076306428528692,0.7386048746697199,0.24190478767613113,0.7386048746697199,0.24190478767613113,0.3733333333333333,0.42094584247721295,0.5639785942850907,0.2272517627935263,0.6366283564923715,0.21263103726969568,0.6942927438506804,0.23383758375126013,0.6942927438506804,0.23383758375126013,0.3433333333333334,0.41329903454281497,0.33853192311897307,0.2686052557995083,0.7785396518012654,0.25242993001088215,0.9426955842387936,0.30341146006618336,0.9426955842387936,0.30341146006618336,0.5133333333333334,0.5296279327286627
22,3,rbf,0.32421560600991084,0.01,-1.1682434106253194,0.6759390712052977,0.1813650127120278,0.591874895222887,0.2048973351545398,0.5804999092580305,0.19087791274533059,0.5804999092580305,0.19087791274533059,0.3066666666666667,0.4338546819586845,0.7375522973133085,0.18104369585968821,0.5477275747189422,0.2162391682129425,0.5029326413722932,0.21354153315191685,0.5029326413722932,0.21354153315191685,0.29333333333333333,0.4118363696934728,0.46990478720504747,0.26693945700795935,0.7012725047252554,0.25601276952461194,0.7959295203445258,0.28306850677514594,0.7959295203445258,0.28306850677514594,0.52,0.5479743261038473
22,4,rbf,0.32421560600991084,0.01,-1.1682434106253194,0.7687175688205763,0.10596000653135158,0.5686573974184994,0.19247237148126714,0.4857558773481806,0.12359817377212087,0.4857558773481806,0.12359817377212087,0.3,0.4593848960932659,0.8448102630087511,0.10082407405421177,0.5074482614818259,0.20877387704189498,0.3804662545141154,0.14467782284687508,0.3804662545141154,0.14467782284687508,0.16333333333333336,0.31126364624103525,0.7206612593247231,0.19953198962733876,0.5855526058276569,0.2194512905295607,0.5321056413358372,0.2278020600442788,0.5321056413358372,0.2278020600442788,0.36666666666666664,0.4505424572081153
22,5,rbf,0.32421560600991084,0.01,-1.1682434106253194,0.8220583390672503,0.05396878933272929,0.5511838528032319,0.175986127668223,0.4278262956647553,0.06878081818297609,0.4278262956647553,0.06878081818297609,0.37666666666666665,0.5379932914165337,0.9056598828707917,0.04552295200683897,0.4789621533626668,0.20095270645662194,0.30277751601159436,0.07607405855252887,0.30277751601159436,0.07607405855252887,0.23666666666666666,0.475237387747054,0.900908712890756,0.0489529403962444,0.48738392156469007,0.20259236401170444,0.3096368000531708,0.08194004224748055,0.3096368000531708,0.08194004224748055,0.27999999999999997,0.4943822338064428
23,1,rbf,0.32421560600991084,0.1,-1.1712385762992192,0.38574357363587514,0.27395160861869383,0.856583382343031,0.2980899655422322,0.8929076448541647,0.29836970876321955,0.8929076448541647,0.29836970876321955,0.5633333333333332,0.4649681734257201,0.4085246748828965,0.3040302067056681,0.860400857728825,0.28994969772643314,0.8640843532998741,0.34180219358380654,0.8640843532998741,0.34180219358380654,0.5366666666666667,0.5653703902406984,0.4087753186668179,0.24430083508136294,0.8908173859401713,0.3273060856913029,0.9069888614073633,0.3395958534022698,0.9069888614073633,0.3395958534022698,0.6733333333333335,0.6792152334373349
23,2,rbf,0.32421560600991084,0.1,-1.1712385762992192,0.6230996272713439,0.2337205091657353,0.7585449349681883,0.2693427877131161,0.6337343777057381,0.23732028333567967,0.6337343777057381,0.23732028333567967,0.47000000000000003,0.6341706503718881,0.6560564652996863,0.25721694043948495,0.7720002002246737,0.2777305236396438,0.5894702096066683,0.27346165560130176,0.5894702096066683,0.27346165560130176,0.4466666666666666,0.6447310764338418,0.6512603060423753,0.2627519276172699,0.7754621190260538,0.2770753710141369,0.5971841975223022,0.28061081613414285,0.5971841975223022,0.28061081613414285,0.44,0.6387487769068526
23,3,rbf,0.32421560600991084,0.1,-1.1712385762992192,0.7612876143581071,0.1394971308263292,0.6819141635224604,0.27449933174239277,0.48889959764660723,0.15719438068490474,0.48889959764660723,0.15719438068490474,0.35999999999999993,0.5672681054389326,0.8113555795952998,0.13600283301698726,0.7144008265357527,0.27921754549061106,0.4216059137602181,0.16877353153722083,0.4216059137602181,0.16877353153722083,0.2833333333333333,0.49833054625753515,0.8100805535055945,0.13673956270895904,0.7152126415313514,0.28025534361294047,0.4231702053020389,0.1694338805240356,0.4231702053020389,0.1694338805240356,0.3266666666666667,0.5297581317553508
23,4,rbf,0.32421560600991084,0.1,-1.1712385762992192,0.7807025262378454,0.10331006890090114,0.6776722734994779,0.2716615427930663,0.47172188615758787,0.12191584631061612,0.47172188615758787,0.12191584631061612,0.3066666666666667,0.5085024214727775,0.8566322004452099,0.08547041197695608,0.6992905600097579,0.28232556483063254,0.3712005482463665,0.11814737632439468,0.3712005482463665,0.11814737632439468,0.2933333333333333,0.5520702937085117,0.8572745742602057,0.08576656689861906,0.6993394326749199,0.28221518958842606,0.370035523716099,0.1189651506068288,0.370035523716099,0.1189651506068288,0.2933333333333333,0.5520702937085117
23,5,rbf,0.32421560600991084,0.1,-1.1712385762992192,0.7685578533224453,0.11117988775201121,0.6949968701024231,0.2685525506114882,0.4874816910505922,0.12150057653367433,0.4874816910505922,0.12150057653367433,0.3066666666666667,0.47701177122274196,0.8684874661932936,0.0794425447659064,0.6950479533998145,0.2840041452799832,0.354921381254119,0.11228832516590442,0.354921381254119,0.11228832516590442,0.30333333333333334,0.5678048069984744,0.8681852782805201,0.0797708221183714,0.6951667687426568,0.28395781749618587,0.35533465619853566,0.11252298927794437,0.35533465619853566,0.11252298927794437,0.30333333333333334,0.5678048069984744
24,1,rbf,0.32421560600991084,0.01,-1.1732002696113175,0.3379602278206866,0.24172290861633003,0.7748007824818276,0.28490442788541975,0.9599483218189302,0.2967390091359294,0.9599483218189302,0.2967390091359294,0.5333333333333332,0.5640575498477348,0.37747585970986797,0.26861141250119275,0.7537523446569313,0.2930363336990514,0.9083885775425773,0.30560326707925395,0.9083885775425773,0.30560326707925395,0.5933333333333334,0.6664022464120214,0.25936834263598557,0.2448886721718526,0.8041411923967552,0.30259551970428533,1.057538035273869,0.30749196929982203,1.057538035273869,0.30749196929982203,0.6033333333333334,0.5939251858919451
24,2,rbf,0.32421560600991084,0.01,-1.1732002696113175,0.5768390913122462,0.20265040607128024,0.6882173629516756,0.2695112036673452,0.6910612822879683,0.20430455375899073,0.6910612822879683,0.20430455375899073,0.24999999999999997,0.3170445416330493,0.6378092234265714,0.20967396249125714,0.6414192728661696,0.276568644128074,0.624126931344201,0.21461677266296383,0.624126931344201,0.21461677266296383,0.21999999999999992,0.33876041783191724,0.41951661048362954,0.31235142843861874,0.7391687247895825,0.3198378932169187,0.858580740411514,0.33816976016068145,0.858580740411514,0.33816976016068145,0.42666666666666664,0.5044172693407666
24,3,rbf,0.32421560600991084,0.01,-1.1732002696113175,0.7042927222157072,0.1185580612671168,0.6457316273800083,0.2712565536240635,0.5591006210486302,0.12490235138383003,0.5591006210486302,0.12490235138383003,0.1633333333333333,0.20758601596203083,0.7755505573803795,0.1314042326947689,0.5799234756977358,0.28503736591598117,0.47195608296871805,0.15281291382023657,0.47195608296871805,0.15281291382023657,0.14000000000000004,0.21750941319305292,0.5020897204125941,0.2823894340008584,0.7211134760911656,0.29474628813444725,0.7616291882961526,0.2911253311040906,0.7616291882961526,0.2911253311040906,0.4166666666666667,0.5092816667542177
24,4,rbf,0.32421560600991084,0.01,-1.1732002696113175,0.7619885229069899,0.10154368045138654,0.6270623011978729,0.2641261009730887,0.49507440326715024,0.11582802345325323,0.49507440326715024,0.11582802345325323,0.1633333333333333,0.20423673439947312,0.8533151125382826,0.11210868307198046,0.5501571753962274,0.28028310360940845,0.3703643307640976,0.14267602940170834,0.3703643307640976,0.14267602940170834,0.12333333333333334,0.21605129233480705,0.6167236767167795,0.2569112957302538,0.6604585110819146,0.3180024485875087,0.6391992412573092,0.2641238099010842,0.6391992412573092,0.2641238099010842,0.24666666666666662,0.31154048094006637
24,5,rbf,0.32421560600991084,0.01,-1.1732002696113175,0.7576084368659545,0.09788459459776981,0.6406948419839988,0.2617283252738947,0.5004953026520081,0.11283133862884902,0.5004953026520081,0.11283133862884902,0.13333333333333336,0.22488822255440186,0.8822115528868925,0.0786243603223742,0.5348385629238519,0.2890539382145341,0.3336232025323076,0.11180580997359663,0.3336232025323076,0.11180580997359663,0.12666666666666665,0.26383554613110577,0.8408218633881163,0.09029529956344465,0.5586740812085295,0.28442500140380406,0.39429899205475594,0.11753759968479276,0.39429899205475594,0.11753759968479276,0.14000000000000004,0.260768096208106
25,1,rbf,0.32421560600991084,0.01,-1.1622478126976383,0.3860353390442421,0.25556443190537903,0.7916322117967921,0.2509079450369987,0.9119587499799543,0.3193601157244433,0.9119587499799543,0.3193601157244433,0.37666666666666665,0.33700847562587827,0.4098556858006394,0.26507668254404204,0.7808146263767457,0.2479261037405744,0.8988384561855625,0.35075135185304124,0.8988384561855625,0.35075135185304124,0.3566666666666666,0.2848875559588904,0.364776411133094,0.283227550370624,0.8178617749687762,0.2672654302011143,0.9349462954006719,0.3453431561032977,0.9349462954006719,0.3453431561032977,0.44,0.4247514486184224
25,2,rbf,0.32421560600991084,0.01,-1.1622478126976383,0.5742914442961179,0.2595686492965728,0.7126785772620963,0.25768046355040136,0.7018721431757502,0.29780856344811873,0.7018721431757502,0.29780856344811873,0.22666666666666663,0.30954174509106686,0.6005013258135866,0.2637660448786308,0.6951214480835847,0.25693586714467903,0.6625445876380074,0.30034514934840933,0.6625445876380074,0.30034514934840933,0.23333333333333328,0.32730175187677996,0.5169710018239052,0.25020252633234424,0.7548813406063971,0.27000074917189537,0.7485178929945835,0.28115977326062863,0.7485178929945835,0.28115977326062863,0.4,0.4785034140331491
25,3,rbf,0.32421560600991084,0.01,-1.1622478126976383,0.7291770903392657,0.1533373814470584,0.6533689046953931,0.2247710585144103,0.5282501862830649,0.16027975764045996,0.5282501862830649,0.16027975764045996,0.11,0.1373392477244478,0.7945290079171803,0.16332641439913995,0.6160728754720213,0.23055019339833907,0.44117238633621725,0.1880315148923408,0.44117238633621725,0.1880315148923408,0.10333333333333333,0.06686751354593719,0.6616593482424802,0.2195795290366007,0.7139036998133821,0.2564834791843543,0.599633769790811,0.2717782957370877,0.599633769790811,0.2717782957370877,0.3866666666666667,0.5171095617473871
25,4,rbf,0.32421560600991084,0.01,-1.1622478126976383,0.7873805991108388,0.07336511847036849,0.6311060533045081,0.21632751427301283,0.46889063390591207,0.0872931644083551,0.46889063390591207,0.0872931644083551,0.20333333333333328,0.35572493570883873,0.8736830721444281,0.06899585204593696,0.5802181020616337,0.22593245916696839,0.3485952505414399,0.10424463080680765,0.3485952505414399,0.10424463080680765,0.11666666666666667,0.16417680405132068,0.7839240016543411,0.18644202453520523,0.6268702307640286,0.25823284529205326,0.4611028636998506,0.22664292306309872,0.4611028636998506,0.22664292306309872,0.17,0.31856358646381683
25,5,rbf,0.32421560600991084,0.01,-1.1622478126976383,0.7949159224616706,0.07894139016194805,0.6330817116932219,0.23104557002296652,0.4589548928446762,0.09352787089794741,0.4589548928446762,0.09352787089794741,0.20999999999999996,0.3623201099428039,0.9028028088056036,0.049333783453649874,0.5591524019693049,0.2443171742110692,0.30560808266518075,0.08495874311993289,0.30560808266518075,0.08495874311993289,0.11999999999999998,0.24968946230509387,0.882466850937944,0.057950077760214075,0.5722965828203687,0.2409204325090768,0.33904912718528907,0.08675308323580866,0.33904912718528907,0.08675308323580866,0.1633333333333333,0.30680032069997776
26,1,rbf,0.32421560600991084,0.01,-1.1426140321913627,0.3513304538600076,0.2686769374140294,0.7206510239600897,0.3274627066286574,0.9543609129422479,0.32705792249090143,0.9543609129422479,0.32705792249090143,0.40333333333333327,0.3508446294629412,0.40844600992235164,0.27250503501610085,0.6977008632720997,0.3368555566988138,0.906238479034495,0.3560806963486536,0.906238479034495,0.3560806963486536,0.37666666666666665,0.37016616337227143,0.3854057382807638,0.2903022581717984,0.7679701264985348,0.3389161293127865,0.9698359337456107,0.4050573693232253,0.9698359337456107,0.4050573693232253,0.4266666666666667,0.38679347900694866
26,2,rbf,0.32421560600991084,0.01,-1.1426140321913627,0.5144071893472175,0.2395792608275113,0.6611070748760172,0.31711215994691866,0.7541228821625793,0.2536299362493034,0.7541228821625793,0.2536299362493034,0.41000000000000003,0.4317965676821308,0.5812360221791855,0.2640506954622241,0.6198626988926036,0.32350563035024776,0.6795804722072148,0.2880935818369851,0.6795804722072148,0.2880935818369851,0.3633333333333334,0.4795711685945335,0.4400416454890096,0.27921219346058607,0.7328317006016661,0.35324676947389255,0.8462619234700883,0.3247592885413998,0.8462619234700883,0.3247592885413998,0.44333333333333336,0.45989753981342063
26,3,rbf,0.32421560600991084,0.01,-1.1426140321913627,0.6509840479304504,0.16623512575235666,0.6175044598188012,0.30426971065118297,0.6106416531909536,0.16907823950136713,0.6106416531909536,0.16907823950136713,0.43333333333333335,0.47585373972387296,0.7345250054321734,0.19057156220752813,0.5618934006116248,0.31855840927333995,0.5127269155086218,0.20473292787754707,0.5127269155086218,0.20473292787754707,0.32000000000000006,0.4071769927786636,0.5555243134865119,0.3064405203991503,0.6638940378495911,0.36667199382382204,0.7043455142155077,0.32321046060869846,0.7043455142155077,0.32321046060869846,0.3966666666666666,0.4619921878226897
26,4,rbf,0.32421560600991084,0.01,-1.1426140321913627,0.7176210944691981,0.1338864720659196,0.610616743953981,0.2979647697830028,0.5417720195004726,0.14363242289952224,0.5417720195004726,0.14363242289952224,0.31333333333333335,0.40576308131829786,0.8285194372638972,0.13404354506328162,0.5240100832241599,0.3177475077420919,0.39829873454012665,0.16817626641554423,0.39829873454012665,0.16817626641554423,0.29333333333333333,0.4653017807041327,0.7056951141927086,0.2122081355334476,0.5924020235232311,0.3508409829562622,0.543292488704258,0.22980179782810456,0.543292488704258,0.22980179782810456,0.3866666666666667,0.4918181142162867
26,5,rbf,0.32421560600991084,0.01,-1.1426140321913627,0.7561447145204118,0.09260521657597358,0.6026959314647565,0.30181310568350156,0.5033413731553387,0.10557694445340272,0.5033413731553387,0.10557694445340272,0.20999999999999996,0.32837111049374695,0.8830451048355048,0.07399286353648563,0.5028213593820927,0.3245099648577183,0.3324693020720258,0.1101595039150809,0.3324693020720258,0.1101595039150809,0.2333333333333333,0.3862582067721676,0.864448684627566,0.07943683690282308,0.5152581283658874,0.3265305295056509,0.3603066281404992,0.11434250090186969,0.3603066281404992,0.11434250090186969,0.2633333333333333,0.40724755949255687
27,1,rbf,0.32421560600991084,0.01,-1.176349587123921,0.3499214270494735,0.2648995241733718,0.8217557825971219,0.260557955457682,0.9296468047699432,0.29091595852375224,0.9296468047699432,0.29091595852375224,0.4466666666666666,0.3501067160790809,0.4035697838794673,0.2639322538125062,0.8119279538545541,0.2550068683582976,0.8806112972676686,0.3038141570352854,0.8806112972676686,0.3038141570352854,0.4366666666666667,0.32745974570543973,0.3159273175698394,0.2458128483064431,0.8953656187325775,0.3193323825317829,1.0218415377469003,0.3463883410454398,1.0218415377469003,0.3463883410454398,0.5933333333333335,0.5323554253039736
27,2,rbf,0.32421560600991084,0.01,-1.176349587123921,0.569500076719589,0.2202143010161057,0.7317217391188209,0.22233115737347778,0.6984594673648472,0.22800920064743485,0.6984594673648472,0.22800920064743485,0.26,0.31469744638083846,0.6283894576549984,0.25436413697936794,0.6953189829814094,0.23508335621859658,0.6319901155156832,0.2671166556353303,0.6319901155156832,0.2671166556353303,0.2533333333333333,0.30708117912811367,0.39540397415516104,0.2627594214392761,0.8583812480349136,0.3078401344518323,0.9316285772521119,0.3588857516839973,0.9316285772521119,0.3588857516839973,0.6133333333333335,0.572190788855059
27,3,rbf,0.32421560600991084,0.01,-1.176349587123921,0.6782606554160092,0.18809345752747336,0.6904497547346211,0.20227431562937678,0.5847377798226673,0.19270334339050102,0.5847377798226673,0.19270334339050102,0.29,0.3679861316727144,0.7649754797721591,0.23074691510894121,0.6324109799082069,0.23388472817735356,0.4755630706183569,0.2534990368057997,0.4755630706183569,0.2534990368057997,0.1533333333333333,0.27634727444278157,0.47976552746430434,0.26207674404611797,0.7998912359170888,0.3096998185925627,0.7902692282030946,0.2883691108794267,0.7902692282030946,0.2883691108794267,0.47000000000000003,0.5902366562192047
27,4,rbf,0.32421560600991084,0.01,-1.176349587123921,0.7457317545049339,0.09279694072336214,0.6646541980699936,0.19928310748569472,0.5160302700634626,0.10198779533824766,0.5160302700634626,0.10198779533824766,0.27999999999999997,0.3898717737923586,0.852896334957421,0.10446689093714795,0.5940546697751632,0.2301615628448907,0.37351789929926044,0.13344365005918318,0.37351789929926044,0.13344365005918318,0.11666666666666667,0.18398525678065533,0.5862336046359183,0.2668981593907786,0.745838587068252,0.299051725639068,0.6741180073600217,0.29487115598920466,0.6741180073600217,0.29487115598920466,0.42,0.5659292023468708
27,5,rbf,0.32421560600991084,0.01,-1.176349587123921,0.7627002913873003,0.07059529369991821,0.6612439683737361,0.20104923293242016,0.4985939827485276,0.08253386717391341,0.4985939827485276,0.08253386717391341,0.24333333333333332,0.38388516003090567,0.881433494721482,0.0729686819859807,0.5789674025151205,0.23493106868491428,0.3353189055132703,0.10906333422323052,0.3353189055132703,0.10906333422323052,0.14666666666666664,0.3048270661045129,0.7521439236455578,0.1667711853079702,0.6619240968782923,0.26052687330855584,0.4911627159498453,0.19238645900434784,0.4911627159498453,0.19238645900434784,0.25,0.3471559323694618
28,1,rbf,0.20456621780704987,0.1,-1.1830360296547193,0.46030844020444095,0.27101809851147146,0.779818283830969,0.27985734043745136,0.8292677397475199,0.3211157194139168,0.8292677397475199,0.3211157194139168,0.42666666666666664,0.43464875500786276,0.48606662690321006,0.2778845217145121,0.7846478072176791,0.29225164368252565,0.7939762324761747,0.31936000541340287,0.7939762324761747,0.31936000541340287,0.4066666666666666,0.4201258705750418,0.5003210065792201,0.2864086848360915,0.7879651698058778,0.29942329070813445,0.7895677101413355,0.34420749663447503,0.7895677101413355,0.34420749663447503,0.44999999999999996,0.44158804331639234
28,2,rbf,0.20456621780704987,0.1,-1.1830360296547193,0.5911106976448135,0.2282931759499859,0.7325672224700367,0.2587948335482407,0.6780042331281707,0.24727677892000172,0.6780042331281707,0.24727677892000172,0.3133333333333333,0.3839300702609457,0.654231091931077,0.23120020447245002,0.7221163061239163,0.3062880777323471,0.613164756791854,0.29022648548314633,0.613164756791854,0.29022648548314633,0.32333333333333336,0.35300027677368595,0.6464219563435463,0.24335293894933469,0.7259708045136726,0.3114217731895054,0.6178547332283127,0.28374765636475163,0.6178547332283127,0.28374765636475163,0.3,0.33425160871869336
28,3,rbf,0.20456621780704987,0.1,-1.1830360296547193,0.6707181019847549,0.18656025700934167,0.7084001427852554,0.2509345685399008,0.5954191476877845,0.20546959133372963,0.5954191476877845,0.20546959133372963,0.23333333333333334,0.3447471170476175,0.7538723299371966,0.17429849898268493,0.6876944922372153,0.3090256003351319,0.49199010999807286,0.19081410445888378,0.49199010999807286,0.19081410445888378,0.25999999999999995,0.33383869737055494,0.7486794006978136,0.17438622916179744,0.6921902641311142,0.3101914551315897,0.4979811321266011,0.1917799779459701,0.4979811321266011,0.1917799779459701,0.2133333333333333,0.26094435043316905
28,4,rbf,0.20456621780704987,0.1,-1.1830360296547193,0.7350742389292055,0.11373922205787691,0.6994679329498052,0.24466663622073778,0.5251952429476642,0.12385309143208258,0.5251952429476642,0.12385309143208258,0.2,0.29125175743143,0.8140123339152793,0.14697976861472384,0.6682371996299235,0.3155012202652049,0.42234207603311463,0.16642390843858643,0.42234207603311463,0.16642390843858643,0.2433333333333333,0.3510411443940315,0.8208735072881823,0.11834372978364142,0.6710329900975329,0.30889455891809753,0.4168380289681329,0.14166890000408644,0.4168380289681329,0.14166890000408644,0.13666666666666666,0.1670914127951675
28,5,rbf,0.20456621780704987,0.1,-1.1830360296547193,0.7726269935855661,0.07851868829270822,0.6840140563076896,0.2540625897898977,0.48608094954164877,0.09097965154508685,0.48608094954164877,0.09097965154508685,0.13333333333333333,0.23242845889810293,0.878616375146813,0.05483264148814885,0.6489445170801688,0.31534853069838226,0.3462034370004058,0.08110587762822377,0.3462034370004058,0.08110587762822377,0.18999999999999997,0.32731931051265944,0.8767994056419928,0.05563629360882818,0.6494448376725221,0.31573179811142493,0.348959545013514,0.08145827918044758,0.348959545013514,0.08145827918044758,0.18999999999999997,0.3230778704040677
29,1,rbf,0.32421560600991084,0.001,-1.1525779849144764,0.3957396045318928,0.26867095222284193,0.7645597375235177,0.213287310049221,0.9134335292483059,0.34196820236722103,0.9134335292483059,0.34196820236722103,0.7233333333333333,0.7328185235825765,0.4299153562465244,0.2861886518908299,0.7415293498119266,0.22161967050955939,0.8829315602989533,0.3670558797642341,0.8829315602989533,0.3670558797642341,0.5700000000000002,0.6918989362118101,0.3180190246418738,0.30534028030251764,0.8497339658223879,0.23165043712088265,1.0632492295493148,0.432177635966051,1.0632492295493148,0.432177635966051,0.5333333333333333,0.6199740446921581
29,2,rbf,0.32421560600991084,0.001,-1.1525779849144764,0.5647625001176877,0.2734136455820603,0.7084799881048667,0.1845410344421782,0.7098085841390198,0.30242505232150957,0.7098085841390198,0.30242505232150957,0.38999999999999996,0.5885985693680107,0.595463295087511,0.28830513728417406,0.6790981353058124,0.1865548333336768,0.6675650931057,0.3141715989131473,0.6675650931057,0.3141715989131473,0.5033333333333333,0.6692679136413796,0.3519436630512562,0.26973363772294867,0.8457102547870511,0.24347523422016606,1.002273046446696,0.3962333505028618,1.002273046446696,0.3962333505028618,0.6933333333333335,0.6710431063461667
29,3,rbf,0.32421560600991084,0.001,-1.1525779849144764,0.6986376780456391,0.1867032877206659,0.6586421048743012,0.19710401076730413,0.5606013321001223,0.18785999994563077,0.5606013321001223,0.18785999994563077,0.33666666666666667,0.5109040893413822,0.7488619782070935,0.2006676666052734,0.6148051260199456,0.19963873161611265,0.4962221708225636,0.21220751894593956,0.4962221708225636,0.21220751894593956,0.29666666666666663,0.5235708517303167,0.36654913533363953,0.2804794224862325,0.8373790049973435,0.24356559460724417,0.9702822103982112,0.39020173730067,0.9702822103982112,0.39020173730067,0.6466666666666667,0.6279322022119209
29,4,rbf,0.32421560600991084,0.001,-1.1525779849144764,0.7592459446713357,0.10726228302681548,0.6511781983466159,0.19993934609529182,0.497718742094559,0.12053747771445324,0.497718742094559,0.12053747771445324,0.25000000000000006,0.4049265578365777,0.8288948689840533,0.10868899575662655,0.5939840364456787,0.20873593566699283,0.40544120766682024,0.13950992967352735,0.40544120766682024,0.13950992967352735,0.2599999999999999,0.5007580460558324,0.37400598519134637,0.2661880232175809,0.8311331569528675,0.2348387204338905,0.9429730971897804,0.35276548046245576,0.9429730971897804,0.35276548046245576,0.7500000000000001,0.7079596715574441
29,5,rbf,0.32421560600991084,0.001,-1.1525779849144764,0.8014215446401051,0.08238329438390168,0.6463431918717573,0.20591237489619818,0.45016720919738656,0.09825484092839164,0.45016720919738656,0.09825484092839164,0.2766666666666666,0.4987455527990015,0.8845635618219385,0.07246836029034034,0.5744846712170311,0.21766041433054226,0.33093087856937686,0.10698105265918594,0.33093087856937686,0.10698105265918594,0.14666666666666664,0.2956387979453554,0.4610065545672389,0.2138622991525765,0.7926267899107725,0.21385471616306115,0.8174249308726527,0.2521543474425413,0.8174249308726527,0.2521543474425413,0.6,0.6792490782804401
30,1,rbf,0.20456621780704987,0.1,-1.1286553620604416,0.36106775733661983,0.2636681112516536,0.8014664485555926,0.2765617082503491,0.9270357536109887,0.3110865905482565,0.9270357536109887,0.3110865905482565,0.3766666666666667,0.3223655382169209,0.42892958553429356,0.2663408484114549,0.7919720278002359,0.27362414171872945,0.8825633668540601,0.3342412341156838,0.8825633668540601,0.3342412341156838,0.35000000000000014,0.3224368422519041,0.40745706719345137,0.26255842130339135,0.7918734426384066,0.27505429578401625,0.881931144581355,0.3272173831822368,0.881931144581355,0.3272173831822368,0.36333333333333334,0.267147554905438
30,2,rbf,0.20456621780704987,0.1,-1.1286553620604416,0.5356859836101261,0.2788215338155602,0.7294860733384864,0.2794661361128573,0.7350942140192409,0.31199524181069827,0.7350942140192409,0.31199524181069827,0.30999999999999994,0.3387095185125958,0.5744705539828058,0.23678886424558535,0.7305062039182529,0.23409442664577534,0.682826106895851,0.24792695343849666,0.682826106895851,0.24792695343849666,0.29333333333333333,0.4067815929559941,0.57754557923857,0.2920669037955934,0.7282349969546298,0.2762625013976621,0.6818016009541608,0.3387783509483202,0.6818016009541608,0.3387783509483202,0.29,0.31769645022058185
30,3,rbf,0.20456621780704987,0.1,-1.1286553620604416,0.6879575049593629,0.17835396004831616,0.6740094362211827,0.24250601203396982,0.5697181456665118,0.1842328607257934,0.5697181456665118,0.1842328607257934,0.1733333333333333,0.2677277739039046,0.7513209042925545,0.17163618198184594,0.6686332620699176,0.245940791153079,0.4928249565669549,0.19471839565233376,0.4928249565669549,0.19471839565233376,0.2233333333333333,0.3692334401612797,0.7409635295906948,0.18855185521023618,0.6717502641708553,0.2520553530831993,0.5022605683975749,0.21071084029562095,0.5022605683975749,0.21071084029562095,0.2233333333333333,0.3607304212034372
30,4,rbf,0.20456621780704987,0.1,-1.1286553620604416,0.7387815712513303,0.13478361713295864,0.6618640037746375,0.24456987837188457,0.5187754649506436,0.14326182482298752,0.5187754649506436,0.14326182482298752,0.11666666666666664,0.20524725767134913,0.8159815210272535,0.12369244010552315,0.6487192157717904,0.24558773931384326,0.41905762423485676,0.1550661788867243,0.41905762423485676,0.1550661788867243,0.17333333333333334,0.3084257394926844,0.8078580553037101,0.1453309070004617,0.6523642707209877,0.2479043006333404,0.4268853867319177,0.17257804047954203,0.4268853867319177,0.17257804047954203,0.15999999999999998,0.31469744638083846
30,5,rbf,0.20456621780704987,0.1,-1.1286553620604416,0.7858847898097554,0.07723422085578543,0.6566499533206753,0.23801795856125943,0.4708673354344791,0.08816630621710668,0.4708673354344791,0.08816630621710668,0.14999999999999997,0.23452078799117146,0.8773730853317417,0.06465313571950008,0.6279532299912876,0.25795544052403835,0.34467737352013483,0.09701416450548037,0.34467737352013483,0.09701416450548037,0.08666666666666666,0.13578211078487254,0.8764741866313661,0.06516371103595955,0.6288494600517998,0.2577637919874498,0.3458323525151958,0.09797636043723064,0.3458323525151958,0.09797636043723064,0.08333333333333333,0.1416244020794715
31,1,rbf,0.32421560600991084,0.01,-1.1649604600477494,0.3536196795360933,0.22192871176461892,0.8830844879544169,0.2864393524239268,0.9211186065085288,0.24094580788011674,0.9211186065085288,0.24094580788011674,0.32,0.3809244653154508,0.4019410771687505,0.2425477705913316,0.8695288497805171,0.2923707156021517,0.868152285408877,0.25167940729884763,0.868152285408877,0.25167940729884763,0.25999999999999995,0.285994936053553,0.26000450552194926,0.21956042646696997,0.975862359364026,0.34347669800921304,1.1168852862529917,0.34732687125502004,1.1168852862529917,0.34732687125502004,0.6500000000000001,0.5864857349001588
31,2,rbf,0.32421560600991084,0.01,-1.1649604600477494,0.6339941625996802,0.20634707362709664,0.7338943477653109,0.2316586681417107,0.6283156345380351,0.2096621751946729,0.6283156345380351,0.2096621751946729,0.2399999999999999,0.333838697370555,0.7027549975238423,0.23568252843193938,0.7157420162254918,0.242814259111053,0.5434532768117307,0.2540416421134135,0.5434532768117307,0.2540416421134135,0.23333333333333334,0.36983997782203365,0.4687160820019498,0.2710233607114308,0.8589849904202121,0.32001549564413845,0.7960619002546478,0.2862988366079993,0.7960619002546478,0.2862988366079993,0.29666666666666675,0.4278924561417139
31,3,rbf,0.32421560600991084,0.01,-1.1649604600477494,0.7279576924527191,0.1269868927306036,0.7222551286683413,0.21973664917209915,0.5319275625610852,0.13505806888843847,0.5319275625610852,0.13505806888843847,0.20999999999999994,0.3187800019687126,0.8080848413265286,0.14289143321386258,0.682418934258402,0.24077735856502794,0.4285837594987611,0.1697412896905683,0.4285837594987611,0.1697412896905683,0.1866666666666666,0.29329675843034325,0.7409449593676654,0.19902015709887677,0.7316127129869626,0.2631677345095417,0.4985486057314852,0.224821389483095,0.4985486057314852,0.224821389483095,0.14999999999999997,0.17955884637172523
31,4,rbf,0.32421560600991084,0.01,-1.1649604600477494,0.7444008823792436,0.10753224584728222,0.7183622211341301,0.2163497593604801,0.5154113897911199,0.11801178767963012,0.5154113897911199,0.11801178767963012,0.2166666666666667,0.34148088585204717,0.8661675787759139,0.10496409893273972,0.6526365194699503,0.2448937405056388,0.35237905334748354,0.13815088886215185,0.35237905334748354,0.13815088886215185,0.11333333333333333,0.14793599112881345,0.7992157419817892,0.17542979213923116,0.6970579884078564,0.263943992701724,0.4291086882025888,0.20636243373753216,0.4291086882025888,0.20636243373753216,0.19,0.3230778704040677
31,5,rbf,0.32421560600991084,0.01,-1.1649604600477494,0.7556918008222003,0.10450778870743618,0.7200091405234176,0.20934383748679278,0.5025824131323718,0.11632781175672674,0.5025824131323718,0.11632781175672674,0.22333333333333336,0.36547874444853584,0.9038050914065793,0.05702093738767202,0.6374135917683997,0.2501959364878614,0.30144918519923497,0.09489010896848507,0.30144918519923497,0.09489010896848507,0.16,0.3317664321736624,0.8840507181315288,0.08157751748512398,0.6508185937401624,0.2511264497628605,0.32767303619569893,0.1216284637168071,0.32767303619569893,0.1216284637168071,0.09000000000000001,0.11846722229638329
32,1,rbf,0.20456621780704987,0.1,-1.1280034214732761,0.3372207198120355,0.29099171476034946,0.7169383203562798,0.2678853166592709,0.9794796646078995,0.3648454497337164,0.9794796646078995,0.3648454497337164,0.5,0.49200504623148067,0.3837070873966117,0.32133753202832593,0.7094932437733719,0.281203635004115,0.9240159936678664,0.39442301511921296,0.9240159936678664,0.39442301511921296,0.6033333333333335,0.5684117820937462,0.3800957053762264,0.3103801305197406,0.7125489272032476,0.28402199624095625,0.9423157022109343,0.4052104843352106,0.9423157022109343,0.4052104843352106,0.5533333333333333,0.5649127691791089
32,2,rbf,0.20456621780704987,0.1,-1.1280034214732761,0.46359666294648094,0.2666287857259811,0.6795142776996465,0.2597941429438979,0.8008890833309067,0.27404040905823185,0.8008890833309067,0.27404040905823185,0.5066666666666667,0.5674706939620293,0.5290388883980653,0.29700433969725043,0.6498226518516645,0.28142861813112857,0.7283356085652504,0.31184744387478863,0.7283356085652504,0.31184744387478863,0.4233333333333332,0.50968775656808,0.5260840519326416,0.28016888740640206,0.656711481923482,0.28596548414717154,0.7281666843582059,0.2981952439120486,0.7281666843582059,0.2981952439120486,0.42,0.46860026344054884
32,3,rbf,0.20456621780704987,0.1,-1.1280034214732761,0.6302523420284021,0.2205300581064512,0.6237339961423761,0.25358970416356796,0.6294250410448322,0.2247584883328243,0.6294250410448322,0.2247584883328243,0.46,0.5875724460101452,0.6997407404719331,0.22522216090110506,0.5917905234907427,0.28310007443637575,0.5440265176782373,0.24618177624505536,0.5440265176782373,0.24618177624505536,0.44999999999999996,0.6010049055970543,0.7039905879140743,0.24164377401950748,0.5957863491291817,0.2906246623467223,0.5390283363229187,0.25941754110617216,0.5390283363229187,0.25941754110617216,0.4666666666666666,0.5891743687412151
32,4,rbf,0.20456621780704987,0.1,-1.1280034214732761,0.7635910772037219,0.09766609954318263,0.5957576490475921,0.24479553416161728,0.4944487947577107,0.10947397446893907,0.4944487947577107,0.10947397446893907,0.3766666666666667,0.5715576619375687,0.8522391969035356,0.10699183938140303,0.5477686522799332,0.2828639992089327,0.36782506416465716,0.15121303487276644,0.36782506416465716,0.15121303487276644,0.31333333333333335,0.5450297893366636,0.8524648894459966,0.10598976040252582,0.5482358472681983,0.2821678357083132,0.36828700496194755,0.1489514295818498,0.36828700496194755,0.1489514295818498,0.30999999999999994,0.5473131865193192
32,5,rbf,0.20456621780704987,0.1,-1.1280034214732761,0.7673152838631289,0.08752161498648448,0.6000385002257995,0.25872614697183033,0.4911466466233997,0.10026409832940168,0.4911466466233997,0.10026409832940168,0.4233333333333333,0.5846798908057671,0.8855886851515357,0.08968753607700378,0.5357594724214502,0.2870800457468712,0.32043365050949413,0.13531333846734084,0.32043365050949413,0.13531333846734084,0.29,0.47076606680513033,0.8867262706958328,0.08777333300798777,0.5358984000603298,0.28659733852271035,0.31961045561176593,0.1322303575985995,0.31961045561176593,0.1322303575985995,0.2933333333333333,0.4697272380445055
33,1,rbf,0.32421560600991084,0.001,-1.1622246170641892,0.37988065297270734,0.2690061367270653,0.7620145201780354,0.27591767748239276,0.9072032149735811,0.30791542544474265,0.9072032149735811,0.30791542544474265,0.4699999999999999,0.434026854405148,0.4155777734557403,0.2808594578382773,0.7462240137010724,0.2692370602761978,0.8728802062052375,0.3290472193466478,0.8728802062052375,0.3290472193466478,0.4533333333333333,0.4415750284460461,0.13492680398545848,0.1391924483892257,0.8689959024497329,0.36295517801329685,1.2254518458937897,0.23076516767897484,1.2254518458937897,0.23076516767897484,0.6166666666666667,0.5146698528875229
33,2,rbf,0.32421560600991084,0.001,-1.1622246170641892,0.557227421429868,0.20335686548070353,0.7175308232211005,0.2904404324323596,0.7062700926374303,0.20203814590874591,0.7062700926374303,0.20203814590874591,0.3766666666666667,0.5157407350085181,0.6073281588101537,0.22474327929183233,0.6955859319429927,0.2856922669501491,0.6501291054859467,0.22926616976854708,0.6501291054859467,0.22926616976854708,0.38000000000000006,0.5441855667274563,0.20917029637145132,0.18576692458241148,0.8517559263223122,0.36687667979224015,1.1195885108465151,0.27242030564355174,1.1195885108465151,0.27242030564355174,0.5466666666666667,0.5335200822470693
33,3,rbf,0.32421560600991084,0.001,-1.1622246170641892,0.6757398733787823,0.15860744652197364,0.6958316497245726,0.30403655220817694,0.5863899729088378,0.16212707910536,0.5863899729088378,0.16212707910536,0.19,0.2106639749573419,0.746249396279033,0.17375034643188428,0.6633689790702,0.3044412293611749,0.5015490841911764,0.18923422879900623,0.5015490841911764,0.18923422879900623,0.15999999999999998,0.19581835354789118,0.28313400550424367,0.22607080581644534,0.8385880717448413,0.36697448219046,1.062623552821077,0.33861867476753293,1.062623552821077,0.33861867476753293,0.5299999999999999,0.5389325336830845
33,4,rbf,0.32421560600991084,0.001,-1.1622246170641892,0.7457796131590385,0.13183976602250988,0.6749432161930675,0.30610484892717743,0.509963148232009,0.14411437171811486,0.509963148232009,0.14411437171811486,0.21333333333333335,0.30141429082351695,0.8276887221546325,0.12961265885214937,0.6355386377117231,0.3016052301017741,0.4039039314175222,0.15628569120510727,0.4039039314175222,0.15628569120510727,0.09,0.13480509557543974,0.4354615578492473,0.26428741353439,0.7963327412448653,0.31728601861282246,0.8558394715622694,0.3235496592639192,0.8558394715622694,0.3235496592639192,0.39,0.5101385883368801
33,5,rbf,0.32421560600991084,0.001,-1.1622246170641892,0.7771568639463208,0.0754383778138969,0.6800055086656265,0.30359979656417646,0.48064982306548065,0.0902702430724195,0.48064982306548065,0.0902702430724195,0.15666666666666668,0.18695995022599293,0.8792949635016224,0.0667663629549751,0.6202760688809411,0.31243732537128865,0.34122360043788846,0.09935261611376255,0.34122360043788846,0.09935261611376255,0.07333333333333335,0.13113124074319807,0.48324091375521144,0.27686951354418116,0.785670245281284,0.32104492615206287,0.81074047927305,0.34172390873481007,0.81074047927305,0.34172390873481007,0.32000000000000006,0.45440373966406755
34,1,rbf,0.32421560600991084,0.01,-1.161712638765176,0.34778523004770584,0.27051213636951504,0.827488290888067,0.3970934807339937,0.9621963538983338,0.34517641343331995,0.9621963538983338,0.34517641343331995,0.6433333333333334,0.6420244561532299,0.36845966503024596,0.26722301192370895,0.8151803497324009,0.40008257776448325,0.932964186602979,0.3366868902236562,0.932964186602979,0.3366868902236562,0.6433333333333334,0.6484375562595185,0.2628587190718313,0.24327983244738166,0.8857144728419608,0.3812950053308939,1.0773150302509173,0.32659641382594723,1.0773150302509173,0.32659641382594723,0.86,0.5775095162673171
34,2,rbf,0.32421560600991084,0.01,-1.161712638765176,0.5685406264543094,0.2562904069054198,0.7157750127682301,0.34599098790396815,0.6938961728225641,0.2678780947057781,0.6938961728225641,0.2678780947057781,0.2899999999999999,0.3546246194071348,0.6032992211449627,0.253258626783993,0.6947573539042703,0.34758222229971125,0.6509566354327992,0.2651047042861462,0.6509566354327992,0.2651047042861462,0.26666666666666666,0.38267059151337374,0.4684643315598491,0.29975703054713676,0.8009616033278287,0.3907459677717945,0.8066528057493373,0.33067700516955584,0.8066528057493373,0.33067700516955584,0.6466666666666668,0.7045337579505712
34,3,rbf,0.32421560600991084,0.01,-1.161712638765176,0.7002988235992748,0.20148820611870455,0.6724683765177759,0.3158729504649896,0.5551593105729806,0.20962591198385222,0.5551593105729806,0.20962591198385222,0.23333333333333334,0.36703221068206116,0.7521616888939645,0.23081223642202303,0.6342306336408012,0.32107608893479067,0.48131289468026045,0.2589460723012699,0.48131289468026045,0.2589460723012699,0.15666666666666662,0.26350859873862825,0.5950943972535584,0.23581013892704572,0.7433027003042173,0.3910861455701653,0.6616872792018204,0.24378223004864036,0.6616872792018204,0.24378223004864036,0.4533333333333332,0.6856828126329476
34,4,rbf,0.32421560600991084,0.01,-1.161712638765176,0.7934008873957439,0.10694550963186071,0.6396946849061836,0.3135682348113839,0.45852394585849326,0.117006347029038,0.45852394585849326,0.117006347029038,0.22,0.3458123868466133,0.8690231566234268,0.09409731120920967,0.5858278319253123,0.33702210803737476,0.35126903498315337,0.12536492833313548,0.35126903498315337,0.12536492833313548,0.16999999999999998,0.35149925197350146,0.6899745275035958,0.23433287004525036,0.6991490782881058,0.3705127019004657,0.5560937153588369,0.2519383111679354,0.5560937153588369,0.2519383111679354,0.41999999999999993,0.6845083813496595
34,5,rbf,0.32421560600991084,0.01,-1.161712638765176,0.7512060308816253,0.13180718275587558,0.6727113023989981,0.30509414029164234,0.5055290347831723,0.1400804753973665,0.5055290347831723,0.1400804753973665,0.3,0.49758035220108093,0.8919357531427735,0.05859057330353643,0.5751919408979849,0.33284613946288755,0.3233360526266916,0.0889283466116483,0.3233360526266916,0.0889283466116483,0.18666666666666665,0.4049123645784428,0.8587456959010142,0.10316587828138538,0.6109002495853528,0.3389995505926605,0.36698669715464455,0.12866964391723376,0.36698669715464455,0.12866964391723376,0.24999999999999997,0.532236659831851
35,1,rbf,0.20456621780704987,0.1,-1.1776175050297308,0.39233529573830167,0.2173139869668513,0.8358998327166504,0.3318348913270395,0.8774677814593955,0.22844797410858916,0.8774677814593955,0.22844797410858916,0.3833333333333334,0.27802670838376775,0.4292097873260967,0.2372995453920199,0.8290927283510515,0.34817961300666944,0.8455821964675685,0.26089541612872563,0.8455821964675685,0.26089541612872563,0.32333333333333336,0.2144493081059634,0.4293585995602595,0.23007676484557235,0.8314769781750361,0.34725597817668713,0.842034023160148,0.24624807834686116,0.842034023160148,0.24624807834686116,0.31666666666666665,0.2320572660199281
35,2,rbf,0.20456621780704987,0.1,-1.1776175050297308,0.576566449836423,0.18956743429249098,0.7642639329817388,0.34351399700340446,0.6874221298890155,0.18870402817495646,0.6874221298890155,0.18870402817495646,0.2733333333333334,0.30842573949268437,0.602097283561339,0.21997541080821476,0.763807064450953,0.35973665612464395,0.6593262636159172,0.2331233238129152,0.6593262636159172,0.2331233238129152,0.26333333333333336,0.3034097415449409,0.6105299542413749,0.20671099143921345,0.7646140090782741,0.3571932413928834,0.649920902749145,0.211421047503388,0.649920902749145,0.211421047503388,0.27666666666666667,0.30477049967354847
35,3,rbf,0.20456621780704987,0.1,-1.1776175050297308,0.6694330716846604,0.14290104393907124,0.752444785151808,0.3538651302223315,0.5920312149917047,0.1535294534263794,0.5920312149917047,0.1535294534263794,0.23000000000000004,0.3030306687563102,0.7311791405766308,0.1524571418726012,0.7250216363276898,0.3756303258348517,0.5183534845507398,0.1780776448933891,0.5183534845507398,0.1780776448933891,0.2166666666666667,0.3029547972807203,0.733638759094336,0.15204322366328818,0.7252839935879363,0.3759544473300023,0.5150556130948569,0.17975395496312987,0.5150556130948569,0.17975395496312987,0.22666666666666666,0.32263284709246287
35,4,rbf,0.20456621780704987,0.1,-1.1776175050297308,0.7413551176575872,0.13725621618616335,0.7268674570913638,0.3595180530925262,0.5148337561154823,0.14835635998357172,0.5148337561154823,0.14835635998357172,0.22333333333333333,0.31805804429416634,0.8073837155834928,0.1269098338773068,0.7003112839766031,0.37560059479717134,0.4288896505068619,0.1600593964630524,0.4288896505068619,0.1600593964630524,0.2033333333333333,0.32215153141868236,0.8128813932010365,0.1162553446948344,0.7012443673874503,0.37601886297106024,0.4226537785631451,0.15376331011293135,0.4226537785631451,0.15376331011293135,0.15333333333333332,0.2635740206617794
35,5,rbf,0.20456621780704987,0.1,-1.1776175050297308,0.7672531076578148,0.11429541250368302,0.7239952818850487,0.36134006238433997,0.48850737975306413,0.12485839372269598,0.48850737975306413,0.12485839372269598,0.13666666666666666,0.19025089303036283,0.850270294327035,0.09407371812532335,0.6883358089413402,0.3797672301359592,0.3776065962715435,0.12932794370023026,0.3776065962715435,0.12932794370023026,0.11999999999999998,0.1989628279266047,0.854941250666395,0.09079921335951951,0.6874863543482047,0.378606761271651,0.3710781248194428,0.12770584234699583,0.3710781248194428,0.12770584234699583,0.10666666666666667,0.17603552410558054
36,1,rbf,0.32421560600991084,0.01,-1.160357992027282,0.38544549118402166,0.2658164367745258,0.8572514268733064,0.2991651646321475,0.8884816136660071,0.28164434838727115,0.8884816136660071,0.28164434838727115,0.6466666666666667,0.6841724592695826,0.41206630628535046,0.2722514318127963,0.8417913575489907,0.3016987748822735,0.8561578824159368,0.282434950092042,0.8561578824159368,0.282434950092042,0.6433333333333334,0.667823708584179,0.1730312587928785,0.20522398498723698,0.9441860869201552,0.3079574262005473,1.200313948911425,0.30199332163198855,1.200313948911425,0.30199332163198855,0.836666666666667,0.6677204315524902
36,2,rbf,0.32421560600991084,0.01,-1.160357992027282,0.5754981664422758,0.18961962138717464,0.7747057509025158,0.3126911251608281,0.6847723980759589,0.1939510427084649,0.6847723980759589,0.1939510427084649,0.22666666666666663,0.3268800616627507,0.6180624793807625,0.1930305575548607,0.7469113726512038,0.31173337925420597,0.6384723807181497,0.2059960385432143,0.6384723807181497,0.2059960385432143,0.21333333333333332,0.3191943882201947,0.4835381494905119,0.2786254380862925,0.8117419565747692,0.30858646860622435,0.7816207454188095,0.28567044340180614,0.7816207454188095,0.28567044340180614,0.6333333333333334,0.7702813338860895
36,3,rbf,0.32421560600991084,0.01,-1.160357992027282,0.6493621955977624,0.1912256212606611,0.7388568565452454,0.3218328314546435,0.6095749520272825,0.19802121152721325,0.6095749520272825,0.19802121152721325,0.18,0.3623676928584918,0.7091988813497875,0.15878768562706538,0.7032478314053939,0.32464307146374644,0.5440579326399878,0.17787315856029423,0.5440579326399878,0.17787315856029423,0.18999999999999997,0.33254504491354514,0.6179693543543078,0.2505291812638603,0.7532080952369232,0.34074961075985805,0.6388386033932584,0.2625569838527822,0.6388386033932584,0.2625569838527822,0.49000000000000005,0.7174427767641364
36,4,rbf,0.32421560600991084,0.01,-1.160357992027282,0.7328499002455655,0.14670460005437125,0.7052554826867639,0.32480793247214285,0.5231641961171866,0.1568644033790373,0.5231641961171866,0.1568644033790373,0.22999999999999995,0.4793314309427822,0.8166359669669693,0.13323164812831076,0.6465258997134382,0.3308570225626412,0.41545985035681005,0.16583946886048914,0.41545985035681005,0.16583946886048914,0.1633333333333333,0.34589547288294986,0.719039214897313,0.2211815362590282,0.7155207449759275,0.3316876513846744,0.5278467173050682,0.24074143176811,0.5278467173050682,0.24074143176811,0.37999999999999995,0.6110477152766611
36,5,rbf,0.32421560600991084,0.01,-1.160357992027282,0.7983703671791406,0.08550753317679903,0.6824015818113858,0.3281533672568743,0.45308271593178895,0.10343327057919387,0.45308271593178895,0.10343327057919387,0.1766666666666666,0.3158822711001716,0.8880547645418984,0.0835970034056955,0.6123201887295041,0.3346124208671364,0.3252010262053063,0.11104885680676178,0.3252010262053063,0.11104885680676178,0.13,0.3323375932121869,0.8083546796524469,0.16513982246375886,0.6660360259570342,0.3453978377213725,0.42071926490422995,0.19279131783668468,0.42071926490422995,0.19279131783668468,0.29666666666666663,0.594505493338115
37,1,rbf,0.32421560600991084,0.01,-1.1943319900154246,0.4406261492083848,0.2921244053691759,0.7520372159452859,0.2786903457437969,0.838346644965587,0.32227589739404416,0.838346644965587,0.32227589739404416,0.5033333333333333,0.5215912875656262,0.4794998431923116,0.3063205904666447,0.7369768744160995,0.29724471695776344,0.7933051754878115,0.3393941320773289,0.7933051754878115,0.3393941320773289,0.53,0.5045653643449496,0.4082960068602447,0.3058500960596445,0.8269609585784494,0.32864797715021143,0.9261794120338365,0.40634556600168825,0.9261794120338365,0.40634556600168825,0.5033333333333333,0.41893406059478716
37,2,rbf,0.32421560600991084,0.01,-1.1943319900154246,0.571410221971664,0.2676620114177848,0.679056240617934,0.2284717425922157,0.6941925094641149,0.2907682666157354,0.6941925094641149,0.2907682666157354,0.36666666666666664,0.47294625584683525,0.6325829522225508,0.2650104209378595,0.6542878376777881,0.24470746728642398,0.6292109682887589,0.3183427638507887,0.6292109682887589,0.3183427638507887,0.32666666666666655,0.4653017807041327,0.5233519301081538,0.3167081459198459,0.7691251199130066,0.34894304833237344,0.7567180653676382,0.3693890985232159,0.7567180653676382,0.3693890985232159,0.37,0.4227577769018974
37,3,rbf,0.32421560600991084,0.01,-1.1943319900154246,0.6822293376585161,0.20732978880770445,0.6402576458259315,0.22688617887348242,0.5769642195830844,0.2140405525144338,0.5769642195830844,0.2140405525144338,0.2766666666666666,0.40656961344241244,0.7444210544256241,0.20646235146321507,0.5999657287204485,0.24222503958659766,0.500575028745763,0.220827040495181,0.500575028745763,0.220827040495181,0.30333333333333345,0.44681503797535677,0.6618029444665123,0.2911894618200955,0.6937012857013347,0.32830118096122607,0.5896299674417683,0.32016420791955436,0.5896299674417683,0.32016420791955436,0.27666666666666667,0.42481909604891366
37,4,rbf,0.32421560600991084,0.01,-1.1943319900154246,0.7393119326841675,0.1433042974950668,0.6133630640585331,0.24740325625015264,0.5171224187828057,0.15205493655688673,0.5171224187828057,0.15205493655688673,0.21333333333333332,0.3093188660905446,0.8275799622732377,0.15128335449008962,0.5514352251044304,0.27056438031391145,0.40171622720984,0.17294976091034114,0.40171622720984,0.17294976091034114,0.18666666666666665,0.3234867511366108,0.7462545888957686,0.2474372763770444,0.6410875606376422,0.336148891911699,0.4906970473209385,0.27557969619890815,0.4906970473209385,0.27557969619890815,0.23333333333333334,0.37630997249913384
37,5,rbf,0.32421560600991084,0.01,-1.1943319900154246,0.7583727970929194,0.0959507628027579,0.6162670997975942,0.23937210198465905,0.5002294005319924,0.10946436745112564,0.5002294005319924,0.10946436745112564,0.19333333333333333,0.28879456167070516,0.8762532269422441,0.1078653209920328,0.5280329689252986,0.27445537552364807,0.3349245894763178,0.14250568848993722,0.3349245894763178,0.14250568848993722,0.06666666666666665,0.10283342182227602,0.8393777342231241,0.13709814698031736,0.5584014615198598,0.2977730214108255,0.38478246169465685,0.1676912055049516,0.38478246169465685,0.1676912055049516,0.07666666666666667,0.12507469032909713
38,1,rbf,0.20456621780704987,0.1,-1.171351977135972,0.3180923778253712,0.23942543984011946,0.8942994904093144,0.37677934376636574,0.9595954425538274,0.2626947230580945,0.9595954425538274,0.2626947230580945,0.41666666666666663,0.5265917304465696,0.35418353808533687,0.25711354845153606,0.9046095395442161,0.3924268996678,0.9136708532414047,0.2757348587940918,0.9136708532414047,0.2757348587940918,0.3966666666666666,0.5555260528564784,0.35572948088374157,0.25993162490330607,0.9050437809812448,0.39091173478656316,0.9198251152078571,0.2890268362068476,0.9198251152078571,0.2890268362068476,0.41,0.5701481961010151
38,2,rbf,0.20456621780704987,0.1,-1.171351977135972,0.513745017980712,0.25899727864401506,0.8164108241129007,0.3561687152468739,0.7475823486126015,0.2643360937506069,0.7475823486126015,0.2643360937506069,0.32999999999999996,0.43640379909215843,0.5674290930185516,0.2485603570344429,0.8335801103585408,0.36575991956794224,0.6884069987081541,0.25445175486081106,0.6884069987081541,0.25445175486081106,0.2533333333333333,0.36928013227352763,0.5362086619009193,0.27897196377358996,0.846288850425678,0.3944298753538074,0.7177094697297115,0.28476221474548047,0.7177094697297115,0.28476221474548047,0.3499999999999999,0.5230876500694434
38,3,rbf,0.20456621780704987,0.1,-1.171351977135972,0.6650099191527566,0.1836155085282076,0.7543616747899636,0.3467243092530954,0.5934674115634745,0.19000234987195777,0.5934674115634745,0.19000234987195777,0.3266666666666666,0.47483814544307207,0.7208001542226649,0.2148120112755969,0.775404807086448,0.38615376835697535,0.5185496034982064,0.24032272607903457,0.5185496034982064,0.24032272607903457,0.26666666666666655,0.39069640152031027,0.7299377198672948,0.20681587236241672,0.7761282365499617,0.3893163538800985,0.5089290525522427,0.23288568634550913,0.5089290525522427,0.23288568634550913,0.2666666666666666,0.47367479993340794
38,4,rbf,0.20456621780704987,0.1,-1.171351977135972,0.7549390968288295,0.1118860110610449,0.7271839829489131,0.3472437560909279,0.5026384498277797,0.12338550384932442,0.5026384498277797,0.12338550384932442,0.2,0.3886315514193626,0.8263168602049622,0.15068914135273137,0.7378282934358391,0.40119645232936985,0.40247922126122193,0.1776514378024915,0.40247922126122193,0.1776514378024915,0.27999999999999997,0.5108478415745527,0.833225654471177,0.13865980378227685,0.7379121286590279,0.40631967407750025,0.39349005189756,0.1685949098315475,0.39349005189756,0.1685949098315475,0.21666666666666665,0.3904756898550999
38,5,rbf,0.20456621780704987,0.1,-1.171351977135972,0.7946340964495958,0.06749225351493973,0.721585941356721,0.34768007993187866,0.46043806165612045,0.08336467456275966,0.46043806165612045,0.08336467456275966,0.22333333333333333,0.4825816588633103,0.8885067854969522,0.07066581494716694,0.7190198233456868,0.4082417283961046,0.3237099572417811,0.10914630288662575,0.3237099572417811,0.10914630288662575,0.20333333333333328,0.3899454721680556,0.8872634476778214,0.07825172949277577,0.7191415344391745,0.40799675011817943,0.32471368311113125,0.1141828692497287,0.32471368311113125,0.1141828692497287,0.19999999999999998,0.3904020915715595
39,1,rbf,0.20456621780704987,0.1,-1.1575594457732075,0.3659284870760817,0.26665605723440045,0.7579553902616086,0.31048408233590796,0.9215599113725644,0.30603168261723296,0.9215599113725644,0.30603168261723296,0.3966666666666666,0.41479810904145625,0.4079907571602953,0.28189265587133994,0.7423791974389834,0.32088981227419405,0.8689132866058372,0.3166571093122359,0.8689132866058372,0.3166571093122359,0.3466666666666666,0.40661201818605086,0.402908734582498,0.28424897683853284,0.7493259010672351,0.3345937232729062,0.8941506049702355,0.34495103313008013,0.8941506049702355,0.34495103313008013,0.39000000000000007,0.43656180192104727
39,2,rbf,0.20456621780704987,0.1,-1.1575594457732075,0.5294699304083029,0.26543489634613193,0.673919359678436,0.2754861269275792,0.7340412159192024,0.2734665768219723,0.7340412159192024,0.2734665768219723,0.3433333333333334,0.3892373917372749,0.5599833219426301,0.28486442274061563,0.6630577365790153,0.3018217717855779,0.6959606991897257,0.30178315521102134,0.6959606991897257,0.30178315521102134,0.24666666666666667,0.2897482061868646,0.5465459404267023,0.25235103150318844,0.6785216369939753,0.3334325758647112,0.7188467341861655,0.27790970978177265,0.7188467341861655,0.27790970978177265,0.26999999999999996,0.33233759321218687
39,3,rbf,0.20456621780704987,0.1,-1.1575594457732075,0.65414150938158,0.20696823058762914,0.6639799816634236,0.25477415578366003,0.6078765067898878,0.20953028819180158,0.6078765067898878,0.20953028819180158,0.2833333333333333,0.3464931042089695,0.6921214258895689,0.2273927103996791,0.624603602435123,0.31400554423024735,0.5527819450300004,0.24690569085955763,0.5527819450300004,0.24690569085955763,0.22,0.3067066440709125,0.7030450919186771,0.22014225540247534,0.6252335482792083,0.3138154029607479,0.5476584973769066,0.23154800564097275,0.5476584973769066,0.23154800564097275,0.24666666666666662,0.3329422993742966
39,4,rbf,0.20456621780704987,0.1,-1.1575594457732075,0.752726905494273,0.125024738020665,0.6250676625930072,0.2473988109819441,0.5016631510053703,0.14187310903423564,0.5016631510053703,0.14187310903423564,0.22333333333333324,0.316972024582322,0.8078910660936678,0.14652527234561846,0.5822695630943612,0.31003522840857634,0.4232888784361153,0.179598445277702,0.4232888784361153,0.179598445277702,0.19666666666666668,0.31675437381878935,0.8100412192140722,0.13406601455995756,0.5832063085357534,0.3119483093363885,0.42332706657693486,0.1678848720808212,0.42332706657693486,0.1678848720808212,0.16333333333333336,0.28945052978946556
39,5,rbf,0.20456621780704987,0.1,-1.1575594457732075,0.7752637108400737,0.08560460938515779,0.6314156577800739,0.2549153201469052,0.48118352567668204,0.10227491209990824,0.48118352567668204,0.10227491209990824,0.2033333333333333,0.29767296720108605,0.8467305284289164,0.09907315371468048,0.574229931335346,0.3136322009138805,0.3827422442876191,0.1305033237918408,0.3827422442876191,0.1305033237918408,0.18666666666666662,0.3025561598861565,0.8471826327117314,0.09612463417345124,0.574905297999982,0.31485264570553534,0.3823751540486925,0.12871264268721044,0.3823751540486925,0.12871264268721044,0.18666666666666662,0.3025561598861565
40,1,rbf,0.20456621780704987,0.1,-1.1483874992773424,0.3795326458662965,0.24710154504216875,0.7467700479106997,0.34002665639305474,0.9366614601496656,0.32849003020344036,0.9366614601496656,0.32849003020344036,0.42999999999999994,0.46546232115370323,0.4234902401567487,0.27667243628608545,0.7449562678144214,0.3437480125387258,0.9023347260986441,0.3772711334814971,0.9023347260986441,0.3772711334814971,0.4299999999999999,0.45799412735280265,0.41952747521971373,0.2643949839944242,0.7473441466291177,0.36591004154951506,0.8993417001860521,0.3500216756172605,0.8993417001860521,0.3500216756172605,0.4266666666666666,0.5030481798638853
40,2,rbf,0.20456621780704987,0.1,-1.1483874992773424,0.5344134172941256,0.26006691352684674,0.6726061903779432,0.32844508599138633,0.7300036062676011,0.2706778789381169,0.7300036062676011,0.2706778789381169,0.42666666666666664,0.46381724502395255,0.551292106932057,0.2529107275647256,0.6849084475460523,0.334973088506603,0.7218132748909248,0.29294942570840454,0.7218132748909248,0.29294942570840454,0.34,0.3918127631654057,0.5883858353850806,0.27612846821286113,0.6755865175790506,0.35205320595002426,0.6741752720614421,0.29946927014449004,0.6741752720614421,0.29946927014449004,0.42333333333333323,0.511713371637525
40,3,rbf,0.20456621780704987,0.1,-1.1483874992773424,0.677009433034294,0.1751369427421435,0.6378567247780834,0.3080188262121364,0.5838342817268756,0.18066632670667832,0.5838342817268756,0.18066632670667832,0.5633333333333336,0.6172705958538339,0.7284241367491575,0.21506447002820572,0.6225269694940244,0.34772394158331865,0.5174426908821794,0.23496888138461214,0.5174426908821794,0.23496888138461214,0.42999999999999994,0.5663860021648451,0.7361495561061118,0.20337659928705173,0.6224596852336428,0.3549844851781271,0.5105515514408244,0.2200471778476595,0.5105515514408244,0.2200471778476595,0.42999999999999994,0.5843652613055381
40,4,rbf,0.20456621780704987,0.1,-1.1483874992773424,0.754368414542616,0.14380061476119965,0.6218724517574649,0.31217959264674083,0.5028346527776555,0.15023070689062445,0.5028346527776555,0.15023070689062445,0.38666666666666666,0.6240763289597003,0.8216700011708894,0.1702373741964879,0.5918887150780587,0.35370808065088316,0.4054543779702659,0.19328149926659638,0.4054543779702659,0.19328149926659638,0.3233333333333333,0.5691392977381593,0.8227976866174064,0.17179045038156857,0.5939817721564792,0.3588009253680876,0.4050086692868095,0.19522934268547187,0.4050086692868095,0.19522934268547187,0.35666666666666663,0.5817235587893743
40,5,rbf,0.20456621780704987,0.1,-1.1483874992773424,0.774395852322991,0.10847060283165989,0.6298980505610959,0.3108232700636134,0.4818398468813712,0.11744554047696308,0.4818398468813712,0.11744554047696308,0.26666666666666666,0.5148373250497362,0.8718159293176032,0.08780079884470063,0.5774132203439801,0.36105763006505764,0.3484854089139892,0.11925911664900463,0.3484854089139892,0.11925911664900463,0.22666666666666663,0.4615814892999586,0.8705202361169608,0.0924903616396832,0.5784029711840989,0.36191571371291964,0.3492335283812124,0.12446457671978017,0.3492335283812124,0.12446457671978017,0.2866666666666667,0.5525697542693894
41,1,rbf,0.20456621780704987,0.1,-1.1529887599912547,0.3608885752094285,0.22903975244817512,0.711131209320045,0.23018997860487947,0.9158286324396823,0.25614290727325384,0.9158286324396823,0.25614290727325384,0.38,0.4619299842452616,0.3816627805267994,0.25306188149105513,0.7129954252028556,0.24655879452760812,0.8882973522423264,0.26822022341495605,0.8882973522423264,0.26822022341495605,0.36666666666666664,0.45963503762886915,0.3822052200335173,0.2336253286597949,0.7175213235715217,0.24068495128124134,0.8984789463090311,0.27433407722244546,0.8984789463090311,0.27433407722244546,0.39999999999999986,0.47415987410038885
41,2,rbf,0.20456621780704987,0.1,-1.1529887599912547,0.570100019695241,0.23492034009921084,0.6488648530305628,0.20899576740114179,0.6980481314179876,0.24019658799848773,0.6980481314179876,0.24019658799848773,0.3666666666666666,0.5541898923488313,0.5715824498871037,0.26026945528150897,0.6508009782758791,0.2386543457569238,0.6913202367439476,0.27649570956701663,0.6913202367439476,0.27649570956701663,0.31999999999999995,0.4619299842452616,0.5921642037219605,0.2225253795052102,0.6523114747034106,0.23861176982613658,0.6702500161147307,0.2313507390669051,0.6702500161147307,0.2313507390669051,0.2733333333333333,0.42176422023598015
41,3,rbf,0.20456621780704987,0.1,-1.1529887599912547,0.7039318855984378,0.1522919535844797,0.5991890045946054,0.19890230302511672,0.5561903699375291,0.1579821379220563,0.5561903699375291,0.1579821379220563,0.36999999999999994,0.5825923043633929,0.7252578705817292,0.20017067897560972,0.599908790463692,0.24510291006002466,0.5258848202541053,0.21537289150029462,0.5258848202541053,0.21537289150029462,0.31999999999999995,0.4444291185097016,0.7478035936377618,0.16411484018034483,0.5941729539624744,0.23954776630484648,0.5012452816713449,0.18091700679825776,0.5012452816713449,0.18091700679825776,0.25666666666666665,0.4399712634294178
41,4,rbf,0.20456621780704987,0.1,-1.1529887599912547,0.7804403767159441,0.08889926583028354,0.5650801247294435,0.18768180161819156,0.4754252670023525,0.10206734548973695,0.4754252670023525,0.10206734548973695,0.3266666666666666,0.5400723663728225,0.8248205138736111,0.11449354135570809,0.5627046366214333,0.22889386149474686,0.41225864733248757,0.13826672135679685,0.41225864733248757,0.13826672135679685,0.24666666666666662,0.4240472756120749,0.8321084245505835,0.10827014073563532,0.5605525872282752,0.22914338695523478,0.4039298252188169,0.13153720403696478,0.4039298252188169,0.13153720403696478,0.23999999999999996,0.42637202470175717
41,5,rbf,0.20456621780704987,0.1,-1.1529887599912547,0.7451516136480704,0.12611258854126287,0.5866861245259175,0.182696306472107,0.5149231699014539,0.13039114202477448,0.5149231699014539,0.13039114202477448,0.24333333333333332,0.4643745020572506,0.858248963081127,0.07892508067929244,0.5544862557637024,0.22368108691867314,0.3721016400063618,0.10551218018031726,0.3721016400063618,0.10551218018031726,0.21333333333333332,0.40149147226167897,0.8594797772565691,0.07463152162138406,0.5537237885593238,0.22569399328561246,0.3709922083801483,0.1017316162532942,0.3709922083801483,0.1017316162532942,0.20333333333333328,0.40041644987853997
42,1,rbf,0.32421560600991084,1.0,-1.1840570682805114,0.3912385193904935,0.3240526661415181,0.8415545758534787,0.2949485501384254,0.9027226352775913,0.38283855463600525,0.9027226352775913,0.38283855463600525,0.3100000000000001,0.3220087812038886,0.40053447383953505,0.30327716967324947,0.9424857536941649,0.3016800504277008,0.8768383146914718,0.3437020519353577,0.8768383146914718,0.3437020519353577,0.26,0.22682212383731218,0.4061062829108059,0.3108102488047919,0.9425691140506348,0.30156656854835684,0.870337352811919,0.35703087810815337,0.870337352811919,0.35703087810815337,0.26333333333333336,0.22203344472108846
42,2,rbf,0.32421560600991084,1.0,-1.1840570682805114,0.5946252648960679,0.27064791974899644,0.7348463063652229,0.2806602536328722,0.6634756391461759,0.28394871874823424,0.6634756391461759,0.28394871874823424,0.1566666666666667,0.11943352886058402,0.6265269174250928,0.27696674935301374,0.9160803690256871,0.30051280955568654,0.6186326170299428,0.30326611168655543,0.6186326170299428,0.30326611168655543,0.14666666666666667,0.14558640835892125,0.6274616511432859,0.27621218394615493,0.9160798177978272,0.30050110662355456,0.6172864862067651,0.30283853350605583,0.6172864862067651,0.30283853350605583,0.15,0.14323840748664562
42,3,rbf,0.32421560600991084,1.0,-1.1840570682805114,0.7302407498298679,0.16930703437850902,0.6825453675194403,0.2619400066621006,0.5241679335597892,0.18014590779301423,0.5241679335597892,0.18014590779301423,0.20333333333333325,0.2965122935560768,0.7564960461512883,0.18998216210770116,0.9060251200041668,0.30204748725902103,0.4828998569798914,0.21818862837024586,0.4828998569798914,0.21818862837024586,0.16333333333333336,0.26585364567660197,0.7567483856104393,0.18884115831787626,0.9060310203338647,0.30212500746800797,0.4824793387970548,0.21702796632642757,0.4824793387970548,0.21702796632642757,0.13,0.18032537641527427
42,4,rbf,0.32421560600991084,1.0,-1.1840570682805114,0.7832746582653137,0.11550211298865858,0.6652823736589397,0.2620113977225173,0.4672230570377983,0.13285745107132843,0.4672230570377983,0.13285745107132843,0.15999999999999998,0.27114063026280355,0.8043607512706962,0.1269736728341858,0.9033681295571622,0.3029520587747319,0.4336088684956094,0.15847130166697732,0.4336088684956094,0.15847130166697732,0.15,0.2609663738412711,0.8041893631995022,0.1265552280165065,0.9033783283408697,0.30300154449952743,0.4339304501792798,0.15802776001002364,0.4339304501792798,0.15802776001002364,0.15333333333333332,0.25961952709797215
42,5,rbf,0.32421560600991084,1.0,-1.1840570682805114,0.7674628047896301,0.10870200583283383,0.6766916443708321,0.2576680862118537,0.4872676502764978,0.12535791370723204,0.4872676502764978,0.12535791370723204,0.16666666666666655,0.26824247051596006,0.8123818529104777,0.11493242348269249,0.902939344878257,0.30313375082932986,0.4250937335459302,0.14840133154780363,0.4250937335459302,0.14840133154780363,0.14666666666666667,0.260944350433169,0.8121798484512424,0.11460529855684261,0.9029425213163699,0.3031702696212738,0.4254605015742939,0.14798924834459942,0.4254605015742939,0.14798924834459942,0.15,0.2596416628806869
43,1,rbf,0.20456621780704987,0.01,-1.159961800422883,0.3347848676238852,0.2874886031698629,0.8187782482472881,0.2673496998129894,0.9549124221866668,0.3283923540147433,0.9549124221866668,0.3283923540147433,0.7833333333333334,0.7376960094096013,0.3743537318536675,0.29698328971149496,0.8030240633607522,0.2697247733788421,0.9089152524299212,0.34286744688362125,0.9089152524299212,0.34286744688362125,0.73,0.7197461238232691,0.335873092228627,0.28173911470664864,0.8588182604843031,0.24044236567275393,0.9687190550613997,0.3373645700177128,0.9687190550613997,0.3373645700177128,0.7633333333333334,0.762700887424527
43,2,rbf,0.20456621780704987,0.01,-1.159961800422883,0.5508930947930054,0.250814527643625,0.7239259876547087,0.20885998494825248,0.719040091188681,0.2774839803621833,0.719040091188681,0.2774839803621833,0.37999999999999995,0.5647092630054318,0.5995317690310707,0.2681849287982207,0.6964471776438163,0.20045199556006507,0.6613448269239176,0.30280246714876813,0.6613448269239176,0.30280246714876813,0.2333333333333333,0.36890642990193123,0.5035281216667888,0.2797416931248409,0.7812229227069304,0.2755587622211946,0.7655580554193332,0.2988181342153101,0.7655580554193332,0.2988181342153101,0.5200000000000001,0.6541116639882806
43,3,rbf,0.20456621780704987,0.01,-1.159961800422883,0.7022210479075053,0.20247886200616774,0.6666162222532288,0.20674173910151455,0.5563545295873229,0.22959225486505766,0.5563545295873229,0.22959225486505766,0.2766666666666666,0.47392952577603653,0.7520993081182146,0.21030068661027904,0.6300787726031787,0.215248955316279,0.4885911750518604,0.24726341538562424,0.4885911750518604,0.24726341538562424,0.1733333333333333,0.34132938216103925,0.577899717979727,0.27364220946281886,0.7375153080406033,0.26059775815221076,0.6822408051617755,0.2879740474169048,0.6822408051617755,0.2879740474169048,0.5066666666666667,0.6496329644543503
43,4,rbf,0.20456621780704987,0.01,-1.159961800422883,0.7847278962298062,0.10973643213334838,0.6454294861538877,0.20438703097709437,0.4657434987634458,0.12832572892952335,0.4657434987634458,0.12832572892952335,0.23666666666666666,0.4831529588124194,0.8581924646075706,0.08317460616865012,0.5949832264099121,0.2071393737399467,0.37025429080986283,0.11321609304754124,0.37025429080986283,0.11321609304754124,0.13,0.3333735607910183,0.7731829113255004,0.15358157954874022,0.6438684840526425,0.2236797019304745,0.46671870351534656,0.18364388460600703,0.46671870351534656,0.18364388460600703,0.18000000000000002,0.36709483882187066
43,5,rbf,0.20456621780704987,0.01,-1.159961800422883,0.7793173055849449,0.08974377698485984,0.6591298540153367,0.19918750197728416,0.47537991883607794,0.10823306304166538,0.47537991883607794,0.10823306304166538,0.17666666666666664,0.3588134981251146,0.8799663925809551,0.07344544057514371,0.5806912954313186,0.21749619562606362,0.33749842783286466,0.10958866784851971,0.33749842783286466,0.10958866784851971,0.11999999999999998,0.33259688762099454,0.8413879309803182,0.09448663408401421,0.6050546490874835,0.22112953321048134,0.39206499837996456,0.12344542007332389,0.39206499837996456,0.12344542007332389,0.13666666666666666,0.32322014845584135
44,1,rbf,0.20456621780704987,1.0,-1.207071128083933,0.4306985244796596,0.2752167447670215,0.8713025826954547,0.3336134585236805,0.8562053096874584,0.33853830549415764,0.8562053096874584,0.33853830549415764,0.5066666666666666,0.4791755371492777,0.47215944918613745,0.2727488792012836,0.973013474554974,0.39039626730306753,0.8252453706583422,0.3720251504554536,0.8252453706583422,0.3720251504554536,0.44,0.4910228592192649,0.4547513469630155,0.28169287077679955,0.9729761927588857,0.39069684589964976,0.8305867326523122,0.36531899450875505,0.8305867326523122,0.36531899450875505,0.5233333333333333,0.5612076469440752
44,2,rbf,0.20456621780704987,1.0,-1.207071128083933,0.5782463417645151,0.263008953694551,0.8018243386015431,0.29702419895772314,0.6768382580536899,0.2712629540157424,0.6768382580536899,0.2712629540157424,0.4533333333333333,0.5130929426683746,0.6439040893207789,0.26622088992631626,0.9579823212540346,0.38696130936891854,0.6223121298705342,0.3397704417065928,0.6223121298705342,0.3397704417065928,0.36666666666666664,0.4964239937887726,0.6424807906429421,0.26762245413908387,0.9575474874241591,0.38758585634747195,0.6069885067942853,0.29642160251904615,0.6069885067942853,0.29642160251904615,0.4033333333333333,0.5229118296703521
44,3,rbf,0.20456621780704987,1.0,-1.207071128083933,0.6824510532605422,0.1942854437336037,0.766944375061146,0.3077305644246121,0.5750211425858188,0.20136485015185335,0.5750211425858188,0.20136485015185335,0.2866666666666667,0.3794127343520586,0.7570859087196867,0.19755347740238993,0.9464386361945968,0.39205862197875796,0.48117888082393256,0.22055377057778267,0.48117888082393256,0.22055377057778267,0.29,0.44205632345148993,0.7596990639603955,0.20335433347510348,0.9465026888848362,0.3921799818170115,0.4767731311323662,0.22638303639307739,0.4767731311323662,0.22638303639307739,0.29,0.43735095983542277
44,4,rbf,0.20456621780704987,1.0,-1.207071128083933,0.7449544322434318,0.12129822450544889,0.7554412621796779,0.3039067200689282,0.5143964757303319,0.12949281858551157,0.5143964757303319,0.12949281858551157,0.29666666666666663,0.3899454721680556,0.8218751522514572,0.15703691678094997,0.942571731823082,0.39326832128651573,0.4059254826582849,0.18570190480765653,0.4059254826582849,0.18570190480765653,0.2933333333333332,0.44870183121236906,0.822350328375489,0.15436261405672397,0.9425732943969852,0.39341410601657056,0.40578639235500386,0.1833029777074786,0.40578639235500386,0.1833029777074786,0.2833333333333333,0.4616935342196487
44,5,rbf,0.20456621780704987,1.0,-1.207071128083933,0.7694340552835366,0.09820998339465029,0.7629333912104281,0.3028517265693667,0.48704697003190817,0.11200038093001187,0.48704697003190817,0.11200038093001187,0.18333333333333332,0.2995206898999816,0.8588870943535242,0.1183563914550115,0.9404273376497347,0.39508731894002974,0.36082617350693086,0.1492969516404175,0.36082617350693086,0.1492969516404175,0.3333333333333333,0.5313180314789934,0.8582897014004498,0.11853883468460359,0.9404945023342908,0.3950909815702181,0.36180784069347843,0.14926002148446021,0.36180784069347843,0.14926002148446021,0.3266666666666667,0.5297581317553508
45,1,rbf,0.32421560600991084,0.01,-1.1897785708355504,0.3683602606181032,0.240787241874984,0.7467165751626456,0.38206500443848573,0.8987002353078791,0.2487193660180524,0.8987002353078791,0.2487193660180524,0.4033333333333333,0.46718772224459404,0.4236006642076065,0.2630781979312721,0.7363005784250038,0.39620618598003016,0.85279068467542,0.29965682021962425,0.85279068467542,0.29965682021962425,0.4366666666666666,0.48599938508073304,0.33365151387011116,0.23111209092076299,0.8338256378132993,0.40492385149739707,0.9894923025488754,0.3211779814060976,0.9894923025488754,0.3211779814060976,0.5766666666666668,0.6831384639438335
45,2,rbf,0.32421560600991084,0.01,-1.1897785708355504,0.5716614808286528,0.20855107069037446,0.6858017577005902,0.37465578594224525,0.691125809320167,0.20852633574685692,0.691125809320167,0.20852633574685692,0.36,0.4620792587633753,0.6255169132974553,0.2324574237098409,0.6525153104130055,0.38163102285325506,0.6313766409705928,0.23761021138263919,0.6313766409705928,0.23761021138263919,0.3466666666666666,0.46217874832395617,0.4726656447549831,0.269545002670433,0.7751101909797592,0.4064919063415588,0.7966936325368505,0.2848092433888367,0.7966936325368505,0.2848092433888367,0.59,0.6407700109216659
45,3,rbf,0.32421560600991084,0.01,-1.1897785708355504,0.7000096685127329,0.1381710152006411,0.6542052952748023,0.3785812797625075,0.5620830185768675,0.14287824551240316,0.5620830185768675,0.14287824551240316,0.2866666666666667,0.42728762285336347,0.7773047123607092,0.14514579649430953,0.6024574262218894,0.38424797321040893,0.4679205770476927,0.16589532047267724,0.4679205770476927,0.16589532047267724,0.2633333333333333,0.4089375075209797,0.7115716227458723,0.17575620976949763,0.6601338048930468,0.38703656565477845,0.5401026732326394,0.19270107036520612,0.5401026732326394,0.19270107036520612,0.3766666666666667,0.47101016412880486
45,4,rbf,0.32421560600991084,0.01,-1.1897785708355504,0.7723583523905958,0.1189217425864177,0.6362691993986367,0.38315382259382175,0.48029505830710933,0.13343333310158942,0.48029505830710933,0.13343333310158942,0.19999999999999998,0.39479370431342653,0.8623720658849261,0.10868458667164577,0.569870847535129,0.394854774285463,0.35601882725728023,0.14391755195777062,0.35601882725728023,0.14391755195777062,0.2700000000000001,0.44033686164587443,0.7837563431366946,0.14442755644365082,0.6218608641053098,0.3967794769023896,0.45766620817827,0.17101774355934005,0.45766620817827,0.17101774355934005,0.32,0.4693355538087494
45,5,rbf,0.32421560600991084,0.01,-1.1897785708355504,0.7495058590460576,0.11689460999974427,0.6548693202885779,0.37560146758778773,0.5085501655399735,0.12724108090963732,0.5085501655399735,0.12724108090963732,0.26666666666666666,0.41049451534269826,0.8951082497484106,0.07180271351460035,0.5556697910562748,0.3969820422797428,0.3118060088631671,0.11197817172539797,0.3118060088631671,0.11197817172539797,0.20333333333333328,0.3079222173764391,0.878086111562941,0.07511304570598501,0.5760982310253844,0.3905260218399454,0.33949118378694076,0.11304338622426191,0.33949118378694076,0.11304338622426191,0.28,0.4452043312364831
46,1,rbf,0.32421560600991084,0.001,-1.181353763773255,0.39403143142372554,0.2746381201692772,0.857847111434235,0.32432444179479036,0.8961523735640297,0.32034164967579465,0.8961523735640297,0.32034164967579465,0.36,0.33072543044771685,0.42637129932338147,0.2783883503952128,0.8549676513142442,0.3232437634699961,0.8832439754514436,0.3598298683005921,0.8832439754514436,0.3598298683005921,0.35666666666666663,0.3380301285626652,0.306766198302924,0.2790890814441622,0.9598515800049484,0.30105747051635373,1.1162162168282799,0.4224705396985198,1.1162162168282799,0.4224705396985198,0.5033333333333333,0.47596242486677187
46,2,rbf,0.32421560600991084,0.001,-1.181353763773255,0.6196943706777863,0.23218038159622165,0.7793465833588302,0.3193257283104995,0.6386147376642376,0.23689923633725096,0.6386147376642376,0.23689923633725096,0.27999999999999997,0.3556441460514845,0.6526717653640177,0.24713062857331886,0.7684311093035913,0.3296859906713508,0.5971107232133688,0.2594992902153716,0.5971107232133688,0.2594992902153716,0.2666666666666666,0.4341724854553047,0.3957150208483178,0.24815171692115912,0.9311493632275906,0.32400474725472367,0.9644447415367742,0.38820309065876696,0.9644447415367742,0.38820309065876696,0.44666666666666666,0.462924238482619
46,3,rbf,0.32421560600991084,0.001,-1.181353763773255,0.7197355689162649,0.14434241562237438,0.7339915240522968,0.3221701002502298,0.5377647331493792,0.15471801255206036,0.5377647331493792,0.15471801255206036,0.21333333333333332,0.3126453684876551,0.7714786209777916,0.14909322818199894,0.7097824972871286,0.3358631857082306,0.4717224101139843,0.1745495485988062,0.4717224101139843,0.1745495485988062,0.22666666666666663,0.3226328470924628,0.4090188523758465,0.2668344794637397,0.9164990205014649,0.32368342465483896,0.9108470516501764,0.36116564526406436,0.9108470516501764,0.36116564526406436,0.4466666666666666,0.4854669514184671
46,4,rbf,0.32421560600991084,0.001,-1.181353763773255,0.7512797130971154,0.13549569824797325,0.7217431644068413,0.32717854747879593,0.504064881262143,0.14502960296490122,0.504064881262143,0.14502960296490122,0.19666666666666668,0.3242852440988178,0.8317555494159155,0.1214973102497912,0.6784888488482305,0.3454885144364408,0.4016131386538324,0.14503876506085034,0.4016131386538324,0.14503876506085034,0.18333333333333326,0.32064948456846615,0.39743865325764643,0.2762599711713746,0.920500587995433,0.31511946556785986,0.9315618328567419,0.3802981495871815,0.9315618328567419,0.3802981495871815,0.49999999999999994,0.47415987410038885
46,5,rbf,0.32421560600991084,0.001,-1.181353763773255,0.7689061524785974,0.09088604188333947,0.7217184699968049,0.32522130068159383,0.48865152648062693,0.10470245442116628,0.48865152648062693,0.10470245442116628,0.22666666666666668,0.3300296050809458,0.8790511852065399,0.058234706527672334,0.6555178900023227,0.354764090951509,0.3442808918450048,0.08712833318181482,0.3442808918450048,0.08712833318181482,0.16999999999999998,0.3495317064203239,0.49449106528976117,0.2723639043366171,0.8722558477725035,0.3084629289999684,0.792315391986311,0.32048418187760336,0.792315391986311,0.32048418187760336,0.47333333333333333,0.494754089619684
47,1,rbf,0.32421560600991084,0.01,-1.1431582661864133,0.3864142824534442,0.2763522848193419,0.7736956871984171,0.2597653685575008,0.9044405361180595,0.3223997288827304,0.9044405361180595,0.3223997288827304,0.3733333333333333,0.40166320883712187,0.43085492220799665,0.3014234696097276,0.7568932605891991,0.25712505706608296,0.8479503910487268,0.34609775523349884,0.8479503910487268,0.34609775523349884,0.28666666666666674,0.33086441991821375,0.304819623911623,0.2360184762681575,0.8374603593537144,0.23595434167526036,1.0242751635315739,0.32868828898143937,1.0242751635315739,0.32868828898143937,0.6166666666666668,0.5831444686047943
47,2,rbf,0.32421560600991084,0.01,-1.1431582661864133,0.5340970150086014,0.2596158687935589,0.7222342292849397,0.2570419852938222,0.7340395541652468,0.27371183764159807,0.7340395541652468,0.27371183764159807,0.3366666666666667,0.41313213493934386,0.5957161720979488,0.2683011343266091,0.6859955804662281,0.2621815790003812,0.6566344953865539,0.28708126472554074,0.6566344953865539,0.28708126472554074,0.31,0.4212870264091806,0.3382641687487687,0.24782043934655235,0.812340113738505,0.23544603275881193,0.9482581986568481,0.2950539435941238,0.9482581986568481,0.2950539435941238,0.5266666666666667,0.5771113161811748
47,3,rbf,0.32421560600991084,0.01,-1.1431582661864133,0.6567368880606824,0.17861497408131613,0.6697537362137279,0.22404284452512838,0.6063071677246591,0.18324105294589277,0.6063071677246591,0.18324105294589277,0.24333333333333332,0.3013570837959894,0.7438999049621998,0.180652716552089,0.623670827072648,0.24184114532135595,0.5005019360461991,0.20615003372631976,0.5005019360461991,0.20615003372631976,0.13666666666666666,0.19025089303036283,0.4693903766369472,0.23778678471257358,0.7690900578896112,0.2445315757226232,0.7932806611517957,0.24541736670125075,0.7932806611517957,0.24541736670125075,0.44,0.5075974511498192
47,4,rbf,0.32421560600991084,0.01,-1.1431582661864133,0.7093030140856201,0.16837932263539776,0.6601075467607312,0.21434660195445274,0.552597644529898,0.17723404791407718,0.552597644529898,0.17723404791407718,0.17,0.24934396682715912,0.8066045506106244,0.17006512846089342,0.5964332703622264,0.23600332143881886,0.42277782970022665,0.19839296358086997,0.42277782970022665,0.19839296358086997,0.2033333333333333,0.3398613645686087,0.6044995400971132,0.23029021189196122,0.7140407213878041,0.2537349259628269,0.6488612647443203,0.240729887785244,0.6488612647443203,0.240729887785244,0.33,0.5440271291409826
47,5,rbf,0.32421560600991084,0.01,-1.1431582661864133,0.7551535344318495,0.08865300679377393,0.6677886365028854,0.2025472228143958,0.5051292663205822,0.10082878290324772,0.5051292663205822,0.10082878290324772,0.22666666666666663,0.3321127076381039,0.8619902160920642,0.09498608011594187,0.5895146098753375,0.22717104119056142,0.36062662075020324,0.12889449877312106,0.36062662075020324,0.12889449877312106,0.1,0.21814262970944429,0.82402635458582,0.13259612995140216,0.6092541065174346,0.22465626484150195,0.4071899076482233,0.16171263686466578,0.4071899076482233,0.16171263686466578,0.17666666666666667,0.3223655382169209
48,1,rbf,0.32421560600991084,0.1,-1.1826917310288385,0.4260176473836966,0.266464900592725,0.8334232245469402,0.2774599054350492,0.8545055106259942,0.304931545601646,0.8545055106259942,0.304931545601646,0.3066666666666666,0.24765567494675614,0.45250012299673703,0.27690731719773565,0.8307833086777134,0.28760811195374353,0.837430273547897,0.3482894692652344,0.837430273547897,0.3482894692652344,0.25,0.24879017610054047,0.4548990086643231,0.27565206606915593,0.833375438205145,0.2882550013075617,0.8345201268853305,0.34295424258255464,0.8345201268853305,0.34295424258255464,0.26333333333333336,0.2632467484599053
48,2,rbf,0.32421560600991084,0.1,-1.1826917310288385,0.5737391945475757,0.20472191703068995,0.7813049150580736,0.27277571512879106,0.6856047134467672,0.20684345319922387,0.6856047134467672,0.20684345319922387,0.2133333333333333,0.27003618318641126,0.6103087129479114,0.22566685575930023,0.7682207890447754,0.2858145351947149,0.6436288669008057,0.24379577205298011,0.6436288669008057,0.24379577205298011,0.2,0.2573070083610708,0.6202578091237727,0.21620496369077022,0.7744397223430025,0.29694785046195166,0.632323091437409,0.2325148176211327,0.632323091437409,0.2325148176211327,0.19333333333333333,0.2728310495695009
48,3,rbf,0.32421560600991084,0.1,-1.1826917310288385,0.6991192899841886,0.14893813170775788,0.7323277803798255,0.27195653320761115,0.5618512942771793,0.15406648924491434,0.5618512942771793,0.15406648924491434,0.17333333333333328,0.2651393040926084,0.7459832750406521,0.1600307358865897,0.7250990105580232,0.2924895632677065,0.5027648415478067,0.17839549037135577,0.5027648415478067,0.17839549037135577,0.14666666666666667,0.2596195270979722,0.7480126806566465,0.15929823494206707,0.7245269305665791,0.2927223840520067,0.5004186447019713,0.17803182133426368,0.5004186447019713,0.17803182133426368,0.14666666666666667,0.2648790658776754
48,4,rbf,0.32421560600991084,0.1,-1.1826917310288385,0.758883725269062,0.09171917433753175,0.7210523553617344,0.2694147689209806,0.5007042706496919,0.10290013188300799,0.5007042706496919,0.10290013188300799,0.20333333333333328,0.3643447905992092,0.8086015833345985,0.10933243695560575,0.7068933962671615,0.29619038833444783,0.43571334624140334,0.1295244797453324,0.43571334624140334,0.1295244797453324,0.11666666666666668,0.2150915335760382,0.8102143330312449,0.09998789439871282,0.7082043724216655,0.2964734616858958,0.43510656310262,0.12082396653599725,0.43510656310262,0.12082396653599725,0.11333333333333336,0.21772068999195904
48,5,rbf,0.32421560600991084,0.1,-1.1826917310288385,0.7776223135041366,0.07884262695282238,0.7244303069203121,0.26379084919622575,0.4800087175090975,0.09211772637060595,0.4800087175090975,0.09211772637060595,0.15333333333333327,0.2255007199825395,0.8431231895319985,0.07403226569899062,0.6984430288963198,0.2993220044410607,0.3953352747874362,0.09695084329624727,0.3953352747874362,0.09695084329624727,0.13000000000000003,0.2961243913837795,0.8431635558552624,0.07479786578352436,0.6984349925268433,0.2993583518275865,0.3951703185274843,0.09764199870123556,0.3951703185274843,0.09764199870123556,0.09333333333333334,0.21644993581113325
49,1,rbf,0.32421560600991084,0.01,-1.1552611190092448,0.3278436588959704,0.2546549653528949,0.8679356733436538,0.2579030285910668,0.9663282101898613,0.31231353234655695,0.9663282101898613,0.31231353234655695,0.6766666666666666,0.7035296887754672,0.3472501581274828,0.262465939679052,0.8686828065455552,0.24837606298191114,0.9235738898684879,0.28986726563528836,0.9235738898684879,0.28986726563528836,0.6733333333333333,0.6533380248482739,0.2975922202425005,0.22553519210023362,0.9201117839578693,0.3069095781117789,1.0181886537290028,0.3047612801607769,1.0181886537290028,0.3047612801607769,0.64,0.6284079500803104
49,2,rbf,0.32421560600991084,0.01,-1.1552611190092448,0.546030257722345,0.25065139013948,0.8007474227097031,0.24291466747724047,0.7156086167514348,0.26122590349961344,0.7156086167514348,0.26122590349961344,0.59,0.699433268119071,0.5963170178135319,0.29723864400885347,0.7798739080410609,0.2480696555752018,0.6545673358223377,0.3245542663321108,0.6545673358223377,0.3245542663321108,0.5099999999999999,0.676374717609026,0.46089023640451093,0.22737366035206324,0.8539863694648735,0.2879968160637065,0.8152013645348339,0.2638063386989253,0.8152013645348339,0.2638063386989253,0.4399999999999999,0.574516288295851
49,3,rbf,0.32421560600991084,0.01,-1.1552611190092448,0.7142882332832428,0.17776546924766848,0.7252962777230906,0.26670863752623014,0.5412166815648339,0.1849937441042284,0.5412166815648339,0.1849937441042284,0.4266666666666666,0.6274927301863995,0.7782290651926053,0.19179972206972382,0.691530628161485,0.2785376645479489,0.45603969453654963,0.21658793882277266,0.45603969453654963,0.21658793882277266,0.2333333333333333,0.45054245720811525,0.582028575248694,0.2274205001474349,0.8002055643153189,0.2812689250419837,0.6829252277375666,0.25999760536355815,0.6829252277375666,0.25999760536355815,0.38999999999999996,0.5725622989744406
49,4,rbf,0.32421560600991084,0.01,-1.1552611190092448,0.7964595377886391,0.0860098092233793,0.6948888059744183,0.28282712229448265,0.45584863025559735,0.10157409824093645,0.45584863025559735,0.10157409824093645,0.26666666666666666,0.5201679657992004,0.8790415217517719,0.07565391138107654,0.6485724028034017,0.3034069541637665,0.3380460379973607,0.11300290550607034,0.3380460379973607,0.11300290550607034,0.18999999999999997,0.40116210499342864,0.7548731847016178,0.2181089607788513,0.7154229556823334,0.30373211571258285,0.48215907364907445,0.24109660512812292,0.48215907364907445,0.24109660512812292,0.22666666666666668,0.4912568913850811
49,5,rbf,0.32421560600991084,0.01,-1.1552611190092448,0.7847578767222727,0.07977892005940024,0.7078914295227222,0.27670067437736134,0.47146973360688466,0.09265330481462512,0.47146973360688466,0.09265330481462512,0.3466666666666666,0.5805665089069192,0.9048767026657532,0.05294257780676511,0.6376709432525726,0.3034800390963326,0.3017130312360427,0.08680551596286992,0.3017130312360427,0.08680551596286992,0.2,0.4571274627949838,0.8746229204603732,0.08861203424149529,0.6578916421384858,0.2922284535862437,0.3414616150095973,0.12643643433014956,0.3414616150095973,0.12643643433014956,0.19,0.4596475411322958
50,1,rbf,0.5138471068547622,0.001,-1.1639025909010017,0.4492398544689781,0.24573015318893512,0.8652939914190418,0.363177556493691,0.8458823533176553,0.32178065671127143,0.8458823533176553,0.32178065671127143,0.47,0.4822004161957042,0.4869882815391591,0.24984464054027597,0.8592434457775879,0.36637813895601384,0.8146697953247624,0.3433803220668673,0.8146697953247624,0.3433803220668673,0.45333333333333337,0.5151051672555162,0.2417221280155293,0.2485368850520294,1.0069380488157262,0.3762912685208161,1.175670426992642,0.37923353204713284,1.175670426992642,0.37923353204713284,0.6466666666666666,0.4681094282126874
50,2,rbf,0.5138471068547622,0.001,-1.1639025909010017,0.6262932151135765,0.2505787366623914,0.7839814756350186,0.3455353637769674,0.6407233931638702,0.29112689988588164,0.6407233931638702,0.29112689988588164,0.3333333333333333,0.45359356965986813,0.6561497994442202,0.254913599027525,0.7735890549469738,0.35939830213191154,0.5918759008247803,0.2792335365163705,0.5918759008247803,0.2792335365163705,0.2966666666666667,0.44835587261208837,0.37599235295338257,0.2987969173463105,0.9397788554459857,0.40391767737189727,0.9632896848765793,0.3915263814825757,0.9632896848765793,0.3915263814825757,0.5133333333333334,0.48971021222149635
50,3,rbf,0.5138471068547622,0.001,-1.1639025909010017,0.7874421914183247,0.14396977707108793,0.7202034872188767,0.35749831908229474,0.4573962535261489,0.16120806753929534,0.4573962535261489,0.16120806753929534,0.37333333333333335,0.5002987613163885,0.8337073762654952,0.16045589275317929,0.6948936010270328,0.37497367361078227,0.3885024108877085,0.18796287125097522,0.3885024108877085,0.18796287125097522,0.3133333333333333,0.4925187434440218,0.4334290874512836,0.30612773546499555,0.8891691936831624,0.4117394107942526,0.8750084672719335,0.3857020762927473,0.8750084672719335,0.3857020762927473,0.6733333333333335,0.5514453318534744
50,4,rbf,0.5138471068547622,0.001,-1.1639025909010017,0.7992234486065812,0.13131554441473345,0.721885069058271,0.36221246148808306,0.4442434770995215,0.1493157784809238,0.4442434770995215,0.1493157784809238,0.28666666666666674,0.43922606961550575,0.8878078535961028,0.05813593826897597,0.6767020826061427,0.37672840551600234,0.3296673636263774,0.09014995234919923,0.3296673636263774,0.09014995234919923,0.30666666666666664,0.5238671411810397,0.5524973312490022,0.24737093714737515,0.8572441021106781,0.38227598839762983,0.704974332852921,0.25946912777217046,0.704974332852921,0.25946912777217046,0.5033333333333333,0.5950852348879185
50,5,rbf,0.5138471068547622,0.001,-1.1639025909010017,0.8206603823634274,0.08613051019273942,0.7208187504996225,0.3609673999187356,0.42461238426996745,0.10429736470939684,0.42461238426996745,0.10429736470939684,0.2266666666666667,0.3894588051637044,0.9075456564533864,0.0506840389119496,0.6668222889950537,0.3801498604160833,0.2974691217658877,0.08476394835235462,0.2974691217658877,0.08476394835235462,0.18000000000000002,0.38720929028467105,0.7919677990043629,0.1693074746489076,0.7415259286507757,0.36863567166152683,0.4429828495976163,0.193366071085023,0.4429828495976163,0.193366071085023,0.2366666666666667,0.4544669733710663
51,1,rbf,0.32421560600991084,0.001,-1.161465151639802,0.37597527852569607,0.22742724427314964,0.8198712310466324,0.2616025293916427,0.9297262928949087,0.3029836588572093,0.9297262928949087,0.3029836588572093,0.4633333333333333,0.4559819516492786,0.39498053978051145,0.27525230921299754,0.793510841953066,0.25558756449566833,0.8847885378332471,0.3006573842280013,0.8847885378332471,0.3006573842280013,0.4299999999999999,0.4001292894501252,0.3610604020342954,0.2679372580944486,0.8859015761630892,0.29807375973061045,1.072190252542311,0.4348201803874198,1.072190252542311,0.4348201803874198,0.5266666666666666,0.4525280203428317
51,2,rbf,0.32421560600991084,0.001,-1.161465151639802,0.5194204970580328,0.23366551441454805,0.7615736567209181,0.2522790647494227,0.7417707370658756,0.23286028207611525,0.7417707370658756,0.23286028207611525,0.32999999999999996,0.4379812623924642,0.5813225079607481,0.2491697285556818,0.7272009832642212,0.27093337313772253,0.6715173021965176,0.2619548979815869,0.6715173021965176,0.2619548979815869,0.3166666666666666,0.4235183775138383,0.33870658168866336,0.24147027811930308,0.8710662420430364,0.30148085441623024,1.0326644634599378,0.3674933446429382,1.0326644634599378,0.3674933446429382,0.49666666666666665,0.39869038487089925
51,3,rbf,0.32421560600991084,0.001,-1.161465151639802,0.6545900755651266,0.22619195777470338,0.7098511168216807,0.24344825430572553,0.6034825929063402,0.22880646175487296,0.6034825929063402,0.22880646175487296,0.2433333333333333,0.37109654226112226,0.7220534233408532,0.23208015574752666,0.6640834497874712,0.2606771926242276,0.5183815018019864,0.24876265776780193,0.5183815018019864,0.24876265776780193,0.3166666666666666,0.4778423728943818,0.40322269857791443,0.23030390063422354,0.8497762568711276,0.2953072329250419,0.92956267231687,0.33629618355068347,0.92956267231687,0.33629618355068347,0.4799999999999999,0.5228568736708236
51,4,rbf,0.32421560600991084,0.001,-1.161465151639802,0.7160572590046996,0.16873775622107862,0.6973683977067391,0.2355240089761727,0.5409005434549641,0.17374602932206315,0.5409005434549641,0.17374602932206315,0.22,0.4122269211038486,0.8066628177196452,0.18325499784815397,0.6396648892606015,0.24799366243633997,0.4174110046993012,0.2135919341190967,0.4174110046993012,0.2135919341190967,0.35,0.5450403338444242,0.44342058632770953,0.2556915887107273,0.8249392055414845,0.2624219619016251,0.8232031459082422,0.2712973571990227,0.8232031459082422,0.2712973571990227,0.4666666666666666,0.4922386114220548
51,5,rbf,0.32421560600991084,0.001,-1.161465151639802,0.7413561034719384,0.13726129147432975,0.7012227987232076,0.23193706583686954,0.5157723043010519,0.14484647524954586,0.5157723043010519,0.14484647524954586,0.16666666666666666,0.4062726563089962,0.8527222119985024,0.14109935459879577,0.6307138488765764,0.23847161262541786,0.36997027240963043,0.1629449891042093,0.36997027240963043,0.1629449891042093,0.33,0.5246673823185177,0.4815774942728199,0.2642804948698118,0.8172834382933128,0.25716025326131103,0.7800296345612475,0.2769925418849602,0.7800296345612475,0.2769925418849602,0.3966666666666666,0.49722216871080005
52,1,rbf,0.32421560600991084,0.01,-1.1098057153222112,0.35197716473342494,0.23116192351192608,0.8331398133441231,0.3114728380030425,0.9405843378646774,0.2813368531499496,0.9405843378646774,0.2813368531499496,0.55,0.479043587391262,0.4447831300431729,0.238843253797202,0.8165756258723004,0.31956797716901814,0.8722129226976517,0.33784587408744216,0.8722129226976517,0.33784587408744216,0.4066666666666666,0.41350756431669594,0.36542183619822227,0.1999217071703832,0.8715250984988352,0.3736497533202842,0.9909089649048383,0.3516965157527639,0.9909089649048383,0.3516965157527639,0.6266666666666668,0.5091800936958278
52,2,rbf,0.32421560600991084,0.01,-1.1098057153222112,0.5546820505773978,0.2108672206741896,0.7820851779205438,0.29071575744716094,0.7042282145917348,0.21550973634677523,0.7042282145917348,0.21550973634677523,0.44,0.45455548578272864,0.6234260858776816,0.28965656960268427,0.7150515366486643,0.31317651745626757,0.6319614786911191,0.31864110634821785,0.6319614786911191,0.31864110634821785,0.2533333333333333,0.32348675113661074,0.5234263122385857,0.25092054265492403,0.8154484256818381,0.34792604690696616,0.7586428643550881,0.30035492387030893,0.7586428643550881,0.30035492387030893,0.5466666666666666,0.5703799902988651
52,3,rbf,0.32421560600991084,0.01,-1.1098057153222112,0.7284061144495269,0.13739309145074827,0.7065396908515656,0.28905764822412255,0.5289439524971808,0.14950930860135994,0.5289439524971808,0.14950930860135994,0.38666666666666655,0.45993502789530777,0.8052623524625377,0.1267237263943919,0.6660050916400553,0.29483317023483124,0.43301851014167003,0.15598286038811685,0.43301851014167003,0.15598286038811685,0.2433333333333333,0.38657053898246735,0.6967657176361401,0.22168174007424307,0.7492363412373699,0.30699208450129695,0.5502288242073485,0.24181326336492376,0.5502288242073485,0.24181326336492376,0.4599999999999999,0.5163532605253621
52,4,rbf,0.32421560600991084,0.01,-1.1098057153222112,0.7518601405111691,0.08678132568028646,0.7155010480666602,0.27421090851318125,0.50967721522433,0.09645045058531952,0.50967721522433,0.09645045058531952,0.4,0.4792235098717436,0.869144410170167,0.07981904060068185,0.6516519434955411,0.2902125162363621,0.3541593396826406,0.11161252406210649,0.3541593396826406,0.11161252406210649,0.23999999999999994,0.38019958461041353,0.7866701780704838,0.12018814518522271,0.7102208697743373,0.2847356040867078,0.45904032306776915,0.14611059243073277,0.45904032306776915,0.14611059243073277,0.42999999999999994,0.5153840215365358
52,5,rbf,0.32421560600991084,0.01,-1.1098057153222112,0.736565900311134,0.09043510426904926,0.7339854408823021,0.2635139614648791,0.5272689214094629,0.09647671432834085,0.5272689214094629,0.09647671432834085,0.31666666666666665,0.4086000770784384,0.8903281683753596,0.06378714566169018,0.6467759259879179,0.2931711253371001,0.3246998389261098,0.09460717400651499,0.3246998389261098,0.09460717400651499,0.22999999999999998,0.4161813265293436,0.8414023587777868,0.09438105884830039,0.688164337175201,0.28318335492257374,0.39027421473507434,0.12877367098092488,0.39027421473507434,0.12877367098092488,0.25,0.3963192722001308
53,1,rbf,0.32421560600991084,0.1,-1.1619197427711268,0.3579896855639324,0.2655694482354356,0.7525165890817128,0.27719962265375026,0.9300603923823101,0.3194704189786977,0.9300603923823101,0.3194704189786977,0.4066666666666667,0.40166320883712175,0.3729848926803191,0.25662763769461927,0.7609229948286452,0.28272489459350564,0.93446056611057,0.32523481526449743,0.93446056611057,0.32523481526449743,0.43,0.415351948808851,0.38649557071999985,0.28342698136029865,0.7635824994420786,0.291631500357074,0.8934659203433536,0.3343463414613316,0.8934659203433536,0.3343463414613316,0.5,0.5146140167221416
53,2,rbf,0.32421560600991084,0.1,-1.1619197427711268,0.5833369127970135,0.23821086699067825,0.656450438169534,0.2622873613986574,0.6729109776556342,0.24167279946600456,0.6729109776556342,0.24167279946600456,0.33333333333333326,0.4780227474989415,0.605731546497174,0.27518366862357035,0.6648144882947993,0.28549683304266626,0.6509798610926089,0.31290275927476874,0.6509798610926089,0.31290275927476874,0.29333333333333333,0.36665621719697516,0.620215195285822,0.25317286890615004,0.6680001016062352,0.29365793830154735,0.6283946020471499,0.26538712133242304,0.6283946020471499,0.26538712133242304,0.23999999999999996,0.28719811736968204
53,3,rbf,0.32421560600991084,0.1,-1.1619197427711268,0.7586816674830051,0.15605895441518872,0.5763923927155206,0.25493371843971346,0.4871962610930896,0.17774894644042186,0.4871962610930896,0.17774894644042186,0.28666666666666657,0.4400104491967195,0.7871550889131236,0.17343652428433862,0.6001115866522507,0.2849339368366193,0.4458127373019883,0.20112014315763213,0.4458127373019883,0.20112014315763213,0.23333333333333336,0.31549996812211806,0.7906624586663483,0.1691296904986937,0.6013838983123686,0.2876238006906086,0.44223382701645,0.19719972895064408,0.44223382701645,0.19719972895064408,0.22,0.3199137814883988
53,4,rbf,0.32421560600991084,0.1,-1.1619197427711268,0.7836063565424478,0.11602297196912403,0.573640325903572,0.24437654656759822,0.46369206485215086,0.1421406403016307,0.46369206485215086,0.1421406403016307,0.2833333333333333,0.46541292999045364,0.8420143379461552,0.1180801010329059,0.5856555575239267,0.2797334699604389,0.3835481806282264,0.15274655364234435,0.3835481806282264,0.15274655364234435,0.25333333333333335,0.46441162875141295,0.8438861530388049,0.11427640003033689,0.5866264118270863,0.2807955226095662,0.38145770953598046,0.150019185137129,0.38145770953598046,0.150019185137129,0.25333333333333335,0.4651535403412018
53,5,rbf,0.32421560600991084,0.1,-1.1619197427711268,0.7910039309039614,0.1071480820028494,0.5788062212581463,0.25004051528940036,0.45868831154822587,0.12592403317501735,0.45868831154822587,0.12592403317501735,0.24666666666666667,0.41417415405244384,0.8653228418812099,0.0924994289125558,0.5781711736639894,0.2832789833435126,0.35646569005244433,0.12591467086977098,0.35646569005244433,0.12591467086977098,0.16999999999999998,0.332337593212187,0.865516140148297,0.09219919653036504,0.5781042072124651,0.2831701445053411,0.35623726729007493,0.12564532402541329,0.35623726729007493,0.12564532402541329,0.16999999999999998,0.332337593212187
54,1,rbf,0.32421560600991084,0.01,-1.1525404951301346,0.3971494201465206,0.2521191951869938,0.7643662477811947,0.263498737936529,0.8796384903200319,0.27969922916912704,0.8796384903200319,0.27969922916912704,0.33333333333333326,0.41467339315237683,0.43216193237814043,0.26274738930246394,0.7523332902644599,0.26655852470848806,0.8446715076629131,0.3048537336973079,0.8446715076629131,0.3048537336973079,0.3,0.4135631544983434,0.34022627480018097,0.22519722344347606,0.8040932759392541,0.30676124815141204,0.9307176854071199,0.24728992253182733,0.9307176854071199,0.24728992253182733,0.49666666666666653,0.5281609820769665
54,2,rbf,0.32421560600991084,0.01,-1.1525404951301346,0.6009513056118918,0.19353920176074116,0.6713825089669114,0.27109027615511905,0.6614226375651263,0.19287414292734767,0.6614226375651263,0.19287414292734767,0.2566666666666666,0.3971305121470282,0.6477695651986844,0.19435490312845197,0.6464641807418021,0.28500222901060124,0.609195298821658,0.20221026425875488,0.609195298821658,0.20221026425875488,0.19666666666666666,0.23412836640190143,0.40654424390470323,0.23690288531584697,0.7706584628173598,0.3198300684185852,0.8723255377846716,0.2912295980087569,0.8723255377846716,0.2912295980087569,0.51,0.6115835860768508
54,3,rbf,0.32421560600991084,0.01,-1.1525404951301346,0.7136827040961639,0.1314150558036647,0.6130916279030292,0.25183857819713223,0.5478921108395949,0.1373168821925648,0.5478921108395949,0.1373168821925648,0.29666666666666663,0.4106205004652092,0.776740849664361,0.14290681431868751,0.5757950105229322,0.26759664052195314,0.4698589786504069,0.1607668488776762,0.4698589786504069,0.1607668488776762,0.24666666666666665,0.372996564034589,0.6423616823189175,0.20259944024500567,0.6786903684230973,0.2971147480992852,0.616541585487179,0.2073962843927352,0.616541585487179,0.2073962843927352,0.3733333333333333,0.5271480413235587
54,4,rbf,0.32421560600991084,0.01,-1.1525404951301346,0.7716272134203149,0.07473601840375539,0.5916357783405393,0.2525511240920172,0.4875379430635734,0.08805232031141234,0.4875379430635734,0.08805232031141234,0.2099999999999999,0.3294195522116292,0.8413930582471868,0.09500923656850216,0.5403350538673555,0.2734648607744007,0.3906827104926177,0.12786731369661908,0.3906827104926177,0.12786731369661908,0.20666666666666664,0.32898310755640825,0.7486550848512414,0.12228426313954992,0.6337920714718513,0.2758668492273813,0.507984421322757,0.1351824348271031,0.507984421322757,0.1351824348271031,0.20999999999999996,0.36892200839183076
54,5,rbf,0.32421560600991084,0.01,-1.1525404951301346,0.7869909391407661,0.059392509935282174,0.5896342044828788,0.25623601449401046,0.4710184647008664,0.07269034124586964,0.4710184647008664,0.07269034124586964,0.1866666666666666,0.30141429082351695,0.8839701356824896,0.07949130140518959,0.5168059784222627,0.2819212483711295,0.3282957079267138,0.11937783917326189,0.3282957079267138,0.11937783917326189,0.12999999999999998,0.2805782206997444,0.8397181971709374,0.10791291329774143,0.5566811528344572,0.2812455268768922,0.3899812879371096,0.14098592455520562,0.3899812879371096,0.14098592455520562,0.14999999999999997,0.3159550382679418
55,1,rbf,0.20456621780704987,0.1,-1.128909631905062,0.37304141560790005,0.2281343495632019,0.7666805307672769,0.18955860207933128,0.9196033358871875,0.280881444879145,0.9196033358871875,0.280881444879145,0.4566666666666667,0.5184082623153122,0.40595187812329525,0.22351578709442435,0.7539161869873633,0.1852141645245681,0.8650348925488693,0.23555061770199137,0.8650348925488693,0.23555061770199137,0.37999999999999995,0.474450680551585,0.41976212712380356,0.24234184543573528,0.7579631509836185,0.19936228893142377,0.8860313453956424,0.31549679055752167,0.8860313453956424,0.31549679055752167,0.4533333333333333,0.5636906300771565
55,2,rbf,0.20456621780704987,0.1,-1.128909631905062,0.5938805967232692,0.19385671015717318,0.6717557700542623,0.15020075705286512,0.6724068483603192,0.19943859922965185,0.6724068483603192,0.19943859922965185,0.28,0.39075523690977426,0.6516114556213864,0.2041726027039945,0.6597425300571071,0.17604461255289122,0.6075901562617795,0.21583993735489596,0.6075901562617795,0.21583993735489596,0.26666666666666666,0.3924576263824505,0.6496700772355921,0.20289921185402732,0.6618135387447656,0.1756391280566864,0.6110598472551502,0.21555444190308945,0.6110598472551502,0.21555444190308945,0.31666666666666665,0.46019735896178543
55,3,rbf,0.20456621780704987,0.1,-1.128909631905062,0.6872417847782643,0.11543439406744835,0.6460878220944721,0.1543494441729912,0.5776032672589099,0.12151768353066297,0.5776032672589099,0.12151768353066297,0.3,0.46756891433795345,0.7638752808681377,0.14012674467171415,0.6225226303084282,0.1794521770741477,0.48171093503781987,0.16844831608891161,0.48171093503781987,0.16844831608891161,0.23,0.3715299217541176,0.7460004160889078,0.1430804526738918,0.6353122700789551,0.17823318287846177,0.5062821844250095,0.16007368615828668,0.5062821844250095,0.16007368615828668,0.24999999999999997,0.4423682348139543
55,4,rbf,0.20456621780704987,0.1,-1.128909631905062,0.7530999476371911,0.10150941031801852,0.6211206180708174,0.16627910882038452,0.5065533518406479,0.11068530643194945,0.5065533518406479,0.11068530643194945,0.26,0.4239388374884217,0.8419142996845446,0.10668391884852828,0.5929605749654887,0.1882093695743103,0.3873495476603621,0.1392088524055614,0.3873495476603621,0.1392088524055614,0.12666666666666668,0.30842573949268437,0.8389803183565816,0.10657240324534674,0.5958013055569993,0.18791032265970753,0.3914729006714615,0.13911316072299026,0.3914729006714615,0.13911316072299026,0.12666666666666668,0.30842573949268437
55,5,rbf,0.20456621780704987,0.1,-1.128909631905062,0.7578081280533026,0.0919941562182245,0.6268743321142817,0.16626865458520643,0.5023304994843144,0.1012043182009331,0.5023304994843144,0.1012043182009331,0.17999999999999997,0.29054051886690146,0.8697301064407179,0.08676009407454152,0.5841009740805464,0.18919057302583128,0.3518990526907988,0.11791747242430765,0.3518990526907988,0.11791747242430765,0.07666666666666669,0.0935260735665815,0.8673178525069247,0.08441517006663181,0.5860910519000023,0.18852802509226005,0.35604112990161607,0.11568391396677354,0.35604112990161607,0.11568391396677354,0.13333333333333336,0.29282610272443554
56,1,rbf,0.32421560600991084,0.01,-1.1765773684197836,0.3452343061191601,0.2851942028572427,0.8129351670180391,0.2704063111140746,0.9436858492744719,0.3248845763431832,0.9436858492744719,0.3248845763431832,0.5266666666666666,0.5765135003553291,0.37312674222359316,0.29612783749370725,0.8009871964647787,0.2842128190307225,0.9085265496971898,0.3386905527455609,0.9085265496971898,0.3386905527455609,0.5066666666666666,0.5551845504491919,0.35723169840571517,0.28925042146274016,0.8537115198318264,0.2988133077049458,0.9542451429547282,0.36224480179159935,0.9542451429547282,0.36224480179159935,0.5400000000000003,0.5481001670346839
56,2,rbf,0.32421560600991084,0.01,-1.1765773684197836,0.6075309932011148,0.22818292992958683,0.7455625201423249,0.23750984348744958,0.6547462049683956,0.2347641479840759,0.6547462049683956,0.2347641479840759,0.4266666666666667,0.5824640485180969,0.6621797172907085,0.24918811267290783,0.7107678290802701,0.256579945395637,0.5913455985347968,0.2634993297490228,0.5913455985347968,0.2634993297490228,0.4233333333333333,0.5846798908057671,0.5333110701668006,0.26863508081070436,0.7944602344384201,0.3069645716041288,0.7392850549581185,0.3007130881213931,0.7392850549581185,0.3007130881213931,0.4766666666666666,0.5751661429135263
56,3,rbf,0.32421560600991084,0.01,-1.1765773684197836,0.706684470581633,0.16267380943666637,0.7003404085724934,0.21602372337728964,0.5529474500461905,0.17131719390938444,0.5529474500461905,0.17131719390938444,0.41,0.6609032481750078,0.7889497002957714,0.16394298315085057,0.657139607131951,0.23691826883422576,0.451769940452249,0.18336702290580018,0.451769940452249,0.18336702290580018,0.27666666666666667,0.5090107602231888,0.6354045883203396,0.2370935350332233,0.738768999430648,0.28657475719731457,0.6293789546553482,0.26382544546423387,0.6293789546553482,0.26382544546423387,0.4133333333333333,0.6146113621116858
56,4,rbf,0.32421560600991084,0.01,-1.1765773684197836,0.7288542805106233,0.14571293868372337,0.7013086646768685,0.22474997202309266,0.5322116816355994,0.1546621649310617,0.5322116816355994,0.1546621649310617,0.44,0.6387487769068525,0.8428709238749281,0.1111636190436284,0.635606925573959,0.24408373456149363,0.3855950799721212,0.14258895928788004,0.3855950799721212,0.14258895928788004,0.26333333333333336,0.5215912875656263,0.7751799460904208,0.16417545877735942,0.6842176345820381,0.25879859005835715,0.4748058561978492,0.18207872103552739,0.4748058561978492,0.18207872103552739,0.30333333333333334,0.5910151018161149
56,5,rbf,0.32421560600991084,0.01,-1.1765773684197836,0.7663586374181982,0.0904648893719458,0.6890644300603997,0.22626349232556714,0.4915124614308526,0.10470102577215272,0.4915124614308526,0.10470102577215272,0.31333333333333335,0.5550603156621706,0.878174986522595,0.06931698233231158,0.6192859116939516,0.25332424611075827,0.3413748040989111,0.1052266138815707,0.3413748040989111,0.1052266138815707,0.07666666666666666,0.0858359836662575,0.8651089462359536,0.07117639651285762,0.6288679522753026,0.25671256208512216,0.36132946158343787,0.1056473598059408,0.36132946158343787,0.1056473598059408,0.11,0.23975562270922796
57,1,rbf,0.32421560600991084,0.01,-1.1296772597231686,0.4799451609003646,0.2831414457964413,0.7589940604290163,0.24722842619488777,0.836129341251149,0.37296323592923064,0.836129341251149,0.37296323592923064,0.3499999999999999,0.4057772448201022,0.5128728172323707,0.3081883148679194,0.7436884816418275,0.2482126040190365,0.8010398617036549,0.41267452465316773,0.8010398617036549,0.41267452465316773,0.2833333333333333,0.31192763676005475,0.5009871187662439,0.27684465425956395,0.7921588341312003,0.23088967460600485,0.8431372820733185,0.4056258837883627,0.8431372820733185,0.4056258837883627,0.6366666666666667,0.6025711194730365
57,2,rbf,0.32421560600991084,0.01,-1.1296772597231686,0.5791922274939064,0.23358782069648024,0.7161884427716703,0.22659441223398408,0.6822127038195466,0.2373613391886851,0.6822127038195466,0.2373613391886851,0.23999999999999996,0.2931399571582806,0.639915582150181,0.2700332457820244,0.6745260489450685,0.23959198431557002,0.6076442963550445,0.29017707749374433,0.6076442963550445,0.29017707749374433,0.25999999999999995,0.3538945878511634,0.559593121727329,0.26857813589846974,0.7686288562006556,0.24058724481848298,0.7629090798913374,0.3880728405358115,0.7629090798913374,0.3880728405358115,0.5499999999999999,0.6344968139372741
57,3,rbf,0.32421560600991084,0.01,-1.1296772597231686,0.699572860044691,0.19141385498100724,0.6611149872503205,0.2341193471685985,0.5523426241534446,0.20549836119032985,0.5523426241534446,0.20549836119032985,0.33999999999999997,0.47893560145893055,0.7738174701785705,0.19664338359784575,0.6201217602220462,0.2460678584826818,0.46202306975809226,0.2175316302725955,0.46202306975809226,0.2175316302725955,0.21,0.31222229039690563,0.6452182176011425,0.26355743253509617,0.7023207005181126,0.2596401508213421,0.6515219197515251,0.3695347892602132,0.6515219197515251,0.3695347892602132,0.37333333333333324,0.59418639437837
57,4,rbf,0.32421560600991084,0.01,-1.1296772597231686,0.7499177879384611,0.14167672794414476,0.6409942951839102,0.22873297738865528,0.502214742749182,0.16055521394494762,0.502214742749182,0.16055521394494762,0.23666666666666664,0.3508446294629412,0.8423139530659163,0.12444852414565434,0.5833668328989738,0.24668841665437743,0.38545579916308714,0.1517746247793701,0.38545579916308714,0.1517746247793701,0.2633333333333333,0.45899690730934145,0.7070998062634641,0.2079965507248209,0.6619071934757934,0.2388880442480457,0.5384221159254584,0.22725792865116426,0.5384221159254584,0.22725792865116426,0.36666666666666664,0.49781130155313164
57,5,rbf,0.32421560600991084,0.01,-1.1296772597231686,0.7571605055579284,0.11069601234701172,0.6513232831357085,0.23204924362289994,0.4981032063089777,0.13010895823817564,0.4981032063089777,0.13010895823817564,0.25999999999999995,0.3864961970638619,0.8858233054907632,0.06146684266611319,0.5732744301502865,0.24274883444836265,0.3311912260001602,0.09685749428919921,0.3311912260001602,0.09685749428919921,0.18666666666666665,0.34713937709000514,0.8475264029788203,0.11316794457169238,0.5923963232739254,0.25224902689750606,0.3770173049566151,0.14773720948161223,0.3770173049566151,0.14773720948161223,0.28333333333333327,0.49136216949333356
58,1,rbf,0.32421560600991084,0.01,-1.1778227782577528,0.43995661501159405,0.2271462583915358,0.9140714245425497,0.39732235700287977,0.8323085276759302,0.24239072557697625,0.8323085276759302,0.24239072557697625,0.4599999999999999,0.6178940875653981,0.4854739522707716,0.26328665574923354,0.8997892560031314,0.4105859436336566,0.7860647023879844,0.2844868239111458,0.7860647023879844,0.2844868239111458,0.5166666666666666,0.6586733444679872,0.41848012225960124,0.25480994364680026,0.9281036479323461,0.3902366335214412,0.8499573153496225,0.2641499071965862,0.8499573153496225,0.2641499071965862,0.3366666666666666,0.4752373877470539
58,2,rbf,0.32421560600991084,0.01,-1.1778227782577528,0.5797893722567891,0.17492404280248114,0.8391993490737906,0.3878020204558933,0.6853030259467955,0.17451086562385748,0.6853030259467955,0.17451086562385748,0.5666666666666667,0.6914918072835209,0.614085657345285,0.20911460679340646,0.8165289343801544,0.4036381000702275,0.6448825836091051,0.21955054449687653,0.6448825836091051,0.21955054449687653,0.6066666666666667,0.7305799931812954,0.5319670237672807,0.2395471699979673,0.8916150480487416,0.4030217124711253,0.7325212609971629,0.24267112048148876,0.7325212609971629,0.24267112048148876,0.3033333333333333,0.4788515955645472
58,3,rbf,0.32421560600991084,0.01,-1.1778227782577528,0.7196066157038916,0.1319117817664421,0.7720554896649984,0.39713451405118544,0.540476500623391,0.14084066300641226,0.540476500623391,0.14084066300641226,0.4333333333333333,0.5671059825132325,0.7752239043622766,0.15643381714280857,0.7407060119000176,0.41466795119443256,0.4671375806270381,0.1812054778024825,0.4671375806270381,0.1812054778024825,0.3233333333333333,0.5386338615252566,0.6146073083564672,0.2241366265836736,0.860000818234432,0.4122265917860455,0.6422194282670944,0.22811232488554956,0.6422194282670944,0.22811232488554956,0.30666666666666664,0.5078238449219024
58,4,rbf,0.32421560600991084,0.01,-1.1778227782577528,0.796103516385782,0.0949115323303162,0.7461309768263629,0.3996589146613294,0.4543306492430241,0.11297794667422963,0.4543306492430241,0.11297794667422963,0.2866666666666667,0.49251874344402186,0.8632281336801529,0.11458366201774832,0.7012393808262528,0.4265246355207076,0.348914405731006,0.15969151135315354,0.348914405731006,0.15969151135315354,0.2033333333333333,0.4311039024558275,0.7381168065194557,0.22357044900531084,0.7790788848059265,0.4539917434835638,0.4955830921081856,0.24907693298727523,0.4955830921081856,0.24907693298727523,0.21666666666666665,0.4465062329821993
58,5,rbf,0.32421560600991084,0.01,-1.1778227782577528,0.8058769489546665,0.08920753021741744,0.7470897150519543,0.4033520644479504,0.44366256286689604,0.10490290829210007,0.44366256286689604,0.10490290829210007,0.2233333333333333,0.4384009606500089,0.8922496719190052,0.09814843489219686,0.684580019405453,0.4388413855532993,0.31124111477376176,0.1339475902965095,0.31124111477376176,0.1339475902965095,0.18666666666666665,0.42323331246678736,0.8711393515664952,0.12321571961449773,0.6935522881553727,0.45083978050704443,0.3409763418713056,0.15550452531067896,0.3409763418713056,0.15550452531067896,0.23333333333333328,0.47294625584683536
59,1,rbf,0.32421560600991084,0.01,-1.1842187506473485,0.41290651360496106,0.2754936977009424,0.7993917094001635,0.3087227834261286,0.8646494642099628,0.30296539477615336,0.8646494642099628,0.30296539477615336,0.3933333333333333,0.425021973738911,0.4493025505427017,0.2682194388748858,0.7850887364450988,0.3176928970332885,0.8416918650852548,0.33312948606456233,0.8416918650852548,0.33312948606456233,0.34999999999999987,0.35208737160167974,0.3594538045148064,0.27058142568911475,0.9054878239988547,0.3397356440634074,1.0068009381804204,0.4008663247110858,1.0068009381804204,0.4008663247110858,0.7200000000000001,0.7322144023675596
59,2,rbf,0.32421560600991084,0.01,-1.1842187506473485,0.5411113548711941,0.20937333288528542,0.7640039691299633,0.3054706254364483,0.7207351141437887,0.20555653196118467,0.7207351141437887,0.20555653196118467,0.3433333333333333,0.3710965422611223,0.602834282853052,0.2449946758468622,0.7301621857889075,0.3252548833265513,0.6516336037388087,0.2605870882209831,0.6516336037388087,0.2605870882209831,0.35,0.47032637237531566,0.45949133690782923,0.28493714263550746,0.8363655044524123,0.3520313659844203,0.8294126359784999,0.3496152652512105,0.8294126359784999,0.3496152652512105,0.3733333333333333,0.47773411544233607
59,3,rbf,0.32421560600991084,0.01,-1.1842187506473485,0.6720201534533294,0.16823650496799994,0.7194416694001232,0.3137071940846956,0.5898397547212854,0.1690827319191017,0.5898397547212854,0.1690827319191017,0.26999999999999996,0.3611762393376245,0.7239517688484106,0.2109073763030605,0.6847327727030378,0.3222570645173168,0.5195718311442393,0.2307407360441489,0.5195718311442393,0.2307407360441489,0.35333333333333333,0.46589427047815024,0.6332680146214975,0.26267423287136427,0.7396342312883808,0.3644667175266268,0.6167702080304763,0.2911461017038795,0.6167702080304763,0.2911461017038795,0.3,0.43470164163639785
59,4,rbf,0.32421560600991084,0.01,-1.1842187506473485,0.7793745906219512,0.08665423828798276,0.6884277532084451,0.3103893720963796,0.4766560667883484,0.1014178815367829,0.4766560667883484,0.1014178815367829,0.17999999999999997,0.2771778963173228,0.8582621461752656,0.09917437464729248,0.6344590341711981,0.3322935499208329,0.3684956896916679,0.12409586328321254,0.3684956896916679,0.12409586328321254,0.1933333333333333,0.3814069537486385,0.6829170760731037,0.2233821321460649,0.73301783650725,0.3501670423150419,0.5749029277015534,0.2421864189028716,0.5749029277015534,0.2421864189028716,0.30333333333333334,0.4429395018496889
59,5,rbf,0.32421560600991084,0.01,-1.1842187506473485,0.7852573748694804,0.07192974848511252,0.6935346635254519,0.3061629552292344,0.47148166145653775,0.08659740896257329,0.47148166145653775,0.08659740896257329,0.1466666666666666,0.272578154984424,0.8881631199090808,0.06563397615972369,0.6197467802622103,0.33235842372937313,0.3272929705412965,0.09830678863140963,0.3272929705412965,0.09830678863140963,0.15666666666666665,0.3729503372072326,0.8077605309627476,0.1217180785265404,0.6596542292148885,0.3248951248419224,0.4338053206617773,0.14371616094353984,0.4338053206617773,0.14371616094353984,0.24666666666666665,0.42323331246678725
60,1,rbf,0.32421560600991084,0.01,-1.135552999156119,0.3602656531868984,0.2723477323750329,0.7869639113743883,0.3209858082236075,0.9132077126955952,0.29061561111259254,0.9132077126955952,0.29061561111259254,0.3399999999999999,0.3728732797595192,0.4096598097412722,0.2823945346637908,0.7722579398131368,0.3333245059566669,0.8592796983963535,0.30221277861108714,0.8592796983963535,0.30221277861108714,0.2833333333333333,0.3052227375872084,0.30373662157011866,0.24396816144338848,0.8715149161186598,0.3458385748116912,1.0517480995956319,0.3543952897131142,1.0517480995956319,0.3543952897131142,0.6766666666666669,0.5237025566255067
60,2,rbf,0.32421560600991084,0.01,-1.135552999156119,0.5038767694308487,0.2712846799744367,0.7250073837899272,0.2839653881284836,0.7617646283180354,0.2814308669345395,0.7617646283180354,0.2814308669345395,0.38666666666666666,0.4462358533125831,0.5662691956258494,0.27940098527247176,0.6992019878126371,0.30522860048443806,0.6926807119618386,0.29513948575324006,0.6926807119618386,0.29513948575324006,0.3966666666666666,0.4559819516492786,0.3893618390916035,0.24624811894668297,0.8158143293247438,0.33674388256027,0.8817899053753936,0.26303621025120016,0.8817899053753936,0.26303621025120016,0.53,0.5440271291409826
60,3,rbf,0.32421560600991084,0.01,-1.135552999156119,0.6698349605466937,0.1976183812588706,0.6639280195797401,0.27257256883952774,0.5908356571302743,0.20317196800708517,0.5908356571302743,0.20317196800708517,0.3566666666666665,0.5103638548798456,0.7392766123218297,0.20707911974004242,0.6316315190615269,0.28653803513702675,0.5079636459410793,0.22128489076558583,0.5079636459410793,0.22128489076558583,0.27666666666666667,0.429661722058527,0.5321888913252913,0.2716572918283755,0.759221780810151,0.32025220041068464,0.7487614156287089,0.331463249473659,0.7487614156287089,0.331463249473659,0.4733333333333334,0.4898510212181922
60,4,rbf,0.32421560600991084,0.01,-1.135552999156119,0.7640305185794426,0.08066400278722603,0.6514075409066581,0.2558722293816121,0.4955462416081488,0.09454092678929288,0.4955462416081488,0.09454092678929288,0.31333333333333335,0.43922606961550575,0.8463281127994519,0.08829470106719807,0.6033808322610592,0.27990246734952484,0.38631373615355646,0.11773529590898565,0.38631373615355646,0.11773529590898565,0.20333333333333334,0.3837054665462447,0.6564745317864904,0.2605213931707098,0.6998706124670713,0.31292794410695607,0.5853944665513406,0.2871731509052144,0.5853944665513406,0.2871731509052144,0.3433333333333332,0.47683101418841667
60,5,rbf,0.32421560600991084,0.01,-1.135552999156119,0.778488177025362,0.07885826804068895,0.6476436112714594,0.2585622943583945,0.4783670670610359,0.09511784448110565,0.4783670670610359,0.09511784448110565,0.29,0.4474833843958285,0.8712127592342569,0.0846726538048636,0.5931052145521516,0.2861286225092721,0.3490701362948168,0.11886989118935354,0.3490701362948168,0.11886989118935354,0.22666666666666666,0.413507564316696,0.7309229920585937,0.23328661131239584,0.6691766156937359,0.311247549947776,0.5050545961953761,0.2609746594261087,0.5050545961953761,0.2609746594261087,0.27999999999999997,0.45968504960199247
61,1,rbf,0.32421560600991084,0.01,-1.168119275219341,0.3769014757189204,0.23712463905590458,0.8637368356855046,0.34499695275818454,0.9111552143230038,0.28663156321046734,0.9111552143230038,0.28663156321046734,0.4333333333333333,0.4714857904271481,0.47100615875406976,0.2600547803378225,0.8394959701839965,0.35424222150364176,0.8201139356662666,0.3276712583911472,0.8201139356662666,0.3276712583911472,0.3966666666666666,0.44293950184968894,0.34493144591240604,0.2612087092582233,0.9211955086951643,0.3533735011840534,1.0321837295337095,0.40269915945622076,1.0321837295337095,0.40269915945622076,0.4466666666666666,0.4288986162119269
61,2,rbf,0.32421560600991084,0.01,-1.168119275219341,0.5571588373550864,0.20812196840808297,0.7881885694828272,0.3044727980647544,0.7061162405406257,0.2125486096522069,0.7061162405406257,0.2125486096522069,0.2933333333333333,0.4266415222475974,0.6154358951654744,0.2297053122803199,0.7576684348310759,0.3091344834894604,0.6387027945374761,0.2479361564370196,0.6387027945374761,0.2479361564370196,0.29999999999999993,0.469041575982343,0.43630519318070743,0.2783348116836981,0.882061362126305,0.3429906530318239,0.8598655026748891,0.3478975705005274,0.8598655026748891,0.3478975705005274,0.4599999999999999,0.5580755108962129
61,3,rbf,0.32421560600991084,0.01,-1.168119275219341,0.6780810174284093,0.14308135830007854,0.7653864695916528,0.31217741608157235,0.5855184946739919,0.1516614495252291,0.5855184946739919,0.1516614495252291,0.23999999999999996,0.42312466574122176,0.735740741281283,0.18445450081922857,0.7140472540053187,0.33197609479373924,0.5094139773810904,0.20981823305376154,0.5094139773810904,0.20981823305376154,0.14333333333333328,0.22694877643740846,0.6278176721713197,0.24523058869548142,0.7854175551240472,0.35502080793452784,0.6332161606090337,0.27058014358365406,0.6332161606090337,0.27058014358365406,0.38999999999999996,0.5967440391624051
61,4,rbf,0.32421560600991084,0.01,-1.168119275219341,0.7592476897558156,0.08928360223060731,0.7480537812126103,0.32034035273386025,0.5004693807185372,0.10144204126950246,0.5004693807185372,0.10144204126950246,0.1633333333333333,0.2470283151902776,0.8411191581079981,0.10542301324444482,0.6784859304729327,0.33949357791552304,0.38989895492240206,0.13502586368397695,0.38989895492240206,0.13502586368397695,0.08333333333333333,0.15104996509110152,0.7283761307550655,0.17344069658019728,0.7600259851324302,0.3397148848144791,0.5189331525065912,0.19531568243344336,0.5189331525065912,0.19531568243344336,0.19999999999999998,0.4193591169457476
61,5,rbf,0.32421560600991084,0.01,-1.168119275219341,0.7748473769495009,0.06805553549339703,0.7568891872997809,0.3124552984326174,0.48519215544789124,0.07743487288271571,0.48519215544789124,0.07743487288271571,0.13333333333333333,0.22334963055994597,0.8875503339471532,0.06637297383037807,0.6631147793452807,0.34679709434106504,0.32472761657531213,0.10979535842635121,0.32472761657531213,0.10979535842635121,0.04333333333333334,0.06260623155792926,0.8749343122193796,0.07951963168797181,0.6673414196558479,0.34646769716250975,0.34097868895626005,0.12413559041970758,0.34097868895626005,0.12413559041970758,0.09333333333333334,0.3258234484198918
62,1,rbf,0.20456621780704987,10.0,-1.220823906041529,0.49378842758909075,0.27682812610622715,0.7285798722815887,0.29710257818046537,0.8134392036586384,0.3714319261982481,0.8134392036586384,0.3714319261982481,0.49333333333333335,0.5723113050473994,0.4917087273525686,0.2828539247451031,0.8821574875080755,0.26887506814631734,0.7997410492081344,0.3521563644759945,0.7997410492081344,0.3521563644759945,0.4399999999999999,0.5109828258130229,0.4893976420212922,0.2886858063317691,0.8820990908990324,0.2689529698727611,0.7947197330805218,0.3527742564092674,0.7947197330805218,0.3527742564092674,0.4399999999999999,0.5109828258130229
62,2,rbf,0.20456621780704987,10.0,-1.220823906041529,0.6321778392382911,0.2379535879008932,0.6524359971430148,0.26685246017972286,0.636734191361656,0.2788411367991431,0.636734191361656,0.2788411367991431,0.23666666666666666,0.35958149364881486,0.6796072497142541,0.22232548231395619,0.879393068861446,0.268863355970913,0.5686804002033157,0.2389388249363228,0.5686804002033157,0.2389388249363228,0.33,0.4836285265822705,0.6793909862843729,0.22434875504141163,0.8793977762609652,0.2688633578256426,0.5688257809620825,0.2411620061589327,0.5688257809620825,0.2411620061589327,0.28,0.4326342725595182
62,3,rbf,0.20456621780704987,10.0,-1.220823906041529,0.7611238131774631,0.15115569798464862,0.5964988164339605,0.24691155930747583,0.49209201541019437,0.15810314852395768,0.49209201541019437,0.15810314852395768,0.18333333333333326,0.24786444200246915,0.8247519683566197,0.14990794776143596,0.8779682652290572,0.2688545196925838,0.40505148922083534,0.17289610007770118,0.40505148922083534,0.17289610007770118,0.17333333333333334,0.3161550616208853,0.8264379421858677,0.15038416602845617,0.8779569109340494,0.2688438771791882,0.40238379753605436,0.17394548758351192,0.40238379753605436,0.17394548758351192,0.17666666666666667,0.3058998408689978
62,4,rbf,0.20456621780704987,10.0,-1.220823906041529,0.7919217493017126,0.06440397836506016,0.5982206682779918,0.2372963361059929,0.46483989292028216,0.07608904942704411,0.46483989292028216,0.07608904942704411,0.20999999999999996,0.39422556119999164,0.88234117578411,0.06716731938548043,0.8775283344745362,0.26896592562989396,0.3359633695252936,0.10089983496060345,0.3359633695252936,0.10089983496060345,0.15666666666666668,0.29441155024818616,0.8827972746417292,0.0672833645092553,0.8775242303384345,0.26896859196599654,0.33522068517402054,0.10099227208973112,0.33522068517402054,0.10099227208973112,0.15666666666666668,0.29441155024818616
62,5,rbf,0.20456621780704987,10.0,-1.220823906041529,0.7805846265144,0.06816915591481103,0.6109778722140258,0.23759790595603686,0.4779340063316652,0.08027750346614825,0.4779340063316652,0.08027750346614825,0.15,0.24459678290381615,0.8884245279449307,0.06084330885884015,0.877474751716518,0.2689858313393757,0.3275840985006811,0.09470241696524319,0.3275840985006811,0.09470241696524319,0.15,0.2933163526955507,0.8893625489166936,0.060222309443563875,0.8774686415350138,0.268991810138033,0.32623287673189855,0.09395639532700785,0.32623287673189855,0.09395639532700785,0.1466666666666666,0.29447010659515327
63,1,rbf,0.32421560600991084,0.01,-1.1708074479550696,0.3237131927956148,0.23929920748744793,0.7984794537758699,0.29703955548159466,0.9516748327071234,0.25549840515738625,0.9516748327071234,0.25549840515738625,0.5333333333333333,0.5306686305052324,0.3546426882180935,0.24363447496924867,0.7874018686020905,0.30296542798655046,0.9209545482622009,0.2631816119700496,0.9209545482622009,0.2631816119700496,0.7166666666666668,0.6507731917699413,0.26102034709221905,0.24216015098167049,0.8516318385691882,0.31273804614935713,1.095267334205869,0.3426800231927411,1.095267334205869,0.3426800231927411,0.6233333333333334,0.5751661429135263
63,2,rbf,0.32421560600991084,0.01,-1.1708074479550696,0.5584662891160398,0.27772953106904597,0.6993222441006174,0.3081642542269451,0.705941230930382,0.29852557430974846,0.705941230930382,0.29852557430974846,0.4166666666666667,0.5072463411151554,0.594737749244278,0.29411737607812316,0.6745283589313423,0.3264196470417641,0.6627591186635953,0.325184404705802,0.6627591186635953,0.325184404705802,0.46333333333333326,0.5750462250285105,0.49521962896085925,0.26641153493824765,0.7523926652702067,0.30233774951920617,0.7826582071895269,0.29595642534168054,0.7826582071895269,0.29595642534168054,0.48000000000000004,0.5410079991759954
63,3,rbf,0.32421560600991084,0.01,-1.1708074479550696,0.7088962597709553,0.17765723083868376,0.6474110626843829,0.3100142577506531,0.5523334940746928,0.19196133362867115,0.5523334940746928,0.19196133362867115,0.28666666666666657,0.4368644809464872,0.7429373415206764,0.19338650330952886,0.617415275226265,0.3304688578375933,0.5067591119429283,0.21543465981881635,0.5067591119429283,0.21543465981881635,0.22999999999999998,0.3364623256052959,0.5765885318045523,0.2248568793895908,0.7247450307359206,0.3130204473831691,0.6923790577904522,0.23673869070915585,0.6923790577904522,0.23673869070915585,0.31666666666666665,0.5180090089306684
63,4,rbf,0.32421560600991084,0.01,-1.1708074479550696,0.7787597657911446,0.08149169368555341,0.6316637971564102,0.30350886238382524,0.4786333050913202,0.09354894919121388,0.4786333050913202,0.09354894919121388,0.21666666666666665,0.3444969679395455,0.838977067019606,0.10108168271628598,0.5823481300965213,0.32496862400409454,0.3956582366654731,0.12508780777018114,0.3956582366654731,0.12508780777018114,0.1766666666666666,0.2836745747644933,0.6815829868731712,0.22054773195550814,0.6824842478633244,0.31199299398113667,0.575278957016975,0.23521858965941628,0.575278957016975,0.23521858965941628,0.2866666666666667,0.5431284431394903
63,5,rbf,0.32421560600991084,0.01,-1.1708074479550696,0.7642539838812366,0.10419908302793376,0.6437175779197608,0.3015618871992002,0.4920563005366422,0.11883444402663716,0.4920563005366422,0.11883444402663716,0.22999999999999993,0.31420397504015524,0.8666817500926511,0.08762660461107766,0.5684184396360361,0.3258850649657738,0.3573959217869152,0.11560157766708092,0.3573959217869152,0.11560157766708092,0.11333333333333334,0.26357402066177943,0.8394980934123419,0.07650136211580466,0.5875792389429156,0.3305802616380919,0.39936101884816827,0.10136173236009552,0.39936101884816827,0.10136173236009552,0.06666666666666667,0.0844182254113956
64,1,rbf,0.32421560600991084,0.01,-1.1465619023356697,0.358049728824074,0.26052437124823963,0.8610297595994455,0.3369261015981983,0.9181550399397743,0.2819447837802194,0.9181550399397743,0.2819447837802194,0.5466666666666666,0.5673491495289867,0.4146603560415071,0.2834046543868146,0.840886766501713,0.3439035454290073,0.8704188395426378,0.328762605884583,0.8704188395426378,0.328762605884583,0.6066666666666667,0.6766720457291437,0.4058378592853611,0.25092002779948874,0.8972401428911124,0.357407332661703,0.9552069526055846,0.38249155873784596,0.9552069526055846,0.38249155873784596,0.6833333333333333,0.657100912490161
64,2,rbf,0.32421560600991084,0.01,-1.1465619023356697,0.5606087671985501,0.22800091940155504,0.7767652431711534,0.2938068189758928,0.7055649460234487,0.2406294703825357,0.7055649460234487,0.2406294703825357,0.4599999999999999,0.6014923968333066,0.6180807132705819,0.24600841097186793,0.7459123961017371,0.30207880251500246,0.6410019042804517,0.2683807705724909,0.6410019042804517,0.2683807705724909,0.41666666666666674,0.5285525670091424,0.4848166065877252,0.2911489361303126,0.8591125508226598,0.36467180027879187,0.7891411881751732,0.3181001022010119,0.7891411881751732,0.3181001022010119,0.5533333333333335,0.6312184895970614
64,3,rbf,0.32421560600991084,0.01,-1.1465619023356697,0.6926050848222455,0.165024977968828,0.7585263363331836,0.3009440231863884,0.5670898979567202,0.16943359346684342,0.5670898979567202,0.16943359346684342,0.44333333333333336,0.6157044372286014,0.7477412955406041,0.18198484240611937,0.7114617690099359,0.3176186783275998,0.496275223578974,0.2041637040662405,0.496275223578974,0.2041637040662405,0.4133333333333334,0.5894084312686533,0.6433634274630445,0.26629851371029734,0.7714869925996776,0.34552881376481603,0.6032886512402892,0.2796331990654319,0.6032886512402892,0.2796331990654319,0.4900000000000001,0.6598589190906253
64,4,rbf,0.32421560600991084,0.01,-1.1465619023356697,0.7495756530896163,0.10716360941405512,0.7469719203598575,0.3034512317864448,0.5110698613744169,0.11369652470202145,0.5110698613744169,0.11369652470202145,0.21,0.34874158004914246,0.8367804991270759,0.11644837322322427,0.6812000936624606,0.31702998987089837,0.3918583469075603,0.15015867855474369,0.3918583469075603,0.15015867855474369,0.24333333333333335,0.4889702997350539,0.7576170859657064,0.19564259771720194,0.7280955847285145,0.3402454826069398,0.48121632203079084,0.2186056526942174,0.48121632203079084,0.2186056526942174,0.38333333333333336,0.64705344518018
64,5,rbf,0.32421560600991084,0.01,-1.1465619023356697,0.7547652560667827,0.10858948536923478,0.7508171874482132,0.3061024088369367,0.5036584473476551,0.11964783206772266,0.5036584473476551,0.11964783206772266,0.25000000000000006,0.3928235543187123,0.879377378422813,0.10065419443375966,0.6626975155613449,0.323719024977139,0.3327729178103314,0.1337201103931875,0.3327729178103314,0.1337201103931875,0.25666666666666665,0.5056121815788457,0.873939085124535,0.10085090310239124,0.6624055571158655,0.32643876112209635,0.3410873157083994,0.13449068296681632,0.3410873157083994,0.13449068296681632,0.25666666666666665,0.511713371637525
65,1,rbf,0.20456621780704987,0.1,-1.1270565570842173,0.4369292683267514,0.2612041093711195,0.8032800440826697,0.2934578655088407,0.8811551902416881,0.3571946923547159,0.8811551902416881,0.3571946923547159,0.7733333333333332,0.5304086474910956,0.43737351022169424,0.2452485570920749,0.8034070055028281,0.30115954460278416,0.8534974775559913,0.2958949014980176,0.8534974775559913,0.2958949014980176,0.6433333333333332,0.6106431506790725,0.4793305789045871,0.273741097730908,0.8091563767324392,0.2941707985603952,0.8523725901488372,0.39603327486573137,0.8523725901488372,0.39603327486573137,0.6033333333333334,0.5780367088530013
65,2,rbf,0.20456621780704987,0.1,-1.1270565570842173,0.5994824824344556,0.186811880530024,0.7117811714953729,0.2362982205209625,0.6636849132584921,0.1845203053032284,0.6636849132584921,0.1845203053032284,0.6300000000000001,0.5977832613800816,0.6527260381139098,0.1946600282761321,0.7199381177646882,0.23711097688947808,0.6010517189823473,0.20966537631227727,0.6010517189823473,0.20966537631227727,0.5266666666666666,0.4989183703070925,0.6415092319246963,0.1976682241351909,0.7225978673486045,0.25659525056784216,0.6157773219350876,0.20345494133127942,0.6157773219350876,0.20345494133127942,0.59,0.5141782865357382
65,3,rbf,0.20456621780704987,0.1,-1.1270565570842173,0.70966776204014,0.12849501434962954,0.6524388200294106,0.24718648919429673,0.5523418821115331,0.13515715820044524,0.5523418821115331,0.13515715820044524,0.4133333333333333,0.521756538107067,0.7806886991831674,0.1464751583426351,0.6599197784586035,0.24369423255960604,0.4614811138599109,0.1720832897806258,0.4614811138599109,0.1720832897806258,0.4066666666666666,0.531058366383345,0.7672075344609461,0.15321375180222851,0.6695608009445579,0.2550550085147422,0.48059581512166355,0.17113302222947657,0.48059581512166355,0.17113302222947657,0.48000000000000004,0.631582577122056
65,4,rbf,0.20456621780704987,0.1,-1.1270565570842173,0.7614549592732776,0.1245539396102207,0.6462901073024289,0.24654079208833768,0.4940562802437577,0.13537095727579837,0.4940562802437577,0.13537095727579837,0.31666666666666665,0.5106340435544634,0.8416583927557786,0.1090369182644105,0.6414219050758754,0.24936122006637845,0.387100944947501,0.14188645740461392,0.387100944947501,0.14188645740461392,0.36,0.4917246215599498,0.8426707885504009,0.10884923301783224,0.6423725565634759,0.24880413957649575,0.38733810535746777,0.1373572693222728,0.38733810535746777,0.1373572693222728,0.37333333333333324,0.5185745271702854
65,5,rbf,0.20456621780704987,0.1,-1.1270565570842173,0.7899662823910849,0.09433845644422571,0.6369820373784125,0.25699414556487254,0.46168322811315377,0.11402231352310735,0.46168322811315377,0.11402231352310735,0.2233333333333333,0.37295033720723264,0.8864432240816073,0.0733529532093471,0.6256753402624825,0.2544522077822803,0.3273682096027585,0.10886374272011645,0.3273682096027585,0.10886374272011645,0.30999999999999994,0.4780347700526713,0.8882580473013404,0.07231071160565658,0.6248914675608103,0.2547364808960418,0.32490977602444693,0.10706915500437435,0.32490977602444693,0.10706915500437435,0.2933333333333333,0.4827602627229874
66,1,rbf,0.32421560600991084,0.001,-1.1012950210626968,0.3169840541214659,0.24596015739714847,0.7029841995468871,0.2876352762531876,0.9654207205414005,0.2715305212090293,0.9654207205414005,0.2715305212090293,0.5066666666666666,0.5526945488855631,0.3507433174778444,0.26590420273800175,0.6865196793459508,0.29301959578961945,0.9275562491951891,0.2911616277747557,0.9275562491951891,0.2911616277747557,0.5299999999999999,0.5878951349136787,0.26566588661186885,0.1871958624774457,0.783773829855834,0.31296514417282223,1.2025120835343404,0.38227913283048953,1.2025120835343404,0.38227913283048953,0.6733333333333333,0.5218887008663381
66,2,rbf,0.32421560600991084,0.001,-1.1012950210626968,0.49259827647619187,0.2347893198113937,0.6363819439396141,0.2312614069268343,0.7706013941413888,0.2333388436232559,0.7706013941413888,0.2333388436232559,0.4666666666666666,0.5274096316339226,0.5417999006366524,0.2452492439253359,0.6115410652289182,0.24563850726893477,0.7161978725195856,0.24912529990824678,0.7161978725195856,0.24912529990824678,0.5266666666666667,0.5564253727161431,0.29299878249362515,0.23264996772898938,0.7515259648229191,0.3210918775307517,1.0568393625741854,0.34441198290324915,1.0568393625741854,0.34441198290324915,0.6266666666666666,0.5824640485180971
66,3,rbf,0.32421560600991084,0.001,-1.1012950210626968,0.6649426623565861,0.17398479543039397,0.5899106026550122,0.19503708996783486,0.5956948532579672,0.17646474491609562,0.5956948532579672,0.17646474491609562,0.5233333333333333,0.5963586824729892,0.7198586686459393,0.18143373190421916,0.5521090969686288,0.20609018070537755,0.5321773782315832,0.19213356886650096,0.5321773782315832,0.19213356886650096,0.35666666666666663,0.49457981701874865,0.3670124583534678,0.2542132535637189,0.7375842318635276,0.2906714611532906,0.9392261524550364,0.3204260282465376,0.9392261524550364,0.3204260282465376,0.61,0.6244169694396028
66,4,rbf,0.32421560600991084,0.001,-1.1012950210626968,0.7339150735598067,0.1622207996335754,0.5800031436575687,0.18635294235439326,0.5193112198743276,0.17534763618857807,0.5193112198743276,0.17534763618857807,0.48333333333333334,0.5988974544273337,0.8024349774890165,0.16670453306481428,0.5271679002266324,0.20210245515351993,0.43206036372196266,0.18729181102052644,0.43206036372196266,0.18729181102052644,0.35333333333333333,0.5494406769354307,0.4294025958731652,0.27041797927812744,0.7334027629739703,0.28766286377721206,0.8831094391445473,0.3547878864187448,0.8831094391445473,0.3547878864187448,0.63,0.6314460689014023
66,5,rbf,0.32421560600991084,0.001,-1.1012950210626968,0.7965028433075374,0.08244761082818888,0.5766003490845321,0.1860991402152083,0.455201585930132,0.10277177072423507,0.455201585930132,0.10277177072423507,0.3433333333333333,0.475382483635153,0.8793907004928033,0.07118411442921643,0.5040310560112335,0.20605211007046143,0.338880080401192,0.10761934345251137,0.338880080401192,0.10761934345251137,0.2866666666666667,0.5296279327286627,0.47851031146560946,0.28560260112474445,0.7111694687617327,0.27059781636785324,0.7919841480985726,0.3092366590481643,0.7919841480985726,0.3092366590481643,0.49333333333333335,0.5912775958907108
67,1,rbf,0.32421560600991084,0.01,-1.1174560897113892,0.3954444267211827,0.29404651717547486,0.801310926274238,0.23071242569274442,0.9118416608975406,0.3700268838606781,0.9118416608975406,0.3700268838606781,0.5099999999999999,0.508106695284665,0.4469145346300513,0.30195868312327995,0.7888157447568493,0.24136544336795035,0.8807891164155165,0.4071782678870156,0.8807891164155165,0.4071782678870156,0.42333333333333323,0.4207409993163813,0.3540944993181725,0.23050499721069884,0.8374596520278195,0.27550802425137483,1.0272463287286082,0.36793580748117677,1.0272463287286082,0.36793580748117677,0.63,0.6069425922975151
67,2,rbf,0.32421560600991084,0.01,-1.1174560897113892,0.5492345493804788,0.24498588205110844,0.7230941432050885,0.1853451573379094,0.7092872212998179,0.2515222710571296,0.7092872212998179,0.2515222710571296,0.36333333333333323,0.4604969829047393,0.5955805185318186,0.27420490514215007,0.6962028711403142,0.18979739309650545,0.659184661015411,0.2871197777059237,0.659184661015411,0.2871197777059237,0.41999999999999993,0.5182197643258419,0.5065606370991252,0.257313895418555,0.7677820232677844,0.2599372309353114,0.7737839466585487,0.3128271991865026,0.7737839466585487,0.3128271991865026,0.47333333333333333,0.4806126358587822
67,3,rbf,0.32421560600991084,0.01,-1.1174560897113892,0.7265917068858591,0.1605516399315832,0.6398561944421169,0.18898165724552976,0.529469385771902,0.16921701760716795,0.529469385771902,0.16921701760716795,0.26666666666666666,0.3594376194819493,0.7823537011306692,0.1737428804009426,0.6071901224151424,0.20922680446410796,0.45624369009478694,0.194029290053186,0.45624369009478694,0.194029290053186,0.25666666666666665,0.3588134981251147,0.5623620003067672,0.25540398674105197,0.7381095711031176,0.24737341231607182,0.6999554957384859,0.28895132814861263,0.6999554957384859,0.28895132814861263,0.45666666666666667,0.5001264207993906
67,4,rbf,0.32421560600991084,0.01,-1.1174560897113892,0.7906729796272505,0.09557825441447984,0.6141738053990927,0.18745134195930346,0.4596456309403683,0.11857879982563928,0.4596456309403683,0.11857879982563928,0.28,0.39601462877890836,0.8601985175998796,0.09971688814570491,0.5692059400451619,0.20537312655538445,0.3589512579738192,0.14204619972395993,0.3589512579738192,0.14204619972395993,0.17333333333333328,0.26252531350306973,0.660920990259759,0.2360154777455749,0.6914632904006658,0.254750620009321,0.591148180167501,0.2579718403452271,0.591148180167501,0.2579718403452271,0.46333333333333326,0.583971736050425
67,5,rbf,0.32421560600991084,0.01,-1.1174560897113892,0.8036499646008183,0.07227014784431385,0.6090683083483961,0.18762320393291398,0.44818897393206925,0.09091558236996711,0.44818897393206925,0.09091558236996711,0.3466666666666667,0.5270171974772565,0.8889347756479805,0.06248024567402038,0.5526939343564591,0.20226341403131481,0.3238702748437533,0.10469576495723111,0.3238702748437533,0.10469576495723111,0.22666666666666666,0.413507564316696,0.8654785254170425,0.06773383617369297,0.5784587944170319,0.19349949128998753,0.36227699417724046,0.09942124102543913,0.36227699417724046,0.09942124102543913,0.2733333333333334,0.46083382698316977
68,1,rbf,0.32421560600991084,0.01,-1.13530227629057,0.3711958088792617,0.2748753117068008,0.8530275683470497,0.3866615176420881,0.9044406316751797,0.29339023645581647,0.9044406316751797,0.29339023645581647,0.5633333333333334,0.6557350880859788,0.40861659894344154,0.3022341376064365,0.8410258903294746,0.3937513271703347,0.8658842545998798,0.3236654784543816,0.8658842545998798,0.3236654784543816,0.5900000000000001,0.697952671056199,0.3149995612860392,0.24446970246369196,0.9212699140168411,0.41240984198553177,1.0385301892216552,0.3544197883138317,1.0385301892216552,0.3544197883138317,0.7566666666666667,0.7472632058723183
68,2,rbf,0.32421560600991084,0.01,-1.13530227629057,0.5848787085131879,0.21669718134379845,0.7989119198428487,0.3776223291455649,0.6761411249074858,0.2169577975190103,0.6761411249074858,0.2169577975190103,0.5166666666666667,0.6297691604090334,0.6276690663280952,0.2304788738487097,0.7770443095095041,0.3910114290772203,0.6304906978346639,0.23750455277099097,0.6304906978346639,0.23750455277099097,0.43666666666666665,0.5875039740633504,0.4932585927233345,0.24234716150554877,0.8605154323605481,0.3962291928292651,0.7832133666384792,0.2743015705696328,0.7832133666384792,0.2743015705696328,0.5633333333333332,0.6646146580373931
68,3,rbf,0.32421560600991084,0.01,-1.13530227629057,0.6888869105640485,0.18527663792170151,0.800697792378115,0.3817108757915656,0.5667564705534859,0.19302057734888248,0.5667564705534859,0.19302057734888248,0.48000000000000004,0.6233391726323086,0.7284270728431713,0.18641152246011303,0.7482632264775785,0.40089564381051734,0.5142013538830621,0.2123822823542471,0.5142013538830621,0.2123822823542471,0.3866666666666667,0.5894084312686533,0.5572688012163975,0.27374014471705765,0.8238083636600672,0.4209848662171942,0.7100886863486291,0.3024194212064432,0.7100886863486291,0.3024194212064432,0.42666666666666664,0.5818717321228779
68,4,rbf,0.32421560600991084,0.01,-1.13530227629057,0.7626347281958431,0.1340402897205586,0.7800752727411989,0.3761894477162357,0.48936214668147754,0.14797491054014972,0.48936214668147754,0.14797491054014972,0.4999999999999999,0.6741533643175636,0.8230591613946202,0.13065358584181272,0.7185169836756392,0.3963129102849802,0.4069066781952839,0.16402114975246157,0.4069066781952839,0.16402114975246157,0.5333333333333333,0.6799256213548014,0.6768891129603427,0.2044586661877589,0.8021142924713723,0.39926194968795453,0.5741694134882903,0.22003427836359316,0.5741694134882903,0.22003427836359316,0.33999999999999997,0.540497854791749
68,5,rbf,0.32421560600991084,0.01,-1.13530227629057,0.7859901196515693,0.0870502577900227,0.7827983292480504,0.37878660755024873,0.46877742161104474,0.10124667697256694,0.46877742161104474,0.10124667697256694,0.25,0.4953229528158441,0.8695982029994795,0.09897246130288463,0.7027616584112302,0.40503712108160106,0.34823594113141987,0.13250326104005078,0.34823594113141987,0.13250326104005078,0.38333333333333325,0.6357636371316392,0.7910962186367422,0.162249872944399,0.7381922135049751,0.3948117031668187,0.4464485782614746,0.18571339611804402,0.4464485782614746,0.18571339611804402,0.38333333333333336,0.5948534060696331
69,1,rbf,0.20456621780704987,10.0,-1.1373422589461457,0.38227045598399695,0.21716587164349616,0.8426985635380508,0.3116635252545125,0.8850817553719605,0.227707979473513,0.8850817553719605,0.227707979473513,0.5766666666666667,0.6257042009819311,0.40419401392080556,0.2720893164467853,0.9528599369020788,0.30475190650412237,0.8717088243305011,0.3081092698739318,0.8717088243305011,0.3081092698739318,0.5166666666666667,0.5825528440338732,0.4067917256828568,0.25832090341182296,0.9528300558110974,0.30492564262078253,0.8660959877660664,0.2866423913486941,0.8660959877660664,0.2866423913486941,0.5399999999999999,0.592248782767559
69,2,rbf,0.20456621780704987,10.0,-1.1373422589461457,0.6121503164137567,0.20312058946755096,0.755899266891311,0.28015894648472867,0.6566164223924528,0.22456658371260885,0.6566164223924528,0.22456658371260885,0.3133333333333333,0.4477786809646444,0.6458534563999406,0.21573025377169344,0.9500855587273478,0.3043590956444801,0.6175607970511048,0.25143537273057326,0.6175607970511048,0.25143537273057326,0.35000000000000003,0.45466926213571385,0.6468549900352015,0.2148320879682674,0.9500806943082964,0.3044184627041515,0.6174073301413276,0.25444073238060094,0.6174073301413276,0.25444073238060094,0.3533333333333334,0.4454624356881234
69,3,rbf,0.20456621780704987,10.0,-1.1373422589461457,0.7102759486528036,0.1241678766059473,0.7281371668647687,0.29216835476031566,0.5523933408853602,0.13045223660793104,0.5523933408853602,0.13045223660793104,0.26666666666666666,0.40965362436334307,0.7554428223861697,0.17987968796897072,0.9490772302299241,0.30473933693972355,0.4915584242412338,0.1957165282768728,0.4915584242412338,0.1957165282768728,0.21999999999999995,0.32098984837315453,0.756183669270861,0.17642111459075221,0.9490858079392157,0.3047631150621988,0.4910082934730163,0.19205081295832205,0.4910082934730163,0.19205081295832205,0.2266666666666666,0.3172438780511289
69,4,rbf,0.20456621780704987,10.0,-1.1373422589461457,0.7490853414285265,0.10993525979273032,0.7182673934676683,0.29089486299180156,0.5106352462658253,0.1177021581010041,0.5106352462658253,0.1177021581010041,0.30999999999999994,0.4261697897026166,0.8047372289711746,0.1617230188343477,0.9486409165402264,0.3045553060348852,0.42991172729909083,0.18355681592916887,0.42991172729909083,0.18355681592916887,0.21333333333333332,0.30369373562434787,0.8061276857454374,0.15844600804103787,0.9486450207799062,0.30455350169305145,0.4286471167012677,0.18030392651704874,0.4286471167012677,0.18030392651704874,0.20999999999999996,0.304393121495531
69,5,rbf,0.20456621780704987,10.0,-1.1373422589461457,0.7712041293287315,0.07589362983533585,0.7177409235657398,0.2950141225038919,0.4881938509152903,0.08774920068350421,0.4881938509152903,0.08774920068350421,0.18666666666666668,0.32455097185701554,0.8304638961158693,0.13625124914612094,0.9484479428762647,0.30462543881533516,0.4000189391661415,0.16019442593649497,0.4000189391661415,0.16019442593649497,0.20666666666666664,0.2935318032858278,0.8313164257002621,0.13302640450160133,0.9484451921214466,0.30462436824406103,0.39942278738672343,0.1572471971336463,0.39942278738672343,0.1572471971336463,0.2033333333333333,0.29534705865721983
70,1,rbf,0.20456621780704987,0.1,-1.2052179992581982,0.31518735696417005,0.21887366372156783,0.8924584872815192,0.34738511788838977,0.9653810881700556,0.2534642108191554,0.9653810881700556,0.2534642108191554,0.5733333333333334,0.5692907464758131,0.386456147812828,0.2396539182935192,0.8928956553793963,0.3588252743880767,0.9072351650984436,0.30321503788732,0.9072351650984436,0.30321503788732,0.41666666666666674,0.43238180233273665,0.4002103433140067,0.24640109349933625,0.8932637273280389,0.3599698560124843,0.9189418284276611,0.33068061504184515,0.9189418284276611,0.33068061504184515,0.49,0.4866139162090167
70,2,rbf,0.20456621780704987,0.1,-1.2052179992581982,0.4907000105828695,0.2355192929127362,0.8087340072886029,0.3331330127527645,0.7707126306540203,0.23144344279319076,0.7707126306540203,0.23144344279319076,0.3266666666666666,0.4025207926377806,0.564706287537171,0.2662613054800224,0.8125139096668426,0.35858565553646654,0.6900568224819803,0.2771902863706357,0.6900568224819803,0.2771902863706357,0.33333333333333326,0.4301830671520763,0.5619924450891177,0.27059699393870434,0.8128907203918313,0.3582867280428819,0.6927509293227954,0.28083916279510607,0.6927509293227954,0.28083916279510607,0.33333333333333326,0.42045405122962287
70,3,rbf,0.20456621780704987,0.1,-1.2052179992581982,0.6645473864261603,0.17631331189153426,0.7520979541020107,0.34970304301085514,0.5988249955322105,0.18195670230790784,0.5988249955322105,0.18195670230790784,0.2966666666666667,0.5189401223404418,0.7492334244889083,0.19292600143156624,0.7605935392345003,0.3667626551339853,0.4948585784619484,0.2132062636523357,0.4948585784619484,0.2132062636523357,0.2733333333333333,0.46083382698316977,0.7491619739808674,0.19482671436002788,0.7596662273250766,0.3674648090987173,0.49480378959081806,0.22030608278333802,0.49480378959081806,0.22030608278333802,0.2333333333333333,0.43496597832342077
70,4,rbf,0.20456621780704987,0.1,-1.2052179992581982,0.7242693433943236,0.11072179853409958,0.7425274267059538,0.3478228578147168,0.5376887053071129,0.11973116838518058,0.5376887053071129,0.11973116838518058,0.23999999999999996,0.42718000728111044,0.8447488350138745,0.11103311330821235,0.7368828011307638,0.36618140268191035,0.3830976782161744,0.14145993665044382,0.3830976782161744,0.14145993665044382,0.25333333333333335,0.4454624356881234,0.841474573962612,0.11396647565186639,0.7361329394931061,0.36719061994457103,0.38635632047054536,0.14592149229248788,0.38635632047054536,0.14592149229248788,0.21,0.41964681373252694
70,5,rbf,0.20456621780704987,0.1,-1.2052179992581982,0.7165024709561325,0.09558327266250764,0.7512369833359903,0.3464623015538117,0.5483417957688494,0.102614662565675,0.5483417957688494,0.102614662565675,0.2933333333333332,0.4638172450239525,0.8727390741087352,0.0702041345373461,0.7284144935676211,0.3685335860011886,0.3506038738154895,0.10267618466091755,0.3506038738154895,0.10267618466091755,0.23666666666666664,0.4021351062493313,0.8693320667780015,0.07612927822958053,0.7293733348034398,0.3683092865912698,0.3546759332650671,0.10795281391925114,0.3546759332650671,0.10795281391925114,0.24666666666666665,0.4166643678097503
71,1,rbf,0.32421560600991084,0.01,-1.145581240819581,0.3458131873791326,0.2854816128272058,0.7297289637657424,0.2302285375020643,0.9496833769677743,0.3320402828231316,0.9496833769677743,0.3320402828231316,0.6700000000000002,0.6486856738423286,0.39584842868482545,0.29431250804833475,0.70862312210734,0.2357241979837521,0.9007427776898324,0.35396460523471956,0.9007427776898324,0.35396460523471956,0.6000000000000001,0.5546045500142887,0.2811759468413137,0.21024287277262166,0.7715270691758712,0.24292723010064599,1.0554271333795426,0.2941772751353744,1.0554271333795426,0.2941772751353744,0.6900000000000001,0.5403383358983327
71,2,rbf,0.32421560600991084,0.01,-1.145581240819581,0.5204773889146223,0.2917410088723968,0.6682897119007468,0.21618810890352355,0.7567887861604807,0.3234006622490349,0.7567887861604807,0.3234006622490349,0.48000000000000004,0.5504856789768655,0.5775635812083993,0.29377273933032005,0.6313817374801154,0.21912239625212773,0.693234063411152,0.34812320072494435,0.693234063411152,0.34812320072494435,0.46,0.5360133812019866,0.4445338664425994,0.26399876110833614,0.7166994784855981,0.268906907568801,0.8343566270983591,0.29863076138718364,0.8343566270983591,0.29863076138718364,0.56,0.6156577643127883
71,3,rbf,0.32421560600991084,0.01,-1.145581240819581,0.6758189555506846,0.18029769692528352,0.6233988282756882,0.20717518711395078,0.5865005766653767,0.18357754089592931,0.5865005766653767,0.18357754089592931,0.4433333333333333,0.5887938186831959,0.727803410132916,0.19618991111955084,0.566710415375362,0.21074331003793512,0.5199698130167817,0.21391188710299935,0.5199698130167817,0.21391188710299935,0.49,0.6364502851890644,0.5567029078999999,0.23103542459052787,0.6594495997654931,0.24566091850775423,0.700476608974832,0.24659996426551908,0.700476608974832,0.24659996426551908,0.45999999999999996,0.5727128425310541
71,4,rbf,0.32421560600991084,0.01,-1.145581240819581,0.7333692562538057,0.11224109472953342,0.6304776184267841,0.20435270618993898,0.5285240982266193,0.118163436173068,0.5285240982266193,0.118163436173068,0.3066666666666666,0.4525280203428316,0.7955902817109303,0.15903882122866717,0.5458213102489979,0.21607617306745192,0.43758034576590055,0.19067413273751405,0.43758034576590055,0.19067413273751405,0.3899999999999999,0.6386138005139698,0.7421628997295057,0.19106329793347057,0.5870461383484431,0.24023122768976773,0.5008372212540967,0.21854890970005128,0.5008372212540967,0.21854890970005128,0.49666666666666665,0.6990058622088222
71,5,rbf,0.32421560600991084,0.01,-1.145581240819581,0.769665528049244,0.08129216333245406,0.622529557477722,0.21193830052471704,0.48863701287203226,0.09651479244852464,0.48863701287203226,0.09651479244852464,0.37333333333333324,0.575915063980393,0.8602596002657318,0.09240323793132477,0.5194481001566063,0.22942009734505886,0.36296716632658754,0.12866126721988183,0.36296716632658754,0.12866126721988183,0.24999999999999997,0.5302894460120097,0.8153151260038088,0.14423102355056497,0.5439308269515725,0.23682874875389234,0.4133050271896121,0.17939289213774215,0.4133050271896121,0.17939289213774215,0.37666666666666665,0.6173823122994615
72,1,rbf,0.32421560600991084,0.01,-1.1747061616456351,0.30085396341575,0.24192524947799446,0.8707886183741995,0.26806941356878783,0.971585788085373,0.25366960287493195,0.971585788085373,0.25366960287493195,0.45000000000000007,0.45844564977007196,0.3410859286804709,0.24436460834742604,0.8539557828029466,0.2710441247191803,0.9255641794325277,0.2513608531949285,0.9255641794325277,0.2513608531949285,0.4633333333333333,0.47159548222027603,0.2546633873193887,0.22791263099236847,0.9102145793750325,0.27593254909478954,1.055530734376114,0.29342535243429574,1.055530734376114,0.29342535243429574,0.7633333333333333,0.6408417596564228
72,2,rbf,0.32421560600991084,0.01,-1.1747061616456351,0.4883502276860547,0.264592759717953,0.7943208609135655,0.2849326447046971,0.7751110619104227,0.26731979122245714,0.7751110619104227,0.26731979122245714,0.36333333333333334,0.36811105270887584,0.5528880549904583,0.26289796001478455,0.7563343807541553,0.2865491023802167,0.7047735954473732,0.26467270511725394,0.7047735954473732,0.26467270511725394,0.3833333333333334,0.4691028365554486,0.4229223209602045,0.2903307511951311,0.8349693727113289,0.30547400404796976,0.8520894967077659,0.3195136460227677,0.8520894967077659,0.3195136460227677,0.46666666666666673,0.4801819578489785
72,3,rbf,0.32421560600991084,0.01,-1.1747061616456351,0.6344810281220136,0.22319940335427116,0.7277600589756631,0.30274074023092007,0.628775369063072,0.2311393335525346,0.628775369063072,0.2311393335525346,0.2733333333333333,0.33828505968959877,0.7280476815213448,0.2006200135908422,0.6647397417261801,0.31084109844223007,0.5158663710321281,0.22175396374123987,0.5158663710321281,0.22175396374123987,0.29,0.40202075774165247,0.6348013299515775,0.2658332183074539,0.7491178774533059,0.284173958476731,0.619348145992684,0.2935216143482647,0.619348145992684,0.2935216143482647,0.31,0.4269781549770272
72,4,rbf,0.32421560600991084,0.01,-1.1747061616456351,0.7688293819166269,0.06992632250106787,0.6730659759922564,0.2717531241815572,0.4918126429058859,0.08041861250312199,0.4918126429058859,0.08041861250312199,0.2233333333333333,0.30589984086899785,0.867375020726422,0.09021768181448016,0.6037629130355145,0.28886787472451025,0.351446294406554,0.13032512577601324,0.351446294406554,0.13032512577601324,0.17333333333333334,0.28639655812482656,0.8437423301316911,0.11747409811668791,0.6330444873332426,0.28419872749139113,0.3830046894263251,0.14785242392012535,0.3830046894263251,0.14785242392012535,0.1966666666666667,0.32640500897666613
72,5,rbf,0.32421560600991084,0.01,-1.1747061616456351,0.7589867518631315,0.08430813336498497,0.6816634166390799,0.2729090686786866,0.5012645053587651,0.09652590550593884,0.5012645053587651,0.09652590550593884,0.24999999999999997,0.32029081612895444,0.8902027021570682,0.07998793640408096,0.5870761948001423,0.2953144582708982,0.3140987154836399,0.12968278140446007,0.3140987154836399,0.12968278140446007,0.17666666666666667,0.34509702117373964,0.8751569995713712,0.0968624510933868,0.6040027026607409,0.29438259662342575,0.3353865441680759,0.14230868699218324,0.3353865441680759,0.14230868699218324,0.23000000000000007,0.38520035091472543
73,1,rbf,0.32421560600991084,0.001,-1.177179358898364,0.437912098991932,0.2782509501860939,0.8122699102464911,0.2749095466335591,0.8250484184703929,0.2995056469263067,0.8250484184703929,0.2995056469263067,0.31333333333333335,0.337059631819503,0.4640947446937144,0.2824579137811673,0.7993719633158142,0.2751228863428131,0.7937709214780917,0.3148500152739875,0.7937709214780917,0.3148500152739875,0.2933333333333333,0.331072794717867,0.44631744492824493,0.2699253001298702,0.9234993054874051,0.2942017296209266,0.9806309457230179,0.46840942112686756,0.9806309457230179,0.46840942112686756,0.4,0.35036926333463553
73,2,rbf,0.32421560600991084,0.001,-1.177179358898364,0.6269878456225558,0.210265793370053,0.736706511074696,0.24473889436106808,0.6315729706227988,0.2152465812681536,0.6315729706227988,0.2152465812681536,0.2,0.29006539096293926,0.6691293666480896,0.21003006603498642,0.7125130921690503,0.2542960397145445,0.5818308723771731,0.2247018647005354,0.5818308723771731,0.2247018647005354,0.24666666666666665,0.37667632985265265,0.4439684644971054,0.27854171340346134,0.8846822064272748,0.3144003135447962,0.8947116518820659,0.3969916915949179,0.8947116518820659,0.3969916915949179,0.36333333333333334,0.39434217010920464
73,3,rbf,0.32421560600991084,0.001,-1.177179358898364,0.7264699225953094,0.15326370361528963,0.6863874501618861,0.22827692791896492,0.5322810809059979,0.15731140122667275,0.5322810809059979,0.15731140122667275,0.13666666666666666,0.0889917986664224,0.7879720596512525,0.15759614005213105,0.6570182907941454,0.24149510673015445,0.4520792900628977,0.17814581248213185,0.4520792900628977,0.17814581248213185,0.1833333333333333,0.1949064025298462,0.4254401535807626,0.26175513526385463,0.8711156909871262,0.3078289787679292,0.8782310335965039,0.3317291758530706,0.8782310335965039,0.3317291758530706,0.5966666666666668,0.6065637148971945
73,4,rbf,0.32421560600991084,0.001,-1.177179358898364,0.7924623061405396,0.09683201776522396,0.6639686932903505,0.23157676951669795,0.4596470988240452,0.11066989585245508,0.4596470988240452,0.11066989585245508,0.18333333333333332,0.25472545509089656,0.8548639521747446,0.09616967847178574,0.633236547662344,0.23856372493740155,0.37199430280786966,0.12668805378219153,0.37199430280786966,0.12668805378219153,0.18,0.2591764144228858,0.46215532410038335,0.28804568482467885,0.83838465626336,0.2927378036312834,0.8076361942587262,0.31313223667559054,0.8076361942587262,0.31313223667559054,0.5399999999999999,0.56483137550832
73,5,rbf,0.32421560600991084,0.001,-1.177179358898364,0.8091690566532528,0.07758819231006667,0.6587652860944146,0.2370779998720957,0.4410282912624112,0.09380997484670527,0.4410282912624112,0.09380997484670527,0.16666666666666666,0.26952491194863515,0.8899254242466191,0.05855109632608468,0.621641109024933,0.23817612427870596,0.3267713642113335,0.08825451067734234,0.3267713642113335,0.08825451067734234,0.1833333333333333,0.29952068989998154,0.5122522432027332,0.26751303496745527,0.8223388171165076,0.2754187688461211,0.7564489681131135,0.29113217852757495,0.7564489681131135,0.29113217852757495,0.45333333333333325,0.5302786081852168
74,1,rbf,0.32421560600991084,0.1,-1.1891712973277395,0.42779389340415247,0.23569985935910864,0.8640675527800515,0.31703619962536295,0.8923050774380333,0.33400298276272533,0.8923050774380333,0.33400298276272533,0.4033333333333333,0.5156069963767401,0.473603878346261,0.30075755623954153,0.8624256700251384,0.3091465685989126,0.8542929418182921,0.41134091793576527,0.8542929418182921,0.41134091793576527,0.38333333333333336,0.42756998486098513,0.46042434105354724,0.25705727113651977,0.865475029920292,0.29661675562468315,0.8643551628408886,0.34229697335885945,0.8643551628408886,0.34229697335885945,0.39666666666666667,0.5492837551558948
74,2,rbf,0.32421560600991084,0.1,-1.1891712973277395,0.628322796621282,0.24498232496082964,0.7429011600549409,0.28802029771842447,0.6335521784511737,0.2555800982126236,0.6335521784511737,0.2555800982126236,0.3333333333333333,0.4758537397238729,0.6523962978021028,0.26288182706206437,0.7574556788785463,0.284880861823402,0.6016946286996674,0.27004207103564487,0.6016946286996674,0.27004207103564487,0.24333333333333332,0.36358685660905093,0.6532993598291266,0.2633114511057179,0.7583564063776403,0.28607501361251336,0.6007356387073624,0.27044312857494957,0.6007356387073624,0.27044312857494957,0.24000000000000005,0.36915560685023535
74,3,rbf,0.32421560600991084,0.1,-1.1891712973277395,0.7059803014357371,0.20822686688918007,0.7228284727713233,0.299548010084254,0.5528287736753659,0.2280127887418361,0.5528287736753659,0.2280127887418361,0.2633333333333333,0.4824387281684396,0.7369448159617144,0.2135194163280276,0.7334546511035074,0.2903590735027728,0.5100464648339953,0.2277389410965811,0.5100464648339953,0.2277389410965811,0.21666666666666665,0.3760808179224187,0.7413658428830014,0.211186325888103,0.7328973890414867,0.2918474794344221,0.5053069847913385,0.22414680659580877,0.5053069847913385,0.22414680659580877,0.18999999999999995,0.3790641834470962
74,4,rbf,0.32421560600991084,0.1,-1.1891712973277395,0.7588811469479534,0.11842355855031313,0.7299330857955632,0.2891289776861156,0.49674004502370916,0.13104016682736314,0.49674004502370916,0.13104016682736314,0.17666666666666664,0.2674055854436044,0.7908277595900295,0.1615391989761093,0.7199170867363629,0.29486302703375356,0.4482896546866639,0.1823053857376033,0.4482896546866639,0.1823053857376033,0.20666666666666664,0.38857239447383096,0.7885573832750725,0.1593107144075599,0.7202800534006298,0.2946959587588003,0.4505470227260692,0.18126452227760018,0.4505470227260692,0.18126452227760018,0.20666666666666667,0.3894588051637044
74,5,rbf,0.32421560600991084,0.1,-1.1891712973277395,0.7947648075283978,0.07668904589413238,0.7242673159561296,0.29313839972227496,0.4591331214742344,0.09256426106617954,0.4591331214742344,0.09256426106617954,0.13,0.21519838481639725,0.8321571241062956,0.10215304717647719,0.7144922625427732,0.29481247872565297,0.40357176816907064,0.12972825948471556,0.40357176816907064,0.12972825948471556,0.2033333333333333,0.3828057338717087,0.8323346588980493,0.1030029591033292,0.7141795734706473,0.29478694796480526,0.40302726398313043,0.1309564028280843,0.40302726398313043,0.1309564028280843,0.2033333333333333,0.3828057338717087
75,1,rbf,0.20456621780704987,0.1,-1.182303050494756,0.4184049155735727,0.23429203312715918,0.818501156740896,0.3218323785260301,0.9152075199665961,0.3642023795161205,0.9152075199665961,0.3642023795161205,0.29,0.35462461940713474,0.4429579521741165,0.26025856751936627,0.8453219143997164,0.3152466420570579,0.8768881127088828,0.3862636887638227,0.8768881127088828,0.3862636887638227,0.28666666666666674,0.29329675843034325,0.47032887194989353,0.2612296359610942,0.8405523631277748,0.31624066335094564,0.8369095733235761,0.3500892040799127,0.8369095733235761,0.3500892040799127,0.25333333333333335,0.34514697852017945
75,2,rbf,0.20456621780704987,0.1,-1.182303050494756,0.627951264394429,0.1768062815422528,0.7548031900144623,0.27639029198789844,0.6334540975273936,0.17808489129346322,0.6334540975273936,0.17808489129346322,0.2633333333333333,0.42465672411176225,0.6757656872558544,0.18263319551196147,0.7631812678698187,0.309433263052522,0.5796263079861637,0.1942105350150982,0.5796263079861637,0.1942105350150982,0.25000000000000006,0.4232468913465081,0.6783727757799675,0.18212138114550414,0.7619207068827294,0.31125826683059254,0.576666810701171,0.1938344180998209,0.576666810701171,0.1938344180998209,0.24666666666666665,0.4174911383187823
75,3,rbf,0.20456621780704987,0.1,-1.182303050494756,0.736547249506604,0.13430838650196059,0.7237456231842108,0.2580753895884382,0.5220349056211461,0.14134161732582326,0.5220349056211461,0.14134161732582326,0.2866666666666667,0.44546243568812344,0.7996558180230555,0.15562083242504288,0.7215816618733233,0.30734274432339836,0.43587946860587695,0.18146432605042048,0.43587946860587695,0.18146432605042048,0.26,0.4319961685653848,0.8045132788494573,0.14710568610557753,0.7212957000299274,0.3084402792121995,0.4314800186001955,0.17262726072792775,0.4314800186001955,0.17262726072792775,0.2566666666666667,0.4240066145656247
75,4,rbf,0.20456621780704987,0.1,-1.182303050494756,0.7929947617107717,0.10193672148553544,0.711715429635888,0.25405190418276297,0.45766099877006516,0.11793430845340214,0.45766099877006516,0.11793430845340214,0.16999999999999996,0.24374944739106236,0.8633546297444338,0.12915135521065366,0.7038297949391497,0.30990285326156647,0.3465283535364426,0.1683707552632364,0.3465283535364426,0.1683707552632364,0.24999999999999994,0.44932900165039197,0.8704789293055076,0.10599728419593457,0.7028604050860447,0.31300531132615467,0.34343475039638377,0.14294081548267623,0.34343475039638377,0.14294081548267623,0.22999999999999995,0.44190028521032376
75,5,rbf,0.20456621780704987,0.1,-1.182303050494756,0.7636174597966415,0.08978417905594957,0.7371975354246934,0.2553361704705403,0.49510420249112713,0.10276032383144079,0.49510420249112713,0.10276032383144079,0.24666666666666665,0.40320554639498474,0.8967008301140754,0.07979453748047084,0.6929605792028662,0.3119270048316245,0.30615028705399217,0.121773924492012,0.30615028705399217,0.121773924492012,0.2433333333333333,0.441535981533222,0.8977635421751634,0.07874022843855219,0.6930481576736691,0.3129242017657535,0.30494997489119396,0.1198837508088446,0.30494997489119396,0.1198837508088446,0.24666666666666662,0.4400104491967195
76,1,rbf,0.32421560600991084,0.001,-1.1700825615476484,0.35175104950489755,0.27296536435661567,0.8483274972752114,0.33632708043486575,0.951580178972054,0.33559135114349237,0.951580178972054,0.33559135114349237,0.4033333333333334,0.4238439313720553,0.3784535396268807,0.27501812030697753,0.8424041831715835,0.3430418143723411,0.940455093714815,0.3597079618181547,0.940455093714815,0.3597079618181547,0.4133333333333334,0.4400104491967195,0.26393638320187873,0.23748845503471816,0.9238585876695459,0.3319137304389787,1.2068334328247567,0.39805913740919646,1.2068334328247567,0.39805913740919646,0.5933333333333335,0.5765135003553291
76,2,rbf,0.32421560600991084,0.001,-1.1700825615476484,0.5904682344906547,0.26812019723455216,0.7321850061392389,0.2816139159262121,0.6743254581752451,0.28413294471968825,0.6743254581752451,0.28413294471968825,0.2766666666666666,0.42319257321341136,0.6303543386623726,0.27484042559335997,0.7168695934886185,0.28491877293244494,0.621630657869563,0.29338295765528216,0.621630657869563,0.29338295765528216,0.27666666666666667,0.42319257321341136,0.2976395074484052,0.29557250309714256,0.9107385441804777,0.34079473746589267,1.1001278235580556,0.41128863090368645,1.1001278235580556,0.41128863090368645,0.5533333333333333,0.5587753439956628
76,3,rbf,0.32421560600991084,0.001,-1.1700825615476484,0.6605267751656971,0.2024026474053259,0.7240471161139682,0.2690561891005367,0.5952304721205397,0.20972772300365605,0.5952304721205397,0.20972772300365605,0.12333333333333334,0.13308885632599343,0.740049479133176,0.19422493760582935,0.6885857706612869,0.27329282089889345,0.500463730397575,0.2182584859064694,0.500463730397575,0.2182584859064694,0.2033333333333333,0.36997980684256854,0.2887390640355923,0.24660153120108586,0.8952297842015698,0.3512528860762025,1.066512057032126,0.35751621305471193,1.066512057032126,0.35751621305471193,0.7200000000000002,0.6386407980747214
76,4,rbf,0.32421560600991084,0.001,-1.1700825615476484,0.7096161374701595,0.16037447764045704,0.7100882867802132,0.25259461185905124,0.5457266920327349,0.17262569731033733,0.5457266920327349,0.17262569731033733,0.26999999999999996,0.4800502847224122,0.7986113413291483,0.16736944359767084,0.6729061645332357,0.26022400964312226,0.4290038430664013,0.20282116564767905,0.4290038430664013,0.20282116564767905,0.30999999999999994,0.6053497136879383,0.2846267441445999,0.2667099133074047,0.8909863868883615,0.34299530569182773,1.0320061530859406,0.33520973793774106,1.0320061530859406,0.33520973793774106,0.8366666666666667,0.6386857914733074
76,5,rbf,0.32421560600991084,0.001,-1.1700825615476484,0.7694342570517867,0.09399980456424524,0.7008106864971821,0.25365424402052816,0.4871400169269168,0.10956388684396556,0.4871400169269168,0.10956388684396556,0.2633333333333333,0.5169428257142865,0.8784621239343035,0.0654024148960657,0.642710399756997,0.2727344770358052,0.341641441384879,0.10190750298619926,0.341641441384879,0.10190750298619926,0.22666666666666668,0.47845536910968517,0.3876430822359139,0.24433840626829142,0.8613851002627381,0.32969223874953696,0.8881380646586035,0.26679651222954415,0.8881380646586035,0.26679651222954415,0.6533333333333335,0.6084085136980169
77,1,rbf,0.32421560600991084,0.01,-1.1693539323523117,0.3447982699592462,0.27248373795530695,0.7477578234829861,0.26015909995629255,0.9558025534922175,0.32271890811664566,0.9558025534922175,0.32271890811664566,0.38333333333333336,0.4363511187685609,0.3757815125424679,0.2952788513062086,0.7396083937811411,0.2745725337718025,0.9236376873631023,0.3446202547366477,0.9236376873631023,0.3446202547366477,0.39999999999999997,0.43786314977517177,0.2549546814647335,0.2216519323775233,0.7965761430497537,0.2907656014208712,1.0486146928240092,0.28122778930398623,1.0486146928240092,0.28122778930398623,0.5800000000000001,0.4936842492231594
77,2,rbf,0.32421560600991084,0.01,-1.1693539323523117,0.5715930366760633,0.24249454542506532,0.6647376791749229,0.24787904835967237,0.6990117839461489,0.2638769302434477,0.6990117839461489,0.2638769302434477,0.3499999999999999,0.4569388399428045,0.6160317141239096,0.2674809167264598,0.6543978127351642,0.2613940601163628,0.6492954285339992,0.29406383595885793,0.6492954285339992,0.29406383595885793,0.3433333333333334,0.45688852736393115,0.404461962951257,0.25781551135774256,0.7500107859464511,0.2917862333390075,0.8667999756586406,0.27261145863223296,0.8667999756586406,0.27261145863223296,0.48666666666666664,0.5697751119177806
77,3,rbf,0.32421560600991084,0.01,-1.1693539323523117,0.6869001434736267,0.1978490956373695,0.6177723086289573,0.25640882375970386,0.5719768739663407,0.20289619473025275,0.5719768739663407,0.20289619473025275,0.33666666666666667,0.4895341440195153,0.7470135528539624,0.21716844950982236,0.5975164119433596,0.27666023426642994,0.4940633700787089,0.23517006731579765,0.4940633700787089,0.23517006731579765,0.39666666666666667,0.548026763336731,0.5358746212817466,0.27849634014113495,0.708941237265926,0.27237037392580493,0.7213669554248667,0.2901006235497019,0.7213669554248667,0.2901006235497019,0.4666666666666666,0.6132633643248132
77,4,rbf,0.32421560600991084,0.01,-1.1693539323523117,0.737761613059415,0.13925473694491058,0.6174261665309221,0.24428379977673334,0.5192625960955431,0.14888968291310803,0.5192625960955431,0.14888968291310803,0.28333333333333327,0.5324525773497926,0.8282395237812258,0.13598644295847967,0.5709443531503328,0.27605081022072775,0.3986026250224867,0.17044628511871657,0.3986026250224867,0.17044628511871657,0.26,0.5262751345459704,0.7289771594173164,0.1911284104581856,0.6296348076425654,0.26443455166244845,0.518979667845043,0.21295852009675217,0.518979667845043,0.21295852009675217,0.25,0.42406082842782894
77,5,rbf,0.32421560600991084,0.01,-1.1693539323523117,0.7517482119502911,0.10646927816570716,0.6268140414008986,0.24050215308789144,0.507591279649935,0.11564156731273946,0.507591279649935,0.11564156731273946,0.2733333333333333,0.43938305755270973,0.8704899906377416,0.09443388421518159,0.5588203994618112,0.2733243641765757,0.346988369208211,0.13094491633604036,0.346988369208211,0.13094491633604036,0.14333333333333337,0.2750339581959282,0.8594018172354932,0.10396500774729125,0.5617691538498506,0.2777365232891903,0.36121892833581926,0.14041186857053534,0.36121892833581926,0.14041186857053534,0.18666666666666665,0.35402448126271346
78,1,rbf,0.32421560600991084,0.001,-1.189151549655069,0.4598565727098436,0.24948627540085958,0.6847455875316167,0.21247944155138868,0.8112211112945443,0.2682990097280007,0.8112211112945443,0.2682990097280007,0.4833333333333333,0.5285525670091424,0.5358979190572233,0.2596042803715316,0.655910423800492,0.22461549351171117,0.7391906164155657,0.3043327787053714,0.7391906164155657,0.3043327787053714,0.33666666666666667,0.33986136456860877,0.35597814700581776,0.26728982137893376,0.7744228508624312,0.26541925238294034,1.0477043453261687,0.4249611367447346,1.0477043453261687,0.4249611367447346,0.8133333333333332,0.7623617266749759
78,2,rbf,0.32421560600991084,0.001,-1.189151549655069,0.657948204862098,0.16909709721956817,0.6046066833895015,0.1930289385358499,0.6043387986269981,0.1743599198868378,0.6043387986269981,0.1743599198868378,0.30999999999999994,0.4678269647695793,0.7319157354569523,0.1633149589615962,0.5601381306875858,0.20609341890557945,0.5209172145016767,0.18104743862084843,0.5209172145016767,0.18104743862084843,0.26999999999999996,0.44655771531062843,0.3293342278249903,0.27601434141854403,0.7682737895652626,0.2787310555404235,1.0128412185579896,0.37897704221120543,1.0128412185579896,0.37897704221120543,0.7066666666666667,0.6496329644543503
78,3,rbf,0.32421560600991084,0.001,-1.189151549655069,0.7314374980963252,0.14975266512510976,0.5735672405838674,0.2017645812072704,0.5245639722518993,0.16048607774271162,0.5245639722518993,0.16048607774271162,0.16666666666666666,0.20733669657618847,0.8141534669092326,0.1240024984283901,0.5135736443662986,0.21859443746511356,0.42155432335993626,0.15562106908489656,0.42155432335993626,0.15562106908489656,0.20666666666666667,0.3050532269364935,0.3847992750897286,0.26054088122620406,0.7353864503367652,0.24756470418694496,0.9064981058239583,0.3280487217920216,0.9064981058239583,0.3280487217920216,0.5833333333333334,0.5620672025922568
78,4,rbf,0.32421560600991084,0.001,-1.189151549655069,0.7981692196179052,0.1013775655214266,0.5475299972233937,0.20543461956852446,0.45061841969967154,0.11976541332512385,0.45061841969967154,0.11976541332512385,0.08,0.10954451150103323,0.8919443952409779,0.07717680951063664,0.4747597285435299,0.2271050160774555,0.31466182172046975,0.11998642462804694,0.31466182172046975,0.11998642462804694,0.1633333333333333,0.37553027641689163,0.444216083426838,0.28279287867902514,0.7150883923660808,0.25190905902554384,0.8276660696231324,0.31783160551432676,0.8276660696231324,0.31783160551432676,0.55,0.6196495116123141
78,5,rbf,0.32421560600991084,0.001,-1.189151549655069,0.8085150981849442,0.07719514021364816,0.549765807282318,0.1952183198377832,0.44149057985410783,0.09527382807742382,0.44149057985410783,0.09527382807742382,0.1733333333333333,0.37502490338765443,0.917427140210871,0.052041532510248185,0.4645771788520065,0.21318562715246317,0.27884019532284693,0.08735470312380127,0.27884019532284693,0.08735470312380127,0.14999999999999994,0.3711584845987697,0.578086671772274,0.2591615190807896,0.6540492902711921,0.22551916442176592,0.6821088653429597,0.3164774690480882,0.6821088653429597,0.3164774690480882,0.4699999999999999,0.6303529389050287
79,1,rbf,0.20456621780704987,0.1,-1.170613358038578,0.36282230089238976,0.24547901828502486,0.7787390810632175,0.23836456180397106,0.9344531210103796,0.30455218054501926,0.9344531210103796,0.30455218054501926,0.6766666666666666,0.7214369441384437,0.4592540514114589,0.28269260163544563,0.765257307629973,0.24888026752768558,0.8527398752465815,0.38439888367464636,0.8527398752465815,0.38439888367464636,0.5166666666666667,0.6203910520560918,0.43816793589267283,0.2722168405619403,0.7692439888360916,0.25247897972155486,0.8755001920029162,0.36256757225295394,0.8755001920029162,0.36256757225295394,0.5433333333333333,0.6317372507799336
79,2,rbf,0.20456621780704987,0.1,-1.170613358038578,0.5145474612731992,0.24918017752973115,0.7212769972075849,0.21753252423591377,0.7533201182678035,0.2572522573050964,0.7533201182678035,0.2572522573050964,0.3400000000000001,0.5474706731241725,0.5845887444289982,0.2879840547582349,0.7021409533508487,0.23746305604884113,0.6817437940075259,0.3250124061257685,0.6817437940075259,0.3250124061257685,0.43333333333333335,0.5821087310053369,0.5828583747760147,0.279652268571669,0.7088424049871994,0.23753289193086274,0.680933835360557,0.30731732684041074,0.680933835360557,0.30731732684041074,0.4200000000000001,0.5862799143165613
79,3,rbf,0.20456621780704987,0.1,-1.170613358038578,0.6473515925253479,0.17332961096913552,0.6810688392539276,0.22782313932854825,0.6154369542477256,0.17604081440943534,0.6154369542477256,0.17604081440943534,0.25333333333333335,0.5035962622997702,0.7185417188981548,0.25056048387505164,0.6640003494998169,0.24442775779762294,0.5188257989172488,0.2775955772088968,0.5188257989172488,0.2775955772088968,0.27666666666666667,0.4840086443609163,0.7241842610747626,0.1911568977163507,0.6635529482986497,0.24024585444609037,0.5225188923645862,0.21033768386927063,0.5225188923645862,0.21033768386927063,0.3200000000000001,0.567754196449667
79,4,rbf,0.20456621780704987,0.1,-1.170613358038578,0.7462918213079232,0.09695978582985677,0.6633907575945397,0.2263975879338015,0.5144949752664943,0.10774996217629525,0.5144949752664943,0.10774996217629525,0.27666666666666667,0.5940412927324702,0.8471841022185129,0.11231068358131532,0.6247014112048975,0.2418116929773774,0.3786875379796223,0.14450294811423162,0.3786875379796223,0.14450294811423162,0.26666666666666666,0.571346463723366,0.84981082254969,0.10510780794652273,0.6246062474591422,0.24310034429711722,0.3766225235235544,0.1374728430728412,0.3766225235235544,0.1374728430728412,0.26666666666666666,0.5713464637233661
79,5,rbf,0.20456621780704987,0.1,-1.170613358038578,0.7586501203404736,0.09299277861277007,0.6628187972729787,0.2383974033998885,0.500958448984981,0.1036012225954668,0.500958448984981,0.1036012225954668,0.25666666666666665,0.5957801800903634,0.8944951597352028,0.0770926754201581,0.6101749902405093,0.24699115048470985,0.31272874146085977,0.11366830532564252,0.31272874146085977,0.11366830532564252,0.22333333333333333,0.5418253525294642,0.8928351690663835,0.07536591247614872,0.6105677908874333,0.2479538604332799,0.3162318954318559,0.11122309443038171,0.3162318954318559,0.11122309443038171,0.11000000000000001,0.32731931051265944
80,1,rbf,0.5138471068547622,0.0001,-1.1547586908220857,0.3515713599340039,0.29019615182878855,0.7868490387533816,0.26184690057545834,0.9411871789169106,0.3310101990869725,0.9411871789169106,0.3310101990869725,0.5033333333333333,0.623385270440599,0.3840622175947708,0.3165331312064547,0.7529641127129566,0.2702910844620916,0.8929563064744444,0.3459101185570055,0.8929563064744444,0.3459101185570055,0.4866666666666667,0.5975428614454095,0.13936438878996985,0.17072996623300452,0.8541740773089842,0.27271801831506953,1.2087406037778057,0.2513155827004215,1.2087406037778057,0.2513155827004215,0.6066666666666668,0.5185745271702854
80,2,rbf,0.5138471068547622,0.0001,-1.1547586908220857,0.5661052154516572,0.2603212489869029,0.7043682631061027,0.25048421718048414,0.7021763150372319,0.2773820622968173,0.7021763150372319,0.2773820622968173,0.25333333333333335,0.37484096244465703,0.6254657177597355,0.25611883608818176,0.6657409834177076,0.24962361725959994,0.637285025307084,0.27123955197125077,0.637285025307084,0.27123955197125077,0.22333333333333333,0.17749858344909908,0.16239533325833458,0.16298022065441736,0.8528132220345032,0.26751145239356444,1.1723171999635893,0.24601966866481514,1.1723171999635893,0.24601966866481514,0.7233333333333333,0.4717416982682976
80,3,rbf,0.5138471068547622,0.0001,-1.1547586908220857,0.6807271551760858,0.22879086070148125,0.6868299621411275,0.2569825383782187,0.5833619675534395,0.24453900976577733,0.5833619675534395,0.24453900976577733,0.15,0.20967955847287384,0.764739529902447,0.2319020902722124,0.6279690787829398,0.25577065426179446,0.4741093781720497,0.2569139502234797,0.4741093781720497,0.2569139502234797,0.25666666666666665,0.46064672179323124,0.16132172900757508,0.1493363538027957,0.8494604171924374,0.27521874342299674,1.1640375138182324,0.23164199755170103,1.1640375138182324,0.23164199755170103,0.62,0.5821482214386108
80,4,rbf,0.5138471068547622,0.0001,-1.1547586908220857,0.7851485663406645,0.08920427590329076,0.6684556325424962,0.26097839369215936,0.4687935848157401,0.10636040645114637,0.4687935848157401,0.10636040645114637,0.2733333333333333,0.5317072913532039,0.887445284273426,0.06615936601170681,0.5917547432588204,0.26772001982449856,0.32526793581432006,0.10868243742889384,0.32526793581432006,0.10868243742889384,0.1733333333333333,0.40847346879894614,0.23467651922932714,0.2033848635417787,0.826795431570352,0.27533563879016454,1.043359792628411,0.22910766467438182,1.043359792628411,0.22910766467438182,0.7366666666666667,0.6413796193300454
80,5,rbf,0.5138471068547622,0.0001,-1.1547586908220857,0.7595796745022109,0.07923337990684202,0.6895416908405644,0.2441796417151383,0.5014952200586352,0.08984073234600497,0.5014952200586352,0.08984073234600497,0.25666666666666665,0.5069743469898128,0.9007211818664299,0.060939931911290136,0.5865333827794221,0.27207222722613433,0.3050294344253333,0.101231864509549,0.3050294344253333,0.101231864509549,0.20666666666666664,0.42986231423026877,0.33031250112835014,0.22729390934198607,0.8071613231086635,0.2745542962317599,0.9514313263948492,0.2578431255006819,0.9514313263948492,0.2578431255006819,0.65,0.6328643151413345
81,1,rbf,0.20456621780704987,0.01,-1.177947518363385,0.3367369424038751,0.2729551198832508,0.8095758270254181,0.3023447036859973,0.9519794431601125,0.31405572591954056,0.9519794431601125,0.31405572591954056,0.5366666666666667,0.4831529588124194,0.3913047697928817,0.2715794907416426,0.7878711270540456,0.30959171247474954,0.8998456750428019,0.33231897027185997,0.8998456750428019,0.33231897027185997,0.52,0.4859402545935897,0.25915431453567234,0.2621037806569449,0.8347440438894072,0.3160802837031534,1.074709712394079,0.348730741844546,1.074709712394079,0.348730741844546,0.49333333333333323,0.5112077203381551
81,2,rbf,0.20456621780704987,0.01,-1.177947518363385,0.5373125147324973,0.2386463661714172,0.7387995261179512,0.2859634596845414,0.727844298279082,0.24820556142735742,0.727844298279082,0.24820556142735742,0.2733333333333333,0.22117762144910832,0.6070941251289927,0.24167633636049418,0.7052585744660631,0.3007703830022412,0.6484133553973206,0.25609316132008975,0.6484133553973206,0.25609316132008975,0.33666666666666667,0.4664490461386733,0.5728594078570877,0.23192621754997145,0.7295559555744114,0.2958921561402635,0.7125028727700166,0.3086496948634358,0.7125028727700166,0.3086496948634358,0.33,0.38069808836236446
81,3,rbf,0.20456621780704987,0.01,-1.177947518363385,0.6552146866336805,0.2107034527708315,0.6878478255322834,0.27854161959365104,0.6067169629876354,0.2189602749908562,0.6067169629876354,0.2189602749908562,0.21666666666666665,0.26403152023605236,0.7419370505316605,0.21462138565896502,0.6408859626237398,0.29722553388538725,0.4977960849505677,0.2392250623542471,0.4977960849505677,0.2392250623542471,0.23999999999999994,0.4047988005979232,0.7087561219354426,0.21669643508995254,0.665514516551472,0.28511692118774135,0.5644458531834895,0.31244559197047045,0.5644458531834895,0.31244559197047045,0.19333333333333333,0.2690126690175651
81,4,rbf,0.20456621780704987,0.01,-1.177947518363385,0.7233719481335625,0.12180282659343582,0.6686088761970275,0.27211382170830645,0.5370579700365437,0.1316734223111487,0.5370579700365437,0.1316734223111487,0.2366666666666667,0.3034097415449409,0.8198258832207121,0.11959646473884579,0.608493481300094,0.2940466910711618,0.4136902305955467,0.15413880163268265,0.4136902305955467,0.15413880163268265,0.18999999999999997,0.2975184723329131,0.7682718069024743,0.15800421022839098,0.6354579485818047,0.2824082183678286,0.47455376926584075,0.18211884959343463,0.47455376926584075,0.18211884959343463,0.2766666666666666,0.4360349031690115
81,5,rbf,0.20456621780704987,0.01,-1.177947518363385,0.7558958018664771,0.1031308501467987,0.6655902074503568,0.2777680973079037,0.5024020885854746,0.11545276993758966,0.5024020885854746,0.11545276993758966,0.18999999999999997,0.26175798245576076,0.8581803750946991,0.08383985444424782,0.5972376343312964,0.2959025578455354,0.36825833623646714,0.11988640470593176,0.36825833623646714,0.11988640470593176,0.13333333333333333,0.25775333481682716,0.8267903796242876,0.10093000871611187,0.6102879185206477,0.2857688809678056,0.41181119656984355,0.12626514181179405,0.41181119656984355,0.12626514181179405,0.16666666666666663,0.25641202475075464
82,1,rbf,0.32421560600991084,0.01,-1.175079506450124,0.43117346275463825,0.24031144474240365,0.8861527908987941,0.29689873682821594,0.8444251221416889,0.26982171382515285,0.8444251221416889,0.26982171382515285,0.3866666666666667,0.478311205383485,0.46383437061773913,0.24968396633484266,0.8724170683847442,0.3095931029618305,0.8076021767622967,0.2783558825427268,0.8076021767622967,0.2783558825427268,0.38999999999999996,0.4922502867724774,0.29479181688721756,0.2457984867424797,0.9579297208093807,0.36001789973748555,1.0048323008690883,0.29674955586794266,1.0048323008690883,0.29674955586794266,0.5100000000000001,0.577957163428762
82,2,rbf,0.32421560600991084,0.01,-1.175079506450124,0.6339575913321694,0.1994935984574222,0.7806910365780471,0.32042706355720096,0.6396952193087674,0.2333391011953077,0.6396952193087674,0.2333391011953077,0.3133333333333333,0.4538975528748168,0.6798781358751335,0.211565629634537,0.765651233536579,0.32660379578117804,0.587355736918931,0.2531572173064332,0.587355736918931,0.2531572173064332,0.3166666666666666,0.4495847381546767,0.5014400565111852,0.2428662329870508,0.8597940487309284,0.3337684124780582,0.7589195278396843,0.263307491786321,0.7589195278396843,0.263307491786321,0.45333333333333337,0.5905773524233742
82,3,rbf,0.32421560600991084,0.01,-1.175079506450124,0.7348738660461751,0.13976440835638726,0.7399366928333345,0.32756057160634566,0.5212382086700506,0.15187460394771846,0.5212382086700506,0.15187460394771846,0.27999999999999997,0.4138965387963352,0.7874626442983795,0.21613611769132826,0.7098180872363692,0.3317662421704242,0.4450066187006246,0.24048884177754004,0.4450066187006246,0.24048884177754004,0.3233333333333333,0.5001264207993907,0.7429943380260036,0.16994497733033873,0.7465561719407158,0.3696182643008329,0.5022592059921224,0.1936882649338216,0.5022592059921224,0.1936882649338216,0.39,0.592685297665604
82,4,rbf,0.32421560600991084,0.01,-1.175079506450124,0.8321128652152531,0.06035112083419927,0.6981671002610025,0.3342083310614473,0.4137022827827799,0.07648679974108456,0.4137022827827799,0.07648679974108456,0.29666666666666663,0.5068382951901568,0.9119722506207181,0.040850716236667285,0.6588623454973195,0.3476945049824895,0.29248984990970744,0.07179012602009474,0.29248984990970744,0.07179012602009474,0.23333333333333328,0.4412625563971647,0.8591439978261074,0.09536519848154026,0.6963179593071104,0.36998815506045557,0.3643551050173853,0.13020483853072826,0.3643551050173853,0.13020483853072826,0.31666666666666665,0.558374076399865
82,5,rbf,0.32421560600991084,0.01,-1.175079506450124,0.7972552245044976,0.09871572345744956,0.7123509372034021,0.32289881811628585,0.45337439025099197,0.1133979458612645,0.45337439025099197,0.1133979458612645,0.35666666666666663,0.5177426689624566,0.9149076528505939,0.04069825743171632,0.6552885361319252,0.35024844058791377,0.2885427399863135,0.06594288327098152,0.2885427399863135,0.06594288327098152,0.14999999999999994,0.2788523277465246,0.8865563855293217,0.08164748499929918,0.6687876658469456,0.3560555647473355,0.3261443990094862,0.11423471243237826,0.3261443990094862,0.11423471243237826,0.21333333333333335,0.43686448094648717
83,1,rbf,0.32421560600991084,0.01,-1.1499002516499848,0.4596979306742496,0.3260505695579873,0.752649553773346,0.2601476015481339,0.8141552988615434,0.351085215182832,0.8141552988615434,0.351085215182832,0.37666666666666665,0.3811808633374879,0.49241897776766874,0.33612762654896106,0.7400858195440446,0.26160044059718107,0.7733323936316947,0.3609025703461018,0.7733323936316947,0.3609025703461018,0.33666666666666667,0.3614943442428114,0.31113301893529954,0.2289634789021244,0.8617376769976152,0.2704684752563045,1.0366401582254938,0.3383788071248316,1.0366401582254938,0.3383788071248316,0.5633333333333334,0.5678048069984745
83,2,rbf,0.32421560600991084,0.01,-1.1499002516499848,0.6278302505412557,0.24693725990159496,0.6902650020587502,0.2524898382796007,0.633014572052868,0.25863788728635917,0.633014572052868,0.25863788728635917,0.25333333333333335,0.34713937709000514,0.6623423156997705,0.24649001217951785,0.6704052383514019,0.25325003391072226,0.5897011304946393,0.2601862700505658,0.5897011304946393,0.2601862700505658,0.25333333333333335,0.3256117143251255,0.5895782656215837,0.2817412148241809,0.7295880277685475,0.2565114535226599,0.6766821036965499,0.3160352776377849,0.6766821036965499,0.3160352776377849,0.28666666666666674,0.3588615459970632
83,3,rbf,0.32421560600991084,0.01,-1.1499002516499848,0.7296489692409674,0.1670590212813951,0.6585570635111629,0.2626536334903749,0.5222475529072839,0.1809079206507369,0.5222475529072839,0.1809079206507369,0.23333333333333328,0.3273017518767799,0.7678296762584936,0.1884198923211325,0.6217361179890873,0.26272630956226956,0.47028873834118523,0.2109466119771346,0.47028873834118523,0.2109466119771346,0.2533333333333333,0.3901664837700329,0.702361087085966,0.22372693870473753,0.6598952556639325,0.24668858012226333,0.5432074428292437,0.24048793637567165,0.5432074428292437,0.24048793637567165,0.21,0.31551818352977856
83,4,rbf,0.32421560600991084,0.01,-1.1499002516499848,0.8033304148159578,0.08029360256461632,0.6546612625179552,0.26192280377839405,0.44794212490440166,0.09668311577619516,0.44794212490440166,0.09668311577619516,0.25666666666666665,0.4438727165593163,0.8604967160412447,0.0841312551942665,0.5945403610356442,0.26441617405531503,0.36679845927474186,0.11375142741500893,0.36679845927474186,0.11375142741500893,0.16333333333333336,0.3101538365051295,0.8023930599439663,0.14675338287222398,0.6217084810329513,0.2514243835341165,0.4336432387512766,0.1725735094266989,0.4336432387512766,0.1725735094266989,0.21333333333333332,0.39104928107578085
83,5,rbf,0.32421560600991084,0.01,-1.1499002516499848,0.8109012183363886,0.07511300373552751,0.6610854345293601,0.2595013364658481,0.43898143285427504,0.09225573476411612,0.43898143285427504,0.09225573476411612,0.23666666666666666,0.44449377120908923,0.8857184533392645,0.06904962073361476,0.5841139877445598,0.2649658886717432,0.33110578847199357,0.09967240378171709,0.33110578847199357,0.09967240378171709,0.11666666666666668,0.24223575483305565,0.8489107756902079,0.1303614814308092,0.6077520756086342,0.246932757016338,0.37485392021217045,0.15537925167470087,0.37485392021217045,0.15537925167470087,0.19333333333333333,0.3921060142828488
84,1,rbf,0.32421560600991084,0.01,-1.1545339655799194,0.38535319058935613,0.23107836034419474,0.923343262271993,0.375419184028165,0.8952375365713489,0.2650673624320377,0.8952375365713489,0.2650673624320377,0.4366666666666666,0.34788358470291053,0.42411665153490524,0.24363438715597618,0.9103628151369588,0.3747361697786318,0.850394696136084,0.26637564807363434,0.850394696136084,0.26637564807363434,0.38666666666666666,0.3126453684876551,0.29013604202549265,0.22737362936058303,0.9906278776411648,0.36712501706504586,1.0453939338436566,0.3277085075717855,1.0453939338436566,0.3277085075717855,0.6066666666666668,0.5656447851686656
84,2,rbf,0.32421560600991084,0.01,-1.1545339655799194,0.6074180998129642,0.1849349092575809,0.8332286633052458,0.36128001879171656,0.6550996991080572,0.1861160231583365,0.6550996991080572,0.1861160231583365,0.23333333333333328,0.2880772565599834,0.6754188151484305,0.17181324451035743,0.807789330764533,0.3636775659456304,0.5815506498144798,0.1829268698441836,0.5815506498144798,0.1829268698441836,0.20999999999999996,0.27461571896642817,0.4642189745988089,0.29639993855290714,0.9152234685369408,0.38815048811299924,0.8382532366713502,0.3708231521954512,0.8382532366713502,0.3708231521954512,0.5766666666666668,0.5096877565680799
84,3,rbf,0.32421560600991084,0.01,-1.1545339655799194,0.7144313449358052,0.14908906491300677,0.7839674544682321,0.36300157948360806,0.5445253038081554,0.15680766894304382,0.5445253038081554,0.15680766894304382,0.24000000000000005,0.36540011135645595,0.8046134520342367,0.13048555245130386,0.7530550991685969,0.37536942719641153,0.43454136396910364,0.15676441421908732,0.43454136396910364,0.15676441421908732,0.21666666666666667,0.4465062329821994,0.6129663104863367,0.29603588734014696,0.8556417527465502,0.3846703375853772,0.643652182162303,0.3110019034091359,0.643652182162303,0.3110019034091359,0.3433333333333334,0.39713051214702827
84,4,rbf,0.32421560600991084,0.01,-1.1545339655799194,0.7452771417163593,0.1290834501615718,0.7787945097765181,0.3614160566898412,0.5122026795721412,0.13897044539721104,0.5122026795721412,0.13897044539721104,0.2033333333333333,0.3274597457054398,0.8688317475741199,0.08905999010034332,0.7294945131420759,0.37758552622522773,0.35345972143522597,0.1181060589225296,0.35345972143522597,0.1181060589225296,0.11333333333333334,0.2431592827378984,0.7871941587389316,0.17641688992309582,0.7788859566684091,0.3743573689322868,0.4470825475909624,0.20440667013250133,0.4470825475909624,0.20440667013250133,0.26,0.4613324031616428
84,5,rbf,0.32421560600991084,0.01,-1.1545339655799194,0.7656416293447253,0.0990171927771086,0.7763920484705147,0.34520878843384745,0.49144780388897485,0.11235476764723015,0.49144780388897485,0.11235476764723015,0.1766666666666667,0.2932379677789465,0.9026650117251537,0.06318254674031745,0.7168293762260661,0.37147714573167184,0.30314864807726266,0.09710890820214699,0.30314864807726266,0.09710890820214699,0.11000000000000003,0.23686166485073534,0.8194761378661984,0.1632241284375147,0.7670482515127468,0.3690152170475969,0.40385247447633943,0.19591592968466037,0.40385247447633943,0.19591592968466037,0.2533333333333333,0.4606841489105864
85,1,rbf,0.20456621780704987,0.1,-1.184726243263589,0.33132380174195986,0.26535384953894553,0.8337693748834252,0.2833729907320869,0.9543619296648342,0.30819316736712205,0.9543619296648342,0.30819316736712205,0.4033333333333334,0.4888292370434749,0.3665986023016954,0.263321395997412,0.8282134631226146,0.299024428592058,0.9107127149381654,0.29856140491044536,0.9107127149381654,0.29856140491044536,0.3866666666666667,0.5056462804367695,0.38300106614785123,0.2582618975115206,0.8306162229012017,0.2996997120275007,0.916549686825941,0.3232410370419471,0.916549686825941,0.3232410370419471,0.39,0.49712969236858384
85,2,rbf,0.20456621780704987,0.1,-1.184726243263589,0.5147099820833939,0.2286810289944743,0.7583498387839348,0.25815268502788624,0.7521980158453979,0.23129878380082386,0.7521980158453979,0.23129878380082386,0.29333333333333333,0.47628833148907157,0.5508517506721378,0.28695394561434645,0.7613901550885729,0.2893956791563139,0.7126048717899883,0.29983690466354923,0.7126048717899883,0.29983690466354923,0.29666666666666663,0.4483558726120883,0.5607247486626491,0.22253153070228532,0.7632342032294875,0.2929447533964006,0.7045369882248658,0.2243870973548912,0.7045369882248658,0.2243870973548912,0.2433333333333333,0.42966172205852693
85,3,rbf,0.20456621780704987,0.1,-1.184726243263589,0.6507749418032104,0.1899042413421478,0.7144354383596218,0.26888111510657126,0.6108720263911426,0.19218537695244095,0.6108720263911426,0.19218537695244095,0.30333333333333334,0.5314153731786226,0.703956029715843,0.21950283730852846,0.7136314400515744,0.29459779208914094,0.5498462061025726,0.23212866324257903,0.5498462061025726,0.23212866324257903,0.27333333333333326,0.3982144053693666,0.7302638337162785,0.1461240080349402,0.7141479639847331,0.29980082077854797,0.5225073394178044,0.16774081586420042,0.5225073394178044,0.16774081586420042,0.12333333333333334,0.13047217521658452
85,4,rbf,0.20456621780704987,0.1,-1.184726243263589,0.7846943877244982,0.09608492374647588,0.6691469049957415,0.268500610046522,0.4701044678640107,0.10711233406409061,0.4701044678640107,0.10711233406409061,0.16666666666666666,0.2963378004136883,0.851924878910784,0.08731249349947709,0.6680350043352209,0.3004796104742064,0.37908849271996126,0.11527904508314428,0.37908849271996126,0.11527904508314428,0.15666666666666665,0.24166567578076684,0.856120885251068,0.08575109248961266,0.6676333155263215,0.30159186679807953,0.3738851688500406,0.11219066582520733,0.3738851688500406,0.11219066582520733,0.16000000000000003,0.2401149150173581
85,5,rbf,0.20456621780704987,0.1,-1.184726243263589,0.7750143331267202,0.07151453780948028,0.6866097206246722,0.2629529281499453,0.4844173803006297,0.08210536033857123,0.4844173803006297,0.08210536033857123,0.22666666666666663,0.4225810131130813,0.8732721275160298,0.06944102934835847,0.6611625642468705,0.3019261854393119,0.3515129154005423,0.09640778223724177,0.3515129154005423,0.09640778223724177,0.16666666666666666,0.2468188409135029,0.8681851940726035,0.059668676266252815,0.6629217248680667,0.3058757732701269,0.3617278263916642,0.08341726128449681,0.3617278263916642,0.08341726128449681,0.15666666666666665,0.248697757755561
86,1,rbf,0.32421560600991084,0.01,-1.198512820720251,0.3443273782588837,0.25853568129461685,0.8963844987519823,0.3500413339976711,0.942453588396493,0.3011509594818311,0.942453588396493,0.3011509594818311,0.36999999999999994,0.4078116536191507,0.39153859820148984,0.28552124439807297,0.8725130601987307,0.36383669540188557,0.8848611465889876,0.32109166333965233,0.8848611465889876,0.32109166333965233,0.3466666666666666,0.41417415405244384,0.2840426364459449,0.2541150947902317,0.935063904095334,0.35985920636115426,1.055250512993343,0.3460995098485482,1.055250512993343,0.3460995098485482,0.6199999999999999,0.6183403816557729
86,2,rbf,0.32421560600991084,0.01,-1.198512820720251,0.551819525011012,0.25005073469722555,0.808066793923557,0.3517048724954776,0.711344836919081,0.25493082193771965,0.711344836919081,0.25493082193771965,0.29666666666666663,0.34986039908880046,0.6066508389753572,0.26150498972975617,0.7751046656926822,0.36484161164450424,0.6490712291196502,0.27994533035274166,0.6490712291196502,0.27994533035274166,0.2866666666666667,0.33603502827813214,0.4640486092392202,0.3059076685683087,0.8795797735005267,0.3695756596367693,0.8492605324980557,0.3907579700883846,0.8492605324980557,0.3907579700883846,0.5433333333333332,0.5049297208409361
86,3,rbf,0.32421560600991084,0.01,-1.198512820720251,0.6717481843463167,0.21608924055223835,0.7472957562254912,0.35560679383104066,0.5853703852548874,0.21967588313395456,0.5853703852548874,0.21967588313395456,0.27999999999999997,0.3468081055410405,0.7421326031927425,0.23466974856122758,0.696415632184777,0.38309439387491767,0.4985398336321905,0.25807582890905456,0.4985398336321905,0.25807582890905456,0.23999999999999996,0.37655425033887985,0.6627393165968284,0.2570514360083669,0.7833038803502634,0.3743122232234798,0.5915895810451361,0.2765576793581839,0.5915895810451361,0.2765576793581839,0.2666666666666666,0.43733781887242723
86,4,rbf,0.32421560600991084,0.01,-1.198512820720251,0.7636773940880757,0.12835861777485977,0.729783168452408,0.3521369452684324,0.4910265695329507,0.13835101352675877,0.4910265695329507,0.13835101352675877,0.25999999999999995,0.3317664321736625,0.8618097691040131,0.09442854844551253,0.6641648286324067,0.37453307515304884,0.36570295208501624,0.1153247838181579,0.36570295208501624,0.1153247838181579,0.21000000000000002,0.3387095185125958,0.7584985759110092,0.18137683723598613,0.7331777061654896,0.3608627352428718,0.4871356942686453,0.19834571054805056,0.4871356942686453,0.19834571054805056,0.35666666666666663,0.5103638548798456
86,5,rbf,0.32421560600991084,0.01,-1.198512820720251,0.7802903811020327,0.09458604606264726,0.7242442892203051,0.36075742015761675,0.4743534356100539,0.10971413658684541,0.4743534356100539,0.10971413658684541,0.2433333333333333,0.33185303491396484,0.8917680491028843,0.0533488993837881,0.6474723336148613,0.3848872526059279,0.32512306767109683,0.08186945969680928,0.32512306767109683,0.08186945969680928,0.2,0.3300992536213606,0.8222004712786651,0.14148218848022548,0.6964393252019699,0.37547759896564087,0.4078582379749981,0.1690403276596805,0.4078582379749981,0.1690403276596805,0.22,0.35661241396382076
87,1,rbf,0.20456621780704987,0.1,-1.1048619919871703,0.430603489925736,0.2542630407946705,0.8744153040007665,0.3978731496005307,0.8526843335916205,0.28618419212147533,0.8526843335916205,0.28618419212147533,0.36,0.3774688843079515,0.4612528160771481,0.2931629743985122,0.8588185739081257,0.42015323700006413,0.8246375425055046,0.33201496756096255,0.8246375425055046,0.33201496756096255,0.3633333333333333,0.4021351062493313,0.4555493062336428,0.2834749029115724,0.862472032997372,0.4289186765600569,0.8310502471310219,0.3229161688598672,0.8310502471310219,0.3229161688598672,0.36000000000000004,0.38738735848920186
87,2,rbf,0.20456621780704987,0.1,-1.1048619919871703,0.6050097490436978,0.20807383129569262,0.7923621893552285,0.3524168392266125,0.6572769545053716,0.21829660956457714,0.6572769545053716,0.21829660956457714,0.3066666666666667,0.3675954798166175,0.6385396330684205,0.24886181009993014,0.7867338560412143,0.4004311881386403,0.6165312427069527,0.2677403340738398,0.6165312427069527,0.2677403340738398,0.2366666666666667,0.3123695129869082,0.6380002265366204,0.2368771971455838,0.788930091266957,0.4023177311886731,0.6164877849206888,0.25071110098894506,0.6164877849206888,0.25071110098894506,0.2700000000000001,0.33233759321218687
87,3,rbf,0.20456621780704987,0.1,-1.1048619919871703,0.6948319921350177,0.15155966155466244,0.7541674831139297,0.34691493326673456,0.5645613052555806,0.1607466552330576,0.5645613052555806,0.1607466552330576,0.23,0.3554016668891499,0.7608778679671908,0.17365449954260082,0.7399402107670784,0.3980645386967109,0.48246131532327713,0.1929379772242369,0.48246131532327713,0.1929379772242369,0.19666666666666668,0.30454412888246857,0.7597862309398926,0.16652445494424492,0.7435223054917243,0.40193933738584225,0.48593040557328854,0.18468222231550158,0.48593040557328854,0.18468222231550158,0.25000000000000006,0.36079414323559006
87,4,rbf,0.20456621780704987,0.1,-1.1048619919871703,0.7230660041529142,0.1109002036654089,0.7624611252806485,0.33519998412208674,0.5387722397419011,0.1208452729913693,0.5387722397419011,0.1208452729913693,0.22333333333333336,0.3420862296347913,0.8116862799341156,0.12351225652121806,0.726076535704316,0.3969927158033573,0.42741259133779846,0.14753829804357424,0.42741259133779846,0.14753829804357424,0.2033333333333334,0.3034097415449409,0.8100422172586252,0.12142980816012836,0.7300863912774618,0.400531479992048,0.4313733636381835,0.1423365687231115,0.4313733636381835,0.1423365687231115,0.19666666666666668,0.31892419738577527
87,5,rbf,0.20456621780704987,0.1,-1.1048619919871703,0.7658141383078779,0.07718089846896509,0.7508690333664917,0.3403982428413598,0.49422413181179015,0.08929494158824061,0.49422413181179015,0.08929494158824061,0.24000000000000002,0.34799920729200245,0.862154422676096,0.0691851439396469,0.711760159855112,0.4045143929361714,0.36759136813265414,0.0982094642418708,0.36759136813265414,0.0982094642418708,0.15,0.2569717547876044,0.865698152434425,0.057258219480001905,0.7122518839703458,0.4046391857652522,0.3655888686367024,0.08198595714247497,0.3655888686367024,0.08198595714247497,0.15333333333333335,0.25828790850165817
88,1,rbf,0.32421560600991084,0.01,-1.164569268619551,0.34716628198783805,0.26240914090734596,0.7836259906595341,0.2939935322648542,0.9434279057151873,0.3084718232974914,0.9434279057151873,0.3084718232974914,0.49000000000000005,0.5665077532415232,0.41295271446308957,0.26299906283009455,0.7665141088410549,0.3078285930834412,0.900872507265072,0.35378254865488634,0.900872507265072,0.35378254865488634,0.4,0.4842341981115023,0.1916767968737383,0.21354006608185414,0.8419870240006045,0.3451435482127072,1.1176700601951721,0.26519087745560727,1.1176700601951721,0.26519087745560727,0.6633333333333333,0.5933443108890215
88,2,rbf,0.32421560600991084,0.01,-1.164569268619551,0.5642824944586431,0.22141963176901075,0.696778071883084,0.2872867909443016,0.7081000389323198,0.24986672271824506,0.7081000389323198,0.24986672271824506,0.2633333333333333,0.33577838887692224,0.6175665247828628,0.22953429334916642,0.6721066368827484,0.30193176146430173,0.660090358984069,0.2977200790466221,0.660090358984069,0.2977200790466221,0.3433333333333334,0.49248373565535886,0.30212152705969453,0.23461807286298392,0.8199557972830408,0.32431886873778537,1.0064176850098232,0.30232276017809717,1.0064176850098232,0.30232276017809717,0.6,0.5971195224893682
88,3,rbf,0.32421560600991084,0.01,-1.164569268619551,0.6752682293089476,0.17673189856176502,0.6687123858339682,0.2767825355646019,0.5830861759052098,0.1831449283566982,0.5830861759052098,0.1831449283566982,0.24666666666666662,0.3821295441414431,0.7412046180135751,0.19377196311375308,0.6176361853815986,0.29992223072792856,0.4990342188630328,0.2183061730720768,0.4990342188630328,0.2183061730720768,0.2633333333333333,0.4405978174952858,0.47117146451487746,0.2646955132769871,0.7654740310979193,0.3331277881318082,0.8077392208277118,0.3050082309560301,0.8077392208277118,0.3050082309560301,0.45666666666666667,0.5587444874885573
88,4,rbf,0.32421560600991084,0.01,-1.164569268619551,0.7405700760358881,0.12451232107866742,0.6530885739155773,0.2799745137870754,0.5175471137914366,0.1354392016911685,0.5175471137914366,0.1354392016911685,0.1633333333333333,0.24980452127728736,0.8173748880110541,0.14062182794205344,0.5807851649377029,0.3115608993880909,0.41323703810114676,0.17165888564854773,0.41323703810114676,0.17165888564854773,0.14333333333333334,0.2568822799399103,0.6784278798142626,0.2310550065206311,0.6796010410067788,0.3570863536405187,0.5701820647589496,0.24814387887602563,0.5701820647589496,0.24814387887602563,0.23,0.40781165361915084
88,5,rbf,0.32421560600991084,0.01,-1.164569268619551,0.7577328956274157,0.10544380419425715,0.6661495678027953,0.27872203978203447,0.49993889800099917,0.11820139093667399,0.49993889800099917,0.11820139093667399,0.12666666666666665,0.16386144974533723,0.8581152732793697,0.07733063805993877,0.5672656322092532,0.31646741245806675,0.36961368820554874,0.11401984748093698,0.36961368820554874,0.11401984748093698,0.07666666666666665,0.11043279539543754,0.8225420624142019,0.12285635301747537,0.5988160286951615,0.3213304706949825,0.4108993366825677,0.15418312968052045,0.4108993366825677,0.15418312968052045,0.13666666666666666,0.34289169229317606
89,1,rbf,0.32421560600991084,0.01,-1.1355972325894053,0.33006954654036225,0.23387730191883052,0.8833198515703401,0.3189357328157213,0.9482619748335496,0.2583117097003858,0.9482619748335496,0.2583117097003858,0.6699999999999999,0.7042481929273083,0.3634851616611215,0.25192090254765975,0.8660013088592942,0.32188103519719413,0.9385396751945501,0.3127709376865604,0.9385396751945501,0.3127709376865604,0.6333333333333333,0.6824566846597531,0.3404933829681479,0.24440334314741738,0.9310228602315624,0.37132781498819684,1.0601863702185372,0.3835504941138207,1.0601863702185372,0.3835504941138207,0.6533333333333334,0.6279322022119209
89,2,rbf,0.32421560600991084,0.01,-1.1355972325894053,0.5340636707051556,0.22823098803446662,0.791309510001501,0.3233882699549552,0.7296133743494652,0.22566953532783474,0.7296133743494652,0.22566953532783474,0.5199999999999999,0.6551651542247532,0.5669420253963047,0.2722679455095409,0.7677911443254074,0.3097450358663909,0.6974368549507002,0.28827373209930274,0.6974368549507002,0.28827373209930274,0.5866666666666666,0.6505877095489063,0.4209314992358107,0.2928116704509498,0.8862928255402778,0.38209363768249044,0.8830691418925098,0.3602569245952638,0.8830691418925098,0.3602569245952638,0.6599999999999999,0.7194825726963741
89,3,rbf,0.32421560600991084,0.01,-1.1355972325894053,0.7077411785560096,0.1688700841079989,0.729951760609077,0.3054807652692275,0.550828653301449,0.17511689291974994,0.550828653301449,0.17511689291974994,0.4333333333333333,0.6233022919309993,0.762874102756025,0.18203421575950615,0.6897755622636723,0.3228579666665135,0.47891841682845754,0.20166096965199393,0.47891841682845754,0.20166096965199393,0.5066666666666666,0.6591181848570068,0.6144360091626248,0.24428843569261444,0.803856216641503,0.3546677453067731,0.6358549372400795,0.2616486257341374,0.6358549372400795,0.2616486257341374,0.5399999999999999,0.6960974961439893
89,4,rbf,0.32421560600991084,0.01,-1.1355972325894053,0.8183501297342122,0.07069322568672329,0.6860685945474919,0.30730773483168916,0.42949304632818563,0.09063659179343453,0.42949304632818563,0.09063659179343453,0.41666666666666663,0.5965899263563583,0.8768043228208489,0.08100756329110595,0.6422359948955824,0.3309129276784913,0.3391952364647702,0.12133192722572762,0.3391952364647702,0.12133192722572762,0.35,0.5799821638161191,0.8045033900992377,0.1206878464234173,0.6947648853184728,0.3269211631680065,0.432152409420928,0.15899597549953606,0.432152409420928,0.15899597549953606,0.39666666666666667,0.6850539034081279
89,5,rbf,0.32421560600991084,0.01,-1.1355972325894053,0.8085718452779769,0.08722403113996774,0.6956634444551457,0.300038225125687,0.4392754445595544,0.10797774721811682,0.4392754445595544,0.10797774721811682,0.4133333333333333,0.657441925235584,0.8972953946771672,0.0759761248823673,0.6338941347542604,0.3290726790933215,0.3063629874835871,0.11769363920159706,0.3063629874835871,0.11769363920159706,0.38999999999999996,0.6194268763723559,0.8957482952720937,0.07869671244428612,0.6404060912922375,0.3260686689031756,0.30821449741409873,0.12046869710790054,0.30821449741409873,0.12046869710790054,0.38666666666666666,0.6185262424858611
90,1,rbf,0.32421560600991084,0.1,-1.181182806470184,0.3189407370137927,0.24634608580600886,0.9099335850699478,0.3149241065000798,0.9495747935222683,0.26484339023030984,0.9495747935222683,0.26484339023030984,0.33,0.33543589757107145,0.3562051546017361,0.2572909834753475,0.9102077612410217,0.3226202518111938,0.9088376010755016,0.26712821491471744,0.9088376010755016,0.26712821491471744,0.33333333333333337,0.34274081222961483,0.35495722201386787,0.2562319950549177,0.9095012553906496,0.31434839575758083,0.9383083163206459,0.30415125180953534,0.9383083163206459,0.30415125180953534,0.47333333333333333,0.5558053078460885
90,2,rbf,0.32421560600991084,0.1,-1.181182806470184,0.5788855940851801,0.23367728543316002,0.8110077940994702,0.3284847266684047,0.6801580113139144,0.23699691161583053,0.6801580113139144,0.23699691161583053,0.30000000000000004,0.4299157896692055,0.6015388926055408,0.22346205768708877,0.82528546733622,0.33700313787602487,0.6557647570243129,0.2310417549815532,0.6557647570243129,0.2310417549815532,0.3366666666666666,0.44835587261208826,0.599309014186605,0.24092013974780985,0.8226747049405577,0.33575549674532335,0.6586742223133548,0.24828908136929248,0.6586742223133548,0.24828908136929248,0.3066666666666666,0.44251112071226295
90,3,rbf,0.32421560600991084,0.1,-1.181182806470184,0.6877907800064922,0.16615780369919858,0.7813803224722614,0.33317186444308394,0.5706387244201108,0.17343148896249527,0.5706387244201108,0.17343148896249527,0.3266666666666667,0.47628833148907157,0.7268606190003943,0.16170720471883002,0.7854267256828537,0.3404321195125476,0.5236462774823273,0.18258945668558346,0.5236462774823273,0.18258945668558346,0.27666666666666656,0.4384009606500088,0.7219952996406002,0.1634432139055474,0.7900553396403377,0.3376386214790986,0.5287897166047066,0.18416538226064458,0.5287897166047066,0.18416538226064458,0.29666666666666663,0.46049698290473934
90,4,rbf,0.32421560600991084,0.1,-1.181182806470184,0.7552657810405955,0.12189339878933758,0.7601727741303114,0.3360454786596897,0.5006778097060791,0.13388578503189824,0.5006778097060791,0.13388578503189824,0.24999999999999997,0.43529617345054816,0.7930495528853212,0.14278214393778016,0.7652263354999514,0.3509177773426184,0.44690845201174856,0.16938185022562585,0.44690845201174856,0.16938185022562585,0.21999999999999992,0.4270185330711149,0.792317420406458,0.14296559734637035,0.7663429367819947,0.34961230067338883,0.4473218935388747,0.17066820635865845,0.4473218935388747,0.17066820635865845,0.21666666666666662,0.413632631719245
90,5,rbf,0.32421560600991084,0.1,-1.181182806470184,0.7453247411551047,0.12354099881131651,0.7771947617786679,0.32058842324351605,0.5121773697307204,0.13428348651364663,0.5121773697307204,0.13428348651364663,0.26333333333333336,0.43902975575327646,0.8150716393261769,0.12292590280720594,0.7598339992948333,0.35292624767521535,0.42210025564307313,0.15080004171835187,0.42210025564307313,0.15080004171835187,0.20999999999999996,0.4196468137325268,0.8146964265000987,0.12243427920858076,0.7601917100215473,0.352681852032699,0.4228483160804829,0.14994511249714831,0.4228483160804829,0.14994511249714831,0.20999999999999996,0.4196468137325268
91,1,rbf,0.32421560600991084,0.01,-1.1613799576512278,0.3606377461850806,0.2991621830011042,0.7483972171446971,0.2760087508155086,0.9710620627103927,0.3950115157567716,0.9710620627103927,0.3950115157567716,0.4733333333333333,0.38230997834248304,0.3966088157458433,0.3235492404500641,0.736051940491752,0.2787978188820738,0.9534597562356383,0.43558733378716985,0.9534597562356383,0.43558733378716985,0.42,0.3986183032979519,0.2951592534343532,0.2632172643829801,0.8084672242280424,0.31941240516458713,0.9999984467263038,0.3200727008354438,0.9999984467263038,0.3200727008354438,0.5899999999999999,0.5053847970640275
91,2,rbf,0.32421560600991084,0.01,-1.1613799576512278,0.54342281985871,0.2736011209505584,0.675026433940128,0.26799916692692616,0.7217585059739596,0.2870630713934733,0.7217585059739596,0.2870630713934733,0.3233333333333333,0.4272472701902933,0.5743885352524786,0.28801570946835864,0.6613380639022701,0.279158071434141,0.6811712172595267,0.306562275339722,0.6811712172595267,0.306562275339722,0.30000000000000004,0.3886315514193626,0.3612677246111706,0.2701764833238714,0.792536538573763,0.31835387963160444,0.9100222084939621,0.3042596909541968,0.9100222084939621,0.3042596909541968,0.6900000000000001,0.5821186038648115
91,3,rbf,0.32421560600991084,0.01,-1.1613799576512278,0.7163665478168609,0.16622781815761348,0.6185256120166319,0.24222203586921867,0.5410508079052722,0.17357500142109064,0.5410508079052722,0.17357500142109064,0.22666666666666668,0.32898310755640825,0.7680434334958687,0.177461866001298,0.5904490334821426,0.2618141242126342,0.472986146170988,0.19919203258835796,0.472986146170988,0.19919203258835796,0.1766666666666666,0.24023455970813382,0.46504180888716373,0.29672808140928075,0.7686386968838548,0.3172470774508888,0.7986155624725978,0.31500693767130267,0.7986155624725978,0.31500693767130267,0.6033333333333334,0.6850539034081279
91,4,rbf,0.32421560600991084,0.01,-1.1613799576512278,0.7960502271716099,0.11110606404484782,0.6059399108470719,0.24416529397112355,0.4524685901786355,0.12720598841768718,0.4524685901786355,0.12720598841768718,0.22333333333333333,0.42155977473919504,0.8534061666842274,0.11870049047117698,0.5617434191417661,0.2735857056903949,0.36684440057517825,0.15343890533630583,0.36684440057517825,0.15343890533630583,0.13666666666666666,0.2619335705905198,0.7520241442174821,0.21724698710225734,0.620819890110554,0.25238382138609755,0.49212830895752707,0.23764467921812263,0.49212830895752707,0.23764467921812263,0.2766666666666666,0.4132990345428151
91,5,rbf,0.32421560600991084,0.01,-1.1613799576512278,0.7859039217494942,0.08521876488688925,0.6280815783762422,0.23220266863869124,0.4682823027593874,0.10313519845331133,0.4682823027593874,0.10313519845331133,0.15999999999999998,0.27492945803706037,0.8851426751431736,0.06848814916577471,0.554320370547649,0.27360536561848814,0.32963311949498275,0.10720507858727144,0.32963311949498275,0.10720507858727144,0.13666666666666666,0.2834313555930841,0.8665579624907926,0.10784938379237548,0.5697345733796282,0.2734352562083585,0.35218275881676764,0.13839827953676187,0.35218275881676764,0.13839827953676187,0.1566666666666666,0.30477049967354847
92,1,rbf,0.32421560600991084,0.01,-1.1853583349966534,0.3621725340947642,0.24836601057313468,0.8152551646192893,0.32440722535579086,0.9171568132469123,0.2772982187907289,0.9171568132469123,0.2772982187907289,0.4500000000000001,0.5946601463484605,0.41430218339919556,0.2821367492430023,0.7974233442936065,0.3369041089834438,0.8611656244915132,0.3190108734002058,0.8611656244915132,0.3190108734002058,0.44,0.6049223375630617,0.30276300201913825,0.2879204793282613,0.878884983591282,0.3403373844810077,1.0806484660639242,0.41774898543985384,1.0806484660639242,0.41774898543985384,0.7566666666666666,0.6698859055367427
92,2,rbf,0.32421560600991084,0.01,-1.1853583349966534,0.5800516049849698,0.197043101937574,0.7251642414364289,0.31644359189431026,0.6819826194779502,0.19854037883568415,0.6819826194779502,0.19854037883568415,0.30666666666666664,0.4168298531016962,0.6264932966028918,0.2206531480214354,0.7005384742260059,0.32223825025512803,0.6304732357229017,0.23403233503617152,0.6304732357229017,0.23403233503617152,0.39333333333333337,0.5419844337587396,0.4251797538484044,0.2951176685561599,0.7996124817845764,0.3373319609217224,0.8600315853769617,0.3382023669302436,0.8600315853769617,0.3382023669302436,0.6566666666666667,0.5864465365486313
92,3,rbf,0.32421560600991084,0.01,-1.1853583349966534,0.7154388750523363,0.12447213577022855,0.6662709847860674,0.30324626829255064,0.5451387167464821,0.13520235191765972,0.5451387167464821,0.13520235191765972,0.4233333333333333,0.4903786948551253,0.7550388974777774,0.16179519453286625,0.6323521829811688,0.32268819610998173,0.48894516257488685,0.18745563042034893,0.48894516257488685,0.18745563042034893,0.49,0.5967440391624051,0.6693302044928017,0.23949482830910554,0.6904907240160527,0.35737585436384844,0.5761478472768088,0.25888251104111554,0.5761478472768088,0.25888251104111554,0.36999999999999994,0.49070673874349424
92,4,rbf,0.32421560600991084,0.01,-1.1853583349966534,0.7945226684340887,0.0881122589031813,0.639353080104478,0.3046587839592746,0.45829145097065804,0.1021958106522311,0.45829145097065804,0.1021958106522311,0.27666666666666667,0.44542372955487536,0.8719696944809665,0.08474528887041274,0.5838573349535585,0.32688435121423487,0.34727639958647,0.12086718123949221,0.34727639958647,0.12086718123949221,0.29000000000000004,0.4528454101757479,0.7057926158170004,0.24466941590090585,0.6673936189707089,0.36046668215498934,0.5297488201146278,0.27158197099608117,0.5297488201146278,0.27158197099608117,0.2966666666666667,0.4649681734257202
92,5,rbf,0.32421560600991084,0.01,-1.1853583349966534,0.7680282792030321,0.0923708054269444,0.6585621285041177,0.3005856742564476,0.48927325944782074,0.10674295821924788,0.48927325944782074,0.10674295821924788,0.22333333333333333,0.29558047312357094,0.9001189729590364,0.05236171714100328,0.5681454170617554,0.3304865951761513,0.3073741925913466,0.09546302911379587,0.3073741925913466,0.09546302911379587,0.14666666666666664,0.2596195270979722,0.8113980583494711,0.17702860992120092,0.6203989785264852,0.34122907688828996,0.4178426873289578,0.2032066610243392,0.4178426873289578,0.2032066610243392,0.18333333333333332,0.28172294207599424
93,1,rbf,0.32421560600991084,0.1,-1.2026073076813495,0.445817308891993,0.20109625096401512,0.809552252995675,0.2790239467807266,0.8578874618966564,0.29069963064779225,0.8578874618966564,0.29069963064779225,0.4599999999999999,0.48679104063384254,0.4522962453728443,0.21189252753950844,0.8250892057996789,0.2672898037630308,0.8405126759164171,0.27576377258293533,0.8405126759164171,0.27576377258293533,0.4399999999999999,0.468747413785969,0.5006516695024936,0.19051422228767823,0.8271149333409247,0.2854371469938309,0.8479099739664088,0.33681169914978093,0.8479099739664088,0.33681169914978093,0.4366666666666666,0.47523738774705393
93,2,rbf,0.32421560600991084,0.1,-1.2026073076813495,0.6460318746039053,0.2097652348085213,0.6964207772576857,0.24156566763531254,0.6137583081639703,0.21953229529853566,0.6137583081639703,0.21953229529853566,0.38333333333333325,0.5496602921638138,0.689365647511469,0.23145138858111713,0.7160021227745257,0.2592093671590007,0.5561925558401968,0.2540196025427536,0.5561925558401968,0.2540196025427536,0.3266666666666666,0.47917553714927774,0.6894884792051024,0.23028977866330141,0.7149165265693573,0.25849298662191283,0.5557809525681872,0.2524136841133726,0.5557809525681872,0.2524136841133726,0.3166666666666666,0.477120192573024
93,3,rbf,0.32421560600991084,0.1,-1.2026073076813495,0.7556642020039823,0.10852554893725848,0.6344631056877773,0.231920851617465,0.5008382191790439,0.12501737367560606,0.5008382191790439,0.12501737367560606,0.31666666666666665,0.4778423728943817,0.8197026753109538,0.1291715235479673,0.6633660950743298,0.2591207158804518,0.4126293778945213,0.1615098777558555,0.4126293778945213,0.1615098777558555,0.1733333333333333,0.37225624594313816,0.819772610101736,0.12402949344163826,0.6630898494520324,0.2592339970421574,0.41304870863298426,0.15819750582033895,0.41304870863298426,0.15819750582033895,0.1733333333333333,0.3600127711655503
93,4,rbf,0.32421560600991084,0.1,-1.2026073076813495,0.7903321604423941,0.08118819678555358,0.6161150151288175,0.23291006878515816,0.46410361819867585,0.09628563450698022,0.46410361819867585,0.09628563450698022,0.2633333333333333,0.4350848774373946,0.8633438267891971,0.09916582149436948,0.6444073501118058,0.26563651444728326,0.35731717164509086,0.1336026699260323,0.35731717164509086,0.1336026699260323,0.16000000000000003,0.37008852622228006,0.8633149704366453,0.09915104321491718,0.6447424581009014,0.2655241410992291,0.3573218496539124,0.13370146366658772,0.3573218496539124,0.13370146366658772,0.15666666666666668,0.3578511859200243
93,5,rbf,0.32421560600991084,0.1,-1.2026073076813495,0.7646676407565408,0.10285251040775747,0.6297171611679713,0.23083451183264259,0.4912835764067047,0.11902170117717097,0.4912835764067047,0.11902170117717097,0.27666666666666667,0.49388211167229484,0.8771943488387939,0.0843637615666851,0.6394327700184892,0.2687606187090271,0.33898569381744853,0.12095094448242831,0.33898569381744853,0.12095094448242831,0.15666666666666665,0.37295033720723264,0.8768485516527057,0.08442589005316328,0.639650106293172,0.2686315010912805,0.3395442968434079,0.12092689510170143,0.3395442968434079,0.12092689510170143,0.15666666666666665,0.37295033720723264
94,1,rbf,0.20456621780704987,1.0,-1.1874782164372462,0.342322814406915,0.23123582533608925,0.7873487086095328,0.28573928472887283,0.9342245373430171,0.2578318494573563,0.9342245373430171,0.2578318494573563,0.41000000000000003,0.37078667535483206,0.3749956692429726,0.2512953962897072,0.8550874366876708,0.2795095525441456,0.8936636523451011,0.26337066514359897,0.8936636523451011,0.26337066514359897,0.3633333333333333,0.25661366821088016,0.3726289790735165,0.2529033198224179,0.8549122577297793,0.2801256813620243,0.8996449038090237,0.2714511242956073,0.8996449038090237,0.2714511242956073,0.35999999999999993,0.26600492606276144
94,2,rbf,0.20456621780704987,1.0,-1.1874782164372462,0.5748627473786772,0.20358286261035866,0.7093418146017701,0.25622650440968475,0.6890002521697947,0.20156066735243988,0.6890002521697947,0.20156066735243988,0.28333333333333327,0.29135040324541234,0.616006987061436,0.21707944765710138,0.8339075239675788,0.2715126388166404,0.6428308772089802,0.2199909676844192,0.6428308772089802,0.2199909676844192,0.22999999999999998,0.18222759547259612,0.6166015926814513,0.21430522164646165,0.833742877086905,0.2719160904920356,0.6428219331624233,0.2167225656149919,0.6428219331624233,0.2167225656149919,0.2433333333333333,0.19596504497122622
94,3,rbf,0.20456621780704987,1.0,-1.1874782164372462,0.6912537671925811,0.1973777760456954,0.672369094459317,0.2562792006918273,0.5699944259891997,0.206275547616452,0.5699944259891997,0.206275547616452,0.2033333333333333,0.2498045212772873,0.7515959127186134,0.17534214764249076,0.8233341780489545,0.2729780693668427,0.49340290100784223,0.1943926497406415,0.49340290100784223,0.1943926497406415,0.18333333333333332,0.20356026530046428,0.7508644906906566,0.18090796220065802,0.8234527575573132,0.2730486494944932,0.49341409481555587,0.2000500917662732,0.49341409481555587,0.2000500917662732,0.18000000000000002,0.2023994002989616
94,4,rbf,0.20456621780704987,1.0,-1.1874782164372462,0.7731376940805256,0.11294527501438077,0.6497143129758871,0.2593862731598568,0.48235007917785994,0.12226603838266564,0.48235007917785994,0.12226603838266564,0.2466666666666666,0.3191943882201947,0.8345764083927212,0.12238139190844012,0.8178185990239496,0.273837441909631,0.3996046334235413,0.14118441399529785,0.3996046334235413,0.14118441399529785,0.16999999999999998,0.2306662015808214,0.8335698960032968,0.12326409541262122,0.8179247391557801,0.27382490345519733,0.40102301927897716,0.14163810525087558,0.40102301927897716,0.14163810525087558,0.1733333333333333,0.23034207445529317
94,5,rbf,0.20456621780704987,1.0,-1.1874782164372462,0.77548675757061,0.07174801370257484,0.6770674900896299,0.2461878851081522,0.48311207510983606,0.08636214551963717,0.48311207510983606,0.08636214551963717,0.20333333333333328,0.27352530404703507,0.8579567082053325,0.07873540443348033,0.81648480172241,0.2749320823600663,0.3713661178990613,0.10943569450235209,0.3713661178990613,0.10943569450235209,0.15,0.21131770492269003,0.8586847229604646,0.07782393660342958,0.816442724272486,0.27494846874531603,0.37043169532460063,0.10874051561545217,0.37043169532460063,0.10874051561545217,0.15,0.21131770492269003
95,1,rbf,0.20456621780704987,0.1,-1.1609412439583062,0.36686435947507307,0.28185901279647624,0.8521922045588867,0.3042706312314393,0.9126911251679094,0.30710278623709164,0.9126911251679094,0.30710278623709164,0.45333333333333325,0.5673491495289866,0.38435682281257816,0.29910113717386067,0.8457291939587356,0.3239780308570424,0.8902738492624247,0.3203637044831821,0.8902738492624247,0.3203637044831821,0.39666666666666667,0.48670839059057164,0.38513543003873757,0.29736662907268924,0.8460092972974607,0.3248576447371838,0.8887228035963045,0.31841923071561185,0.8887228035963045,0.31841923071561185,0.4633333333333333,0.5561464290766531
95,2,rbf,0.20456621780704987,0.1,-1.1609412439583062,0.635649102941959,0.20251443470537153,0.7679559525057598,0.31452458006052786,0.6271821140991692,0.2079858144867554,0.6271821140991692,0.2079858144867554,0.2733333333333333,0.4050826508541048,0.6750712677547772,0.20441424194077712,0.7614543243607976,0.33992742518160957,0.5842370791430309,0.21243613529047728,0.5842370791430309,0.21243613529047728,0.36333333333333334,0.4795711685945335,0.6746744448332087,0.20328445155181657,0.7626190622877872,0.3415207704405608,0.5842151904461714,0.21201684451328998,0.5842151904461714,0.21201684451328998,0.37,0.4771683719321869
95,3,rbf,0.20456621780704987,0.1,-1.1609412439583062,0.7255303473920368,0.17499128568373423,0.7508360533455873,0.3172443431072473,0.527004997891287,0.18622128596031018,0.527004997891287,0.18622128596031018,0.29,0.4490219255840103,0.7545952893800258,0.17836239369175216,0.7359768615298939,0.3413466823572215,0.49506173941177223,0.19598433540232726,0.49506173941177223,0.19598433540232726,0.2633333333333333,0.4122966234971207,0.7741360456678553,0.17603359870274954,0.731685218808245,0.33814022184716824,0.46155600388003065,0.20405753744704788,0.46155600388003065,0.20405753744704788,0.31333333333333335,0.5110727954986947
95,4,rbf,0.20456621780704987,0.1,-1.1609412439583062,0.7693646036154378,0.11619130637588966,0.7387367349381707,0.3219205375115326,0.483764341109617,0.13229646352981086,0.483764341109617,0.13229646352981086,0.22666666666666666,0.3850063441782112,0.8334539587333957,0.12136779024844892,0.7119919280658601,0.33558628260551127,0.39518066328435525,0.15610024209008241,0.39518066328435525,0.15610024209008241,0.20666666666666667,0.3258234484198918,0.8341361145727895,0.11777656695218161,0.7130152240493666,0.33471607270724857,0.39576648761952493,0.1505974416435051,0.39576648761952493,0.1505974416435051,0.2633333333333333,0.4358767093423626
95,5,rbf,0.20456621780704987,0.1,-1.1609412439583062,0.7754640847298827,0.09609630364043886,0.7445827694057569,0.3201333841179198,0.47968862152561415,0.111881231233966,0.47968862152561415,0.111881231233966,0.22666666666666663,0.38050178606072577,0.8583930348450196,0.10997521395799695,0.7049762382831212,0.33749722475548644,0.36492558298460226,0.13803828648115254,0.36492558298460226,0.13803828648115254,0.19999999999999998,0.32589399588167345,0.8578408396838442,0.09481990694434148,0.707250996868128,0.3347371074555474,0.3673941375115002,0.1272340787723801,0.3673941375115002,0.1272340787723801,0.2033333333333333,0.332683274180624
96,1,rbf,0.32421560600991084,0.01,-1.1577024080739329,0.2781805337872018,0.25473884930903656,0.8946275253790988,0.38821359768968533,1.0306823141293597,0.32414718078444976,1.0306823141293597,0.32414718078444976,0.5433333333333332,0.5462621155183423,0.31631797758947106,0.2762371967460789,0.8794824975508299,0.39175020392953813,0.9931664059227877,0.35672528166471007,0.9931664059227877,0.35672528166471007,0.6,0.6470090336735433,0.1951630689912249,0.19628462624919435,0.9426141995760935,0.40118802087058997,1.1873093244481239,0.3098390860890867,1.1873093244481239,0.3098390860890867,0.7833333333333333,0.6242696882583368
96,2,rbf,0.32421560600991084,0.01,-1.1577024080739329,0.4794833541617308,0.2675762891916329,0.8347024121851323,0.342466860045812,0.7881658929677026,0.2825769297250089,0.7881658929677026,0.2825769297250089,0.4166666666666667,0.5446183942930122,0.5205176112566419,0.28473577035744824,0.8093632964377105,0.3411460312750925,0.7420088220980536,0.31047178210933585,0.7420088220980536,0.31047178210933585,0.3933333333333333,0.5438897792329095,0.3846824718687985,0.24522916829934285,0.8774691855103115,0.3928011895343998,0.8951008707796873,0.2850359474314167,0.8951008707796873,0.2850359474314167,0.5,0.517287354278598
96,3,rbf,0.32421560600991084,0.01,-1.1577024080739329,0.6653158001830785,0.18664832628985206,0.7847865120135334,0.3248273296722632,0.5946240251309668,0.19078462132973992,0.5946240251309668,0.19078462132973992,0.3133333333333333,0.47104676781744753,0.7303561906260335,0.19924097620355669,0.7479359577220066,0.3367971437803388,0.5172087713213276,0.21390871913169177,0.5172087713213276,0.21390871913169177,0.19666666666666666,0.37918545488375777,0.46853836170802476,0.2641669337533473,0.8666793627495102,0.38244221521348276,0.8094112354990658,0.29371259005242606,0.8094112354990658,0.29371259005242606,0.33999999999999997,0.5136750616542691
96,4,rbf,0.32421560600991084,0.01,-1.1577024080739329,0.7370179638908181,0.13226596849543412,0.7704182038166897,0.3131132794586582,0.5210881916468053,0.14017645821712724,0.5210881916468053,0.14017645821712724,0.22,0.3699021305790176,0.8141568082583882,0.13369746087975912,0.7192519520800768,0.33445189981347034,0.4194243756705452,0.16408484557757516,0.4194243756705452,0.16408484557757516,0.16666666666666666,0.35751376470567253,0.704424281648245,0.22996874861169356,0.781013248012353,0.39446574359161574,0.5470428566424751,0.25507931155934244,0.5470428566424751,0.25507931155934244,0.21666666666666662,0.4347677408752255
96,5,rbf,0.32421560600991084,0.01,-1.1577024080739329,0.7209475837468932,0.13076133663530556,0.805370235785246,0.3108548279425958,0.5398081354479803,0.1368987948597585,0.5398081354479803,0.1368987948597585,0.32333333333333336,0.473201373867284,0.8493512281987534,0.10432000930188048,0.7094599644718766,0.33945025233348103,0.37780474054463,0.13566580908930406,0.37780474054463,0.13566580908930406,0.16999999999999998,0.3696690038585777,0.7473254232866835,0.19734221046044473,0.7702212485499981,0.3828220078985162,0.49740858571798163,0.21265506427266243,0.49740858571798163,0.21265506427266243,0.2033333333333333,0.43587670934236256
97,1,rbf,0.5138471068547622,0.001,-1.2330747035075724,0.4154635715991104,0.27415334034323874,0.7042836997512727,0.21172584876859663,0.8935982164306248,0.3537081889455273,0.8935982164306248,0.3537081889455273,0.37999999999999995,0.37910966478188673,0.42761882152154534,0.28026295695821984,0.6977987937623766,0.207737448849184,0.8781658343686529,0.36601691796905683,0.8781658343686529,0.36601691796905683,0.4333333333333333,0.439696865275764,0.3667856715116237,0.2819490859701451,0.768041013774538,0.2861193140075616,1.0324942657445528,0.42549496453331115,1.0324942657445528,0.42549496453331115,0.5733333333333334,0.5125550152697376
97,2,rbf,0.5138471068547622,0.001,-1.2330747035075724,0.6042360312009907,0.21443048138124035,0.6411318765168013,0.22411120470964302,0.6571061637180174,0.21815276951614634,0.6571061637180174,0.21815276951614634,0.31666666666666665,0.3806376984368001,0.6312804624766176,0.21603300623291954,0.6247621782586937,0.2180375047361931,0.6221666151513001,0.22689199299874296,0.6221666151513001,0.22689199299874296,0.3133333333333333,0.39890655143981935,0.40426000203673224,0.2975405920422743,0.7283112632193992,0.30150305351779644,0.9202952551606411,0.39471073493399234,0.9202952551606411,0.39471073493399234,0.6933333333333334,0.6383887764403894
97,3,rbf,0.5138471068547622,0.001,-1.2330747035075724,0.71253716527472,0.17834327358215785,0.6042171589367739,0.2149938396628248,0.5441104298225348,0.18944892297702107,0.5441104298225348,0.18944892297702107,0.2333333333333333,0.3055050463303894,0.7650316578291475,0.17043302383846262,0.5737999736772539,0.21306698536073804,0.4779668718544781,0.19080828500589841,0.4779668718544781,0.19080828500589841,0.23999999999999994,0.36350781426880324,0.40672952742448987,0.28842842110308636,0.7299522294931606,0.29796083596295936,0.9222109112478475,0.39179851493014134,0.9222109112478475,0.39179851493014134,0.61,0.6321010395007519
97,4,rbf,0.5138471068547622,0.001,-1.2330747035075724,0.7687519479799686,0.10016496368078215,0.5927738404252104,0.21620077241797037,0.4874505615124278,0.1144118023839947,0.4874505615124278,0.1144118023839947,0.24999999999999997,0.35306539396235526,0.8394787560411144,0.1044498216062857,0.5483857646553003,0.216567625090285,0.39259474652318327,0.13372043832754174,0.39259474652318327,0.13372043832754174,0.17666666666666667,0.3276702856408466,0.5661457787048352,0.2755803432404406,0.6531989826514117,0.24332622635606493,0.6926256168735115,0.2897263056718124,0.6926256168735115,0.2897263056718124,0.38666666666666666,0.4783112053834849
97,5,rbf,0.5138471068547622,0.001,-1.2330747035075724,0.747775447041027,0.115132344713897,0.6113929233435639,0.21183934301909146,0.5095807104869396,0.12923595686698158,0.5095807104869396,0.12923595686698158,0.2333333333333333,0.3555795011093798,0.8591842230945982,0.08869303651367527,0.5354502948759824,0.2276081722273695,0.36453405016122514,0.1277912438377072,0.36453405016122514,0.1277912438377072,0.23999999999999996,0.40819197647084193,0.5982918722964928,0.28417252426076234,0.6408405034821125,0.25650502286907223,0.6523660308155864,0.2964087781582097,0.6523660308155864,0.2964087781582097,0.44333333333333336,0.5083328622571776
98,1,rbf,0.32421560600991084,0.01,-1.1478247612416252,0.3912489103149841,0.24995337885133664,0.7983508067143379,0.29929357170574766,0.8953953989412884,0.30033462060899174,0.8953953989412884,0.30033462060899174,0.3366666666666667,0.461245191234317,0.42437480197477045,0.277710118885498,0.7736964835188018,0.3057430098305173,0.8496294512446005,0.3156215608853313,0.8496294512446005,0.3156215608853313,0.4133333333333333,0.5008498524634342,0.4058983906444826,0.2927859549749981,0.8111299926885466,0.3259602296804897,0.8642259578481883,0.32853022912181734,0.8642259578481883,0.32853022912181734,0.42000000000000004,0.4737233297014707
98,2,rbf,0.32421560600991084,0.01,-1.1478247612416252,0.6086546713830925,0.1883738124591441,0.7071889130364462,0.2683213883436798,0.651385925237524,0.1913926652653101,0.651385925237524,0.1913926652653101,0.20666666666666664,0.18370390969378306,0.6674727479969023,0.20762796830805438,0.667302680648314,0.2844407897107297,0.5828253124955205,0.2270649157170991,0.5828253124955205,0.2270649157170991,0.25333333333333335,0.3401149231062057,0.5662620739592951,0.2630033654169709,0.7397680106806317,0.3228566251913141,0.6933512617227205,0.2804419759042984,0.6933512617227205,0.2804419759042984,0.3933333333333333,0.5023622359333492
98,3,rbf,0.32421560600991084,0.01,-1.1478247612416252,0.7581518118935746,0.1017451558528758,0.6416280471320125,0.22536478654615502,0.49951050686187176,0.11586960315221197,0.49951050686187176,0.11586960315221197,0.22666666666666668,0.25721765013355885,0.8411495966035527,0.09696361563365065,0.5841004048700076,0.25001604974945313,0.3902979510553845,0.13067254986586277,0.3902979510553845,0.13067254986586277,0.2133333333333333,0.33086441991821375,0.7825767926294308,0.13143768196904132,0.6448633368256697,0.29236299393249904,0.46099321771929264,0.16008554987375995,0.46099321771929264,0.16008554987375995,0.31666666666666654,0.5565183228593295
98,4,rbf,0.32421560600991084,0.01,-1.1478247612416252,0.7672362545597889,0.10378647538767843,0.6413191411540297,0.20798826321889524,0.4888531283387752,0.1177160969075348,0.4888531283387752,0.1177160969075348,0.3266666666666666,0.43859755595757033,0.867239801373003,0.07339323142499736,0.5681539556281606,0.24170543011718132,0.3562481104667277,0.11251141703911505,0.3562481104667277,0.11251141703911505,0.18,0.3067066440709125,0.8202978867099538,0.11250611139125062,0.6179251013855726,0.2853384326972599,0.4135895796753581,0.15070445604877183,0.4135895796753581,0.15070445604877183,0.17333333333333334,0.2935318032858278
98,5,rbf,0.32421560600991084,0.01,-1.1478247612416252,0.7699657374257727,0.10212304020031186,0.639845398755708,0.20423843156617605,0.48625397665917736,0.11466898136717038,0.48625397665917736,0.11466898136717038,0.3766666666666667,0.5137309998723896,0.8961187925650226,0.05452909698178461,0.5523387216071792,0.24269264856112863,0.3139549560030437,0.0965655505503408,0.3139549560030437,0.0965655505503408,0.16666666666666666,0.30095633012727635,0.8618664257150689,0.08717683333766922,0.588913307524504,0.2779484257183927,0.363236399576947,0.11962808072933914,0.363236399576947,0.11962808072933914,0.14999999999999997,0.2909556193198425
99,1,rbf,0.32421560600991084,0.01,-1.1482356799369695,0.4039652814520746,0.1952595285249996,0.7702894342238747,0.34764074880565854,0.8726657112737527,0.22924950269859998,0.8726657112737527,0.22924950269859998,0.3966666666666667,0.40724755949255687,0.4598967813078264,0.19627393654171552,0.7593318255789916,0.3530687240755159,0.8386110530254371,0.2774865621614307,0.8386110530254371,0.2774865621614307,0.41000000000000003,0.393349892501618,0.39556399945344245,0.23575096132827245,0.7999705066893114,0.36043700965387193,0.9324139037297297,0.3480710044852412,0.9324139037297297,0.3480710044852412,0.48333333333333334,0.49416131202154073
99,2,rbf,0.32421560600991084,0.01,-1.1482356799369695,0.6021619739113414,0.20202487381665446,0.684135955142026,0.32235072809549986,0.659487610683548,0.20111528961505526,0.659487610683548,0.20111528961505526,0.3433333333333334,0.44542372955487536,0.641706631133907,0.21296188934258806,0.6630359321281871,0.3261472805629539,0.6139279405058959,0.2190604382027113,0.6139279405058959,0.2190604382027113,0.3066666666666667,0.4532893825888889,0.4706046560809464,0.2484594125064947,0.7584045973050436,0.3568885162557333,0.8352688901137509,0.3377416787745217,0.8352688901137509,0.3377416787745217,0.5166666666666667,0.5693815963822948
99,3,rbf,0.32421560600991084,0.01,-1.1482356799369695,0.7006054961261922,0.16948615302383838,0.6516003927522607,0.3163179662382264,0.5577985223449681,0.17508776490652642,0.5577985223449681,0.17508776490652642,0.28333333333333327,0.4127981332934716,0.760618778435071,0.17773923677225278,0.6111355857208738,0.3219050592598127,0.4820522516932057,0.1977763275078892,0.4820522516932057,0.1977763275078892,0.21666666666666667,0.3611125847302676,0.5700895397147602,0.2544891406254821,0.715701959162876,0.32496447599608674,0.7090191769056035,0.3118720120218388,0.7090191769056035,0.3118720120218388,0.3133333333333334,0.38750602516635774
99,4,rbf,0.32421560600991084,0.01,-1.1482356799369695,0.7713156297107548,0.10850062472989376,0.6333774595295394,0.3191495031977224,0.4828606096460148,0.12405863262481052,0.4828606096460148,0.12405863262481052,0.2333333333333333,0.3817684199050278,0.8459766520309032,0.1240598445389244,0.5756444203404326,0.33232474310508475,0.3741987156502089,0.1631971899724764,0.3741987156502089,0.1631971899724764,0.20333333333333328,0.35475424551743373,0.7015716225218149,0.21019194464516838,0.6541192195366868,0.32403136900813434,0.5471954201446826,0.2258627945074707,0.5471954201446826,0.2258627945074707,0.24666666666666667,0.4360744426588537
99,5,rbf,0.32421560600991084,0.01,-1.1482356799369695,0.7951093681009684,0.08717807793300592,0.6435125385983732,0.3107983136784903,0.45757324435928115,0.10176728496476749,0.45757324435928115,0.10176728496476749,0.23333333333333334,0.37447280950353556,0.8973308946501822,0.07712693190096573,0.5601206170699469,0.33495508722779965,0.30699244199552894,0.1161783389359346,0.30699244199552894,0.1161783389359346,0.16666666666666666,0.33562431103976886,0.8454769807669209,0.10108187117213553,0.6078297185726025,0.3204764758139988,0.38709552581391315,0.12423853389719137,0.38709552581391315,0.12423853389719137,0.1833333333333333,0.37516279991062756
100,1,rbf,0.20456621780704987,0.01,-1.1816508307197462,0.3406085965599818,0.2723514244378449,0.8656468198072368,0.33580670749896946,0.9534256849148481,0.32308521520654737,0.9534256849148481,0.32308521520654737,0.5399999999999999,0.5562187612305322,0.3655764878250591,0.2582622749572729,0.8434232520423245,0.33536505302576686,0.9450286183829184,0.33645129217082537,0.9450286183829184,0.33645129217082537,0.5866666666666667,0.5899931813360122,0.3923500064545428,0.24911445363789822,0.8758244361978461,0.33005149918274207,0.9681222571312033,0.3718499952532591,0.9681222571312033,0.3718499952532591,0.5233333333333333,0.5864465365486313
100,2,rbf,0.20456621780704987,0.01,-1.1816508307197462,0.5978481144707068,0.23716085463349856,0.723771828385527,0.3338783535865156,0.6619885326785754,0.23992985003701622,0.6619885326785754,0.23992985003701622,0.35666666666666663,0.5076540590580961,0.6393796314522944,0.24149198148586154,0.6958775537848697,0.334845018100336,0.616142601436782,0.2517763645877673,0.616142601436782,0.2517763645877673,0.36333333333333323,0.5750462250285104,0.5283875334114646,0.25987249333477286,0.7934904425791963,0.3406855287502095,0.7349487166542821,0.27521194045138525,0.7349487166542821,0.27521194045138525,0.43,0.5534531098725403
100,3,rbf,0.20456621780704987,0.01,-1.1816508307197462,0.7073592897414813,0.13756033251792435,0.6913358897142065,0.33768221891373984,0.5531260133605443,0.14560769249856226,0.5531260133605443,0.14560769249856226,0.32,0.5300618051146294,0.7852322443570475,0.11434735838565793,0.6390760624470392,0.3266701662701567,0.46290473325371795,0.13770203463295144,0.46290473325371795,0.13770203463295144,0.2566666666666666,0.47027749206211206,0.6826596985999627,0.21330550821154265,0.6964571083681441,0.34239818963912627,0.5705435077374047,0.23075495604348542,0.5705435077374047,0.23075495604348542,0.3266666666666666,0.5771113161811747
100,4,rbf,0.20456621780704987,0.01,-1.1816508307197462,0.7548673867929259,0.1055748489499888,0.6676667875241421,0.32911905662399804,0.5037736842904252,0.11671900840132123,0.5037736842904252,0.11671900840132123,0.3333333333333333,0.5504439169862143,0.8493269274502306,0.09703041076878043,0.6035719522399616,0.33211044536607864,0.3816887955498824,0.12252296163784283,0.3816887955498824,0.12252296163784283,0.24666666666666665,0.4847561301800385,0.6951680678346023,0.16994321886853114,0.6936380803162314,0.3359684263577939,0.560834462924341,0.1824319886504505,0.560834462924341,0.1824319886504505,0.3466666666666666,0.5757953020692836
100,5,rbf,0.20456621780704987,0.01,-1.1816508307197462,0.746037838951603,0.09809788819119103,0.6814884810885263,0.3207081003412407,0.5146348239600776,0.10899854972517918,0.5146348239600776,0.10899854972517918,0.3399999999999999,0.5562187612305322,0.8680872069590265,0.08420142372111077,0.5954162097423457,0.33615320455211595,0.3552584836437326,0.11451322608867101,0.3552584836437326,0.11451322608867101,0.20666666666666664,0.4608338269831698,0.8212597498653239,0.0996946970531826,0.6262054433259979,0.3326159586404264,0.41773439013696423,0.13028908569411574,0.41773439013696423,0.13028908569411574,0.24666666666666665,0.48900555904980175
101,1,rbf,0.32421560600991084,0.01,-1.1455233722245124,0.3578273345656429,0.22856243299759027,0.8262299755184623,0.24237188947908755,0.9447827318944636,0.2933122217845624,0.9447827318944636,0.2933122217845624,0.48000000000000004,0.47445068055158496,0.41578455990256646,0.2661034670677691,0.8053497809901412,0.24502741217720947,0.8893086924217328,0.33521146809002367,0.8893086924217328,0.33521146809002367,0.4433333333333333,0.5184082623153123,0.36845060802501123,0.2738279911329975,0.8749674126089597,0.28216976436832897,1.0135033382579715,0.39247523853469557,1.0135033382579715,0.39247523853469557,0.5966666666666668,0.5798235958451938
101,2,rbf,0.32421560600991084,0.01,-1.1455233722245124,0.5335580782340263,0.19755302521315918,0.7589684175484305,0.21632558297377757,0.7570378463930251,0.2673753805681056,0.7570378463930251,0.2673753805681056,0.37666666666666665,0.4973608509844276,0.5836384217764206,0.2576108711812459,0.7152981962440227,0.24362585200227668,0.6714216532643643,0.2700753066531585,0.6714216532643643,0.2700753066531585,0.28333333333333327,0.4000718326305513,0.4941064497185161,0.26973030664044717,0.8172465377482637,0.23412133014106176,0.7810362495107415,0.29509376989778274,0.7810362495107415,0.29509376989778274,0.4699999999999999,0.6226472959649099
101,3,rbf,0.32421560600991084,0.01,-1.1455233722245124,0.682604574009114,0.15904705694890106,0.6856844776923741,0.21713561924815952,0.5797217641323518,0.16121474821968848,0.5797217641323518,0.16121474821968848,0.26999999999999996,0.43719324221044725,0.7566059458533062,0.1740658009872182,0.6409972121153321,0.2282690252522717,0.48689034080563015,0.1939588578925208,0.48689034080563015,0.1939588578925208,0.2766666666666666,0.4492778368811928,0.5930749797784568,0.26210528818940226,0.7692472246239714,0.23646499332747944,0.671587540632613,0.28455983111433014,0.671587540632613,0.28455983111433014,0.38333333333333325,0.5872691524942071
101,4,rbf,0.32421560600991084,0.01,-1.1455233722245124,0.752125614844996,0.10016340416493406,0.6632511577972231,0.2233751481773731,0.5074436643379029,0.11132666945217048,0.5074436643379029,0.11132666945217048,0.33333333333333326,0.4663381438053465,0.8429310205465842,0.09994240282620548,0.6112713150763303,0.23819016069916146,0.3858727098517322,0.13708705043551148,0.3858727098517322,0.13708705043551148,0.33666666666666667,0.5142676971848573,0.6827024067503412,0.23878703298106965,0.7197308041091078,0.23491030867537702,0.5708255266205842,0.27134795315955756,0.5708255266205842,0.27134795315955756,0.25999999999999995,0.4628249091737869
101,5,rbf,0.32421560600991084,0.01,-1.1455233722245124,0.7646383889311957,0.08136957621407918,0.6731009856936894,0.21471449876538143,0.4948117255574882,0.09506308642561398,0.4948117255574882,0.09506308642561398,0.3133333333333333,0.5204330645843361,0.8861466633937779,0.057271761231102655,0.5985951836539208,0.24049445852491705,0.3332815684385339,0.08631972168325994,0.3332815684385339,0.08631972168325994,0.30333333333333334,0.5261986863070492,0.8528489309463284,0.09132147776867285,0.6232407141025214,0.2356529391581789,0.3765755356043699,0.12043044174876064,0.3765755356043699,0.12043044174876064,0.2233333333333333,0.4568885273639311
102,1,rbf,0.20456621780704987,0.01,-1.214709014969001,0.5088833687738931,0.22097609722428757,0.740943334031888,0.26042688561322885,0.7701637873795012,0.2626798920880601,0.7701637873795012,0.2626798920880601,0.3566666666666667,0.29323796777894645,0.5434061034174928,0.22953953088996729,0.7315113133289031,0.27357516605008125,0.7346379497341977,0.2741390879703087,0.7346379497341977,0.2741390879703087,0.38000000000000006,0.3199137814883987,0.5204248147356865,0.2378608657049114,0.7429696917580544,0.27086743337768154,0.7557368104934523,0.26896167787529907,0.7557368104934523,0.26896167787529907,0.3533333333333334,0.305956198502823
102,2,rbf,0.20456621780704987,0.01,-1.214709014969001,0.6766945856561304,0.18071437527689316,0.6533258202866051,0.26101309649365495,0.581757687053421,0.18649258898370308,0.581757687053421,0.18649258898370308,0.26333333333333336,0.3189241973857752,0.7212333121905321,0.19451207074132484,0.6425365989355912,0.28135671414809893,0.5268874696208589,0.21043552180294245,0.5268874696208589,0.21043552180294245,0.2966666666666667,0.32215153141868247,0.7104985747606836,0.18451882004338838,0.653941004070204,0.2722392836616037,0.538905371001007,0.20174846378668676,0.538905371001007,0.20174846378668676,0.2733333333333333,0.30505322693649356
102,3,rbf,0.20456621780704987,0.01,-1.214709014969001,0.7435239870480206,0.1168678160796369,0.618823105020245,0.2440154583776123,0.5139093848290724,0.1316008031897251,0.5139093848290724,0.1316008031897251,0.23333333333333334,0.32940210552823856,0.8120886714486076,0.12841545691190198,0.598189541191237,0.2595760507672645,0.42431605897080427,0.15721054139244797,0.42431605897080427,0.15721054139244797,0.26333333333333336,0.32322014845584135,0.7566796072124452,0.16619950892892424,0.6293330645530373,0.27194128606639983,0.49043629297162533,0.1829167343009664,0.49043629297162533,0.1829167343009664,0.2733333333333334,0.3352130905736738
102,4,rbf,0.20456621780704987,0.01,-1.214709014969001,0.774035257818554,0.0858799131127387,0.612328931536231,0.23657842414063018,0.4829564552911169,0.10097523655208211,0.4829564552911169,0.10097523655208211,0.2766666666666666,0.43761369622811946,0.8719471019014498,0.08016154887571053,0.5679330592256258,0.250593385102644,0.34713761235094914,0.11997812352451881,0.34713761235094914,0.11997812352451881,0.2033333333333333,0.3253468529318267,0.8470695400532315,0.06692993585714928,0.5864500425819403,0.25402298501837134,0.3892508491017367,0.09734031979567213,0.3892508491017367,0.09734031979567213,0.24000000000000005,0.34601175981610005
102,5,rbf,0.20456621780704987,0.01,-1.214709014969001,0.765075149506544,0.08350902215141284,0.6190109067824013,0.2296528863628185,0.49399578908458125,0.09741168802685915,0.49399578908458125,0.09741168802685915,0.18666666666666665,0.26747005418374875,0.8861044754484718,0.05731140743046333,0.5593864131567946,0.25667133387953367,0.33035887246723417,0.09734760379825404,0.33035887246723417,0.09734760379825404,0.16333333333333336,0.2619335705905199,0.8480777197402417,0.07748036989119597,0.5801956933018764,0.2578930803105289,0.38474277873606233,0.1116538674167219,0.38474277873606233,0.1116538674167219,0.18999999999999997,0.28448380355085
103,1,rbf,0.20456621780704987,1.0,-1.2108937166792986,0.3821201873402313,0.2369330706197375,0.9614686937029745,0.3190942587077502,0.8963910480161453,0.26887630896294507,0.8963910480161453,0.26887630896294507,0.3433333333333332,0.3710965422611223,0.4027739422203695,0.23683981850120353,1.0241585289250035,0.3160037390521012,0.8785956842999502,0.2775655884814547,0.8785956842999502,0.2775655884814547,0.3866666666666667,0.4191397868486602,0.41897749638663623,0.24680352907708192,1.0245037986268335,0.31818820948392407,0.858388449672304,0.27978174963610464,0.858388449672304,0.27978174963610464,0.3733333333333333,0.4282549460900303
103,2,rbf,0.20456621780704987,1.0,-1.2108937166792986,0.6131802396817828,0.21512954505107224,0.8617598419583141,0.2959874794424778,0.6515751842146691,0.22224425437151477,0.6515751842146691,0.22224425437151477,0.32,0.4830934799237385,0.6554209302346193,0.24730378298335606,0.9982000822723158,0.31675354970078945,0.5954654699296634,0.2635637577059362,0.5954654699296634,0.2635637577059362,0.2800000000000001,0.4180414102569926,0.6580426055278001,0.24466413744837154,0.9988477394490546,0.3169115278273019,0.5948854339390088,0.26204197891778125,0.5948854339390088,0.26204197891778125,0.29999999999999993,0.4479839898617068
103,3,rbf,0.20456621780704987,1.0,-1.2108937166792986,0.7175212553371254,0.1331867600096898,0.8265580354445962,0.3006229554648178,0.5444767078175129,0.13619402896149513,0.5444767078175129,0.13619402896149513,0.22666666666666666,0.3590536731881253,0.7772344705443063,0.15026229826203572,0.9907511819717344,0.3158519632060346,0.4660183478267393,0.1724860631769726,0.4660183478267393,0.1724860631769726,0.21666666666666667,0.3860349576213885,0.7804860585218744,0.1459967564129828,0.9905332468252058,0.31632392743943266,0.46322063696907717,0.16763442247904223,0.46322063696907717,0.16763442247904223,0.21666666666666662,0.38692718136383364
103,4,rbf,0.20456621780704987,1.0,-1.2108937166792986,0.7509438007738892,0.11869812401624,0.8143088394760067,0.2952703432736417,0.5066219322614727,0.12946782202140997,0.5066219322614727,0.12946782202140997,0.17666666666666667,0.35494859592217914,0.8514503049205351,0.10714404280738747,0.9859475050581398,0.31654972720704977,0.37298363208163976,0.1414204688516245,0.37298363208163976,0.1414204688516245,0.15999999999999998,0.38827647455087355,0.8524288088206617,0.10552199321910664,0.9859042353644434,0.31663252718218177,0.3718034076565958,0.14023443989640347,0.3718034076565958,0.14023443989640347,0.15999999999999998,0.38827647455087355
103,5,rbf,0.20456621780704987,1.0,-1.2108937166792986,0.7366424559781815,0.13811473063850546,0.8321383423462018,0.2917031119743695,0.5206736185963421,0.14712213094422752,0.5206736185963421,0.14712213094422752,0.18666666666666668,0.372996564034589,0.8757962063833554,0.07660729020810302,0.9847607045749908,0.31797606125650907,0.34423959548918426,0.10995993169318938,0.34423959548918426,0.10995993169318938,0.16666666666666666,0.38714991601608845,0.8760062391491661,0.0751923305451599,0.9848130120768642,0.31804760919328096,0.3441244446365795,0.10889815192189294,0.3441244446365795,0.10889815192189294,0.16333333333333327,0.388172849281786
104,1,rbf,0.20456621780704987,0.1,-1.2012644550465934,0.4567486422291136,0.23865629169752675,0.749152590258195,0.28268650005982965,0.8282274028926133,0.28329955944177676,0.8282274028926133,0.28329955944177676,0.45666666666666667,0.46288699248962695,0.5014009289113905,0.26138053734126965,0.7522372868272418,0.2864771674472782,0.7997320331313413,0.3428140295257307,0.7997320331313413,0.3428140295257307,0.42666666666666664,0.45023620875953646,0.5208388126716738,0.2821515942751232,0.756068197080182,0.29509165653268815,0.7505354376620919,0.31617879281071004,0.7505354376620919,0.31617879281071004,0.41666666666666663,0.4941613120215408
104,2,rbf,0.20456621780704987,0.1,-1.2012644550465934,0.5714621212064904,0.23170637910959596,0.7220256280642263,0.28573389400150695,0.6932248980859766,0.2333791660434576,0.6932248980859766,0.2333791660434576,0.3766666666666667,0.5197368918805064,0.6351027562303511,0.23898038065722274,0.6983399283187034,0.30310577388379184,0.6170323249949939,0.25169899381810223,0.6170323249949939,0.25169899381810223,0.32999999999999996,0.4235726538664274,0.643482245191634,0.23887149815701472,0.6969872465791703,0.3050960170441743,0.6092466942157392,0.25086647047899757,0.6092466942157392,0.25086647047899757,0.30999999999999994,0.41551795678862435
104,3,rbf,0.20456621780704987,0.1,-1.2012644550465934,0.6493207452409586,0.1824104364602635,0.7008386732989729,0.25855858318079317,0.6140958863253011,0.18425651779733532,0.6140958863253011,0.18425651779733532,0.31,0.3977089561389125,0.7291067102269156,0.20216224849620093,0.6689032728254758,0.29250205073075214,0.5135872096825723,0.2276879169233182,0.5135872096825723,0.2276879169233182,0.27333333333333326,0.37868495989486395,0.7386422048426812,0.19232513138578303,0.6674349192842753,0.29300955972585474,0.5050554365975528,0.21564268434166103,0.5050554365975528,0.21564268434166103,0.25000000000000006,0.3491368667501871
104,4,rbf,0.20456621780704987,0.1,-1.2012644550465934,0.662502257519987,0.17185493442294317,0.7089920971096657,0.25443991169222613,0.6010879466702136,0.1756412090439985,0.6010879466702136,0.1756412090439985,0.18666666666666665,0.22702473408212043,0.7743279529253736,0.19159012226817687,0.6525665123999216,0.2920588866056287,0.4626134502634163,0.2153825454637425,0.4626134502634163,0.2153825454637425,0.29000000000000004,0.400301610426869,0.7864230445618221,0.17630585996209383,0.6528389591114391,0.2946608942784871,0.44693753436337097,0.20515395524575325,0.44693753436337097,0.20515395524575325,0.21,0.32307787040406777
104,5,rbf,0.20456621780704987,0.1,-1.2012644550465934,0.6785235667862484,0.12432726968498671,0.7134673712145212,0.24806323732166352,0.5854819680794758,0.13200947803657406,0.5854819680794758,0.13200947803657406,0.19666666666666668,0.3253468529318267,0.8305314177641674,0.14856383468691722,0.6369982416925868,0.29256682267642076,0.39804476831610724,0.17361978543373507,0.39804476831610724,0.17361978543373507,0.24999999999999997,0.41084437862562495,0.8324282020078979,0.14497751191047012,0.6357952322404895,0.29288004198907924,0.3961279857663394,0.16985860781841908,0.3961279857663394,0.16985860781841908,0.19666666666666666,0.3242852440988178
105,1,rbf,0.20456621780704987,100.0,-1.192778883283719,0.2941286831939312,0.23506551918690433,0.8144652805024987,0.34702684149909035,0.9915883242577255,0.2726493875528367,0.9915883242577255,0.2726493875528367,0.65,0.7304934562712881,0.336551346135139,0.22378368642277677,0.893385072046965,0.3673602910531566,0.9384077392526494,0.25143708888265115,0.9384077392526494,0.25143708888265115,0.43,0.49070673874349424,0.3715071033357068,0.2571602575456544,0.8933671552611713,0.3674402083907903,0.9132148591077108,0.29522210106993024,0.9132148591077108,0.29522210106993024,0.4699999999999999,0.5814073294675779
105,2,rbf,0.20456621780704987,100.0,-1.192778883283719,0.5150222620360417,0.24412157771522425,0.7266326605986658,0.28627948270880027,0.7458128888091068,0.24167419354899208,0.7458128888091068,0.24167419354899208,0.36666666666666664,0.5671059825132326,0.5504979006128834,0.2559087072606604,0.8930679532264445,0.367332336851473,0.705217764748617,0.2688080053639757,0.705217764748617,0.2688080053639757,0.42666666666666664,0.5747163218273105,0.5514114288205125,0.25572567179342415,0.8930667185907085,0.36732905684420997,0.7041111541542999,0.2675907669329061,0.7041111541542999,0.2675907669329061,0.4166666666666667,0.5777980397272421
105,3,rbf,0.20456621780704987,100.0,-1.192778883283719,0.6687828600621526,0.19449778445073732,0.6816080870197411,0.29502990605181834,0.591428684251051,0.19879227580528713,0.591428684251051,0.19879227580528713,0.29666666666666663,0.5229118296703522,0.7143146517441283,0.21573627838555112,0.8929081198121361,0.36737540835232213,0.534282709738585,0.23123180615675895,0.534282709738585,0.23123180615675895,0.25999999999999995,0.4515108735850303,0.7142863228955748,0.2166707678836098,0.8929078807678762,0.36737811198869513,0.534113180303834,0.2323219588143019,0.534113180303834,0.2323219588143019,0.2633333333333333,0.45065724672192764
105,4,rbf,0.20456621780704987,100.0,-1.192778883283719,0.7526107056421513,0.16076517197284299,0.667154917442321,0.29729422511662057,0.5009420099594297,0.1701014251394767,0.5009420099594297,0.1701014251394767,0.25999999999999995,0.4702163845251056,0.8023571425541619,0.15571551755708718,0.8928408747010039,0.3673818116827143,0.440001542817618,0.17381623977625976,0.440001542817618,0.17381623977625976,0.23666666666666664,0.4544669733710663,0.8028657194786479,0.1558599829374558,0.8928408100895164,0.3673830399993238,0.4393456903664802,0.17397476877072687,0.4393456903664802,0.17397476877072687,0.24000000000000002,0.45303573734347363
105,5,rbf,0.20456621780704987,100.0,-1.192778883283719,0.7661319398751563,0.11398596085961848,0.6720296132286661,0.3002247441942021,0.4890443074817522,0.12711311949628387,0.4890443074817522,0.12711311949628387,0.2366666666666666,0.4752373877470539,0.8197243843570532,0.15141745949801244,0.892829271235171,0.3673842333031916,0.416983233978238,0.17112370498287463,0.416983233978238,0.17112370498287463,0.21333333333333335,0.4462358533125831,0.8193395193026963,0.14180794187509962,0.8928299849877864,0.3673853708578361,0.417851648468688,0.160928524473742,0.417851648468688,0.160928524473742,0.26666666666666666,0.5473026858010636
106,1,rbf,0.32421560600991084,0.01,-1.1956826854657543,0.3542054049538716,0.24307795358333092,0.8042710744043688,0.26158358315088936,0.9150871653046302,0.25701504882684617,0.9150871653046302,0.25701504882684617,0.4866666666666666,0.620196483512217,0.393070919395952,0.2897935679540704,0.7851246637508911,0.26414268309435,0.8827660424493063,0.3266833706844618,0.8827660424493063,0.3266833706844618,0.49666666666666665,0.6413796193300455,0.3680104432945245,0.24373950140002476,0.8535888142179097,0.3388051240260215,0.9904023897828822,0.36278778978602183,0.9904023897828822,0.36278778978602183,0.6833333333333333,0.738163300002963
106,2,rbf,0.32421560600991084,0.01,-1.1956826854657543,0.5541734420930235,0.2171870534442323,0.7468333004088598,0.25287972300125533,0.7115567193266004,0.22016223690876063,0.7115567193266004,0.22016223690876063,0.47333333333333333,0.6180800825991298,0.6162231869747814,0.23440954875954798,0.7096791938838033,0.26882314144012814,0.6470228705015082,0.26876991879773415,0.6470228705015082,0.26876991879773415,0.3566666666666666,0.511713371637525,0.4439974914734331,0.21107354778376322,0.8247540450415265,0.3514456385770538,0.889192356252065,0.3315471712487346,0.889192356252065,0.3315471712487346,0.6233333333333333,0.7532382200153908
106,3,rbf,0.32421560600991084,0.01,-1.1956826854657543,0.670146178628271,0.1725037418656293,0.7176913336369573,0.2526160791912278,0.5924701635521666,0.17483196619510136,0.5924701635521666,0.17483196619510136,0.4033333333333333,0.5997029916224527,0.7512361069100366,0.21085025377965394,0.6623190638973157,0.2762328310200256,0.4971119240103628,0.2389676533323856,0.4971119240103628,0.2389676533323856,0.36333333333333334,0.5149377822030832,0.6094169761512418,0.2099764421154262,0.7389965038004219,0.31377954972854954,0.65437649087264,0.21001734898385468,0.65437649087264,0.21001734898385468,0.22333333333333336,0.3359837160805035
106,4,rbf,0.32421560600991084,0.01,-1.1956826854657543,0.7498573479426024,0.08258775284226194,0.7011487271060665,0.2659630951569379,0.5125728126940257,0.09137830279454216,0.5125728126940257,0.09137830279454216,0.35,0.6134976041883355,0.8392124593295781,0.10080188957429827,0.6247666801623699,0.28528825973048905,0.39084297720478767,0.1380823577336539,0.39084297720478767,0.1380823577336539,0.3433333333333333,0.57875212568811,0.6943455492769625,0.19774975514105245,0.6961396653357474,0.2916614666438113,0.5576114121883805,0.21208956301654527,0.5576114121883805,0.21208956301654527,0.22000000000000003,0.3854240834949615
106,5,rbf,0.32421560600991084,0.01,-1.1956826854657543,0.7583211134740278,0.0777132686643938,0.7012675291068798,0.2569548430890153,0.503608355185673,0.08571398517793782,0.503608355185673,0.08571398517793782,0.17333333333333334,0.32369987518595417,0.8749836424970415,0.09018004663429222,0.608215846868036,0.2895229508185268,0.34016743311036773,0.129000278308774,0.34016743311036773,0.129000278308774,0.16333333333333336,0.3068003206999777,0.8372818787773527,0.14367375819158015,0.6350531718175508,0.31126037397736017,0.3831271157455009,0.1795577423769872,0.3831271157455009,0.1795577423769872,0.18000000000000002,0.35174442132183775
107,1,rbf,0.20456621780704987,0.01,-1.1427726929795392,0.35500423832680017,0.27022099686349665,0.954902901802687,0.4089979374029907,0.9191137001909867,0.29282475711366884,0.9191137001909867,0.29282475711366884,0.4233333333333333,0.4847205617554363,0.3849387790180394,0.27133260897377226,0.946543035766075,0.41755621194055365,0.8942303799760704,0.30124342320652786,0.8942303799760704,0.30124342320652786,0.4266666666666667,0.4791755371492777,0.3242427202267064,0.23706509119291383,0.9995076708616739,0.40032374851179187,0.9702652019696516,0.2910872334985807,0.9702652019696516,0.2910872334985807,0.43,0.5052483172351646
107,2,rbf,0.20456621780704987,0.01,-1.1427726929795392,0.5766315995526734,0.19683126223648056,0.8648233780873099,0.40249353929671894,0.6844819859392597,0.19680902352717775,0.6844819859392597,0.19680902352717775,0.2933333333333333,0.4118363696934728,0.6236245228698097,0.22016749327099466,0.8408593431374568,0.4081591092120521,0.6290085010472655,0.2318523525476386,0.6290085010472655,0.2318523525476386,0.3266666666666666,0.46604227522709846,0.4986276605612956,0.23457815191322728,0.925979532250388,0.38764278345318753,0.76349345565697,0.24245540388735548,0.76349345565697,0.24245540388735548,0.35,0.476879222763425
107,3,rbf,0.20456621780704987,0.01,-1.1427726929795392,0.7070342366892315,0.1621456512848732,0.8194257258940826,0.4067024905709202,0.5488505957631095,0.17279411146119558,0.5488505957631095,0.17279411146119558,0.2866666666666667,0.43922606961550575,0.7720098172953246,0.17367058658744788,0.781919046165157,0.4180169876694696,0.46443348376221044,0.2008579955525936,0.46443348376221044,0.2008579955525936,0.31999999999999995,0.5202121583115609,0.6610478449089707,0.17703678939054068,0.861024249892007,0.41474765501728433,0.6001013876091081,0.17977617103028135,0.6001013876091081,0.17977617103028135,0.32,0.466387436987008
107,4,rbf,0.20456621780704987,0.01,-1.1427726929795392,0.7663097340056325,0.10651108827090283,0.8018329474112152,0.40182181212827467,0.48918504979831906,0.12142430225092322,0.48918504979831906,0.12142430225092322,0.24666666666666667,0.36173273934307315,0.8472972610568765,0.11222028146093771,0.7581765356593902,0.41208785851603286,0.37812666706691966,0.14549310662794276,0.37812666706691966,0.14549310662794276,0.26666666666666666,0.4985035076370444,0.7614858599439136,0.16946365830074286,0.8084149758694916,0.4294732591717705,0.48552413915496995,0.18508394013802146,0.48552413915496995,0.18508394013802146,0.30333333333333334,0.4664490461386733
107,5,rbf,0.20456621780704987,0.01,-1.1427726929795392,0.8025257179103813,0.07779509266656048,0.7953097671565245,0.40325530060847564,0.4491046806341411,0.09498270736742481,0.4491046806341411,0.09498270736742481,0.2,0.31840117830313946,0.9019874312829069,0.0697409469699535,0.7352840183725837,0.41937843874012776,0.3013507515328597,0.10760496686857625,0.3013507515328597,0.10760496686857625,0.18999999999999997,0.3950992891361133,0.8683989578491552,0.051384590071760085,0.7601339283565901,0.4177133119947291,0.3623924281986073,0.07683952591083057,0.3623924281986073,0.07683952591083057,0.25,0.45693883994280443
108,1,rbf,0.32421560600991084,0.001,-1.172187685045591,0.29365483091538497,0.2142677807181622,0.7452436512483139,0.21333180412883912,0.9942204955883351,0.25570502097183406,0.9942204955883351,0.25570502097183406,0.5233333333333333,0.5130593387294216,0.31674387254946185,0.23303509342057646,0.7312112024602391,0.21871405940872293,0.9723198747100297,0.2744468104452567,0.9723198747100297,0.2744468104452567,0.47333333333333333,0.5212275519574346,0.237887333270642,0.24388838300657317,0.7968078569493323,0.22287864111455605,1.2145021740965776,0.3925088533005713,1.2145021740965776,0.3925088533005713,0.6466666666666666,0.5335200822470693
108,2,rbf,0.32421560600991084,0.001,-1.172187685045591,0.5626763912807391,0.263467734303932,0.6448163931517957,0.20614948502818323,0.7063438097499041,0.2860884702653737,0.7063438097499041,0.2860884702653737,0.37666666666666665,0.5144017840193587,0.6040170814447315,0.272134068603861,0.6171254103775227,0.20822138444811514,0.6591903462310766,0.29194970525524944,0.6591903462310766,0.29194970525524944,0.30333333333333334,0.4597475569178742,0.3541201452831793,0.24085546603523106,0.7577540554057755,0.20883338793501688,0.9788907843730595,0.34619733517130313,0.9788907843730595,0.34619733517130313,0.6333333333333334,0.6561819203876911
108,3,rbf,0.32421560600991084,0.001,-1.172187685045591,0.6651990750631206,0.21154384589510314,0.6150108625164201,0.21036401353826317,0.5938148757664343,0.219918982893901,0.5938148757664343,0.219918982893901,0.1566666666666667,0.2595531084228313,0.7272461008764203,0.2144309950058222,0.5665696524569542,0.21654821752316733,0.5222283426217684,0.2311646313159407,0.5222283426217684,0.2311646313159407,0.39666666666666667,0.6244905970045718,0.391301374066478,0.2180063854215358,0.7436566981113979,0.19891195188259037,0.9045313712102583,0.2909229879113101,0.9045313712102583,0.2909229879113101,0.6466666666666668,0.6688813787590253
108,4,rbf,0.32421560600991084,0.001,-1.172187685045591,0.788852274444681,0.09010722914402414,0.5645060925464062,0.20900759303474584,0.46428909150273145,0.10687248122697032,0.46428909150273145,0.10687248122697032,0.15333333333333332,0.2635740206617794,0.8535310856668094,0.08810367432450911,0.5184546331511531,0.21815162043410524,0.37475259162318475,0.1218230826994198,0.37475259162318475,0.1218230826994198,0.12333333333333334,0.23879486700041758,0.45758636539707676,0.26632815661364917,0.7238559890825436,0.19264864738245327,0.8101151415723071,0.292790663537229,0.8101151415723071,0.292790663537229,0.5533333333333332,0.6729929719022965
108,5,rbf,0.32421560600991084,0.001,-1.172187685045591,0.765090194856502,0.09229002359954344,0.5906297410355854,0.2048551053263132,0.49280831341765474,0.10642299132598322,0.49280831341765474,0.10642299132598322,0.14333333333333337,0.22388934048232223,0.8856306463685029,0.06754208862764274,0.5034315715036362,0.22076505978529928,0.3307688609810752,0.10080374876479646,0.3307688609810752,0.10080374876479646,0.07333333333333332,0.13879613761229795,0.5713086390911087,0.2673357219069937,0.6787481843477359,0.21067076979966498,0.6841859329640979,0.2904849046359659,0.6841859329640979,0.2904849046359659,0.49,0.6331911516143909
109,1,rbf,0.20456621780704987,0.01,-1.215203838527887,0.31041734412355404,0.27560705571211935,0.7725655238142676,0.2507956995973311,0.9743735531833777,0.2995658368180305,0.9743735531833777,0.2995658368180305,0.6066666666666667,0.6612075334559117,0.3549095036324948,0.28699941115194083,0.7561811228855236,0.2529633885441811,0.9256387689742641,0.31687549941700827,0.9256387689742641,0.31687549941700827,0.5833333333333334,0.6231639698613306,0.2944292804542711,0.2776089406322428,0.796354291199958,0.24681929620231716,0.999956702858067,0.3183393783268621,0.999956702858067,0.3183393783268621,0.6366666666666667,0.6728648649147774
109,2,rbf,0.20456621780704987,0.01,-1.215203838527887,0.5151238821429642,0.2775673920650725,0.7079116611447108,0.23985018628660276,0.7485340219450041,0.2872010143073358,0.7485340219450041,0.2872010143073358,0.5933333333333333,0.6648480943085775,0.5700460644593465,0.28402387864265133,0.6807546286029234,0.2501571589266606,0.6780289140634984,0.3010210750708681,0.6780289140634984,0.3010210750708681,0.4799999999999999,0.5874550606436735,0.41160894172952955,0.2747570775063825,0.7691509420116579,0.24132749666166725,0.8635876131997083,0.29387088611325246,0.8635876131997083,0.29387088611325246,0.6033333333333334,0.6228318715591593
109,3,rbf,0.20456621780704987,0.01,-1.215203838527887,0.6252040944008298,0.22560927896571395,0.6842878626403153,0.21314308579659255,0.6366938782846002,0.234481245703305,0.6366938782846002,0.234481245703305,0.4066666666666667,0.4968405928591621,0.7061784488666606,0.2336322603778309,0.6385232638724812,0.23235618766041097,0.5382040849594272,0.2556321494120913,0.5382040849594272,0.2556321494120913,0.42333333333333323,0.5090107602231888,0.5433880892561384,0.23718382720258216,0.7203803581060703,0.23142058197632312,0.7159507403051845,0.23962081435441893,0.7159507403051845,0.23962081435441893,0.5866666666666666,0.5745963100649272
109,4,rbf,0.20456621780704987,0.01,-1.215203838527887,0.6980323188685609,0.18999142054079557,0.6623551725021962,0.20559236386584917,0.5621705151136428,0.2007240739131857,0.5621705151136428,0.2007240739131857,0.32,0.4619299842452616,0.8044039472886462,0.20080044595567328,0.5958623956235343,0.23061776924623664,0.4226911097863834,0.22643682062741688,0.4226911097863834,0.22643682062741688,0.3366666666666666,0.505475763144423,0.6458201079093692,0.20762083249214505,0.682856529434739,0.22428821980182004,0.6124611093723862,0.2150618313493411,0.6124611093723862,0.2150618313493411,0.5700000000000001,0.6449538876860728
109,5,rbf,0.20456621780704987,0.01,-1.215203838527887,0.7314775646184921,0.12173110967321189,0.6615720444625155,0.20123178324846344,0.5280332867139736,0.1326136399341181,0.5280332867139736,0.1326136399341181,0.26666666666666666,0.4573788389276996,0.858777062234441,0.09776110184475914,0.5791881932814197,0.22839370935685308,0.3656567845463191,0.12902211548260725,0.3656567845463191,0.12902211548260725,0.2633333333333333,0.4529469279509796,0.7613986826082216,0.1701718116451561,0.6392949137990986,0.22290626415071396,0.4867718420261941,0.18222116479193068,0.4867718420261941,0.18222116479193068,0.29,0.5019616690957381
110,1,rbf,0.32421560600991084,0.01,-1.1692586163322036,0.3509022828733815,0.2271101182391012,0.7946787226569464,0.27136207937083673,0.9457277783949525,0.29257344579170314,0.9457277783949525,0.29257344579170314,0.36666666666666664,0.4253463767682582,0.3684932103308246,0.2474289814008942,0.7819031045143932,0.27058048819388253,0.9192735292219993,0.29773415220852134,0.9192735292219993,0.29773415220852134,0.3333333333333333,0.3906964015203103,0.30417187756078,0.23959598334302082,0.8610942758169156,0.3183538632623908,1.0764680789639935,0.3785279276133248,1.0764680789639935,0.3785279276133248,0.5266666666666667,0.5520702937085117
110,2,rbf,0.32421560600991084,0.01,-1.1692586163322036,0.534419592357949,0.21294716251769036,0.7153877003648745,0.2447021323991162,0.7287798740115294,0.213800627125897,0.7287798740115294,0.213800627125897,0.26,0.3737969207083366,0.5699459416634964,0.22874621774818718,0.6965964970106061,0.2539065963640004,0.6915140585047158,0.23303502621675737,0.6915140585047158,0.23303502621675737,0.22666666666666666,0.36382388059602966,0.36156254848811215,0.2678617708486499,0.822456061803048,0.32748458030406224,0.9449603906809787,0.33982723052633657,0.9449603906809787,0.33982723052633657,0.6466666666666667,0.666816075211838
110,3,rbf,0.32421560600991084,0.01,-1.1692586163322036,0.685950111311516,0.1798647373413917,0.6544861218366085,0.244122925724222,0.5733326250032871,0.18515527724371858,0.5733326250032871,0.18515527724371858,0.2766666666666666,0.47392952577603653,0.7319632470154454,0.19889089502875165,0.6294185052925888,0.2577020654263296,0.5154228305793028,0.21388865330846274,0.5154228305793028,0.21388865330846274,0.2733333333333333,0.47483814544307207,0.4645580245607889,0.3039036991982659,0.7789493853372111,0.3174538263092779,0.8029026011584788,0.3385740364850889,0.8029026011584788,0.3385740364850889,0.3966666666666667,0.5327115628512322
110,4,rbf,0.32421560600991084,0.01,-1.1692586163322036,0.7634699856158982,0.15132358788108688,0.6348605846859358,0.23288290810560805,0.4913065287013754,0.15523349163666073,0.4913065287013754,0.15523349163666073,0.19999999999999998,0.3363085611099754,0.8225829083908384,0.17031940287704345,0.5929968552328716,0.2586492270294846,0.3991503002095843,0.20048953156858196,0.3991503002095843,0.20048953156858196,0.17666666666666664,0.3339247626733256,0.6071439580297431,0.25926732287066484,0.7126422247997664,0.30685789799928676,0.6432342184022716,0.2755889208401601,0.6432342184022716,0.2755889208401601,0.42,0.5689676071016999
110,5,rbf,0.32421560600991084,0.01,-1.1692586163322036,0.8048152859375581,0.10587999752758487,0.6308551337194747,0.23254935226629167,0.44405395677574844,0.11708016608345835,0.44405395677574844,0.11708016608345835,0.1766666666666667,0.340064226523343,0.8861211418038633,0.09893844694410622,0.5721888295008569,0.2576922542492661,0.32289651816828635,0.1305590593535923,0.32289651816828635,0.1305590593535923,0.15666666666666665,0.3757138798876479,0.8752645982455365,0.13020575590099395,0.5747322547850909,0.2528850404666973,0.33752123050238,0.15282465411531626,0.33752123050238,0.15282465411531626,0.21666666666666667,0.5052028157655807
111,1,rbf,0.32421560600991084,1.0,-1.165497999202252,0.39314484313919373,0.2528671366522706,0.8841327755631727,0.37345607940421666,0.8778578954433099,0.2719865189681549,0.8778578954433099,0.2719865189681549,0.5733333333333334,0.5470506080940704,0.40936405306027596,0.30103436020605173,0.9945295337711892,0.3588950267703121,0.884930476682542,0.35628294964716356,0.884930476682542,0.35628294964716356,0.5666666666666667,0.5844734342998824,0.4186606560686254,0.2831101679310611,0.9949989932218527,0.3598543778636333,0.8650261444056687,0.32318764510564196,0.8650261444056687,0.32318764510564196,0.5266666666666666,0.6011100842053253
111,2,rbf,0.32421560600991084,1.0,-1.165497999202252,0.5893274109022177,0.2303282534283657,0.7977370583937606,0.38043742724733853,0.6658028222026895,0.23488097784464776,0.6658028222026895,0.23488097784464776,0.28333333333333327,0.42514365388275716,0.6417111333301989,0.26156853655606915,0.9715664010628084,0.35760409351231737,0.6213949045807768,0.28999468986453725,0.6213949045807768,0.28999468986453725,0.4699999999999999,0.6103419053115314,0.641885392693878,0.2659241071453388,0.9713128442354149,0.35800512688208025,0.6179003322405444,0.2879610987523947,0.6179003322405444,0.2879610987523947,0.41,0.5652890624609069
111,3,rbf,0.32421560600991084,1.0,-1.165497999202252,0.7622133875470193,0.11788607718212003,0.7314960545356652,0.3845682512476473,0.49195759427586644,0.13399120027507205,0.49195759427586644,0.13399120027507205,0.26666666666666666,0.3880395761306804,0.8030116657937645,0.1178039593211829,0.9600928625199734,0.36104857408268937,0.43945936484222253,0.1427377442722189,0.43945936484222253,0.1427377442722189,0.3333333333333332,0.5510700145349411,0.8034056187680644,0.11864442015283119,0.9600422534870987,0.36118652784085353,0.43868762130732514,0.14387715968795478,0.43868762130732514,0.14387715968795478,0.3366666666666666,0.549911173600405
111,4,rbf,0.32421560600991084,1.0,-1.165497999202252,0.7958214972779907,0.07995627009130729,0.7199404603732451,0.37573713997693536,0.45694924743650706,0.09776014609060708,0.45694924743650706,0.09776014609060708,0.3333333333333333,0.5579107167066178,0.8330882133232476,0.08662979237871823,0.9585458756390518,0.3604222759207031,0.40548430815638825,0.11408201952867368,0.40548430815638825,0.11408201952867368,0.31333333333333324,0.5581578897454175,0.8333566336856499,0.08572506397064156,0.958602092913461,0.360525925513774,0.40531990290683,0.11309117414445209,0.40531990290683,0.11309117414445209,0.31333333333333324,0.5581578897454175
111,5,rbf,0.32421560600991084,1.0,-1.165497999202252,0.7970643207524282,0.08166829811853657,0.720668044589708,0.3766204411069891,0.45517954977693786,0.09952979394888409,0.45517954977693786,0.09952979394888409,0.24999999999999994,0.46664614076370026,0.8440219714884994,0.07692975585552482,0.9580712913478635,0.36055895551091177,0.3923453465877861,0.10450155610468295,0.3923453465877861,0.10450155610468295,0.3133333333333332,0.5667410363639205,0.8440293002531377,0.07709232350003956,0.9581484697707128,0.36063213647553927,0.39232682895195925,0.10457907562146768,0.39232682895195925,0.10457907562146768,0.3133333333333332,0.5667410363639205
112,1,rbf,0.32421560600991084,0.01,-1.1918264109334145,0.4963867960895776,0.2529754828652313,0.7774386561787223,0.2712215345474321,0.8019418110425067,0.3316574995124017,0.8019418110425067,0.3316574995124017,0.31,0.413854880445991,0.5402977601054635,0.26512016804930816,0.7536215326324438,0.2926583016272264,0.7536206405822052,0.3496884296703285,0.7536206405822052,0.3496884296703285,0.23999999999999996,0.2954832395036751,0.42198521531567373,0.29216847353896347,0.8524187500726682,0.3420766329505329,0.8834894538116574,0.3682300067232748,0.8834894538116574,0.3682300067232748,0.3733333333333333,0.5245249629727925
112,2,rbf,0.32421560600991084,0.01,-1.1918264109334145,0.6712467119834667,0.2073669838226056,0.7005572606491443,0.2576047913332414,0.600317237470559,0.2706473256882837,0.600317237470559,0.2706473256882837,0.29999999999999993,0.4541000953002808,0.7480879525385721,0.19326233187790043,0.663686982763308,0.27840310530546114,0.522043798995548,0.32006380155254827,0.522043798995548,0.32006380155254827,0.2133333333333333,0.34713937709000514,0.510301683575628,0.2644748753453403,0.8204303943674224,0.35149421249950835,0.7849236694319456,0.3463002449309455,0.7849236694319456,0.3463002449309455,0.3466666666666667,0.5667410363639205
112,3,rbf,0.32421560600991084,0.01,-1.1918264109334145,0.7605765765044873,0.11889252491483863,0.6785066714607164,0.23200257354155648,0.4923776563011758,0.13927362031792798,0.4923776563011758,0.13927362031792798,0.21333333333333337,0.3794127343520586,0.840000199224304,0.12313784535903724,0.6285168113960952,0.2584685475448872,0.38132831147514623,0.1661090572179744,0.38132831147514623,0.1661090572179744,0.20333333333333328,0.41229662349712054,0.6537905677686493,0.25230112727214893,0.7206304457321441,0.2900394666282458,0.5998934269363843,0.28188342689380086,0.5998934269363843,0.28188342689380086,0.2533333333333333,0.429701847984064
112,4,rbf,0.32421560600991084,0.01,-1.1918264109334145,0.766621987179739,0.11524264720104728,0.6875953975740929,0.2155931430105775,0.48589919893996253,0.1354015291757313,0.48589919893996253,0.1354015291757313,0.18666666666666665,0.4057630813182978,0.8927286351526286,0.08914353613213875,0.6102150530163767,0.2557435449746636,0.31152767354504657,0.12780606169422143,0.31152767354504657,0.12780606169422143,0.15333333333333332,0.35886154599706316,0.8502546320756408,0.10969209144562703,0.6435557945980893,0.2655490919445488,0.3745940760442575,0.14251802221843146,0.3745940760442575,0.14251802221843146,0.16999999999999996,0.3715299217541176
112,5,rbf,0.32421560600991084,0.01,-1.1918264109334145,0.7747743953888081,0.10662328612145543,0.6867407937468823,0.20492482610470106,0.4779348847626421,0.12629991361292656,0.4779348847626421,0.12629991361292656,0.21000000000000005,0.41964681373252694,0.9182947868608147,0.06630543389853955,0.597836490832849,0.24947130669022627,0.2738321666305995,0.1007267283230121,0.2738321666305995,0.1007267283230121,0.0666666666666667,0.08840866447369845,0.8919028753943811,0.08203165136554018,0.6210211252601568,0.25965657867380476,0.31334578924112055,0.12480692433513042,0.31334578924112055,0.12480692433513042,0.11000000000000003,0.3252055053187987
113,1,rbf,0.32421560600991084,0.01,-1.1800473609063995,0.35033589322345815,0.2571477450010752,0.7812267736071267,0.3303956781871091,0.9599950393682911,0.3268530944912047,0.9599950393682911,0.3268530944912047,0.47333333333333333,0.5064639642920676,0.3813152655036448,0.2738582754736929,0.7619851053663482,0.3335586583639407,0.9152258512951448,0.3282859541124247,0.9152258512951448,0.3282859541124247,0.45666666666666667,0.5321934658162116,0.29192680330692783,0.2450326896771546,0.8331596949621112,0.32457197367605695,1.0349098834150365,0.32421670216795584,1.0349098834150365,0.32421670216795584,0.5433333333333333,0.6078131140483852
113,2,rbf,0.32421560600991084,0.01,-1.1800473609063995,0.5279829053675287,0.22083592224116275,0.7150319412147628,0.28850693220629053,0.7371112985356694,0.21762983812725292,0.7371112985356694,0.21762983812725292,0.44999999999999996,0.5412310361414602,0.5822687415485699,0.2450584181439218,0.6764528210952658,0.29248096451828876,0.6759871105397345,0.24700971096412686,0.6759871105397345,0.24700971096412686,0.3,0.4160570252692076,0.4571326497978613,0.23705208661488208,0.774923529275777,0.3373260729068281,0.8323180556594522,0.2923548238515582,0.8323180556594522,0.2923548238515582,0.4599999999999999,0.5721104306229579
113,3,rbf,0.32421560600991084,0.01,-1.1800473609063995,0.6215276298956218,0.16576559256657658,0.6951559939917364,0.27472374015853623,0.6437808442124091,0.16568302244435837,0.6437808442124091,0.16568302244435837,0.32999999999999996,0.4764451699828638,0.7163219482304123,0.18706010067071482,0.6318267856232609,0.28551176536094197,0.5294650107562627,0.20936077277418746,0.5294650107562627,0.20936077277418746,0.32,0.5168872350843107,0.6082349276058167,0.21665731361235385,0.711889136376968,0.30201927438886195,0.6481954896838324,0.22688424605323573,0.6481954896838324,0.22688424605323573,0.28,0.42132794991468386
113,4,rbf,0.32421560600991084,0.01,-1.1800473609063995,0.7355459880404295,0.10821225737053004,0.6531376131776235,0.26739384307577446,0.5268397396471103,0.11324051745951852,0.5268397396471103,0.11324051745951852,0.28666666666666657,0.47614351164135477,0.8434746411242016,0.09696054967974345,0.5790026586745559,0.29428225717072193,0.3871638141283782,0.1301199077449648,0.3871638141283782,0.1301199077449648,0.31333333333333335,0.5230766630258884,0.732943732731681,0.17232288734146956,0.6643977663660082,0.29438690391134126,0.5140603991499819,0.19471203824266103,0.5140603991499819,0.19471203824266103,0.23999999999999994,0.42959483718723973
113,5,rbf,0.32421560600991084,0.01,-1.1800473609063995,0.7526520744456524,0.08994063677623804,0.654878295607534,0.27253536137664236,0.5074359884818566,0.10396815989715141,0.5074359884818566,0.10396815989715141,0.29,0.47222875812470383,0.8856070219090172,0.07090813460257513,0.562416746816355,0.3003173382735223,0.32713024853476935,0.11306064119162527,0.32713024853476935,0.11306064119162527,0.26333333333333336,0.5020532554066032,0.8538366847658135,0.13277583128764603,0.5950557695726515,0.3068180410803226,0.36851224551851647,0.15755440978825744,0.36851224551851647,0.15755440978825744,0.2866666666666667,0.521756538107067
114,1,rbf,0.20456621780704987,0.1,-1.178593199164117,0.34508028093105575,0.23495844871243926,0.8188525635295432,0.276957532058924,0.9341046802030064,0.2653179351276777,0.9341046802030064,0.2653179351276777,0.4966666666666667,0.5678048069984744,0.38519621687126865,0.2721202601571019,0.8140935472940813,0.2966100010605187,0.9067190481188319,0.3349265043575762,0.9067190481188319,0.3349265043575762,0.43666666666666665,0.5061574876447553,0.3835668513862328,0.270084834277301,0.820319154271685,0.31510560605934074,0.8891468579326656,0.28801561780885554,0.8891468579326656,0.28801561780885554,0.42,0.5040525424171983
114,2,rbf,0.20456621780704987,0.1,-1.178593199164117,0.5166972183420943,0.23535254886775941,0.7476954218638703,0.24938475413167768,0.7421471342863347,0.23531977531961543,0.7421471342863347,0.23531977531961543,0.4866666666666666,0.5538164350018524,0.5432446515272329,0.28827514926028724,0.7439391350637676,0.297104156222924,0.7060354013230704,0.3034945077808246,0.7060354013230704,0.3034945077808246,0.4466666666666666,0.5191062168456627,0.555231612763368,0.24594554712365752,0.7450895419190984,0.3031691201608953,0.6986579064539933,0.25818349832174664,0.6986579064539933,0.25818349832174664,0.44999999999999996,0.5263734088242314
114,3,rbf,0.20456621780704987,0.1,-1.178593199164117,0.709716429800317,0.1736617169590161,0.6684582073993769,0.2513581531448967,0.5476845526520544,0.1801628011234952,0.5476845526520544,0.1801628011234952,0.38333333333333336,0.4749470629908961,0.773109293796859,0.1891159792076142,0.6623574629955401,0.3152759911788084,0.4627079366600662,0.2128116855387155,0.4627079366600662,0.2128116855387155,0.36,0.5216684109992502,0.7731117407421096,0.18964905459127157,0.6633391110243662,0.31641326978393836,0.4638374115768386,0.2110510482086435,0.4638374115768386,0.2110510482086435,0.2933333333333333,0.42905938286324485
114,4,rbf,0.20456621780704987,0.1,-1.178593199164117,0.7768270270028584,0.09486339551991156,0.6533668465052421,0.246906977919971,0.4797365158752024,0.10541443410200177,0.4797365158752024,0.10541443410200177,0.2533333333333333,0.3170264139254595,0.8600873266051777,0.10638382506596465,0.6337278793728576,0.31856669364623097,0.3611624771295921,0.13925041342024339,0.3611624771295921,0.13925041342024339,0.19666666666666668,0.33782604514988057,0.8597192438051005,0.09854180519916912,0.6355008513103334,0.3186055796734224,0.36438447694123993,0.12931823533300457,0.36438447694123993,0.12931823533300457,0.19333333333333336,0.3403176339157626
114,5,rbf,0.20456621780704987,0.1,-1.178593199164117,0.757482255146679,0.061826280331094566,0.6720733370744738,0.24085792615717516,0.5061503205432134,0.0689974649409491,0.5061503205432134,0.0689974649409491,0.21333333333333335,0.26875618143118357,0.8697494211950159,0.10019296407825784,0.6304655268378586,0.3167728664245113,0.3475122619756951,0.13438721539532505,0.3475122619756951,0.13438721539532505,0.18999999999999997,0.34175005990968876,0.8710700241077584,0.09325897722711102,0.6298885261142074,0.3172698062603766,0.34734507941865833,0.12709491552923502,0.34734507941865833,0.12709491552923502,0.1933333333333333,0.3403176339157625
115,1,rbf,0.32421560600991084,0.01,-1.1879950503125554,0.3643994227025982,0.27836506972180713,0.8094040856259339,0.2688912881722652,0.9225020519875085,0.32207366150534683,0.9225020519875085,0.32207366150534683,0.66,0.6946097887452275,0.4238800901125714,0.27199947911052713,0.7828263187683183,0.2714943762883205,0.8618245804875552,0.3287773256115709,0.8618245804875552,0.3287773256115709,0.5866666666666667,0.6548141791343575,0.15699107261464965,0.20787271800393833,0.8996488138154487,0.3102373184070109,1.1654466831719956,0.2654483409565708,1.1654466831719956,0.2654483409565708,0.9033333333333335,0.7383501334327974
115,2,rbf,0.32421560600991084,0.01,-1.1879950503125554,0.5636462781207724,0.25715430504728615,0.7289965524436739,0.23716705870368396,0.6969595517992765,0.2587423073852822,0.6969595517992765,0.2587423073852822,0.5433333333333334,0.6683398543552077,0.6434272207360728,0.2691333990801337,0.6887727179570368,0.25036822999958896,0.6035601289534208,0.28200653535128795,0.6035601289534208,0.28200653535128795,0.4966666666666667,0.6546825149660703,0.3817686692487191,0.31435455501141757,0.8314048691358802,0.2996384727417597,0.8905054348353907,0.34061449447982173,0.8905054348353907,0.34061449447982173,0.8133333333333334,0.7333124343939503
115,3,rbf,0.32421560600991084,0.01,-1.1879950503125554,0.6744837140839189,0.17420238457583137,0.7005971885898262,0.24617299507842466,0.5874459486567037,0.17933945588715094,0.5874459486567037,0.17933945588715094,0.37000000000000005,0.508649327072232,0.775961481657687,0.17311979364418995,0.6343785063410365,0.2728768032430577,0.46530656898824685,0.19357572704183917,0.46530656898824685,0.19357572704183917,0.25666666666666665,0.43918681386314906,0.584200622520407,0.2827920684944531,0.7356639441013336,0.3295076006357352,0.6733786010231355,0.29519794940265737,0.6733786010231355,0.29519794940265737,0.47333333333333333,0.6383887764403894
115,4,rbf,0.32421560600991084,0.01,-1.1879950503125554,0.7483728174855814,0.11503278490139074,0.690904408407089,0.24299633561513692,0.5098209535847104,0.12621642913144632,0.5098209535847104,0.12621642913144632,0.36,0.5183528288457716,0.8639507933710445,0.09294401982677508,0.6036382073205114,0.27841109690735616,0.35940608515068384,0.12355802255100175,0.35940608515068384,0.12355802255100175,0.25666666666666665,0.5137309998723895,0.6724087291010761,0.22926750807388463,0.7044872443097515,0.30634966378521566,0.5803525081748051,0.23701457675738108,0.5803525081748051,0.23701457675738108,0.4799999999999999,0.6556912646076342
115,5,rbf,0.32421560600991084,0.01,-1.1879950503125554,0.7580980471126362,0.1041678474348523,0.6903298727280831,0.24893847418741308,0.5002781504535422,0.11535260970765292,0.5002781504535422,0.11535260970765292,0.29999999999999993,0.4571274627949838,0.8844062099267872,0.07796402736068368,0.5923310340586212,0.28642923182931745,0.3330655913989799,0.10314147948788778,0.3330655913989799,0.10314147948788778,0.20666666666666664,0.4401671573808996,0.7455517895477228,0.2176272018903552,0.682141944740159,0.30501856132536037,0.4929697681361768,0.23917568790663665,0.4929697681361768,0.23917568790663665,0.33333333333333326,0.5371273099800798
116,1,rbf,0.32421560600991084,0.1,-1.1604263858452173,0.3615448900766006,0.24235680329881387,0.8371310249349119,0.2965624767942601,0.9526291771831475,0.32118182035926085,0.9526291771831475,0.32118182035926085,0.49000000000000005,0.5228238972983226,0.43466935135584195,0.2488337990965131,0.8362349245572152,0.31412073893605535,0.8930196496085011,0.3462108317046241,0.8930196496085011,0.3462108317046241,0.38,0.38720929028467105,0.443502355423247,0.2499372338000771,0.8372803771075595,0.3117951395305872,0.909329013063573,0.3763514873949738,0.909329013063573,0.3763514873949738,0.37666666666666665,0.3710965422611223
116,2,rbf,0.32421560600991084,0.1,-1.1604263858452173,0.5571659211114294,0.2047804182215306,0.7510031736466433,0.24830768141804113,0.7063292154912136,0.2018805069614392,0.7063292154912136,0.2018805069614392,0.29,0.37171550114718577,0.6215242269468781,0.23053579691898943,0.7567196547055366,0.2752565713490823,0.6385670204444882,0.2386860641451452,0.6385670204444882,0.2386860641451452,0.2533333333333333,0.35982115608704296,0.6072306048367668,0.22889373123386222,0.7694465049035418,0.2928370465743614,0.6625990339193664,0.2686121133387539,0.6625990339193664,0.2686121133387539,0.26999999999999996,0.3957968827742244
116,3,rbf,0.32421560600991084,0.1,-1.1604263858452173,0.715215856812194,0.1543632238066317,0.687406169872998,0.24707905299421687,0.5409499109016525,0.16702472501345428,0.5409499109016525,0.16702472501345428,0.21666666666666665,0.3029547972807202,0.7757376737816315,0.15420184679283447,0.7014575393839054,0.2889075951856653,0.46536322048504924,0.18032517967800687,0.46536322048504924,0.18032517967800687,0.13666666666666666,0.14735210781716332,0.7743826841612138,0.14179235214123334,0.7031297578936698,0.28779333771233684,0.46910303067622233,0.16934075876757762,0.46910303067622233,0.16934075876757762,0.14333333333333328,0.1590561239773956
116,4,rbf,0.32421560600991084,0.1,-1.1604263858452173,0.7683136821524698,0.09287296301567105,0.671353302965624,0.25132947315938525,0.4879603873890993,0.11134327101366294,0.4879603873890993,0.11134327101366294,0.2433333333333333,0.34409635111487996,0.8407010588863948,0.10054521285848984,0.6784741177499752,0.2955665151674641,0.39010158706424664,0.13416173208781293,0.39010158706424664,0.13416173208781293,0.11333333333333333,0.1591644851508443,0.8405524816611714,0.09863336083814722,0.6781435298793739,0.2948855022055096,0.3905446737375673,0.13288172806781198,0.3905446737375673,0.13288172806781198,0.1466666666666666,0.2129162589689508
116,5,rbf,0.32421560600991084,0.1,-1.1604263858452173,0.7639535815085257,0.10649563487162027,0.6795292434332422,0.268376403585128,0.4914587144230722,0.1234086685718316,0.4914587144230722,0.1234086685718316,0.3,0.4927054096411517,0.8631570614268326,0.0849718813490976,0.6719854560697271,0.2978320264443275,0.36098154316935055,0.11986255668238432,0.36098154316935055,0.11986255668238432,0.11,0.17488912743950585,0.8630530534042594,0.08505522449058928,0.6720639212946838,0.29781178477991976,0.36112035443178564,0.1199341508248199,0.36112035443178564,0.1199341508248199,0.11,0.17488912743950585
117,1,rbf,0.32421560600991084,0.1,-1.1554084823665622,0.39208319529928354,0.2121496558120851,0.8707871429728568,0.3178859070915619,0.8966412775243153,0.26728166154137767,0.8966412775243153,0.26728166154137767,0.42000000000000004,0.40632923630457857,0.3972808261197872,0.25586415739583196,0.8843573208716204,0.31804135341544876,0.8880735420483014,0.30594478189946567,0.8880735420483014,0.30594478189946567,0.4166666666666667,0.42188683997859716,0.42682844958660476,0.24566024416409743,0.892725975359021,0.30933046854930574,0.8949973851890927,0.31623451477206044,0.8949973851890927,0.31623451477206044,0.43666666666666665,0.4444937712090892
117,2,rbf,0.32421560600991084,0.1,-1.1554084823665622,0.5797598055396573,0.21398639408582604,0.7743437787420723,0.31588515096312464,0.6839085384928388,0.22540671769084997,0.6839085384928388,0.22540671769084997,0.39666666666666667,0.548655619223705,0.5904827973943354,0.21872098039519575,0.8142228712124773,0.2824184728160913,0.6632405682828584,0.23295052430911414,0.6632405682828584,0.23295052430911414,0.3533333333333333,0.48475613018003855,0.5930177988760977,0.24668917736748147,0.8197783116085694,0.31159959634410916,0.6720820529528716,0.2620588156718225,0.6720820529528716,0.2620588156718225,0.27999999999999997,0.4559189280623445
117,3,rbf,0.32421560600991084,0.1,-1.1554084823665622,0.769164991258938,0.13116361897269982,0.6810151761795812,0.2901615374233664,0.48240525055271827,0.14502604320475385,0.48240525055271827,0.14502604320475385,0.25,0.41335465276868155,0.7806290711402031,0.15134782235909253,0.746560654436023,0.2896561757087928,0.46040959762038497,0.17714300528295682,0.46040959762038497,0.17714300528295682,0.2799999999999999,0.4490603215758359,0.7791840523863196,0.1525546223720656,0.7473880519385474,0.2898421722343135,0.46152782940877246,0.1792385616459716,0.46152782940877246,0.1792385616459716,0.27666666666666656,0.45004469765241933
117,4,rbf,0.32421560600991084,0.1,-1.1554084823665622,0.8305997799937662,0.07252809714729416,0.6574278574140787,0.2991443159058083,0.41414359553720914,0.08871599721343042,0.41414359553720914,0.08871599721343042,0.24666666666666667,0.4150058855696763,0.8362206388007122,0.11317754567142226,0.7269391048747773,0.3021050050909846,0.39533376438277534,0.1432228137777697,0.39533376438277534,0.1432228137777697,0.27999999999999997,0.46638743698700796,0.837674954594558,0.11235549268379492,0.727040472680146,0.30254286314638945,0.3933557329686087,0.14252726939923935,0.3933557329686087,0.14252726939923935,0.26666666666666666,0.47512853675272093
117,5,rbf,0.32421560600991084,0.1,-1.1554084823665622,0.8098489489013365,0.07529241005812264,0.6737880024303238,0.30423356664286205,0.4404047185199597,0.09210015505295252,0.4404047185199597,0.09210015505295252,0.24999999999999997,0.38484210824162957,0.8461998002640285,0.10693950025798463,0.7234927118625321,0.3036081133310486,0.3818417005794087,0.13884165049992409,0.3818417005794087,0.13884165049992409,0.2633333333333333,0.4802896635568376,0.8460752896711311,0.10721675611965868,0.723543609702531,0.3035281401465667,0.3821398722583019,0.1386268839193737,0.3821398722583019,0.1386268839193737,0.2633333333333333,0.4802896635568376
118,1,rbf,0.20456621780704987,0.01,-1.150791519719995,0.42391631451897427,0.24496439203828976,0.8093154146193537,0.3946699063112903,0.9159174249084496,0.3656322284492235,0.9159174249084496,0.3656322284492235,0.29000000000000004,0.31551818352977856,0.4300063222432822,0.263856761599187,0.8002422912923561,0.38820788112010135,0.8918118238619452,0.3659482715168782,0.8918118238619452,0.3659482715168782,0.29666666666666663,0.34986039908880046,0.38505181015709045,0.25354139989350183,0.8397495564018896,0.3880867275893276,0.9531162480488368,0.36826882060138916,0.9531162480488368,0.36826882060138916,0.48000000000000004,0.48094734101311576
118,2,rbf,0.20456621780704987,0.01,-1.150791519719995,0.5241864849462643,0.19994682198001132,0.7685012856865412,0.38091060342155375,0.7390944188203369,0.1961768592708844,0.7390944188203369,0.1961768592708844,0.3166666666666666,0.3779101638670532,0.5716551603340041,0.22157479726022802,0.7414455688226999,0.383839656050744,0.6880965103664801,0.22223377789479642,0.6880965103664801,0.22223377789479642,0.2766666666666666,0.3410767264609728,0.5498219927237114,0.27169988269898804,0.7780798974842295,0.39704814857615106,0.763411976548755,0.3822096985116644,0.763411976548755,0.3822096985116644,0.32,0.442095324406478
118,3,rbf,0.20456621780704987,0.01,-1.150791519719995,0.6570728251556051,0.1828948460675284,0.7514384384097712,0.38987663784728976,0.6049920313773733,0.1823747288869349,0.6049920313773733,0.1823747288869349,0.3033333333333333,0.43666710537838804,0.7182854155317375,0.17790431768292603,0.7000063370612246,0.39888565373103024,0.5354072565135681,0.18691437049165172,0.5354072565135681,0.18691437049165172,0.22333333333333336,0.38746152942145007,0.5953999998689696,0.27775823403535327,0.7653827964588047,0.3954922519327454,0.6837025163662617,0.3380148731153347,0.6837025163662617,0.3380148731153347,0.32333333333333336,0.46659687491255336
118,4,rbf,0.20456621780704987,0.01,-1.150791519719995,0.7334167620003161,0.14337446146595545,0.7401565094888884,0.39394444054662997,0.5249159750252078,0.14922548568699096,0.5249159750252078,0.14922548568699096,0.2033333333333333,0.3337181686572579,0.8052329137034554,0.12700380368989703,0.6770613347886347,0.4037421522248489,0.4366802223431491,0.14731854715327897,0.4366802223431491,0.14731854715327897,0.22,0.39514292481896063,0.7115789656349676,0.21140665554335408,0.7185936881358509,0.40077666256235084,0.5385051405877135,0.22783719772908936,0.5385051405877135,0.22783719772908936,0.25999999999999995,0.41572537354231404
118,5,rbf,0.20456621780704987,0.01,-1.150791519719995,0.7599923447880538,0.11086897832527043,0.7563373984785713,0.3848377362411652,0.4983696812373256,0.11827992386937626,0.4983696812373256,0.11827992386937626,0.1933333333333333,0.34132938216103925,0.8590519473059507,0.08171820797375141,0.6687241399009427,0.40040440597794724,0.3689804903931624,0.11278213612620025,0.3689804903931624,0.11278213612620025,0.17666666666666664,0.35202207349807635,0.8169781695183477,0.12750916915322866,0.6931961698294082,0.40039343700720303,0.42003684621612425,0.15145039277821865,0.42003684621612425,0.15145039277821865,0.16666666666666666,0.3219909329772195
119,1,rbf,0.20456621780704987,0.01,-1.1682174502366252,0.3320418721771737,0.24845548795634326,0.8404463595998339,0.3345806316842165,0.9621817774129542,0.2974364178427117,0.9621817774129542,0.2974364178427117,0.36,0.33072543044771685,0.3854239544713593,0.255419853965275,0.8237857765497519,0.3410897728164255,0.9112735257777564,0.3161945597522574,0.9112735257777564,0.3161945597522574,0.3733333333333333,0.435441379983918,0.3750322791023376,0.25941651670962435,0.8599889050648774,0.33460657884193956,0.9408332775888424,0.3426577114940256,0.9408332775888424,0.3426577114940256,0.3966666666666666,0.3773622912408906
119,2,rbf,0.20456621780704987,0.01,-1.1682174502366252,0.4948402807402708,0.2595798843332144,0.7777436140943705,0.3155183262155038,0.7667817235432605,0.26428239140772913,0.7667817235432605,0.26428239140772913,0.33666666666666667,0.32322014845584135,0.5380706214008887,0.2646397778067865,0.7567910801030198,0.3289122721691534,0.7144412143424648,0.2817929156591633,0.7144412143424648,0.2817929156591633,0.30333333333333334,0.34188456746578133,0.460952144476285,0.25474965658856674,0.8173021395098186,0.3302928820210697,0.8156541639553635,0.2846378960369959,0.8156541639553635,0.2846378960369959,0.45333333333333325,0.47250859020349245
119,3,rbf,0.20456621780704987,0.01,-1.1682174502366252,0.651753193391635,0.19421374150613244,0.7214017751812093,0.3095217693467733,0.6112935630019342,0.2036907973254533,0.6112935630019342,0.2036907973254533,0.2733333333333333,0.3050532269364935,0.7138570408612419,0.20902143591121985,0.6866952310072363,0.3243901859875785,0.5360078026442747,0.23029995316049065,0.5360078026442747,0.23029995316049065,0.22666666666666663,0.3172438780511289,0.6226205398978656,0.23581582046454755,0.7517544239265957,0.3072300026979323,0.6373560710033,0.2546860806990903,0.6373560710033,0.2546860806990903,0.38,0.5188847456905482
119,4,rbf,0.20456621780704987,0.01,-1.1682174502366252,0.7698521975365712,0.08409418960636239,0.7062377938290234,0.3067672422554053,0.48832864902856343,0.09832036271598452,0.48832864902856343,0.09832036271598452,0.31999999999999995,0.427018533071115,0.849535017518528,0.09207851125130345,0.6466075666929734,0.3303128593386563,0.38004325565686986,0.1244755411140313,0.38004325565686986,0.1244755411140313,0.23000000000000004,0.33952299195925684,0.7867400082590781,0.1430739486053676,0.6823375293662448,0.3302528097972585,0.4570778742044376,0.16341537176751852,0.4570778742044376,0.16341537176751852,0.3166666666666666,0.44262799304820866
119,5,rbf,0.20456621780704987,0.01,-1.1682174502366252,0.8079770716872454,0.0647150009856336,0.6915915408916687,0.3119846157074602,0.44455841819343017,0.07918582351193529,0.44455841819343017,0.07918582351193529,0.3,0.4378631497751717,0.8959134941168493,0.06682208672911223,0.6192640397459687,0.3389980705214855,0.31248248367682346,0.10480992171758406,0.31248248367682346,0.10480992171758406,0.20000000000000004,0.37783411795344163,0.8608115781796869,0.09304256595539172,0.6506755611352858,0.3429785663437413,0.36303323008928523,0.1263484495000987,0.36303323008928523,0.1263484495000987,0.24000000000000005,0.4198521907397478
120,1,rbf,0.32421560600991084,0.01,-1.158520177161111,0.36391049542551773,0.2667187532875557,0.8238428441561427,0.2790584500617997,0.9334475730726541,0.32176974974701417,0.9334475730726541,0.32176974974701417,0.36333333333333334,0.43508487743739455,0.4040827122725252,0.298730899761632,0.8005068113668599,0.2775693470922486,0.8763190884334658,0.3386094258257105,0.8763190884334658,0.3386094258257105,0.3499999999999999,0.41168283741332923,0.295526088339383,0.2135860332979755,0.887029539880133,0.2872547729948608,1.0295476730699566,0.30495195312550294,1.0295476730699566,0.30495195312550294,0.7100000000000003,0.6577652867199615
120,2,rbf,0.32421560600991084,0.01,-1.158520177161111,0.5258928984120433,0.24294469686420234,0.7687176297611319,0.269832786429677,0.7484113723059107,0.27803271849078987,0.7484113723059107,0.27803271849078987,0.2566666666666666,0.36736088930165894,0.5940900424715491,0.26771325118905215,0.7270823151345295,0.27711458139153267,0.6692567717968723,0.3138737433672337,0.6692567717968723,0.3138737433672337,0.2733333333333333,0.4201258705750417,0.3365146831433979,0.2197298476387549,0.8672142787400969,0.2905478398670309,0.9660616530494296,0.29209233222505876,0.9660616530494296,0.29209233222505876,0.6500000000000001,0.6781058812655266
120,3,rbf,0.32421560600991084,0.01,-1.158520177161111,0.669513211321144,0.18317907925177251,0.7071938785344223,0.25112558466373347,0.5888751681118606,0.19054664421818654,0.5888751681118606,0.19054664421818654,0.29333333333333333,0.4733835168475858,0.7545421630606446,0.1717994378239024,0.658231653223451,0.2613106890344671,0.4853817229041916,0.2025175065347462,0.4853817229041916,0.2025175065347462,0.2633333333333333,0.4693967760150609,0.4862673769772748,0.2607669984134076,0.8024859619018997,0.30566797987500266,0.780843726169061,0.2781474570341491,0.780843726169061,0.2781474570341491,0.5533333333333333,0.6257317555351155
120,4,rbf,0.32421560600991084,0.01,-1.158520177161111,0.7434705288269404,0.13232689843007447,0.6803961996032073,0.24956657264101453,0.5121482850214373,0.14593106145757737,0.5121482850214373,0.14593106145757737,0.27999999999999997,0.48806443893375817,0.8331457817070554,0.10889034274313948,0.6225153539074757,0.26642944873922136,0.39800758074437037,0.14393578838674007,0.39800758074437037,0.14393578838674007,0.3266666666666666,0.5595153896582004,0.5621858356878777,0.25151362419912954,0.7832084071352271,0.29647744845205,0.7028999236867979,0.27758690009133324,0.7028999236867979,0.27758690009133324,0.45,0.5981292675414365
120,5,rbf,0.32421560600991084,0.01,-1.158520177161111,0.7624173846449243,0.10847047952035906,0.6838121974812056,0.24618265913218013,0.4933645943833059,0.12390659920078814,0.4933645943833059,0.12390659920078814,0.29,0.49851503626200716,0.8797338515762199,0.06254182134172302,0.6018152420846374,0.27027524631228195,0.34123793075358255,0.09567185899502566,0.34123793075358255,0.09567185899502566,0.2233333333333333,0.44464889933312657,0.8129620955730019,0.14093089822283075,0.650140404596019,0.26980386385593613,0.4260639615610546,0.15803488438719054,0.4260639615610546,0.15803488438719054,0.20666666666666664,0.4409498629200325
121,1,rbf,0.32421560600991084,0.01,-1.1924789729869412,0.3138625928045087,0.27861983655977446,0.8030599832654429,0.2765748580209781,0.9759139062698836,0.3133642691027393,0.9759139062698836,0.3133642691027393,0.44333333333333336,0.4797149536772949,0.3520489904255921,0.2956054377077292,0.7845286225142748,0.28698203708046205,0.9325909565286882,0.329659319613314,0.9325909565286882,0.329659319613314,0.42000000000000004,0.417215730189121,0.32689965874840193,0.23425836394560703,0.8636379543841992,0.3480444190602021,1.0450643260060735,0.3492006096438037,1.0450643260060735,0.3492006096438037,0.6833333333333333,0.6893691935802406
121,2,rbf,0.32421560600991084,0.01,-1.1924789729869412,0.5278249909227894,0.2549316247352545,0.717753454391781,0.2515931830460111,0.738577380635421,0.26357975577614706,0.738577380635421,0.26357975577614706,0.39333333333333337,0.5692907464758131,0.561184186412125,0.2753718078228986,0.6901172953738847,0.2436290726623321,0.6974153053297144,0.281516850110484,0.6974153053297144,0.281516850110484,0.26666666666666666,0.42777155789875326,0.44596573665133127,0.3152402595561503,0.7802272850887759,0.35859501814954897,0.8302574771276773,0.3637867482820904,0.8302574771276773,0.3637867482820904,0.4633333333333333,0.5750462250285105
121,3,rbf,0.32421560600991084,0.01,-1.1924789729869412,0.6504427754191563,0.22709028937482836,0.6715660596878461,0.23288369931785627,0.6056656266273526,0.2310566078943103,0.6056656266273526,0.2310566078943103,0.3733333333333333,0.5251819608040845,0.7026415759530228,0.24260785158995907,0.6258320724389007,0.2490487436771282,0.5409304705587997,0.2604025919172785,0.5409304705587997,0.2604025919172785,0.24000000000000002,0.43754802692055295,0.6229536313765484,0.2845702464391353,0.6934041658996059,0.296667598001504,0.6211496067470291,0.3015825003005627,0.6211496067470291,0.3015825003005627,0.3733333333333333,0.5650348377012625
121,4,rbf,0.32421560600991084,0.01,-1.1924789729869412,0.752680372684996,0.12343292053774792,0.6340344101807366,0.23201577705792645,0.5023063735752153,0.13881791798338475,0.5023063735752153,0.13881791798338475,0.3533333333333334,0.5322258616565828,0.8309402380585232,0.11263389482079486,0.5689632240458671,0.2459887459150397,0.4031043030651738,0.13983434216651863,0.4031043030651738,0.13983434216651863,0.23,0.4450106546574146,0.7789540669867319,0.18453150634626383,0.6173882667799233,0.25119630535042986,0.4617019525838085,0.20901651591497977,0.4617019525838085,0.20901651591497977,0.33,0.4885940420543772
121,5,rbf,0.32421560600991084,0.01,-1.1924789729869412,0.7695771557083808,0.10614396298183776,0.636938182281343,0.23415322562301458,0.4831328126602663,0.1294814769531864,0.4831328126602663,0.1294814769531864,0.26333333333333336,0.4483558726120883,0.87088763736951,0.07219117581122997,0.5525735407740011,0.2505548610804474,0.3545828175969347,0.09933722227758426,0.3545828175969347,0.09933722227758426,0.19333333333333336,0.41099822412011106,0.8377202620909258,0.10303312224059274,0.5890460863776685,0.25468796818359374,0.3973223183782294,0.12648505564590484,0.3973223183782294,0.12648505564590484,0.26666666666666666,0.47802274749894147
122,1,rbf,0.20456621780704987,0.1,-1.1542570008854212,0.3732953209032262,0.2191862442688889,0.8052631657650632,0.2968347822801745,0.9249586218914492,0.28749517523893076,0.9249586218914492,0.28749517523893076,0.4800000000000001,0.506100712343386,0.43118012653167365,0.2250035634262767,0.8114202546537379,0.31490626079206085,0.8655246856561324,0.2889991343270518,0.8655246856561324,0.2889991343270518,0.5133333333333334,0.5328733648705908,0.43256165321825973,0.235852807263548,0.8110292269072988,0.317071504888384,0.8664684448450299,0.3017137190960871,0.8664684448450299,0.3017137190960871,0.5000000000000001,0.5252257314388903
122,2,rbf,0.20456621780704987,0.1,-1.1542570008854212,0.5658003674688217,0.20873449892542398,0.7192569350096406,0.3112685680851321,0.6973889974452451,0.21094391909804908,0.6973889974452451,0.21094391909804908,0.38333333333333336,0.47856346340453865,0.6258466894607042,0.2148790503174752,0.7268886428680414,0.3328417225780535,0.6335521279312633,0.2241847366561909,0.6335521279312633,0.2241847366561909,0.38333333333333336,0.49833054625753515,0.6231590212569407,0.2326958970765235,0.7305634555649093,0.33265635858031517,0.6333887530218015,0.25204220147819917,0.6333887530218015,0.25204220147819917,0.37666666666666665,0.49874555279900146
122,3,rbf,0.20456621780704987,0.1,-1.1542570008854212,0.6931395748230755,0.1576162470789528,0.6733111887127268,0.3209743987469579,0.5669631854430395,0.16319502330127977,0.5669631854430395,0.16319502330127977,0.37,0.48362852658227057,0.7640238744859464,0.17946878589453577,0.6691897212655185,0.35327107002163943,0.47345712100287607,0.2064157935600643,0.47345712100287607,0.2064157935600643,0.30666666666666664,0.4820454502346786,0.7616563533102207,0.18208104872310027,0.6692890730451294,0.3560864752235993,0.4768792991337196,0.20622943166732918,0.4768792991337196,0.20622943166732918,0.3466666666666667,0.5110727954986947
122,4,rbf,0.20456621780704987,0.1,-1.1542570008854212,0.7776174090696109,0.08505265683811679,0.6457364870090279,0.32066655248035597,0.4792677727466735,0.09813697094791321,0.4792677727466735,0.09813697094791321,0.20000000000000004,0.3581561978647941,0.8613680599649877,0.09494885658021492,0.6304584362420282,0.35932321774592646,0.35994192353711213,0.13315434003676693,0.35994192353711213,0.13315434003676693,0.14999999999999997,0.3048459192489849,0.8606603462466809,0.09537517342630342,0.6311190550543623,0.3591002958044099,0.3607674062496001,0.13391023054805254,0.3607674062496001,0.13391023054805254,0.15333333333333332,0.3048270661045129
122,5,rbf,0.20456621780704987,0.1,-1.1542570008854212,0.7710986090222055,0.08322885941946269,0.6529357715622441,0.3203233626284431,0.48731308898519266,0.09571138800553744,0.48731308898519266,0.09571138800553744,0.16999999999999998,0.30189059447833544,0.8826315909633262,0.09357793926619291,0.6199863040778133,0.36313886889487995,0.32574910126224504,0.13520003720461496,0.32574910126224504,0.13520003720461496,0.1466666666666666,0.29329675843034325,0.882223184273439,0.09288603292651643,0.6207765460313226,0.36246565011983045,0.32663040133766935,0.1345031864452791,0.32663040133766935,0.1345031864452791,0.10999999999999997,0.23245318401480478
123,1,rbf,0.20456621780704987,0.01,-1.1766701342493937,0.32205888222827866,0.2221848204462725,0.768319309964916,0.24191103830786334,0.9522865480933468,0.2433913841063517,0.9522865480933468,0.2433913841063517,0.4433333333333333,0.5587444874885573,0.34760927763466304,0.23798010190899452,0.7516202287671997,0.25282768274364453,0.9227229645285827,0.2528652527604007,0.9227229645285827,0.2528652527604007,0.44,0.5531103275864216,0.34713810562211284,0.21908308290054432,0.7792630078464791,0.2750978922748934,0.9218964435160021,0.23303859571436317,0.9218964435160021,0.23303859571436317,0.4666666666666666,0.5791392741392823
123,2,rbf,0.20456621780704987,0.01,-1.1766701342493937,0.6207553093888196,0.1950263335872232,0.666371398093321,0.27200529234614607,0.6401561632569339,0.19432849982214284,0.6401561632569339,0.19432849982214284,0.19666666666666668,0.20083160441856088,0.6581709077457378,0.20549742372017893,0.6342533269273155,0.28683138361666927,0.5991245026308777,0.20893307528220825,0.5991245026308777,0.20893307528220825,0.18333333333333326,0.18398525678065533,0.6270299874671073,0.20386699983758672,0.6812077199274823,0.3079169007298124,0.6329119307660775,0.2072548873320247,0.6329119307660775,0.2072548873320247,0.19666666666666666,0.2341283664019014
123,3,rbf,0.20456621780704987,0.01,-1.1766701342493937,0.7374487890369427,0.1321646287988264,0.6333756193493832,0.23530639918195978,0.5208808997478032,0.1400524412306229,0.5208808997478032,0.1400524412306229,0.12333333333333334,0.13817363722139075,0.7974927274872724,0.13092023673243966,0.583081267365486,0.25446792368178217,0.4458359649609174,0.15065602120151259,0.4458359649609174,0.15065602120151259,0.15,0.21455647918117196,0.7389895890171854,0.16849047310389106,0.6267149373799921,0.2585117360126829,0.5133007263161689,0.17969027474930593,0.5133007263161689,0.17969027474930593,0.20000000000000004,0.4008611420085686
123,4,rbf,0.20456621780704987,0.01,-1.1766701342493937,0.8054329459487064,0.07682483728603136,0.6058135157270566,0.24319084615322858,0.4454854596841197,0.0945534710794178,0.4454854596841197,0.0945534710794178,0.18666666666666665,0.2897482061868645,0.877961833879013,0.07541456639751801,0.5456775694776377,0.26411496209232166,0.3406414562166636,0.11012406030285081,0.3406414562166636,0.11012406030285081,0.12333333333333334,0.20956989342433008,0.788080645474226,0.1450787439059671,0.6063108627119618,0.26675991748500566,0.4559846719139562,0.16374602989380294,0.4559846719139562,0.16374602989380294,0.19666666666666668,0.42546796413566457
123,5,rbf,0.20456621780704987,0.01,-1.1766701342493937,0.7931234456940709,0.07315955010677452,0.6269950176325061,0.2423232983624412,0.46190202571984695,0.08740225925211495,0.46190202571984695,0.08740225925211495,0.12666666666666668,0.21485092399203193,0.89730774919218,0.059465605885900004,0.5380504907522855,0.27197647427267285,0.3152131177807525,0.0862880696659404,0.3152131177807525,0.0862880696659404,0.06000000000000002,0.07701320979389588,0.8496072651486734,0.11660731329114458,0.5771915054995006,0.26293881903532623,0.3801773782120012,0.13603063542318578,0.3801773782120012,0.13603063542318578,0.09333333333333335,0.14840144374549435
124,1,rbf,0.20456621780704987,0.1,-1.1322489279279428,0.3901004705683182,0.21837377351431575,0.7947023251843923,0.27625808959577225,0.8882408954210974,0.24979735467532574,0.8882408954210974,0.24979735467532574,0.45,0.5817630753683747,0.43576903711988785,0.24472304499096306,0.7852807859072862,0.3165118665627802,0.8456050638621021,0.2820806527374554,0.8456050638621021,0.2820806527374554,0.5700000000000001,0.6623625426690692,0.43315023250260065,0.24391217393793752,0.7872260459548788,0.31776233067903187,0.8438681613264991,0.27366182622861207,0.8438681613264991,0.27366182622861207,0.5066666666666666,0.6236341397244742
124,2,rbf,0.20456621780704987,0.1,-1.1322489279279428,0.5658061574071495,0.22318100117937298,0.7334952503061071,0.2834898985360057,0.6972445833631461,0.2310139572929259,0.6972445833631461,0.2310139572929259,0.5033333333333333,0.5991277184278039,0.6250667980135193,0.2618418053768626,0.7134924916284574,0.32920713538260915,0.6306943338654327,0.27587366826556875,0.6306943338654327,0.27587366826556875,0.4533333333333333,0.5643020304847355,0.6208380810751091,0.2525157220597697,0.7191736435119018,0.3331068072844933,0.6349182759810235,0.266268722647025,0.6349182759810235,0.266268722647025,0.46333333333333326,0.5580034194267578
124,3,rbf,0.20456621780704987,0.1,-1.1322489279279428,0.6584119960872117,0.16978405403139546,0.7159954426911868,0.27922461310058594,0.6026263516755787,0.17598540434190207,0.6026263516755787,0.17598540434190207,0.45666666666666667,0.6463069268375211,0.7346185301920717,0.23319240674163808,0.6766552456564748,0.3109938139368527,0.5105470633236527,0.25818558501714506,0.5105470633236527,0.25818558501714506,0.26999999999999996,0.3152995291836768,0.7277962306937157,0.20328788753172577,0.6820885422055063,0.33124998051412563,0.5174851155107026,0.21933330373049265,0.5174851155107026,0.21933330373049265,0.37,0.563945460801504
124,4,rbf,0.20456621780704987,0.1,-1.1322489279279428,0.75496393056069,0.09230111053177166,0.6859021895816697,0.2715755388007109,0.5040790308711797,0.10807623253899215,0.5040790308711797,0.10807623253899215,0.47000000000000003,0.6716680214469667,0.837368447165396,0.10584314726947783,0.6439752222750958,0.3252858937913027,0.39327467706633334,0.14008949336764043,0.39327467706633334,0.14008949336764043,0.3533333333333333,0.610106453872987,0.8350671941385432,0.10807527408766081,0.6456083998543278,0.32592068248541367,0.39651901588202904,0.1408004781030902,0.39651901588202904,0.1408004781030902,0.3533333333333333,0.610106453872987
124,5,rbf,0.20456621780704987,0.1,-1.1322489279279428,0.7579878648173781,0.08533178345201667,0.6961413800763075,0.2730774266366808,0.5017597536686035,0.10002453829146553,0.5017597536686035,0.10002453829146553,0.25999999999999995,0.43675922507676374,0.8826331531718663,0.07838546921386648,0.6283671500692756,0.3336999668790887,0.3320481410404745,0.11457032823441624,0.3320481410404745,0.11457032823441624,0.16000000000000003,0.2711406302628036,0.882754082196047,0.07809090087867766,0.6289445442291365,0.3336608054705056,0.33214753048741485,0.11366404867233933,0.33214753048741485,0.11366404867233933,0.13333333333333333,0.244008667643298
125,1,rbf,0.32421560600991084,0.01,-1.2033446871984579,0.4358358416793987,0.2519792009951544,0.7492326279889208,0.2808472416454819,0.8994118836260409,0.37071293643780767,0.8994118836260409,0.37071293643780767,0.47333333333333333,0.4143406339227909,0.5046449935982775,0.27213420663719834,0.7243379472874918,0.30052123041657325,0.8374181506654254,0.40750766930878646,0.8374181506654254,0.40750766930878646,0.43666666666666665,0.3819038815103137,0.3722538521965134,0.27675113519417,0.8364053111757977,0.25348643886323435,1.0264529951247154,0.41888242404995163,1.0264529951247154,0.41888242404995163,0.44666666666666666,0.4216006717698415
125,2,rbf,0.32421560600991084,0.01,-1.2033446871984579,0.5596843591813359,0.22020391184073138,0.684985692748361,0.2314321748230719,0.7063838135244577,0.2271364755609903,0.7063838135244577,0.2271364755609903,0.3466666666666666,0.4216006717698415,0.6385602945909026,0.20918935873708736,0.6419706906127245,0.2566934794411651,0.6132820025470147,0.22641290460683652,0.6132820025470147,0.22641290460683652,0.3,0.3859605125416061,0.3963687510267719,0.26523754152927964,0.7901558037273713,0.24093005425134578,0.8698436020615669,0.2845598974477685,0.8698436020615669,0.2845598974477685,0.38,0.506100712343386
125,3,rbf,0.32421560600991084,0.01,-1.2033446871984579,0.6400504817573237,0.16191146671551582,0.6619618839746473,0.22115788207094392,0.6228376644722609,0.16428129486273818,0.6228376644722609,0.16428129486273818,0.26333333333333336,0.2906394060822037,0.7163787950826646,0.18659862440933958,0.6087114107364576,0.249031051282032,0.5310107830968314,0.21057027150645075,0.5310107830968314,0.21057027150645075,0.21333333333333335,0.2635740206617794,0.4889663450967018,0.23959479984669554,0.7606800993820493,0.22430353757256394,0.7884800021302139,0.2867740301651008,0.7884800021302139,0.2867740301651008,0.24333333333333335,0.3191403683532431
125,4,rbf,0.32421560600991084,0.01,-1.2033446871984579,0.7110464114038916,0.13167450557624824,0.6429237195672974,0.21826912275666116,0.551149731492046,0.13657352848626636,0.551149731492046,0.13657352848626636,0.25666666666666665,0.3359837160805035,0.8017864226044132,0.16941555602616978,0.578329175829397,0.25146590456414813,0.4323269258905155,0.19301399597235286,0.4323269258905155,0.19301399597235286,0.23333333333333328,0.32624650436318153,0.5864544787385367,0.2298045099307106,0.7235625065953509,0.2243997620129933,0.6728330389763627,0.24532731394026047,0.6728330389763627,0.24532731394026047,0.29,0.38627308546121114
125,5,rbf,0.32421560600991084,0.01,-1.2033446871984579,0.7334880872392944,0.1075804228496701,0.6423786388041189,0.22209767576430936,0.5279857670163383,0.11691065843261719,0.5279857670163383,0.11691065843261719,0.23,0.33748563187806674,0.8528071712314209,0.1412681604458049,0.5618046486730622,0.25217980601471585,0.367053979359977,0.16937596176233022,0.367053979359977,0.16937596176233022,0.17333333333333334,0.29934795038934014,0.766707876544152,0.22593043744204877,0.6116154324218213,0.265943650486561,0.47084664790636227,0.24893178760533932,0.47084664790636227,0.24893178760533932,0.31,0.4389250191248992
126,1,rbf,0.20456621780704987,0.01,-1.1441798891853177,0.44379354366907175,0.29825130681750256,0.7711048298205735,0.2610995567056299,0.8502510977870852,0.35591991547956225,0.8502510977870852,0.35591991547956225,0.5233333333333333,0.6484375562595185,0.4728337853607858,0.3061504384066201,0.7590890184641147,0.2771270929660953,0.8116019028941028,0.3736260757289567,0.8116019028941028,0.3736260757289567,0.4866666666666666,0.6468668963621461,0.3326885303526576,0.24685410862599153,0.8661347098902215,0.3994187497162623,0.944293188237177,0.27498557889901165,0.944293188237177,0.27498557889901165,0.67,0.6726940176479277
126,2,rbf,0.20456621780704987,0.01,-1.1441798891853177,0.6001690702757349,0.2317896423093122,0.7303607219066417,0.2630194920808891,0.6593302749891498,0.23891772715666945,0.6593302749891498,0.23891772715666945,0.5133333333333333,0.637199331846595,0.6430157433767182,0.23643835207550523,0.7032141218842776,0.28615946506426027,0.6044381546269678,0.2601854367900245,0.6044381546269678,0.2601854367900245,0.4433333333333333,0.6311911745664501,0.4582596792491682,0.27796557854679194,0.8163063635193685,0.3869279172897467,0.8135219761030433,0.29192797371277207,0.8135219761030433,0.29192797371277207,0.5833333333333334,0.6633682772520614
126,3,rbf,0.20456621780704987,0.01,-1.1441798891853177,0.7423661883435659,0.17375370155291592,0.6456285932652659,0.2715712061204655,0.506339621516622,0.1883862937521458,0.506339621516622,0.1883862937521458,0.4566666666666666,0.6151441285183292,0.7904962555193668,0.18373613043770676,0.6160668071593671,0.30249106663597464,0.43360071418081964,0.22203338084407917,0.43360071418081964,0.22203338084407917,0.3666666666666666,0.5731542088534611,0.6829601441562037,0.2355234915777053,0.6876250505299253,0.29773411416391027,0.5657195573716118,0.2504894692601169,0.5657195573716118,0.2504894692601169,0.3733333333333333,0.5753160051199048
126,4,rbf,0.20456621780704987,0.01,-1.1441798891853177,0.7841723899356893,0.1444887016448603,0.6301237391571903,0.2736433919750089,0.46235476895159444,0.1590369506171105,0.46235476895159444,0.1590369506171105,0.18666666666666665,0.35886154599706316,0.8589373920904774,0.12980959455521304,0.5859820251589204,0.3071987325996841,0.35421615233819875,0.16733221712052612,0.35421615233819875,0.16733221712052612,0.22,0.49158434923601174,0.8024345714985537,0.15452014742151185,0.6184413645968238,0.31335007454502717,0.4310652616504901,0.1828708622545442,0.4310652616504901,0.1828708622545442,0.28333333333333327,0.5717989358056781
126,5,rbf,0.20456621780704987,0.01,-1.1441798891853177,0.7857068382451169,0.11727864329716453,0.6412009898849244,0.25858693496239005,0.46379424331751296,0.13454769254741183,0.46379424331751296,0.13454769254741183,0.2766666666666666,0.49943646403641323,0.8793976332523639,0.09918879474115273,0.5786665722791854,0.30957456416348333,0.33440130943019464,0.1290776861556476,0.33440130943019464,0.1290776861556476,0.25999999999999995,0.5288895328242322,0.8446961335680432,0.11560816315197854,0.6040417265207403,0.3148319770151609,0.3823307768503466,0.14568873264330856,0.3823307768503466,0.14568873264330856,0.3433333333333333,0.6055395618120589
127,1,rbf,0.32421560600991084,0.01,-1.1940763322143804,0.362062974569154,0.25543686633477586,0.915335161165697,0.39045961920489314,0.9146004958007765,0.2854386148064671,0.9146004958007765,0.2854386148064671,0.5666666666666667,0.7207913913782944,0.40221692851966273,0.26875387801520545,0.8986073086556471,0.4063976880143839,0.8710588151209502,0.29967290490678156,0.8710588151209502,0.29967290490678156,0.5766666666666668,0.7020577308678143,0.34599984633428427,0.262513667411791,0.9417370546614321,0.40730688882000016,0.9702577630578595,0.347178743992787,0.9702577630578595,0.347178743992787,0.4566666666666666,0.5975140069536002
127,2,rbf,0.32421560600991084,0.01,-1.1940763322143804,0.566253482227328,0.2161231852698725,0.8207849675394873,0.3629221195608924,0.6985312876659281,0.22803017395253336,0.6985312876659281,0.22803017395253336,0.5033333333333333,0.683542160409635,0.6150661605737346,0.23062543835979296,0.7999967624475138,0.38564152289043774,0.64526738948983,0.2558237043354661,0.64526738948983,0.2558237043354661,0.5533333333333333,0.7030639021985929,0.4548137692444599,0.29066280882179396,0.8839840867290867,0.4117285249972705,0.818829550045638,0.32829845845897393,0.818829550045638,0.32829845845897393,0.33,0.5031966778027496
127,3,rbf,0.32421560600991084,0.01,-1.1940763322143804,0.7032869944813257,0.15489827399884354,0.7520372090551144,0.3761684546155214,0.5530939526175438,0.16914730070582049,0.5530939526175438,0.16914730070582049,0.26999999999999996,0.4316368205188086,0.773408946711559,0.15596555087249303,0.7174495493680263,0.39458148468956694,0.46478523688801193,0.188914657962379,0.46478523688801193,0.188914657962379,0.2733333333333334,0.5057826528796959,0.6509496994840909,0.2746345979236932,0.8065467731645787,0.41261494713022284,0.5947763432838481,0.29019405171287826,0.5947763432838481,0.29019405171287826,0.38666666666666666,0.5709842278957863
127,4,rbf,0.32421560600991084,0.01,-1.1940763322143804,0.7823467567017278,0.10713623717373064,0.7195956090383414,0.3716779759013446,0.46882162704096253,0.1268804891222794,0.46882162704096253,0.1268804891222794,0.2233333333333333,0.3847823687025795,0.8797292168940752,0.10626045323624081,0.6658367244302146,0.3942339875816218,0.3291747541935997,0.1430403997580995,0.3291747541935997,0.1430403997580995,0.2133333333333333,0.4561709701668756,0.7389216619235826,0.23838190206182633,0.7563395643565728,0.42586456929962746,0.49563428669389,0.25902728898361016,0.49563428669389,0.25902728898361016,0.34,0.5334338985646966
127,5,rbf,0.32421560600991084,0.01,-1.1940763322143804,0.7941983603649612,0.09233760814539252,0.7215732369640031,0.36629145719649414,0.4567591712010814,0.11196915690874126,0.4567591712010814,0.11196915690874126,0.25666666666666665,0.4157944894671698,0.9192145557501301,0.04955798545895907,0.6484571736795779,0.398916658012127,0.27456561234885474,0.08976815386527871,0.27456561234885474,0.08976815386527871,0.16666666666666666,0.3457459036417603,0.823092447318579,0.16698900794610885,0.7138316136040939,0.4123278830009813,0.40351795858475215,0.19238539786079725,0.40351795858475215,0.19238539786079725,0.25999999999999995,0.47965504846424933
128,1,rbf,0.32421560600991084,100.0,-1.1864304308318798,0.3193248801058882,0.2593633556258815,0.8340865825683502,0.24554240740641037,0.9673196040531911,0.2944868686208267,0.9673196040531911,0.2944868686208267,0.5,0.5807248740241328,0.40391069723134104,0.31208156645951923,0.9691713591892905,0.29366461477245065,0.8786900699307517,0.3602595421291386,0.8786900699307517,0.3602595421291386,0.45999999999999996,0.5372984786619202,0.39692866376059077,0.3048905987894446,0.9691691278887237,0.2936607834305384,0.8995344156304144,0.37452912526293575,0.8995344156304144,0.37452912526293575,0.45999999999999996,0.5327870765751712
128,2,rbf,0.32421560600991084,100.0,-1.1864304308318798,0.5241940717787811,0.2320145181360458,0.7583449202859398,0.2519083571717041,0.7400434638357715,0.2355831024822767,0.7400434638357715,0.2355831024822767,0.36,0.5089543032125975,0.5603123444113712,0.2648471689088388,0.9688758702486135,0.2936258925001801,0.698640932144393,0.2892353035468129,0.698640932144393,0.2892353035468129,0.3633333333333333,0.5169428257142866,0.5626906330592009,0.26347284128161064,0.9688775726299336,0.2936297823359604,0.6944930939091507,0.2860028713435835,0.6944930939091507,0.2860028713435835,0.35666666666666663,0.511713371637525
128,3,rbf,0.32421560600991084,100.0,-1.1864304308318798,0.6217851111572819,0.1514527689333781,0.7190051001898606,0.2470276532937403,0.6432857864948596,0.15026192334362612,0.6432857864948596,0.15026192334362612,0.2766666666666666,0.3953901027255657,0.6837983893940506,0.1929019167822357,0.9687668305594452,0.293667594948556,0.5656425303018331,0.2128302313914371,0.5656425303018331,0.2128302313914371,0.3466666666666666,0.517775968950847,0.6823174558429217,0.1950579673558681,0.9687687495875539,0.29366740100458194,0.5669243836801593,0.2148085649624694,0.5669243836801593,0.2148085649624694,0.35333333333333333,0.5144353002671177
128,4,rbf,0.32421560600991084,100.0,-1.1864304308318798,0.7101790390997066,0.11417582454376173,0.685748038546788,0.2471085077451354,0.553885666933973,0.11864720488042474,0.553885666933973,0.11864720488042474,0.22,0.3614148442651083,0.7309837230473882,0.16481524735973774,0.9687271443731202,0.2936821112417721,0.5159095958658447,0.19029778550002158,0.5159095958658447,0.19029778550002158,0.30999999999999994,0.5121624203586067,0.7312534589301851,0.1651192575615347,0.968726880645988,0.2936838397286666,0.5155669356181891,0.19057051052690896,0.5155669356181891,0.19057051052690896,0.30999999999999994,0.5121624203586068
128,5,rbf,0.32421560600991084,100.0,-1.1864304308318798,0.7534663442611574,0.08258402928189125,0.6707429802864212,0.2554091473562963,0.5084274804096928,0.09173455123539777,0.5084274804096928,0.09173455123539777,0.1533333333333333,0.3048270661045129,0.742657950009012,0.1527558291665938,0.9687189002485882,0.29368846156670975,0.5043843066146526,0.17989612947949035,0.5043843066146526,0.17989612947949035,0.30999999999999994,0.5121624203586068,0.7429855445486973,0.1525002903004746,0.9687187624966432,0.2936899299190919,0.5041216544581769,0.17949414633709238,0.5041216544581769,0.17949414633709238,0.30999999999999994,0.5121624203586068
129,1,rbf,0.32421560600991084,0.1,-1.1777182061882856,0.3141782888459863,0.2431185951278389,0.8415158745796281,0.30384608244921535,0.9510602911036208,0.2479578332345667,0.9510602911036208,0.2479578332345667,0.36666666666666664,0.4146733931523769,0.31993002189420544,0.25272010126874084,0.8453539790712128,0.32051906566656446,0.9506077611632412,0.2743067793791419,0.9506077611632412,0.2743067793791419,0.41000000000000003,0.39943926213872744,0.347891641056169,0.24437376180304263,0.8464334261525269,0.3325404584579821,0.9551351662389148,0.31105186237763977,0.9551351662389148,0.31105186237763977,0.47,0.512027747092971
129,2,rbf,0.32421560600991084,0.1,-1.1777182061882856,0.5208989233465038,0.22907626858331373,0.7821783810091005,0.32216104253825567,0.7404055899798785,0.2281001622605811,0.7404055899798785,0.2281001622605811,0.4233333333333333,0.5605928717135922,0.5543713863789528,0.25445996666312953,0.7654071388095393,0.3044261418130111,0.6986164014714588,0.2637367885579737,0.6986164014714588,0.2637367885579737,0.25333333333333335,0.30708117912811367,0.5428075182777746,0.2487116573545768,0.7849427865021816,0.33656060741424154,0.7167120020607957,0.2554071096816219,0.7167120020607957,0.2554071096816219,0.21666666666666667,0.29604674995837993
129,3,rbf,0.32421560600991084,0.1,-1.1777182061882856,0.7144106759286245,0.1738540278873202,0.6858793345191142,0.27347314960380625,0.5425365218863145,0.17885570712812343,0.5425365218863145,0.17885570712812343,0.3366666666666666,0.5068382951901567,0.765687190928275,0.1985315935010584,0.7047307624480922,0.299332976137764,0.47261944339150286,0.22394971593073812,0.47261944339150286,0.22394971593073812,0.16,0.28719811736968204,0.7641988328148541,0.20069729393394453,0.7064375235846969,0.29811163644499256,0.47445625598492264,0.22559159533777656,0.47445625598492264,0.22559159533777656,0.16666666666666663,0.28927177691496325
129,4,rbf,0.32421560600991084,0.1,-1.1777182061882856,0.7739588778547465,0.11600420133673496,0.6890664558049034,0.27475061421276753,0.48090254777957414,0.124966535280504,0.48090254777957414,0.124966535280504,0.3866666666666667,0.632855233940936,0.8255421019984307,0.14108382149720097,0.6899718672029429,0.30140017347946213,0.4020166135409959,0.17268055635232493,0.4020166135409959,0.17268055635232493,0.22333333333333333,0.46288699248962695,0.8269155589984879,0.13844731402927307,0.6905367451941852,0.30105381113051455,0.40007217798779515,0.17147917680027402,0.40007217798779515,0.17147917680027402,0.22000000000000003,0.46342056567404866
129,5,rbf,0.32421560600991084,0.1,-1.1777182061882856,0.7445227718406301,0.1182021910057367,0.7142626416042099,0.2782556604450888,0.5145683473959728,0.12772018083624165,0.5145683473959728,0.12772018083624165,0.3733333333333333,0.6269429569461386,0.8450445874100136,0.12398774781080493,0.6853372353290346,0.3016931470012827,0.37823609302323646,0.15766555712006675,0.37823609302323646,0.15766555712006675,0.25666666666666665,0.5190730021964112,0.845907102198899,0.12263102486075786,0.6856148284704862,0.30135304846135114,0.3770991246833895,0.15679853147936035,0.3770991246833895,0.15679853147936035,0.25666666666666665,0.5190730021964112
130,1,rbf,0.20456621780704987,0.01,-1.1832110541802914,0.3491497176699865,0.26042066812066467,0.8694005385542976,0.322968754273132,0.9272440601218973,0.28504151578217773,0.9272440601218973,0.28504151578217773,0.44000000000000006,0.42475144861842234,0.37699394836306155,0.2830394245963262,0.8557961536902428,0.32943159918210224,0.8944209332035312,0.3105510545218797,0.8944209332035312,0.3105510545218797,0.43000000000000005,0.4178351432042926,0.27249454619604546,0.1930985625405313,0.9122331725383276,0.31397804881695995,1.0543080488835568,0.28813573276742255,1.0543080488835568,0.28813573276742255,0.6233333333333333,0.5697448511415429
130,2,rbf,0.20456621780704987,0.01,-1.1832110541802914,0.5524593768411739,0.24866983413423857,0.7815176459988628,0.3240836840311036,0.7079751521968182,0.24754407765663677,0.7079751521968182,0.24754407765663677,0.3433333333333334,0.5117133716375248,0.5849592029321978,0.2663406078201097,0.7643965586308836,0.33031891820897996,0.6715664076023482,0.27071135364504156,0.6715664076023482,0.27071135364504156,0.3466666666666666,0.5276710922622116,0.5365906462735257,0.27656874607816667,0.7988081854869836,0.3146459762418188,0.7222547060780612,0.2881936268147709,0.7222547060780612,0.2881936268147709,0.4633333333333333,0.6172705958538339
130,3,rbf,0.20456621780704987,0.01,-1.1832110541802914,0.7008832272768222,0.149598590654924,0.7328089849763674,0.31822737934850004,0.5583055318879357,0.15784926794750073,0.5583055318879357,0.15784926794750073,0.3333333333333332,0.5422388666498807,0.7542935896415524,0.15616929063221804,0.7063302272515827,0.32847569607213756,0.4953393603548128,0.17068552707956605,0.4953393603548128,0.17068552707956605,0.33333333333333326,0.5541898923488312,0.6726489635620435,0.20618739297640484,0.7509645436694293,0.31523313735384595,0.5825155753938627,0.2177247159808188,0.5825155753938627,0.2177247159808188,0.39999999999999997,0.6236710008020089
130,4,rbf,0.20456621780704987,0.01,-1.1832110541802914,0.7749963531797869,0.09125622823221315,0.7079293376245369,0.3293859938293967,0.4814389648408462,0.10496231525474448,0.4814389648408462,0.10496231525474448,0.3633333333333333,0.5744462601036989,0.8425912289359231,0.08748738799111502,0.6676178512805452,0.3450220760699605,0.393443894324444,0.11118771915756195,0.393443894324444,0.11118771915756195,0.3233333333333333,0.5811304876515783,0.7826805291408465,0.1180749311344807,0.7055308070764996,0.34762560846803986,0.4637991351692289,0.1456969214719433,0.4637991351692289,0.1456969214719433,0.3433333333333332,0.588207876304905
130,5,rbf,0.20456621780704987,0.01,-1.1832110541802914,0.7743759733791115,0.09688946211748715,0.7137573726566019,0.3384006335084898,0.4811940270678763,0.11137234942651562,0.4811940270678763,0.11137234942651562,0.33999999999999997,0.5721104306229579,0.8695383875834594,0.0825974072934417,0.6554950586806798,0.35342254570016746,0.35386752941578625,0.11163576203011973,0.35386752941578625,0.11163576203011973,0.2866666666666667,0.5649127691791089,0.8263547395563992,0.09301404842258211,0.6786488932647362,0.3529597965240599,0.4123680086885309,0.12362557000545238,0.4123680086885309,0.12362557000545238,0.38333333333333325,0.5994729485906382
131,1,rbf,0.32421560600991084,0.1,-1.1798935934812078,0.38767723159067635,0.2528950739245271,0.7389025363455334,0.24044191001995907,0.9011533682628742,0.2965093539478182,0.9011533682628742,0.2965093539478182,0.63,0.6757626598250255,0.4162824245338265,0.27085674485990613,0.7432415815389799,0.2501561234966255,0.8997101300048509,0.36610201316236285,0.8997101300048509,0.36610201316236285,0.6233333333333334,0.6574156997660238,0.42504186772597985,0.2885413734816388,0.7441958279906219,0.2536182787728621,0.8662330135988843,0.34127422003450797,0.8662330135988843,0.34127422003450797,0.6266666666666666,0.6416215090842422
131,2,rbf,0.32421560600991084,0.1,-1.1798935934812078,0.5893425789839178,0.2019794331525182,0.6431463076904322,0.2007719437522629,0.6765634697033677,0.2055278798537206,0.6765634697033677,0.2055278798537206,0.44999999999999996,0.582947327129044,0.5928223382671638,0.2417566284076507,0.6548174789041122,0.2272169495279298,0.6600838373632875,0.2710350269270334,0.6600838373632875,0.2710350269270334,0.5166666666666665,0.6491816245159713,0.6297168592432866,0.21790855938416395,0.6640989927792913,0.22151292903234757,0.6237587641961898,0.22963205561104558,0.6237587641961898,0.22963205561104558,0.56,0.6240026525142562
131,3,rbf,0.32421560600991084,0.1,-1.1798935934812078,0.73461320161409,0.12404601891723126,0.5653180645158581,0.2136230346403365,0.523218594547818,0.1379811292257092,0.523218594547818,0.1379811292257092,0.29999999999999993,0.46013491274954843,0.7720724283520464,0.17619352489750137,0.589033058038348,0.230024737531044,0.4609994172641764,0.21101593961039442,0.4609994172641764,0.21101593961039442,0.27666666666666656,0.43603490316901145,0.7739696175163747,0.172566036016734,0.592166112419898,0.22908389926844136,0.4589365242646507,0.20872446473334622,0.4589365242646507,0.20872446473334622,0.3399999999999999,0.5000689607616547
131,4,rbf,0.32421560600991084,0.1,-1.1798935934812078,0.7973142422988282,0.10796216338074888,0.5453391682873618,0.20980904963652247,0.4524145048832652,0.12145088486392686,0.4524145048832652,0.12145088486392686,0.35999999999999993,0.5136750616542691,0.8409011461540236,0.1265929855612361,0.567501636739865,0.23022564944112073,0.383540242652806,0.15982385532189802,0.383540242652806,0.15982385532189802,0.21,0.424548441653417,0.8429189256577196,0.12355285304648464,0.567119144887936,0.230726854787091,0.38128937202222085,0.15715132051689248,0.38128937202222085,0.15715132051689248,0.14666666666666664,0.28129421746919936
131,5,rbf,0.32421560600991084,0.1,-1.1798935934812078,0.7978061339884828,0.09274526213153321,0.560024930299834,0.2087884843051601,0.4520758216282809,0.11284766436182228,0.4520758216282809,0.11284766436182228,0.3166666666666666,0.5173429019141169,0.8581884255635437,0.10692885456497662,0.5616433952951819,0.2329424943677387,0.3615892262294053,0.14482779540849613,0.3615892262294053,0.14482779540849613,0.15666666666666668,0.2979045592749155,0.8581940063262574,0.10744828785513812,0.5615994255628817,0.23284041453198237,0.3614496493884275,0.14532512090383728,0.3614496493884275,0.14532512090383728,0.15333333333333335,0.2991174758649452
132,1,rbf,0.32421560600991084,0.001,-1.1604649010642054,0.42628800248001386,0.26520258647394884,0.8415431472199802,0.2693422520338313,0.849655162762595,0.29608412409605656,0.849655162762595,0.29608412409605656,0.3966666666666666,0.37368928023281534,0.4522865460380558,0.2755848115035945,0.8376696955838414,0.2667110413641373,0.8242329513010708,0.3130024318345078,0.8242329513010708,0.3130024318345078,0.37999999999999995,0.3652113228595571,0.2321242777283265,0.21462157152084357,0.9753698321559399,0.26643329700081725,1.1241775759334824,0.32110702707656436,1.1241775759334824,0.32110702707656436,0.5266666666666666,0.3694668417144315
132,2,rbf,0.32421560600991084,0.001,-1.1604649010642054,0.5744400041004301,0.23290140204037316,0.7888968794193679,0.27456996800416156,0.6863862561217454,0.23770675334553423,0.6863862561217454,0.23770675334553423,0.3533333333333333,0.4150058855696764,0.6111706226526551,0.2448344378954032,0.7743016711605908,0.2759722009020671,0.6434172506243622,0.2571607435596847,0.6434172506243622,0.2571607435596847,0.3133333333333333,0.372996564034589,0.2896157337690769,0.21253232081733706,0.955688466349222,0.28950862205383066,1.0178788093362814,0.2885467584281331,1.0178788093362814,0.2885467584281331,0.56,0.5096313745552117
132,3,rbf,0.32421560600991084,0.001,-1.1604649010642054,0.7042698389626967,0.18936373376850074,0.7487727806921407,0.28649305490965565,0.5509347393722516,0.19530375181878584,0.5509347393722516,0.19530375181878584,0.3166666666666666,0.466153247950406,0.7558065913060705,0.18517133566844793,0.7272281500511177,0.28247885945009316,0.48627454883677584,0.20542227922976172,0.48627454883677584,0.20542227922976172,0.30333333333333334,0.42139614692552446,0.30207805346885536,0.22571093139071954,0.9471438078739154,0.2851860885053617,1.009935317823929,0.3032315923036569,1.009935317823929,0.3032315923036569,0.5866666666666667,0.5270171974772565
132,4,rbf,0.32421560600991084,0.001,-1.1604649010642054,0.8075330265681193,0.09930768586928355,0.7103856541680362,0.27691466040689694,0.4402264677193752,0.1145052896333537,0.4402264677193752,0.1145052896333537,0.3399999999999999,0.47677074661475005,0.8567276171945015,0.09228904945885222,0.6833672855043967,0.28146984507761047,0.37035458378215685,0.12235362613955335,0.37035458378215685,0.12235362613955335,0.3133333333333333,0.47031415277328265,0.43873348136300694,0.26828985328277477,0.8919099820526506,0.2971136505369563,0.8475562235672918,0.3160321430510586,0.8475562235672918,0.3160321430510586,0.49,0.5221639325095071
132,5,rbf,0.32421560600991084,0.001,-1.1604649010642054,0.7826841078217068,0.10647529084466137,0.7235828938226675,0.26810317182321375,0.4702449254563701,0.1199960649468288,0.4702449254563701,0.1199960649468288,0.3399999999999999,0.47965504846424933,0.881723540162462,0.07429513047767623,0.6720512664357977,0.28582774974347863,0.3345165340800356,0.11044145925407511,0.3345165340800356,0.11044145925407511,0.1866666666666667,0.305956198502823,0.5402894591539432,0.27357515280326067,0.8594191518754307,0.3037722491092493,0.7578941427343128,0.35182098675070433,0.7578941427343128,0.35182098675070433,0.5333333333333333,0.6036288728117253
133,1,rbf,0.32421560600991084,0.1,-1.1549352288129449,0.318549888831649,0.23857619319538548,0.8801544089116615,0.3202433255312688,0.9666893115275949,0.27560615890303614,0.9666893115275949,0.27560615890303614,0.4966666666666667,0.5653703902406984,0.3600087197411946,0.247581953226699,0.8790161904243884,0.32094054982911413,0.9157840778737986,0.2713323150996959,0.9157840778737986,0.2713323150996959,0.5066666666666667,0.6214184737680639,0.35587507462455215,0.24879750238724588,0.8922296645037301,0.3314229563940076,0.9306745073512133,0.28932697862225054,0.9306745073512133,0.28932697862225054,0.5033333333333334,0.584561924588115
133,2,rbf,0.32421560600991084,0.1,-1.1549352288129449,0.5152664310899838,0.25015426923500195,0.791588426192709,0.3118941388962,0.7532876010579315,0.2592346277176804,0.7532876010579315,0.2592346277176804,0.24333333333333332,0.31588227110017153,0.5386287800505101,0.2825087269565187,0.7984312485716353,0.2982289734279222,0.7279269919416518,0.30073801414185264,0.7279269919416518,0.30073801414185264,0.4066666666666667,0.585416641101157,0.5753491244211367,0.2569722520810486,0.8043629138306684,0.34399015997471505,0.6865983579267713,0.27296284831410006,0.6865983579267713,0.27296284831410006,0.45000000000000007,0.5998563046321149
133,3,rbf,0.32421560600991084,0.1,-1.1549352288129449,0.7254370071909579,0.12251912347617555,0.694726222685038,0.3164157953023815,0.5343106363145879,0.13390106876006366,0.5343106363145879,0.13390106876006366,0.1966666666666667,0.32215153141868236,0.776039305313876,0.12877870784180181,0.7219526115681261,0.31055511017139925,0.47190325316010046,0.1506727748776348,0.47190325316010046,0.1506727748776348,0.19666666666666668,0.30904004129956486,0.7737615802099452,0.1266719278197244,0.7252089641565408,0.31247163329515415,0.4742057140348537,0.1506561874836727,0.4742057140348537,0.1506561874836727,0.16000000000000003,0.21431526889785207
133,4,rbf,0.32421560600991084,0.1,-1.1549352288129449,0.7821564098638729,0.08652155413161992,0.6718140736868341,0.3234817137533993,0.47297775393388514,0.10280186376264489,0.47297775393388514,0.10280186376264489,0.16666666666666669,0.29046138485511985,0.839691229458929,0.07825974882210324,0.7065098170347006,0.3107166674255987,0.39982849034419826,0.09939414871470743,0.39982849034419826,0.09939414871470743,0.13333333333333336,0.21866890943621364,0.8395617911878428,0.08050438415803396,0.7072328280087906,0.31226199832500734,0.3994307041248896,0.10234148590265262,0.3994307041248896,0.10234148590265262,0.13666666666666671,0.21890532252525305
133,5,rbf,0.32421560600991084,0.1,-1.1549352288129449,0.7793538565977206,0.08823473226867606,0.6756709408493676,0.3075106610332211,0.47705289991979105,0.10043913274041417,0.47705289991979105,0.10043913274041417,0.29999999999999993,0.48352156461555656,0.8572961793470751,0.07457036728308453,0.7014403986482203,0.31208557447507007,0.37572276040844954,0.09605370829782078,0.37572276040844954,0.09605370829782078,0.13333333333333333,0.223349630559946,0.857978802011498,0.07605861033464636,0.70135422591168,0.312412026515896,0.37444717807645045,0.09766479340275819,0.37444717807645045,0.09766479340275819,0.13666666666666666,0.22966742571984738
134,1,rbf,0.32421560600991084,0.01,-1.1378696792225924,0.4114747353391856,0.2633033899528192,0.8176344500922954,0.2978644256728722,0.8647425776640031,0.283895795980857,0.8647425776640031,0.283895795980857,0.49666666666666676,0.43508487743739455,0.43890997929009096,0.27446474956876293,0.8067112658962255,0.2983006742085463,0.8398757332629286,0.30714496852812545,0.8398757332629286,0.30714496852812545,0.45,0.40407407992714095,0.26626373459380753,0.18090060367002475,0.9203723113649548,0.35555967968240043,1.0880700073952896,0.30899650452845195,1.0880700073952896,0.30899650452845195,0.6833333333333335,0.5369667897862337
134,2,rbf,0.32421560600991084,0.01,-1.1378696792225924,0.5526954570231285,0.2146702863143406,0.7833950332239717,0.2859684414898375,0.7120291854742093,0.21894319324562134,0.7120291854742093,0.21894319324562134,0.45333333333333337,0.4980882994238958,0.5932115317613089,0.23637017845749989,0.7485794108444418,0.2773634989726157,0.6631389691091886,0.24399618759732367,0.6631389691091886,0.24399618759732367,0.2866666666666667,0.34213662660458877,0.586137735112899,0.24491469227687945,0.7885967063192293,0.352360079300577,0.6742414109401217,0.25199179276140443,0.6742414109401217,0.25199179276140443,0.44333333333333336,0.4896750036456857
134,3,rbf,0.32421560600991084,0.01,-1.1378696792225924,0.6732772530714475,0.18399814578777854,0.7292033728133077,0.2773423261701618,0.5857600244357768,0.18780849929787874,0.5857600244357768,0.18780849929787874,0.29000000000000004,0.41800016498924314,0.7411241739726173,0.1897115830425551,0.6871230001274244,0.2964232497534936,0.5028492078711247,0.20827720735351662,0.5028492078711247,0.20827720735351662,0.3066666666666667,0.48276026272298744,0.6900776804308845,0.19935988680307026,0.7515637735398853,0.3482463501798671,0.5633068844493319,0.21099385124100928,0.5633068844493319,0.21099385124100928,0.32000000000000006,0.48237916121285107
134,4,rbf,0.32421560600991084,0.01,-1.1378696792225924,0.7500703411365994,0.11919631383133496,0.7168849621323108,0.2717784510893463,0.5084661396441443,0.126323173458633,0.5084661396441443,0.126323173458633,0.2533333333333333,0.46589427047815024,0.8402799408231453,0.12390790059635971,0.6527739757580809,0.3064877644146744,0.38880993978539535,0.14814230593751013,0.38880993978539535,0.14814230593751013,0.22666666666666663,0.4370223172186135,0.7717239328417712,0.1590723142057778,0.6967636308858631,0.3152704092617265,0.4721796070819621,0.18105367427601526,0.4721796070819621,0.18105367427601526,0.3433333333333334,0.4987455527990015
134,5,rbf,0.32421560600991084,0.01,-1.1378696792225924,0.7424327417023032,0.10494278820712837,0.7310033746884183,0.2710439456584815,0.5179220984094862,0.11548753281950014,0.5179220984094862,0.11548753281950014,0.18999999999999997,0.3565640630160067,0.8840811830015294,0.08035813910722205,0.6354023463579964,0.3135159730729905,0.3308157787301963,0.11194077594408629,0.3308157787301963,0.11194077594408629,0.19333333333333333,0.3973475273249657,0.8302266610917223,0.10659299409079029,0.6812462265291123,0.3089993623663179,0.4033256869152344,0.1395368861067621,0.4033256869152344,0.1395368861067621,0.28,0.48735740620135276
135,1,rbf,0.20456621780704987,0.1,-1.1918159721312718,0.36659068524281013,0.2805152599483947,0.898767571695311,0.30853396734304606,0.916321779594116,0.3137245711145761,0.916321779594116,0.3137245711145761,0.40666666666666657,0.38679347900694866,0.3905587092987068,0.2958494420966805,0.9147071592656169,0.3249522412586791,0.8992897271576756,0.3360580106187135,0.8992897271576756,0.3360580106187135,0.38666666666666666,0.38572219173312067,0.38833437223192774,0.29352195081141474,0.9159915032094337,0.3288724538123791,0.8940613736589893,0.3278688444789,0.8940613736589893,0.3278688444789,0.3966666666666666,0.3978245440091548
135,2,rbf,0.20456621780704987,0.1,-1.1918159721312718,0.6118694935977078,0.2656659037356604,0.7843621156585211,0.2871146050546498,0.6444696956214898,0.2720774593899147,0.6444696956214898,0.2720774593899147,0.21333333333333335,0.260944350433169,0.6443232404213862,0.27840001069254416,0.8199521771791551,0.312462454314671,0.6008511557321872,0.298520105409977,0.6008511557321872,0.298520105409977,0.20999999999999996,0.21391264733450235,0.6474955940047715,0.2777394907349151,0.8210978198377235,0.3240997950582358,0.602431823054328,0.29335759861315486,0.602431823054328,0.29335759861315486,0.2033333333333333,0.2552663697791581
135,3,rbf,0.20456621780704987,0.1,-1.1918159721312718,0.7630706211592436,0.1564514806313104,0.6982986117765602,0.2767226930029333,0.48481480515712333,0.17285772555691192,0.48481480515712333,0.17285772555691192,0.26666666666666666,0.41384099339733355,0.8129439011781197,0.1577505047692624,0.7499218408842147,0.31247027410490097,0.4172347545285389,0.18523558517381472,0.4172347545285389,0.18523558517381472,0.24000000000000005,0.40819197647084193,0.8115761134762458,0.1565778808055918,0.7496236185876135,0.31404047363432375,0.41885331795317976,0.1848114161185888,0.41885331795317976,0.1848114161185888,0.23666666666666672,0.40893750752097957
135,4,rbf,0.20456621780704987,0.1,-1.1918159721312718,0.7976424748357979,0.09611167583988778,0.6864588660749151,0.2733374050880129,0.451085906728301,0.11844590016887134,0.451085906728301,0.11844590016887134,0.21666666666666667,0.28537130481040907,0.8545072260016086,0.11483574515365985,0.7356464339552107,0.3168102340573763,0.3673902616930629,0.14725056042210327,0.3673902616930629,0.14725056042210327,0.14333333333333328,0.22996751394765388,0.8612897128884407,0.08071822244216631,0.7340063091277247,0.3175660729716917,0.36401960553094104,0.1177515945672001,0.36401960553094104,0.1177515945672001,0.15666666666666665,0.2430883666961225
135,5,rbf,0.20456621780704987,0.1,-1.1918159721312718,0.8148445987906828,0.08209623159980246,0.6806793470427557,0.27403157186960764,0.4320373816423701,0.10320546937061048,0.4320373816423701,0.10320546937061048,0.26999999999999996,0.3992665689779803,0.8932666414419,0.06012880579014126,0.7211391367988392,0.3198861319568467,0.31967498339063544,0.09443018601884091,0.31967498339063544,0.09443018601884091,0.11666666666666667,0.19666764075348092,0.8929669195475786,0.06116728732532081,0.7213339800837045,0.3205595132660235,0.3199232371469123,0.09550808785552818,0.3199232371469123,0.09550808785552818,0.11666666666666668,0.20858031337217994
136,1,rbf,0.32421560600991084,0.01,-1.16013125181369,0.33895716017740407,0.24950384349753005,0.8894014849570858,0.32756936391263936,0.944334277271973,0.28714625727005755,0.944334277271973,0.28714625727005755,0.62,0.69451049494317,0.3852848197160756,0.268181392182387,0.8702072808743251,0.3324746393926129,0.9270706913171475,0.3489596752361159,0.9270706913171475,0.3489596752361159,0.6166666666666667,0.7027450282375847,0.23659029085562527,0.22403374873548978,0.9451344384886027,0.3172733622071805,1.0839451420994546,0.28583859795511873,1.0839451420994546,0.28583859795511873,0.4733333333333333,0.5278017740058082
136,2,rbf,0.32421560600991084,0.01,-1.16013125181369,0.5259959115876008,0.27571747926104606,0.8014752527561926,0.3480171982092127,0.7380602725965402,0.28459948693231335,0.7380602725965402,0.28459948693231335,0.35666666666666663,0.47683101418841667,0.5755399847179616,0.2818014806021915,0.7753597588748093,0.34837415242574166,0.6860937587677703,0.31120313350483364,0.6860937587677703,0.31120313350483364,0.48666666666666664,0.6229702673667408,0.3609821529678014,0.26929327193386293,0.9067093832005653,0.32330537503587276,0.9077239141419546,0.27859271059159524,0.9077239141419546,0.27859271059159524,0.5099999999999999,0.6359082562326327
136,3,rbf,0.32421560600991084,0.01,-1.16013125181369,0.6854700023699831,0.15595675848248586,0.7413350602557911,0.35776132251841786,0.5760768856861457,0.15956720712205744,0.5760768856861457,0.15956720712205744,0.24000000000000002,0.38291081161958906,0.7320024882889399,0.20208773361213578,0.7086472252975269,0.3499863131851512,0.5161253763983552,0.21375528777512295,0.5161253763983552,0.21375528777512295,0.3066666666666667,0.5051004224722141,0.5961624923868193,0.239664556467859,0.797199476242083,0.34601901609276875,0.6646083179241002,0.2459139475757979,0.6646083179241002,0.2459139475757979,0.36,0.5462095088756759
136,4,rbf,0.32421560600991084,0.01,-1.16013125181369,0.7878745967204037,0.1155027017986693,0.7091493137918765,0.3713106280009377,0.4634585713313635,0.12711895579407329,0.4634585713313635,0.12711895579407329,0.18333333333333332,0.4218868399785971,0.8478698988052947,0.1264303496866693,0.6581641411797098,0.3684342409435757,0.37935222927560835,0.14733185671248455,0.37935222927560835,0.14733185671248455,0.14333333333333334,0.38298584950300735,0.6866111978491277,0.23468378935641862,0.7548241985321688,0.36068796293441047,0.5609870104700391,0.25274768615194354,0.5609870104700391,0.25274768615194354,0.23999999999999996,0.4343842252803545
136,5,rbf,0.32421560600991084,0.01,-1.16013125181369,0.815149871605686,0.0649546773250193,0.7093000739853348,0.366594368686244,0.4346758449092775,0.08352827449259367,0.4346758449092775,0.08352827449259367,0.12333333333333334,0.26481396636433135,0.8966969116526504,0.05768966405386506,0.6369789724820065,0.37233172427877775,0.3148788166834921,0.09065221931243785,0.3148788166834921,0.09065221931243785,0.09000000000000002,0.1604949241865772,0.8869596551959431,0.06537547864412023,0.6423498306929499,0.36980237104959435,0.32885368468820175,0.09943710049028534,0.32885368468820175,0.09943710049028534,0.12333333333333335,0.26611293082829146
137,1,rbf,0.20456621780704987,0.1,-1.1875387299198144,0.47583410078345584,0.24242510947868795,0.7699978858353538,0.2831708550839966,0.7907137619802219,0.24751551000996722,0.7907137619802219,0.24751551000996722,0.2966666666666667,0.31347147847306933,0.5609766575509655,0.2687988129745532,0.7757774647619284,0.2996159622754329,0.7069294394394053,0.29944020801863763,0.7069294394394053,0.29944020801863763,0.2933333333333333,0.3362401987632767,0.5478769207238049,0.27387050000020885,0.7754325271248012,0.2981454676913231,0.7162901147781257,0.29852909316735116,0.7162901147781257,0.29852909316735116,0.26666666666666666,0.3043742403044639
137,2,rbf,0.20456621780704987,0.1,-1.1875387299198144,0.614833916665819,0.17802318726768207,0.7143423291566341,0.25926656655329555,0.6483379239421713,0.177705964108751,0.6483379239421713,0.177705964108751,0.26,0.34501374285471686,0.6942279717502448,0.18229153200008005,0.7196680411462795,0.2897529039440785,0.5585068039411805,0.1982613187117613,0.5585068039411805,0.1982613187117613,0.22,0.3199137814883988,0.6938236531891996,0.1888914745603329,0.7174472427601015,0.2891728677802409,0.5584098330273921,0.2041642791477777,0.5584098330273921,0.2041642791477777,0.18000000000000005,0.3010327052915886
137,3,rbf,0.20456621780704987,0.1,-1.1875387299198144,0.6802245315359747,0.1514942914954298,0.7102883370652184,0.2624060805973335,0.5830176093409583,0.15575730209570526,0.5830176093409583,0.15575730209570526,0.24333333333333335,0.3757138798876479,0.7715729928560412,0.16078167899587645,0.6917467881462589,0.29705653932576737,0.4676723472660437,0.19030206270895017,0.4676723472660437,0.19030206270895017,0.2733333333333334,0.4266415222475974,0.7833116337994206,0.1622771644227668,0.6919751803605643,0.3036026543174642,0.4539253374181279,0.1910133375255049,0.4539253374181279,0.1910133375255049,0.1733333333333333,0.31396610110596046
137,4,rbf,0.20456621780704987,0.1,-1.1875387299198144,0.7296533760501679,0.11751050888435763,0.7034282700949304,0.25716809649133165,0.5306750401308843,0.1277798248809632,0.5306750401308843,0.1277798248809632,0.26333333333333336,0.3819038815103136,0.8454050621985885,0.1128644370537251,0.6708823466894285,0.30838498527244823,0.3766939897553839,0.15558617733725916,0.3766939897553839,0.15558617733725916,0.16999999999999998,0.29495762407505255,0.8548409629029816,0.10311196507881563,0.6720342201452826,0.311352455450893,0.36591584212810974,0.1452104686865794,0.36591584212810974,0.1452104686865794,0.15666666666666665,0.31148513368337044
137,5,rbf,0.20456621780704987,0.1,-1.1875387299198144,0.7719608256133519,0.09764066659035561,0.6907699597518323,0.2662476895181893,0.4842807426974628,0.1110568841125871,0.4842807426974628,0.1110568841125871,0.23999999999999996,0.3538945878511634,0.8960661244632586,0.08355398290329047,0.6539636054883474,0.3175705599620811,0.3077561306122722,0.12158769284943693,0.3077561306122722,0.12158769284943693,0.19666666666666668,0.33060376672795583,0.8975118458463196,0.08067889966330768,0.6536038271725352,0.3180582140493397,0.3062813800741024,0.11819638340704211,0.3062813800741024,0.11819638340704211,0.18999999999999997,0.33358036823075415
138,1,rbf,0.32421560600991084,0.01,-1.161010089807725,0.360949761376913,0.22268258054607398,0.7876888230596559,0.2618660964420039,0.947495567510131,0.30538909226298394,0.947495567510131,0.30538909226298394,0.4966666666666667,0.47013082062947875,0.39813572987146956,0.2582745956300494,0.7692578566109931,0.26836269518707634,0.9180212711926623,0.3466252977908479,0.9180212711926623,0.3466252977908479,0.48000000000000004,0.49088238636294473,0.2674248643513435,0.28646881205093894,0.8433792961957539,0.32824231156645706,1.0527307804972488,0.3686461923824004,1.0527307804972488,0.3686461923824004,0.5366666666666667,0.485999385080733
138,2,rbf,0.32421560600991084,0.01,-1.161010089807725,0.5752960530827753,0.2347791441971401,0.724483068956168,0.26022229692648574,0.6865675986372359,0.2455590574886023,0.6865675986372359,0.2455590574886023,0.49999999999999994,0.559556474608115,0.6158971439690123,0.24017596399099828,0.6978953956358064,0.2660279009145435,0.6429038967126864,0.24847019230673664,0.6429038967126864,0.24847019230673664,0.4366666666666667,0.5423342482100953,0.4404626006347823,0.2925302705476736,0.787538128652549,0.31362886372845744,0.8432424179771784,0.3551276013676354,0.8432424179771784,0.3551276013676354,0.47,0.5298991446004381
138,3,rbf,0.32421560600991084,0.01,-1.161010089807725,0.6795448231678478,0.182434483775491,0.6801965573297369,0.2349528140280961,0.5769262182528263,0.19263253757692567,0.5769262182528263,0.19263253757692567,0.31333333333333335,0.4576803080402478,0.7467028268942559,0.1968664580397823,0.6401844918122701,0.24147045161234681,0.4922423598529248,0.2221998919420882,0.4922423598529248,0.2221998919420882,0.32,0.5040525424171982,0.5904772789650666,0.30128257287544186,0.7220260403593574,0.2981835075954209,0.6584607251053586,0.3389110289921807,0.6584607251053586,0.3389110289921807,0.31666666666666665,0.49902203208450335
138,4,rbf,0.32421560600991084,0.01,-1.161010089807725,0.7336487165320932,0.1583568891540165,0.6710377016816566,0.23542457859554913,0.5222859384502919,0.16848364715476205,0.5222859384502919,0.16848364715476205,0.2966666666666667,0.5215912875656263,0.8332167593892965,0.15654659250599917,0.6106889633307538,0.24862620202214752,0.39119749081093885,0.18349475946534377,0.39119749081093885,0.18349475946534377,0.29,0.5012742383855024,0.7149616401014839,0.23392453968478857,0.673220501548916,0.2861979253939907,0.5227960584952808,0.2610990959582253,0.5227960584952808,0.2610990959582253,0.25999999999999995,0.4560701700396551
138,5,rbf,0.32421560600991084,0.01,-1.161010089807725,0.7516764103041725,0.11461486792046555,0.6914472608554544,0.22041363881198398,0.5050486826925824,0.12938606911434797,0.5050486826925824,0.12938606911434797,0.3266666666666666,0.5595153896582005,0.8772841685951035,0.10078905513900911,0.6010969644152554,0.24502322532091889,0.33496753138541197,0.1364950541312079,0.33496753138541197,0.1364950541312079,0.17666666666666664,0.41413252362792863,0.7721336428903828,0.17041874276068855,0.6580417041010933,0.27147820172632287,0.4632599908505135,0.20318240720735622,0.4632599908505135,0.20318240720735622,0.2733333333333333,0.5057826528796959
139,1,rbf,0.20456621780704987,0.01,-1.1972226382443811,0.36887241302781926,0.2631320098642537,0.9590246746540142,0.3924599817160074,0.9140348419547989,0.3025749004802243,0.9140348419547989,0.3025749004802243,0.47000000000000003,0.4235726538664274,0.38830262184344455,0.2680233881252475,0.9505007275107503,0.3993378102746663,0.8898395823568264,0.3033855321860912,0.8898395823568264,0.3033855321860912,0.45999999999999996,0.42798646449753924,0.38842292027633835,0.2792844301520304,0.9628563078974469,0.3962392077455655,0.90481353375103,0.3459889003983647,0.90481353375103,0.3459889003983647,0.4000000000000001,0.39653673135076006
139,2,rbf,0.20456621780704987,0.01,-1.1972226382443811,0.5630107968229461,0.23426215905591097,0.8786721244450237,0.37518037452907765,0.6964841911163193,0.2383455665528082,0.6964841911163193,0.2383455665528082,0.3766666666666667,0.4746565606569793,0.5939391064351357,0.2525232218129778,0.8621535473380691,0.3918746025712552,0.6611498511314214,0.2704003495159488,0.6611498511314214,0.2704003495159488,0.32333333333333336,0.4352433590638638,0.5436744082938598,0.2766777970377498,0.8992848451100524,0.3910850054468296,0.7118805067585369,0.29414278442064584,0.7118805067585369,0.29414278442064584,0.3433333333333332,0.3971305121470282
139,3,rbf,0.20456621780704987,0.01,-1.1972226382443811,0.7258965220075633,0.14871214161627125,0.7998778403261189,0.36414660748695526,0.5317635370154551,0.15596948698138538,0.5317635370154551,0.15596948698138538,0.22,0.34879101538570795,0.7730902784496416,0.16596848007628812,0.7718007048062138,0.3643699388535917,0.46863186598812184,0.18751228065927794,0.46863186598812184,0.18751228065927794,0.25666666666666665,0.39451701884826157,0.6419617768887879,0.23985341951637285,0.8594472882286773,0.3836443768802435,0.6100229185735969,0.2518980124006737,0.6100229185735969,0.2518980124006737,0.2733333333333333,0.3823099783424831
139,4,rbf,0.20456621780704987,0.01,-1.1972226382443811,0.8016808544378919,0.09889445773187984,0.7846085292738889,0.3710586506785634,0.4473539352857388,0.11497528602159487,0.4473539352857388,0.11497528602159487,0.18333333333333326,0.24925175381852221,0.8708203322616289,0.09595097798943666,0.737048952796567,0.3758615731495093,0.3452267254279973,0.13422341758444586,0.3452267254279973,0.13422341758444586,0.26,0.4013769403887848,0.7579890919920538,0.17923390597926683,0.801642707691965,0.3624325143829417,0.4850650243642248,0.19933060168532385,0.4850650243642248,0.19933060168532385,0.26666666666666666,0.36797051356131066
139,5,rbf,0.20456621780704987,0.01,-1.1972226382443811,0.7910455019604059,0.09003362536293907,0.7939168799540178,0.3699313087632266,0.4623626573622983,0.10370876991150234,0.4623626573622983,0.10370876991150234,0.23999999999999996,0.3519404338315182,0.8853437224517496,0.0726970506812609,0.7385043809604764,0.37385423706858323,0.32824341321123135,0.11140480946152442,0.32824341321123135,0.11140480946152442,0.20999999999999996,0.3447637872014943,0.836228833486921,0.11205792713381814,0.7649326787195362,0.3674388816525556,0.3954812593396421,0.1404662641827385,0.3954812593396421,0.1404662641827385,0.20666666666666664,0.34132938216103925
140,1,rbf,0.20456621780704987,0.01,-1.2094656703964604,0.41040255039723644,0.2586212767036239,0.8812144676322002,0.27462157701791357,0.8819759650296379,0.3133877999459668,0.8819759650296379,0.3133877999459668,0.36000000000000004,0.3820092073272039,0.4624240756311703,0.2727792468159653,0.8704508815630716,0.28682038814320876,0.8451360670926181,0.34801577046608423,0.8451360670926181,0.34801577046608423,0.38999999999999996,0.4678269647695794,0.40276374193278547,0.25847879123759093,0.9103759482379743,0.2977943455149216,0.8729676894540185,0.28449324343508026,0.8729676894540185,0.28449324343508026,0.4266666666666667,0.3990794003905639
140,2,rbf,0.20456621780704987,0.01,-1.2094656703964604,0.6453473049835208,0.2173327328500673,0.7757027481178226,0.28522527227333744,0.6414622098430102,0.30233851465087846,0.6414622098430102,0.30233851465087846,0.2966666666666666,0.3557249357088388,0.7046655783859191,0.22496117838430846,0.7534926956935626,0.3000859427852935,0.5890174423185301,0.3454053524657667,0.5890174423185301,0.3454053524657667,0.3666666666666666,0.5114774632398762,0.648590093770611,0.2554161959558565,0.7949170464512133,0.32183343054529345,0.6047466078945335,0.28050991914458095,0.6047466078945335,0.28050991914458095,0.20666666666666664,0.19464084224865133
140,3,rbf,0.20456621780704987,0.01,-1.2094656703964604,0.7445482200703469,0.14662029931366388,0.7627700168916345,0.2653859566466015,0.5103295693962043,0.15679850622081812,0.5103295693962043,0.15679850622081812,0.2133333333333333,0.2800656737431337,0.8030667840249274,0.1593207228944846,0.7224048954556658,0.2980714219822078,0.4308082503061153,0.18568781877026383,0.4308082503061153,0.18568781877026383,0.1666666666666666,0.18815498624956692,0.7308287848217048,0.20369506013581498,0.7554412467987296,0.27484467078742203,0.5152329431481074,0.22046045035027903,0.5152329431481074,0.22046045035027903,0.24333333333333326,0.32555875928490463
140,4,rbf,0.20456621780704987,0.01,-1.2094656703964604,0.7781443892846094,0.0897585819231544,0.7464035511774064,0.2537622966480171,0.476915044457986,0.1076222704151633,0.476915044457986,0.1076222704151633,0.20999999999999996,0.2963571936142204,0.8657027235389537,0.07599182584792898,0.6930005177879386,0.28588559183479484,0.35903221920752376,0.11157323915449428,0.35903221920752376,0.11157323915449428,0.11999999999999995,0.08051557998728977,0.8312771196407863,0.1101094632171514,0.7159617417184145,0.27766290763627005,0.4049756450359876,0.13265212470717824,0.4049756450359876,0.13265212470717824,0.12666666666666665,0.08683449709106095
140,5,rbf,0.20456621780704987,0.01,-1.2094656703964604,0.7523676388241164,0.10425295262647429,0.7671103502295663,0.26070155408817064,0.5057469521223558,0.11861484886289657,0.5057469521223558,0.11861484886289657,0.1866666666666666,0.30026807945605855,0.874568263618477,0.07617532782963357,0.6873393632777377,0.285626247746559,0.3458393583765078,0.11082992349937183,0.3458393583765078,0.11082992349937183,0.11666666666666663,0.1366680683976335,0.8593857807295209,0.07896472580974599,0.7021143727956101,0.2762359414722639,0.36925947142499627,0.10953405462010808,0.36925947142499627,0.10953405462010808,0.09999999999999996,0.0909717652294684
141,1,rbf,0.32421560600991084,0.01,-1.17857647013171,0.39072570526678124,0.24016944490738024,0.7903855552282215,0.24355331058070764,0.8861102785154498,0.26928494003779,0.8861102785154498,0.26928494003779,0.4666666666666667,0.4381255790164571,0.46487329710344094,0.24651246136660382,0.7787975097433785,0.2562751348790014,0.8218618655996546,0.30377773897022475,0.8218618655996546,0.30377773897022475,0.43333333333333335,0.4816160534995752,0.2656050349819021,0.27633011524282886,0.8681926388583017,0.3524881135164107,1.0426306470126696,0.32901454113373174,1.0426306470126696,0.32901454113373174,0.65,0.6010049055970542
141,2,rbf,0.32421560600991084,0.01,-1.17857647013171,0.5797556929803541,0.2324487796494918,0.7172527148558511,0.2526363742498455,0.6796830365001403,0.24095795614815052,0.6796830365001403,0.24095795614815052,0.38333333333333336,0.4363511187685609,0.6452191477739649,0.2401414713745294,0.6882748681931201,0.2694294615587381,0.6082783298940495,0.26781183129170005,0.6082783298940495,0.26781183129170005,0.30666666666666664,0.41099822412011106,0.45804104476410584,0.286129467993862,0.8175045009746071,0.3521013848833908,0.8187241495262937,0.3124648977006881,0.8187241495262937,0.3124648977006881,0.56,0.5605416100092161
141,3,rbf,0.32421560600991084,0.01,-1.17857647013171,0.7159292728711575,0.16315364012287997,0.6451475991445718,0.21442260967744917,0.5399819094204681,0.17320833672206987,0.5399819094204681,0.17320833672206987,0.24666666666666667,0.37114299998353956,0.8012790803005714,0.15238690355008053,0.6047448810361777,0.2394182404030512,0.4315061948590234,0.1831647480058287,0.4315061948590234,0.1831647480058287,0.26333333333333336,0.44835587261208826,0.6896914812723998,0.2092289246161058,0.6752182345768108,0.3239652338684974,0.5595037684317284,0.2349754857074322,0.5595037684317284,0.2349754857074322,0.37,0.4735413174268374
141,4,rbf,0.32421560600991084,0.01,-1.17857647013171,0.780635585814237,0.10022424843515287,0.6241951367282615,0.22271181267178886,0.47322514386877135,0.11544117548209827,0.47322514386877135,0.11544117548209827,0.1933333333333333,0.3279332704759575,0.8895404933009748,0.07634727458684391,0.5619249976218146,0.25720512044588145,0.32131581073395793,0.1125562513460693,0.32131581073395793,0.1125562513460693,0.1466666666666666,0.2687561814311836,0.7328342717448989,0.20703096492868653,0.6544926155528337,0.32761208931564995,0.5111819569061412,0.23468682011108294,0.5111819569061412,0.23468682011108294,0.36,0.44613280843110004
141,5,rbf,0.32421560600991084,0.01,-1.17857647013171,0.7910204281356051,0.07926881728435699,0.6274893007986136,0.2311228509656073,0.4633154660669658,0.09546767131664266,0.4633154660669658,0.09546767131664266,0.18999999999999997,0.3111159003462791,0.9163761390464162,0.036742615948109604,0.5485567836683405,0.2646855489823658,0.2859928719353266,0.06462515931959831,0.2859928719353266,0.06462515931959831,0.15999999999999998,0.3244092774726777,0.9065194600379873,0.043135853718677744,0.5497388262788162,0.261975077182662,0.3017211724292453,0.07381031126887302,0.3017211724292453,0.07381031126887302,0.16333333333333327,0.32322014845584124
142,1,rbf,0.32421560600991084,0.01,-1.1715780585491566,0.40152069378471505,0.25774464475095743,0.7839735050567598,0.24939733091914457,0.872713520493973,0.2857655427505936,0.872713520493973,0.2857655427505936,0.4000000000000001,0.41189218542452727,0.42073244535959836,0.27066856624290564,0.7732534462829805,0.2609594547922196,0.8411776975073233,0.28683336761456363,0.8411776975073233,0.28683336761456363,0.3600000000000001,0.3864961970638619,0.39623599357918393,0.23295860870815258,0.835173518987703,0.2995683384812058,0.9637427362719868,0.3779097517633202,0.9637427362719868,0.3779097517633202,0.4599999999999999,0.5055553450380598
142,2,rbf,0.32421560600991084,0.01,-1.1715780585491566,0.5810844567106324,0.2235171701387281,0.6924349409140629,0.24744214209335447,0.6805762550129066,0.2267306138029368,0.6805762550129066,0.2267306138029368,0.3966666666666666,0.567197182360915,0.6326763915101775,0.2291010497293,0.6706338107516843,0.26790852367245377,0.6205717713579397,0.23957616221812086,0.6205717713579397,0.23957616221812086,0.2933333333333333,0.4585835262792512,0.4474311766383011,0.2456039174602007,0.8005908979734069,0.29084015423360293,0.8408406532870598,0.3003903189225856,0.8408406532870598,0.3003903189225856,0.3166666666666666,0.419427634079927
142,3,rbf,0.32421560600991084,0.01,-1.1715780585491566,0.7297090439263122,0.14607803976945635,0.625669034905253,0.2599781532989103,0.5267897336708142,0.15682807839588228,0.5267897336708142,0.15682807839588228,0.3233333333333333,0.5110390587227457,0.7945804051383727,0.1526438120708959,0.5857902792148427,0.27127127761243053,0.43905869969048666,0.18598882119170104,0.43905869969048666,0.18598882119170104,0.31333333333333335,0.4946146764511942,0.5398203550579351,0.26791383974618427,0.7495482834212802,0.3066897740248701,0.723851116284941,0.3023773707146528,0.723851116284941,0.3023773707146528,0.3366666666666666,0.47596242486677187
142,4,rbf,0.32421560600991084,0.01,-1.1715780585491566,0.7858278493772303,0.10088736139074138,0.6014394678626629,0.26076086080695493,0.46521871304067985,0.12160265278079209,0.46521871304067985,0.12160265278079209,0.14666666666666664,0.27509663923708744,0.8699614892317664,0.10494197372033931,0.546869032483457,0.27277105830924686,0.3415164229820326,0.14917319702728835,0.3415164229820326,0.14917319702728835,0.12000000000000002,0.2537987255749096,0.7212803447554655,0.22233392051964457,0.6502080557596376,0.2890002314223225,0.5221470970817937,0.24276898112132678,0.5221470970817937,0.24276898112132678,0.29999999999999993,0.5139435095752088
142,5,rbf,0.32421560600991084,0.01,-1.1715780585491566,0.8063430623564268,0.09116701433675896,0.5951498833358378,0.25662265424369823,0.44118775951775807,0.11283762709991178,0.44118775951775807,0.11283762709991178,0.22000000000000003,0.3907552369097743,0.9093433034174725,0.06341402239283433,0.5252605328100406,0.28050697991587126,0.290453386476805,0.0999298055718488,0.290453386476805,0.0999298055718488,0.12666666666666668,0.2572176501335589,0.8933235633809586,0.07340732990798056,0.5379118880304703,0.28202538908370794,0.3156920062738903,0.10993909297110903,0.3156920062738903,0.10993909297110903,0.12333333333333336,0.22388934048232226
143,1,rbf,0.32421560600991084,0.01,-1.1731469226087157,0.3372242040915806,0.20857297445458786,0.8258332755952507,0.2930978800156569,0.9351295931631092,0.2266750049409544,0.9351295931631092,0.2266750049409544,0.4433333333333333,0.35591875606595985,0.35328001581832863,0.22983969145923827,0.800172932320428,0.305255809528201,0.9161999218335698,0.24248392747772654,0.9161999218335698,0.24248392747772654,0.4333333333333333,0.3808641112842845,0.340009851977683,0.2269015827151193,0.8552376013764712,0.35125933363759415,1.030543159010716,0.36531779520500013,1.030543159010716,0.36531779520500013,0.6033333333333334,0.5517891484687028
143,2,rbf,0.32421560600991084,0.01,-1.1731469226087157,0.5607456376704167,0.22752109546420218,0.7408708498150571,0.2858160029451928,0.7028856235638911,0.22694397847919243,0.7028856235638911,0.22694397847919243,0.29333333333333333,0.41517203192406166,0.5929431792189974,0.2634723203927905,0.7007953621376128,0.29801235783598623,0.6657360898499125,0.2711824638986835,0.6657360898499125,0.2711824638986835,0.26999999999999996,0.4292334787855495,0.485015616727165,0.2791662936473504,0.8070467324448384,0.35049858829999747,0.8092760411543869,0.35531722971397584,0.8092760411543869,0.35531722971397584,0.49000000000000005,0.5460516585389183
143,3,rbf,0.32421560600991084,0.01,-1.1731469226087157,0.6885473016779539,0.18302314103877515,0.7090368610992486,0.29378654441101726,0.5681200725954957,0.19838792856643794,0.5681200725954957,0.19838792856643794,0.33999999999999997,0.47965504846424933,0.7273016809332389,0.21105271835131292,0.6571761007535208,0.30848956176425,0.5162499340600556,0.23568825361160475,0.5162499340600556,0.23568825361160475,0.3,0.49549696404651195,0.5582743061764065,0.24796061734708508,0.7778693287337836,0.32162126164393046,0.7202120471369814,0.315825395778939,0.7202120471369814,0.315825395778939,0.4533333333333333,0.5283241777371249
143,4,rbf,0.32421560600991084,0.01,-1.1731469226087157,0.7289439918386473,0.16287674617388917,0.7069794826190722,0.2903818077745345,0.5282510647031633,0.1767723040800323,0.5282510647031633,0.1767723040800323,0.2933333333333333,0.39122560149403285,0.798029233276821,0.16414750633559677,0.6368439875418116,0.30806393218214584,0.4350396981150429,0.19124024113984198,0.4350396981150429,0.19124024113984198,0.3033333333333334,0.48386613518783184,0.6651860680648373,0.18843218641274337,0.7254502574965496,0.33056751910475407,0.5917819341324323,0.19735965482249812,0.5917819341324323,0.19735965482249812,0.33,0.5421222663976623
143,5,rbf,0.32421560600991084,0.01,-1.1731469226087157,0.7638958502115266,0.11597319699035788,0.7083315793348716,0.2822903867491834,0.4920614481517124,0.12725641347662864,0.4920614481517124,0.12725641347662864,0.3266666666666666,0.39994252460635615,0.8526137076908074,0.10940114962794316,0.6234221720393918,0.30781766552728596,0.372258434962021,0.13940735758828832,0.372258434962021,0.13940735758828832,0.21333333333333335,0.444687672908505,0.7923280288896418,0.12837474698777024,0.6516018370060845,0.3158235660182843,0.4494593540687864,0.15682063156389056,0.4494593540687864,0.15682063156389056,0.31666666666666665,0.5024651872197874
144,1,rbf,0.32421560600991084,0.01,-1.1587835511952052,0.3324217254309016,0.2736860316392221,0.8079842687937849,0.23262188553048901,0.9614594844926952,0.3192371752848266,0.9614594844926952,0.3192371752848266,0.48000000000000004,0.4286305377957041,0.4013298175759553,0.3028670210585958,0.7987340384832784,0.24262938267787845,0.9118442887367066,0.37268947880298897,0.9118442887367066,0.37268947880298897,0.5,0.38146722189371707,0.3075106574420301,0.2492116069190411,0.858385945677527,0.32309482248254545,1.0343757290505293,0.3444375047536586,1.0343757290505293,0.3444375047536586,0.62,0.5281065723167417
144,2,rbf,0.32421560600991084,0.01,-1.1587835511952052,0.5207664398565389,0.24316800749483722,0.7211559863516082,0.22074822715995504,0.7419020381268051,0.24883453010966053,0.7419020381268051,0.24883453010966053,0.36333333333333334,0.4852893437181954,0.5787582200139273,0.2865822090218003,0.6931931868039082,0.2383097286513082,0.6843716831721839,0.331027334188058,0.6843716831721839,0.331027334188058,0.4466666666666667,0.49878012109084935,0.4472929988021852,0.24477893590572922,0.7961489073362508,0.28311662366184176,0.8478528419935596,0.30907932743138805,0.8478528419935596,0.30907932743138805,0.4433333333333333,0.5276384167690737
144,3,rbf,0.32421560600991084,0.01,-1.1587835511952052,0.7299920880917132,0.18385941863997604,0.6304290713015844,0.2045871617588758,0.5209885085737855,0.197504973535287,0.5209885085737855,0.197504973535287,0.2966666666666667,0.44526887137559035,0.793189664409423,0.18445178122781344,0.5883813835025354,0.21588920163028014,0.4328173880429664,0.21962259852906316,0.4328173880429664,0.21962259852906316,0.26999999999999996,0.4395530645459364,0.49121807532724926,0.25531888061836383,0.7777290317012979,0.2874655054916215,0.7907432251129973,0.30393873192458337,0.7907432251129973,0.30393873192458337,0.4266666666666667,0.5251819608040845
144,4,rbf,0.32421560600991084,0.01,-1.1587835511952052,0.7708764312719674,0.12124877512778197,0.6186838988226238,0.21263988802125075,0.48115237507661557,0.13733179317157343,0.48115237507661557,0.13733179317157343,0.2933333333333333,0.47628833148907157,0.8524605967030697,0.12620570375293894,0.5621102760464523,0.22008295871045122,0.3656644270915803,0.16367696440109641,0.3656644270915803,0.16367696440109641,0.2233333333333333,0.4360349031690115,0.6367414883519859,0.27421236113027464,0.6918095303707864,0.2764233624380031,0.6124984355709464,0.2933709097395876,0.6124984355709464,0.2933709097395876,0.33666666666666667,0.5189401223404418
144,5,rbf,0.32421560600991084,0.01,-1.1587835511952052,0.7810470237234571,0.10283576798283711,0.628993110267583,0.21595450623396892,0.47110726589475926,0.12177284609238993,0.47110726589475926,0.12177284609238993,0.21333333333333335,0.39977004884561196,0.8809282100045919,0.07754918430061687,0.5537804834773936,0.22078310473097676,0.3325443075690412,0.12065137977284415,0.3325443075690412,0.12065137977284415,0.19333333333333333,0.34031763391576264,0.794982529835535,0.21873130546308597,0.5987046701213157,0.2528568579434145,0.42862853134127904,0.2479388657074136,0.42862853134127904,0.2479388657074136,0.24333333333333335,0.4074168697380196
145,1,rbf,0.32421560600991084,0.01,-1.1892922601029277,0.4482592581620194,0.24198055173317418,0.786451595029294,0.3137220601445565,0.8503498883177779,0.30961046203215686,0.8503498883177779,0.30961046203215686,0.5933333333333333,0.7109650233083313,0.4852542552896088,0.27188856154220953,0.7719168940883755,0.3223643630596547,0.8028387027005591,0.3354765459421971,0.8028387027005591,0.3354765459421971,0.55,0.6956763020553305,0.2547875848887004,0.22525595685458663,0.8838177328022562,0.3183633287156698,1.042024503005433,0.2756754927643411,1.042024503005433,0.2756754927643411,0.6833333333333335,0.672659842987387
145,2,rbf,0.32421560600991084,0.01,-1.1892922601029277,0.5655714577835737,0.2581102706740249,0.7211299116556446,0.27807799518763826,0.6965973334654377,0.27815585264166665,0.6965973334654377,0.27815585264166665,0.35333333333333333,0.5237354776742861,0.6176526997783743,0.2632138040917623,0.6983845919377397,0.26762738279933385,0.6362426898769797,0.2874088750085557,0.6362426898769797,0.2874088750085557,0.32,0.4475219123897348,0.5290993494460838,0.2861558917393414,0.7656741740034696,0.3275216557950369,0.7396692272102695,0.31820149440991724,0.7396692272102695,0.31820149440991724,0.4666666666666667,0.649845251251952
145,3,rbf,0.32421560600991084,0.01,-1.1892922601029277,0.7242482747173205,0.1730349012807601,0.6605186765516202,0.2647586633875614,0.5251594069947344,0.1917161774674789,0.5251594069947344,0.1917161774674789,0.29333333333333333,0.46972723804450556,0.7833636364349376,0.17848907814855777,0.6271297943656295,0.2730688137952483,0.445382331134205,0.21442758501508002,0.445382331134205,0.21442758501508002,0.22999999999999995,0.4111799673102295,0.5819327386909856,0.2902565109483844,0.7424557692998477,0.3351882413686055,0.6804350219848667,0.3246376981382467,0.6804350219848667,0.3246376981382467,0.3466666666666666,0.5624658354886579
145,4,rbf,0.32421560600991084,0.01,-1.1892922601029277,0.7689101635370303,0.12230139754758523,0.6566913956268238,0.26056372605587536,0.4837816082637481,0.13780584830737055,0.4837816082637481,0.13780584830737055,0.19333333333333333,0.36571454228234024,0.8550592687408369,0.10349134227088666,0.5994580431356404,0.279985504081358,0.3641092926119228,0.1493058091521353,0.3641092926119228,0.1493058091521353,0.07999999999999999,0.09965457582448795,0.7094787213756254,0.26330462423912165,0.6834092326177177,0.3437713155358604,0.5273532781109417,0.2853274730903772,0.5273532781109417,0.2853274730903772,0.31,0.5652890624609069
145,5,rbf,0.32421560600991084,0.01,-1.1892922601029277,0.8084750462631246,0.07523817540473549,0.6450789561213385,0.2589685162347868,0.4416532503741919,0.0942653623860589,0.4416532503741919,0.0942653623860589,0.1,0.1414213562373095,0.9117759893838445,0.055899631353143686,0.5755171766561789,0.2872185120077079,0.2841929873370016,0.10362085692083278,0.2841929873370016,0.10362085692083278,0.08,0.12148506364839741,0.8684076354818331,0.11004139752847635,0.6125983915667611,0.28309856571330383,0.34503392473527456,0.14842412743945768,0.34503392473527456,0.14842412743945768,0.08,0.20409598823542097
146,1,rbf,0.5138471068547622,0.001,-1.2024587207102535,0.3948104706713115,0.2670286720749333,0.8351072375628176,0.3439957453832418,0.893469270627731,0.3020526717347866,0.893469270627731,0.3020526717347866,0.4933333333333334,0.6051123197723128,0.4338961016298384,0.28162717531182774,0.8185657072012826,0.3406468268121467,0.848131356463678,0.318895015653044,0.848131356463678,0.318895015653044,0.5466666666666667,0.6061371947427205,0.3895536423420592,0.27914550469220345,0.8830931880297932,0.3641199386304345,0.9929048804743065,0.4372599727521142,0.9929048804743065,0.4372599727521142,0.5733333333333334,0.5159078595449287
146,2,rbf,0.5138471068547622,0.001,-1.2024587207102535,0.611411821193078,0.17619180124440856,0.7190179902355996,0.26906132348052575,0.6539566168989291,0.17355399513714717,0.6539566168989291,0.17355399513714717,0.23,0.3887646216343287,0.664134292309418,0.17185492597497595,0.695053653193544,0.26821950790024124,0.5933654794208244,0.18373123558014903,0.5933654794208244,0.18373123558014903,0.21666666666666667,0.38334582688286273,0.44619106883117166,0.315881711895624,0.8373464196319612,0.3844474406507564,0.8771982178792115,0.42147184414419225,0.8771982178792115,0.42147184414419225,0.5933333333333334,0.534295109810876
146,3,rbf,0.5138471068547622,0.001,-1.2024587207102535,0.7334308934623891,0.11683445463940953,0.659151888360658,0.27253417062347396,0.5260538038686072,0.1286078160272645,0.5260538038686072,0.1286078160272645,0.2233333333333333,0.35397577681913867,0.8000505951347971,0.1286344905588703,0.6205142819938175,0.2799814415575909,0.43806342701523066,0.16146010726261553,0.43806342701523066,0.16146010726261553,0.10333333333333333,0.1691425298447994,0.4832173104303179,0.3246357692945341,0.8238525927919446,0.39526904775715876,0.8364577709643839,0.4250758648238221,0.8364577709643839,0.4250758648238221,0.46666666666666673,0.4844715096661113
146,4,rbf,0.5138471068547622,0.001,-1.2024587207102535,0.813455914938017,0.05202851396739661,0.6266499146945836,0.259816710393498,0.4393091753369172,0.06499721033607181,0.4393091753369172,0.06499721033607181,0.09333333333333335,0.10148325268098499,0.8936511674394649,0.06378846996979501,0.5782976394920037,0.27208284521883275,0.31693126895287993,0.10220170666637571,0.31693126895287993,0.10220170666637571,0.06333333333333334,0.099942512211403,0.5442389249821729,0.3031120126838551,0.8026341161037859,0.3966809714061473,0.7658372864823604,0.4152190394147248,0.7658372864823604,0.4152190394147248,0.30333333333333334,0.46792523226313165
146,5,rbf,0.5138471068547622,0.001,-1.2024587207102535,0.7778458032301425,0.07624419508337864,0.6512123809872441,0.25757948596232244,0.48038446785177563,0.08774505644392741,0.48038446785177563,0.08774505644392741,0.18333333333333338,0.3006697504747937,0.9085538760381489,0.05016158712158366,0.570571528466823,0.27667628007661205,0.2942484422628427,0.08964062207529584,0.2942484422628427,0.08964062207529584,0.09666666666666669,0.24138013136149372,0.6806727237678292,0.2679385346992259,0.7186387516942047,0.37726401690558314,0.5716110047155559,0.29722871558119174,0.5716110047155559,0.29722871558119174,0.31333333333333335,0.5367419808650974
147,1,rbf,0.20456621780704987,0.01,-1.1573136937853779,0.3698797250342079,0.22317536891421527,0.8562607014234359,0.26055067424022593,0.9254520944137291,0.28834263323404913,0.9254520944137291,0.28834263323404913,0.38999999999999996,0.3565640630160067,0.4170795802089073,0.2573509948112995,0.8380152993512808,0.25857176502178675,0.875603682267795,0.31719179992641844,0.875603682267795,0.31719179992641844,0.41000000000000003,0.413854880445991,0.34117676231750266,0.20683550317285324,0.8714021834012686,0.2780238498142683,0.9431056183064371,0.2519835635694949,0.9431056183064371,0.2519835635694949,0.3933333333333334,0.5545630981998869
147,2,rbf,0.20456621780704987,0.01,-1.1573136937853779,0.5723817734022922,0.19104077246890455,0.7725457674696299,0.2463942961391367,0.6928064578662817,0.19205464824216595,0.6928064578662817,0.19205464824216595,0.32,0.47951124541845586,0.6224558823264862,0.2271894080164759,0.7404065002423816,0.24279742803871113,0.6372319788383004,0.2359228038381516,0.6372319788383004,0.2359228038381516,0.3333333333333333,0.4978113015531317,0.5772710712396195,0.22848736320297558,0.7741278342960439,0.27707940269521003,0.6848470502190556,0.23324163809955809,0.6848470502190556,0.23324163809955809,0.4066666666666667,0.5601313474862674
147,3,rbf,0.20456621780704987,0.01,-1.1573136937853779,0.7074524149295723,0.1535484785989028,0.7354381855032314,0.23263770637119513,0.5554787686142347,0.15861320139856414,0.5554787686142347,0.15861320139856414,0.20000000000000007,0.2840592458843996,0.7650613397243886,0.2038870888326543,0.6914042878786387,0.23314657258242552,0.478001706689655,0.22506414266547656,0.478001706689655,0.22506414266547656,0.18000000000000002,0.24410286130349174,0.6818308181776107,0.1865048924113907,0.7242470088929156,0.27436704306828485,0.5735745524947586,0.196829043904695,0.5735745524947586,0.196829043904695,0.29,0.48519459302783696
147,4,rbf,0.20456621780704987,0.01,-1.1573136937853779,0.7661351388641253,0.08737386697314425,0.7145360702064268,0.23515157509509277,0.4936920446821041,0.09501147024790922,0.4936920446821041,0.09501147024790922,0.2033333333333333,0.3782749714466825,0.8445623104972153,0.10923771087056543,0.6589549272778573,0.2396329793126412,0.38500858876795385,0.13683832765995538,0.38500858876795385,0.13683832765995538,0.18333333333333332,0.3797306970720837,0.8272646267485607,0.09959682982133182,0.6684609386938576,0.24100710474478634,0.41182424308925697,0.12405387814554024,0.41182424308925697,0.12405387814554024,0.18999999999999997,0.31222229039690563
147,5,rbf,0.20456621780704987,0.01,-1.1573136937853779,0.7697732668186558,0.10055296863508932,0.7211117716128163,0.23229870484144002,0.48608510302125457,0.11513913501742841,0.48608510302125457,0.11513913501742841,0.19666666666666668,0.38994547216805564,0.8853950788467202,0.09107422349998048,0.6386746873304001,0.24566133188288825,0.3241157399627091,0.12784841807897707,0.3241157399627091,0.12784841807897707,0.09666666666666669,0.13514572807192968,0.8293431388294502,0.10450293263738421,0.6703268387186899,0.2391731603681463,0.4084000328087856,0.12796262282748555,0.4084000328087856,0.12796262282748555,0.13999999999999999,0.16315848018160878
148,1,rbf,0.20456621780704987,1.0,-1.1719743354767806,0.4406582045498423,0.24868304616848372,0.7357149607646768,0.29501050603853995,0.8266763458742378,0.25794150814767003,0.8266763458742378,0.25794150814767003,0.36,0.5035049566581349,0.45660105313474736,0.289478425870603,0.8412926709342501,0.3045475909637642,0.8069407908898232,0.3015173060700682,0.8069407908898232,0.3015173060700682,0.5033333333333334,0.6451320812816942,0.46330472219356644,0.28329574434494376,0.8411808364179691,0.30461202463345144,0.7976238513217446,0.29129552442425155,0.7976238513217446,0.29129552442425155,0.5066666666666667,0.6606858157448492
148,2,rbf,0.20456621780704987,1.0,-1.1719743354767806,0.5923716569428704,0.19313633485495776,0.6872218169658049,0.2957461661300986,0.6709171814348408,0.1995142528720335,0.6709171814348408,0.1995142528720335,0.3333333333333333,0.483045891539648,0.56372147710486,0.2911902429985299,0.8263057411353603,0.297702673204964,0.6860973291768259,0.3048178533824706,0.6860973291768259,0.3048178533824706,0.47,0.6460223119879119,0.6289040288836979,0.21260989518095105,0.8273888326434833,0.3080679581162207,0.6263969266872214,0.2228097395856807,0.6263969266872214,0.2228097395856807,0.30999999999999994,0.46412691486644936
148,3,rbf,0.20456621780704987,1.0,-1.1719743354767806,0.6929557106162583,0.17467256918670912,0.6325472346377455,0.26555672901260124,0.5665666420363201,0.18349797822041744,0.5665666420363201,0.18349797822041744,0.24999999999999997,0.4621911830132337,0.7308615641151018,0.18274675641403995,0.812284827316684,0.30245581335354993,0.5172415078734324,0.1989981050941133,0.5172415078734324,0.1989981050941133,0.26999999999999996,0.4534541759154638,0.7331512687378489,0.18167494475536486,0.8122085514597176,0.30247043110830435,0.5148134025844909,0.1977884035667281,0.5148134025844909,0.1977884035667281,0.26666666666666666,0.45511145533990816
148,4,rbf,0.20456621780704987,1.0,-1.1719743354767806,0.7851679467594903,0.10779145007386595,0.5888607710349406,0.2577445984998122,0.4642186138176379,0.1307342554151417,0.4642186138176379,0.1307342554151417,0.15999999999999998,0.35777087639996635,0.8264493082040807,0.12000603128422882,0.8050798802141828,0.3028846463083369,0.406043470554578,0.1517305623531903,0.406043470554578,0.1517305623531903,0.22,0.4088672324766359,0.8267877923974846,0.12036264188675423,0.8051161762032976,0.3029449069325438,0.40567517779270273,0.15167250248829414,0.40567517779270273,0.15167250248829414,0.18333333333333332,0.34349454980701866
148,5,rbf,0.20456621780704987,1.0,-1.1719743354767806,0.7601763340928339,0.10463262864067431,0.6012456799690693,0.2583732642693623,0.49535847044319453,0.12415555486019753,0.49535847044319453,0.12415555486019753,0.13,0.21679483388678802,0.8476111627068647,0.0978545080381985,0.8034606243441382,0.30353496300836796,0.38014855272186143,0.13393004342062853,0.38014855272186143,0.13393004342062853,0.21999999999999992,0.40970973745508815,0.8479444299478757,0.0975904702160689,0.8034274155618217,0.30356267184850827,0.379740906043079,0.13364505868532311,0.379740906043079,0.13364505868532311,0.21999999999999992,0.40970973745508815
149,1,rbf,0.32421560600991084,0.01,-1.2199513739900418,0.40608180992845644,0.2516540529204034,0.9047552638448944,0.3146536632586789,0.877813078227416,0.2867014310570957,0.877813078227416,0.2867014310570957,0.4333333333333333,0.5300184338585641,0.4377038368653954,0.2588588912344772,0.8935797653296549,0.3198505441969565,0.8415031393739815,0.28886542895107625,0.8415031393739815,0.28886542895107625,0.4299999999999999,0.5266353839101651,0.42819365543486293,0.27212510118567895,0.9102711479490981,0.33184790991017493,0.8575051803432572,0.31000999134207563,0.8575051803432572,0.31000999134207563,0.4033333333333333,0.5189401223404418
149,2,rbf,0.32421560600991084,0.01,-1.2199513739900418,0.6221083645434476,0.19919574856591094,0.8036550234587013,0.3066884704462862,0.6405000519583897,0.20224903607181902,0.6405000519583897,0.20224903607181902,0.4066666666666667,0.5735150741086802,0.6731331875894239,0.20782818200063394,0.7755682406367218,0.3171923982245518,0.5807847070640205,0.2229375860185614,0.5807847070640205,0.2229375860185614,0.25666666666666665,0.4384009606500088,0.5209811189627976,0.25778564261817144,0.8745433202321138,0.3294409525450418,0.7462462584574473,0.2683571772953123,0.7462462584574473,0.2683571772953123,0.4033333333333334,0.5991277184278039
149,3,rbf,0.32421560600991084,0.01,-1.2199513739900418,0.7370125385190425,0.15198910010627073,0.7563198418204669,0.29958518450213023,0.52180488862758,0.15876399351762857,0.52180488862758,0.15876399351762857,0.45333333333333325,0.6906934712767798,0.8010606552265104,0.15759811497852674,0.7225121063214278,0.3127334793787993,0.4311002278370791,0.18935297736064804,0.4311002278370791,0.18935297736064804,0.3666666666666666,0.6364412551558611,0.7083915664372954,0.2181453469931893,0.7857010963037983,0.33903284027178515,0.547272807038689,0.23091639480438825,0.547272807038689,0.23091639480438825,0.4166666666666667,0.6357636371316391
149,4,rbf,0.32421560600991084,0.01,-1.2199513739900418,0.759133266156116,0.10638282021965233,0.7580073607978602,0.30378499681735316,0.4993378133220216,0.11509449857244043,0.4993378133220216,0.11509449857244043,0.39333333333333337,0.6085218571051599,0.8712698066079191,0.07270415590693075,0.7000642751011122,0.31941296248699375,0.34994799352075484,0.11284845609224156,0.34994799352075484,0.11284845609224156,0.31666666666666665,0.6023421718209867,0.8049423011520667,0.15832312521620523,0.7380247334932459,0.3193584623549761,0.43115978573142943,0.18225290942074968,0.43115978573142943,0.18225290942074968,0.43333333333333335,0.6608945522512667
149,5,rbf,0.32421560600991084,0.01,-1.2199513739900418,0.7638703075726526,0.09690710642441469,0.7626166327847173,0.29947690176591446,0.49502114638955913,0.10622955637642104,0.49502114638955913,0.10622955637642104,0.3266666666666666,0.5291068162370485,0.9025738572639838,0.05728382653892966,0.6843784906252198,0.3208018471134067,0.3028877649054459,0.0972168921393551,0.3028877649054459,0.0972168921393551,0.21666666666666667,0.5133281086463479,0.8870793241336414,0.06725357973523953,0.7036433308750162,0.32010641274986645,0.32732903306567945,0.10434855574972515,0.32732903306567945,0.10434855574972515,0.35,0.6495356431514271
150,1,rbf,0.32421560600991084,0.01,-1.1511367758656783,0.40135916813273753,0.2587706049460983,0.8063063352947406,0.2243615605003718,0.8698592063726073,0.2737056664196687,0.8698592063726073,0.2737056664196687,0.4466666666666666,0.5739958748700345,0.465551691502438,0.25865703894345154,0.7952046362634861,0.21950787736364008,0.8058790348857211,0.2778733216521784,0.8058790348857211,0.2778733216521784,0.4533333333333333,0.5456620991390017,0.4758790483041576,0.26778657625467667,0.8313208387746515,0.2459965075500269,0.8744803887810462,0.3886511195905075,0.8744803887810462,0.3886511195905075,0.57,0.619315528739536
150,2,rbf,0.32421560600991084,0.01,-1.1511367758656783,0.6328175262920147,0.21489677004903648,0.6837928841561751,0.21516905348188736,0.6282645255673288,0.22416838153209198,0.6282645255673288,0.22416838153209198,0.26666666666666666,0.39942487389377423,0.6769219338465163,0.21604084285972364,0.6684013385832215,0.21371505735738197,0.5756634030197174,0.2385251021634045,0.5756634030197174,0.2385251021634045,0.31333333333333324,0.5015378648567398,0.4763119911209296,0.26574485647285806,0.7862990666713455,0.23805974649612205,0.7931867210004465,0.29228512457933686,0.7931867210004465,0.29228512457933686,0.49666666666666665,0.6172705958538339
150,3,rbf,0.32421560600991084,0.01,-1.1511367758656783,0.7306503138367006,0.16607150191782538,0.6344784452043464,0.21668701291513984,0.5272505844044091,0.17963170855475016,0.5272505844044091,0.17963170855475016,0.19666666666666668,0.3736892802328153,0.791502568192513,0.15189918767122645,0.6118883258287279,0.22045981942509435,0.4499464872187257,0.1749427169938278,0.4499464872187257,0.1749427169938278,0.11666666666666664,0.13152509484776143,0.5840104180366892,0.2407969751665754,0.7355237750855768,0.21924182786624455,0.6740677187356178,0.2498518308681281,0.6740677187356178,0.2498518308681281,0.4566666666666665,0.6173823122994615
150,4,rbf,0.32421560600991084,0.01,-1.1511367758656783,0.7596577396953389,0.08508639390303681,0.6208868674735247,0.21723849346359353,0.500493039715042,0.0968552062337643,0.500493039715042,0.0968552062337643,0.22999999999999998,0.39405058313491365,0.8611183812592459,0.07102348476422932,0.5766686909490235,0.2191550450632469,0.36876862424422474,0.09997452511551533,0.36876862424422474,0.09997452511551533,0.22,0.427018533071115,0.7190493998959187,0.1979280848384137,0.6731374036826308,0.20578250601840528,0.5333078276066706,0.22058983398094542,0.5333078276066706,0.22058983398094542,0.3433333333333332,0.5056121815788456
150,5,rbf,0.32421560600991084,0.01,-1.1511367758656783,0.7670544518140427,0.07263855344984538,0.6169079992731769,0.21492538234932473,0.49331313864178433,0.0846047943622369,0.49331313864178433,0.0846047943622369,0.24666666666666673,0.41417415405244384,0.9022574740492343,0.05092429952242097,0.5482830671211961,0.2338686934572779,0.3076057040262649,0.0812847634020645,0.3076057040262649,0.0812847634020645,0.21666666666666667,0.4119619444538062,0.8500321683591611,0.0852441589367459,0.6006940325021006,0.21506624163427385,0.38283859068514303,0.11107136095685305,0.38283859068514303,0.11107136095685305,0.3666666666666666,0.5791392741392823
151,1,rbf,0.20456621780704987,0.01,-1.15289038344771,0.3293226228795851,0.22465213295227526,0.7126360610390875,0.3230836824130921,0.9574942836352156,0.2678705189168853,0.9574942836352156,0.2678705189168853,0.5233333333333333,0.5015034866543171,0.3760717206061567,0.2580599093089879,0.6838336093299684,0.3313349366518109,0.9109081950068719,0.3040761504919076,0.9109081950068719,0.3040761504919076,0.51,0.5403383358983326,0.3958610043344914,0.25441004709997556,0.7024779935550018,0.3266102656534751,0.9313437215670113,0.3483595435011313,0.9313437215670113,0.3483595435011313,0.6366666666666667,0.584561924588115
151,2,rbf,0.20456621780704987,0.01,-1.15289038344771,0.47629953291682603,0.21234044399789473,0.6718723500736573,0.32216340087813106,0.795289824726531,0.22679249169743185,0.795289824726531,0.22679249169743185,0.3100000000000001,0.3790641834470962,0.5377605118893094,0.25746644598334434,0.6194480249894434,0.3327449865274359,0.7292772746338497,0.27553993658664466,0.7292772746338497,0.27553993658664466,0.3600000000000001,0.4399059460604168,0.47288869116631715,0.2566493201190522,0.6822117575188718,0.325342532486766,0.791427588393485,0.2644445132860893,0.791427588393485,0.2644445132860893,0.49,0.5364956534836947
151,3,rbf,0.20456621780704987,0.01,-1.15289038344771,0.6063617427180364,0.16388549856595494,0.6422679967257938,0.32084755963140627,0.6593844221163703,0.16435836431386022,0.6593844221163703,0.16435836431386022,0.29,0.47658989816663416,0.6840051406446779,0.22701589597584898,0.5667204221119164,0.32764472829257824,0.5764542691337003,0.2514955600900082,0.5764542691337003,0.2514955600900082,0.21666666666666667,0.27802670838376775,0.6029532796478577,0.20106646749811627,0.6405686172598684,0.3340618090514146,0.6619386022367907,0.20182408613906672,0.6619386022367907,0.20182408613906672,0.37333333333333324,0.4322621597047834
151,4,rbf,0.20456621780704987,0.01,-1.15289038344771,0.7320049185654003,0.13817568923030085,0.5975659392757114,0.3193353493229721,0.5276914570450806,0.14386660844208665,0.5276914570450806,0.14386660844208665,0.17666666666666667,0.3430927624974927,0.8149015413003293,0.1479760939527789,0.5263869499190666,0.3299444880853034,0.4198389677094968,0.16992654809174465,0.4198389677094968,0.16992654809174465,0.22,0.3736123751919251,0.6600145661076433,0.18814344714708625,0.62255332551957,0.3321298441026382,0.6000856102905575,0.1926376197037018,0.6000856102905575,0.1926376197037018,0.2633333333333333,0.33986136456860877
151,5,rbf,0.20456621780704987,0.01,-1.15289038344771,0.764738474467375,0.11136000838902918,0.6007956425693121,0.3175049060440584,0.4914145800636392,0.12237558810587787,0.4914145800636392,0.12237558810587787,0.1766666666666667,0.28849590128365993,0.8600440424687762,0.11449326096702589,0.515917647518146,0.3345594317356461,0.36113892745977877,0.14213101721110843,0.36113892745977877,0.14213101721110843,0.1466666666666666,0.22242136670701423,0.8135168536634755,0.11483071810700061,0.5427012524103559,0.3307116188528624,0.4229046105508847,0.15030889105305553,0.4229046105508847,0.15030889105305553,0.15999999999999995,0.2835732587947042
152,1,rbf,0.32421560600991084,0.01,-1.1852754899350937,0.3681823374298288,0.24923895709184524,0.7749457661378834,0.20436707093490838,0.9085631194639665,0.2781168065408812,0.9085631194639665,0.2781168065408812,0.47333333333333333,0.5258381377633585,0.418212508440969,0.2573474934242032,0.7643010630732938,0.2085342548805258,0.8585876130546951,0.29606819977713505,0.8585876130546951,0.29606819977713505,0.4566666666666667,0.49248373565535897,0.2837184693061844,0.20472216406070148,0.8614610311544412,0.22119138295841645,1.0596322141061274,0.31779964136350897,1.0596322141061274,0.31779964136350897,0.55,0.5673592792262571
152,2,rbf,0.32421560600991084,0.01,-1.1852754899350937,0.6041560567954591,0.27762864484525634,0.6747608452515259,0.2188406657298094,0.6594416753184844,0.3016983663882748,0.6594416753184844,0.3016983663882748,0.4466666666666666,0.5618524369614679,0.6497743294393162,0.2758316959783762,0.6567100071719717,0.21765870528920303,0.6080644931971586,0.31938325318334365,0.6080644931971586,0.31938325318334365,0.3966666666666666,0.5378650858484055,0.4306548968377236,0.29426469231205404,0.8001714480965103,0.2433413541510599,0.8557102207928469,0.3486348279965905,0.8557102207928469,0.3486348279965905,0.5966666666666668,0.556766114043524
152,3,rbf,0.32421560600991084,0.01,-1.1852754899350937,0.7291520335400785,0.14093586479297143,0.6439393309107995,0.23031433731707207,0.5284436400538707,0.1508103122666602,0.5284436400538707,0.1508103122666602,0.32,0.4286305377957041,0.8045770193103495,0.14816625550795756,0.5990494761858296,0.23248707874697316,0.4337176887095951,0.17068548113532392,0.4337176887095951,0.17068548113532392,0.23333333333333336,0.40712053060092857,0.6856665798685003,0.22129838026520635,0.6805049975352556,0.24781348581013993,0.5685961022817013,0.24123328286330512,0.5685961022817013,0.24123328286330512,0.2566666666666667,0.3470897065137715
152,4,rbf,0.32421560600991084,0.01,-1.1852754899350937,0.7960237466331733,0.09108434663186171,0.6282392527529089,0.22658149117289875,0.4549754268645295,0.10937905653716938,0.4549754268645295,0.10937905653716938,0.2033333333333333,0.30454412888246857,0.8807989889796991,0.07424191048070847,0.5701170656106158,0.22928086603351536,0.3375767298990836,0.10540731236365063,0.3375767298990836,0.10540731236365063,0.18000000000000002,0.31447822138287723,0.8543488461039108,0.09472665892323717,0.5856179906716947,0.21856184038690288,0.37264894856473635,0.12664978746883357,0.37264894856473635,0.12664978746883357,0.1766666666666667,0.2648139663643313
152,5,rbf,0.32421560600991084,0.01,-1.1852754899350937,0.779955910099357,0.10705868657225562,0.6418887955218465,0.22149287504031767,0.472937707982408,0.12197407010665015,0.472937707982408,0.12197407010665015,0.26666666666666666,0.32624650436318153,0.8953911948511064,0.07225462449959419,0.559373254243845,0.23482436273166377,0.31403586867958994,0.10413769973835896,0.31403586867958994,0.10413769973835896,0.13,0.22916640543349792,0.8693569389651475,0.08180193354215713,0.5779470240965082,0.22137885443655766,0.3517448102009251,0.11864148354332972,0.3517448102009251,0.11864148354332972,0.18333333333333332,0.2692048743388873
153,1,rbf,0.32421560600991084,0.001,-1.109781626303308,0.3338522246720973,0.270303415479567,0.809975672452756,0.29890314006872976,0.9615776976507696,0.31650255284568046,0.9615776976507696,0.31650255284568046,0.38999999999999996,0.5081066952846651,0.38119966592738325,0.2772833570053432,0.7833461958205049,0.30224504959919213,0.9239920890238491,0.3464697927849691,0.9239920890238491,0.3464697927849691,0.41999999999999993,0.5101723846593086,0.29022351914863065,0.2275801375610351,0.8839029692639524,0.3255850503773091,1.1141984986153803,0.36911448848270284,1.1141984986153803,0.36911448848270284,0.63,0.5855442502198424
153,2,rbf,0.32421560600991084,0.001,-1.109781626303308,0.5869670035995436,0.2385498585348409,0.7244311673943107,0.2997402939105145,0.6806744326290178,0.2613664334565306,0.6806744326290178,0.2613664334565306,0.5066666666666667,0.6258419616161417,0.6405183229243975,0.2502668510765207,0.6862244154477286,0.30621914869581984,0.6233827158947288,0.29659276112074473,0.6233827158947288,0.29659276112074473,0.41,0.5749662658770093,0.2888805554862299,0.2095545273065668,0.8653276612165429,0.3275345307563699,1.032084281176344,0.29563175569571065,1.032084281176344,0.29563175569571065,0.7000000000000001,0.6164414002968976
153,3,rbf,0.32421560600991084,0.001,-1.109781626303308,0.6794105916781512,0.20809047581627033,0.7003594785883541,0.2972245188015945,0.5788707745034058,0.21604110666133855,0.5788707745034058,0.21604110666133855,0.2833333333333333,0.4727639444018937,0.7507502458674823,0.21561464237764535,0.6401948540053021,0.30886758997342334,0.4908048332356842,0.23205604284278603,0.4908048332356842,0.23205604284278603,0.15666666666666668,0.24869775775556097,0.31453651660481186,0.22953842191813226,0.8549329217286242,0.3297634031457392,0.9802200897393049,0.28222656676367747,0.9802200897393049,0.28222656676367747,0.5666666666666668,0.5761545131199666
153,4,rbf,0.32421560600991084,0.001,-1.109781626303308,0.7314152310172548,0.15538836106347595,0.6887280835991445,0.2962740342040317,0.5250251293154784,0.16439922970192022,0.5250251293154784,0.16439922970192022,0.36333333333333334,0.5542832173694882,0.8278986663835763,0.15841437657968907,0.6165658651002794,0.29319426791177877,0.39841525762737906,0.1841403526516895,0.39841525762737906,0.1841403526516895,0.17666666666666667,0.38567749018679015,0.5108158598128657,0.24010460829518587,0.7814394967852347,0.3359498644521727,0.7595790312721813,0.26817369614156117,0.7595790312721813,0.26817369614156117,0.5833333333333334,0.6131227774515354
153,5,rbf,0.32421560600991084,0.001,-1.109781626303308,0.801273201241579,0.08033367958871247,0.6755379878430987,0.2877253538626713,0.45054602426285195,0.09660152750780802,0.45054602426285195,0.09660152750780802,0.26999999999999996,0.4771683719321869,0.8910550723235517,0.07164112323454344,0.6006868161868026,0.29598481965319035,0.3195611117090841,0.10916597349568047,0.3195611117090841,0.10916597349568047,0.30333333333333334,0.6082668047387811,0.5593248836609997,0.2266801136740244,0.7494366625204604,0.3294334958817361,0.7016813446043908,0.23569528295381956,0.7016813446043908,0.23569528295381956,0.6466666666666666,0.6631863176770334
154,1,rbf,0.32421560600991084,0.01,-1.1728725862861822,0.357521213220712,0.3053323913725444,0.8449064975781095,0.3260499912204697,0.9361286475730748,0.3491361483540186,0.9361286475730748,0.3491361483540186,0.3666666666666666,0.41963311835815403,0.39705716408265623,0.3136347302296009,0.8296086124155806,0.3311189664311916,0.8896604153736024,0.3608154895139513,0.8896604153736024,0.3608154895139513,0.3766666666666666,0.380275157487705,0.27444004601355393,0.21299815634760239,0.9069185055579205,0.33884632496604017,1.0548645279524538,0.3080555560546149,1.0548645279524538,0.3080555560546149,0.61,0.6598589190906253
154,2,rbf,0.32421560600991084,0.01,-1.1728725862861822,0.5799014182918206,0.2497885402662515,0.7924007428943394,0.3344437601234205,0.6847913669049894,0.26673128656820044,0.6847913669049894,0.26673128656820044,0.3966666666666666,0.510228706888718,0.6234317787475953,0.262302936577421,0.7733788172787068,0.32941947262094395,0.6254649950983676,0.27898024726869713,0.6254649950983676,0.27898024726869713,0.4599999999999999,0.6071982008968849,0.34350569320054053,0.2502773329079301,0.8896189818547143,0.3325294741168737,0.9508583660836811,0.29552739286541335,0.9508583660836811,0.29552739286541335,0.6533333333333335,0.6468668963621461
154,3,rbf,0.32421560600991084,0.01,-1.1728725862861822,0.7035715359501112,0.1772932874692216,0.7662826706913282,0.3407663882918771,0.5537959009770975,0.1830934590478637,0.5537959009770975,0.1830934590478637,0.30666666666666664,0.425021973738911,0.759258449679441,0.19458182661034468,0.7309367515486205,0.3439006851777811,0.4825489310863621,0.21288413994041183,0.4825489310863621,0.21288413994041183,0.26,0.44068911553579826,0.4480243311078703,0.2746171452111817,0.8547492337458703,0.3511457935225612,0.8284526907476056,0.3142665589691081,0.8284526907476056,0.3142665589691081,0.4233333333333334,0.6043995785692713
154,4,rbf,0.32421560600991084,0.01,-1.1728725862861822,0.8018498000581827,0.08076939295807078,0.7303472804112779,0.35190391867645043,0.4494714928123407,0.09821093943649302,0.4494714928123407,0.09821093943649302,0.34,0.4568256288480473,0.8695493110972469,0.07197165578523865,0.6844324586833032,0.35515462706021317,0.35536876342814705,0.10337047028832963,0.35536876342814705,0.10337047028832963,0.30333333333333334,0.4679252322631317,0.57008371135267,0.30102862776271777,0.8264948075507587,0.3623262656528883,0.703117335734894,0.3559280883307574,0.703117335734894,0.3559280883307574,0.3466666666666667,0.6021417712164455
154,5,rbf,0.32421560600991084,0.01,-1.1728725862861822,0.806452379467436,0.07373289390198925,0.7378578237315626,0.3498316404917489,0.44428368607526475,0.09316448039735689,0.44428368607526475,0.09316448039735689,0.24666666666666667,0.43528297045464126,0.897369927648752,0.0540278565876348,0.6755608839634573,0.36092292488364397,0.31333513989011325,0.09136258019924863,0.31333513989011325,0.09136258019924863,0.2,0.3591176927434505,0.8233637023436241,0.11876371058888276,0.7043788488914462,0.3578170361093174,0.41128460177171183,0.14765328540373956,0.41128460177171183,0.14765328540373956,0.09333333333333334,0.24904414971194797
155,1,rbf,0.20456621780704987,0.1,-1.1610219825673929,0.3868248258924278,0.23453302260184233,0.7636200142837747,0.26352341242798966,0.9293885013166794,0.32453895939346317,0.9293885013166794,0.32453895939346317,0.4066666666666666,0.41765629602484794,0.4384246322607732,0.25971297071382177,0.7605439552466154,0.28245792499620054,0.8760866623580046,0.3501612665229897,0.8760866623580046,0.3501612665229897,0.3866666666666666,0.43528297045464126,0.46556330541490293,0.2709176820598446,0.7607005211614442,0.28272983106013044,0.8683630761245796,0.38008666464686064,0.8683630761245796,0.38008666464686064,0.41,0.44593953510035106
155,2,rbf,0.20456621780704987,0.1,-1.1610219825673929,0.5642618326929328,0.250375141496663,0.6890809620154571,0.2568184353724316,0.7005962368549371,0.2628898331813978,0.7005962368549371,0.2628898331813978,0.41999999999999993,0.49647029983745217,0.6063491470950638,0.23760004232409856,0.6830982827382033,0.28543349613071467,0.6506711226241157,0.247797346019563,0.6506711226241157,0.247797346019563,0.44,0.5223290018818566,0.6097371482242231,0.247276764508196,0.680974441601131,0.2875278179425831,0.6461636530125953,0.26200479079023764,0.6461636530125953,0.26200479079023764,0.4466666666666666,0.5380253380351303
155,3,rbf,0.20456621780704987,0.1,-1.1610219825673929,0.6579428974916088,0.19972591204705215,0.6583824949923192,0.25328244309304565,0.5969631273193848,0.2095751459919483,0.5969631273193848,0.2095751459919483,0.4066666666666666,0.5225490132651365,0.7114342402977355,0.20221570758652846,0.6453246671659358,0.27815890920159064,0.5317117339876106,0.2262484200885966,0.5317117339876106,0.2262484200885966,0.29999999999999993,0.42830862221308247,0.712514255704189,0.2033377664679809,0.6456651295644722,0.2801932759808537,0.5295447187947587,0.22860305270435652,0.5295447187947587,0.22860305270435652,0.29999999999999993,0.4378631497751718
155,4,rbf,0.20456621780704987,0.1,-1.1610219825673929,0.7547360873586654,0.14556265330544277,0.6307039022284253,0.2573330786583936,0.4977142889757271,0.15933809344178282,0.4977142889757271,0.15933809344178282,0.3066666666666666,0.4233962302809178,0.8106162336046702,0.1270091253462704,0.6170481914638629,0.2841193602665193,0.4249758915680229,0.15929888820897095,0.4249758915680229,0.15929888820897095,0.25999999999999995,0.4279864644975392,0.811708386670927,0.12741452679356918,0.6172604664182403,0.2845042057943552,0.4231911623725622,0.16052867987450295,0.4231911623725622,0.16052867987450295,0.25666666666666665,0.4328600421521419
155,5,rbf,0.20456621780704987,0.1,-1.1610219825673929,0.7526669154915057,0.12595936948259082,0.6366764939569578,0.2460700510096002,0.503985134810017,0.1378210887877264,0.503985134810017,0.1378210887877264,0.3033333333333333,0.42384393137205534,0.8475008838631248,0.10271621660766068,0.6027125186324043,0.29211572710502304,0.3793830029412616,0.1381166317200678,0.3793830029412616,0.1381166317200678,0.25666666666666665,0.42400661456562483,0.8500956275059175,0.10013576442284766,0.6026382605712528,0.2923525921270202,0.37584062750798014,0.13671020933824518,0.37584062750798014,0.13671020933824518,0.2533333333333333,0.4256705325704971
156,1,rbf,0.32421560600991084,0.01,-1.1394393651600019,0.35749072363179935,0.2515150262606725,0.8110011898633577,0.2609082674033254,0.9128998379768504,0.2629875873475296,0.9128998379768504,0.2629875873475296,0.4799999999999999,0.4936842492231593,0.38184999794813895,0.25628499912699765,0.8023361438930314,0.26029164826202433,0.8832709121351936,0.2722610533426057,0.8832709121351936,0.2722610533426057,0.4066666666666666,0.3814069537486385,0.24296444106008483,0.20420695355166463,0.8803101916261517,0.2865074768312385,1.0839692067520097,0.2858012530789765,1.0839692067520097,0.2858012530789765,0.5866666666666668,0.5697751119177809
156,2,rbf,0.32421560600991084,0.01,-1.1394393651600019,0.5363774278871728,0.23480328396439454,0.7595371882834289,0.2479871044163794,0.7278818985263297,0.2409718338948161,0.7278818985263297,0.2409718338948161,0.3266666666666666,0.39034320295344455,0.5904923369546453,0.24987302879292317,0.7276192208618621,0.2591688099310205,0.6652406934224807,0.25742191485701454,0.6652406934224807,0.25742191485701454,0.3166666666666666,0.36585594803507526,0.3854693706911797,0.280314507189638,0.8404442838764064,0.27428240637332757,0.9083785037382118,0.3343441880442518,0.9083785037382118,0.3343441880442518,0.5666666666666668,0.5868286087879101
156,3,rbf,0.32421560600991084,0.01,-1.1394393651600019,0.7097195821584447,0.13238726280005725,0.6919052392132052,0.23623645795617962,0.5502920983479918,0.14375221136982885,0.5502920983479918,0.14375221136982885,0.22666666666666663,0.41682985310169623,0.7653438239209003,0.14935775715589633,0.6488080582771075,0.26236351243607325,0.47721254036876265,0.18039323803539775,0.47721254036876265,0.18039323803539775,0.16999999999999996,0.34854376858680125,0.6216717741566394,0.2580223258663273,0.7322630485218776,0.25992035973180605,0.6325310400383148,0.2791240699491187,0.6325310400383148,0.2791240699491187,0.2933333333333333,0.37777327020073953
156,4,rbf,0.32421560600991084,0.01,-1.1394393651600019,0.800016678478371,0.08013728107268889,0.6590715387049434,0.23854617035278924,0.4512308932493983,0.10042457856325665,0.4512308932493983,0.10042457856325665,0.1533333333333333,0.3607782137826921,0.8582410605410534,0.09221590209326358,0.6101494296758171,0.2605577656281009,0.36408522001498095,0.1337808664279003,0.36408522001498095,0.1337808664279003,0.13999999999999999,0.3606507528305485,0.8024250895986356,0.15563049935775977,0.6552190810612386,0.24713300853199843,0.43281572315606887,0.1786318111314701,0.43281572315606887,0.1786318111314701,0.15666666666666665,0.3460947979895137
156,5,rbf,0.32421560600991084,0.01,-1.1394393651600019,0.775732918647964,0.08708937939071781,0.682788866600711,0.24253888317532482,0.4802030785225414,0.10496896181195878,0.4802030785225414,0.10496896181195878,0.22999999999999995,0.3949246981911606,0.8932831207420041,0.07876213421264357,0.5923645789048109,0.2744219830043588,0.3135528166997219,0.1174194309192312,0.3135528166997219,0.1174194309192312,0.12000000000000004,0.341800506446226,0.8859210840516112,0.07607118020894041,0.5979139285185345,0.27244069188547837,0.3288673205393315,0.10761099877109712,0.3288673205393315,0.10761099877109712,0.12000000000000001,0.34280787823401954
157,1,rbf,0.20456621780704987,0.1,-1.1734557021815908,0.3583285578822915,0.26466208641536243,0.8898190596640131,0.23336637964119564,0.9386413546233308,0.3247279315524008,0.9386413546233308,0.3247279315524008,0.7133333333333334,0.7942610242940564,0.41754250170140045,0.26243435726154263,0.8989500679517836,0.2681999009609702,0.8968447203412127,0.3688701700157541,0.8968447203412127,0.3688701700157541,0.8099999999999999,0.7549149301240095,0.41781844587028155,0.2530466259042522,0.8967197708350817,0.2580806698219973,0.9206929406746159,0.3791394087225363,0.9206929406746159,0.3791394087225363,0.8699999999999999,0.7400605753398933
157,2,rbf,0.20456621780704987,0.1,-1.1734557021815908,0.5636021463510732,0.27715125903726995,0.78846840438101,0.20402957311391756,0.7029849915011798,0.3028397613820884,0.7029849915011798,0.3028397613820884,0.3299999999999999,0.4609959233868672,0.6032748399091239,0.2875646727936236,0.8151236678087731,0.22912037732720977,0.6531761099514275,0.32276676551150596,0.6531761099514275,0.32276676551150596,0.3733333333333333,0.5037331897312124,0.6049049952700128,0.27301748620481764,0.8142486843945071,0.23962176056019116,0.648097519214474,0.28605660027875457,0.648097519214474,0.28605660027875457,0.27666666666666667,0.28849590128366004
157,3,rbf,0.20456621780704987,0.1,-1.1734557021815908,0.7294291591770629,0.17030263318792713,0.7301736143607589,0.22259598721726237,0.5291505629780078,0.18446204218256895,0.5291505629780078,0.18446204218256895,0.19333333333333333,0.3393028688083984,0.7849014498169901,0.17696318633238584,0.7539124730659784,0.255657053800071,0.4567612977739826,0.2002012125093961,0.4567612977739826,0.2002012125093961,0.2533333333333333,0.3683451654624237,0.7889031065019959,0.17767924297550725,0.7525982740972805,0.25305450086183395,0.4511810282836339,0.20148099576759906,0.4511810282836339,0.20148099576759906,0.2833333333333333,0.42676274062013564
157,4,rbf,0.20456621780704987,0.1,-1.1734557021815908,0.8181779553833014,0.08561610133391528,0.6853861694799093,0.22962385078853928,0.4284605263391308,0.10191483586639814,0.4284605263391308,0.10191483586639814,0.10999999999999996,0.16049492418657724,0.8881829640511963,0.06884883834310197,0.7209043291001751,0.24889266252673795,0.3268357321808718,0.10050783769582171,0.3268357321808718,0.10050783769582171,0.16666666666666663,0.26041522988109395,0.8873952024706921,0.07046952513822011,0.7204060836083391,0.24807752854324586,0.3276417852810127,0.10245938851939838,0.3276417852810127,0.10245938851939838,0.16000000000000003,0.26339952609074224
157,5,rbf,0.20456621780704987,0.1,-1.1734557021815908,0.8091540327774197,0.08821408576844748,0.6958559735361284,0.22737254745513577,0.43972045931723797,0.10387695576910687,0.43972045931723797,0.10387695576910687,0.07666666666666666,0.12507469032909715,0.909298661259671,0.03872103976308019,0.713530301804177,0.2500716951427699,0.2972715946074433,0.07124037634518213,0.2972715946074433,0.07124037634518213,0.13666666666666666,0.24842029642958108,0.9102910240780556,0.03787631120446611,0.7128642910511471,0.2505458965644804,0.2954791703062495,0.07125770723468401,0.2954791703062495,0.07125770723468401,0.13333333333333333,0.24959737693876644
158,1,rbf,0.32421560600991084,0.1,-1.2002593331126772,0.35238012280128217,0.2848242919599785,0.8214780215610468,0.2814244863189132,0.9406841016734432,0.33034368535679637,0.9406841016734432,0.33034368535679637,0.36,0.3663425945091891,0.37862074855359956,0.29235763156360217,0.8138459084152011,0.29280528466945077,0.8899901919652377,0.3114806111765098,0.8899901919652377,0.3114806111765098,0.28666666666666657,0.26875618143118357,0.3868761902706227,0.3086801901092703,0.8143464568808699,0.3009106502502463,0.9176975999988687,0.383488132662049,0.9176975999988687,0.383488132662049,0.3366666666666666,0.3662327631187702
158,2,rbf,0.32421560600991084,0.1,-1.2002593331126772,0.5739912357233217,0.2442380409028416,0.7450242404807265,0.2526075718137472,0.6983173479816426,0.2726711455570826,0.6983173479816426,0.2726711455570826,0.23333333333333328,0.19178532059415362,0.608403685520928,0.25003765117733007,0.734279794232039,0.2675540118931581,0.6446225085319256,0.2605681176456739,0.6446225085319256,0.2605681176456739,0.23,0.29495762407505255,0.6204583440802434,0.2666370914799768,0.732924683926547,0.2736559226354167,0.6409839019308504,0.306032628550871,0.6409839019308504,0.306032628550871,0.21333333333333335,0.2861556525236996
158,3,rbf,0.32421560600991084,0.1,-1.2002593331126772,0.6945063219921818,0.15295256546631542,0.685732649273348,0.2280724812225354,0.5655299843114516,0.16011171437932048,0.5655299843114516,0.16011171437932048,0.3066666666666667,0.29934795038934014,0.7626150575529425,0.18371466403010603,0.6803864595581146,0.26278657149516754,0.47850948446991654,0.20751777288951626,0.47850948446991654,0.20751777288951626,0.26,0.2931399571582806,0.7668762394764503,0.18169713254929412,0.6782633660052126,0.26114832509860464,0.4757267657186402,0.20218107346876557,0.4757267657186402,0.20218107346876557,0.17666666666666667,0.1478193989726777
158,4,rbf,0.32421560600991084,0.1,-1.2002593331126772,0.7702631437691144,0.12696569176991537,0.659238914801396,0.2347439700650711,0.4830854639211849,0.13859360202752521,0.4830854639211849,0.13859360202752521,0.13333333333333333,0.13729739514150904,0.8442386488214314,0.1468669509869827,0.6548704221208795,0.2727512657362526,0.3788439321251495,0.1725382816867131,0.3788439321251495,0.1725382816867131,0.15666666666666668,0.20625283000496614,0.8444066953133899,0.14927314128150537,0.6547595547148692,0.27199343724683556,0.3783896420498026,0.1748231024163595,0.3783896420498026,0.1748231024163595,0.16,0.20443361623831796
158,5,rbf,0.32421560600991084,0.1,-1.2002593331126772,0.7544441942242465,0.12426542175612365,0.6730300148430466,0.2308524735306026,0.502167030135716,0.1340574803017325,0.502167030135716,0.1340574803017325,0.20666666666666667,0.21323992207796383,0.8573307793541576,0.12717090214863597,0.6504244768897831,0.2751476097625172,0.3625318113131372,0.15509054127951835,0.3625318113131372,0.15509054127951835,0.13,0.21359000364055525,0.8571062402999217,0.12640540052328497,0.6505167740352341,0.2750014026758204,0.36283802793787834,0.15472234216620023,0.36283802793787834,0.15472234216620023,0.13,0.21359000364055525
159,1,rbf,0.20456621780704987,0.1,-1.1560291620900276,0.3937629636425415,0.26199264010860396,0.8126546773548659,0.30756442152913427,0.8762520669415818,0.27674854725992665,0.8762520669415818,0.27674854725992665,0.5800000000000001,0.5300618051146293,0.4277665834813888,0.28777070996752846,0.8099085670080115,0.3230088060115663,0.8446013527017174,0.320799585129035,0.8446013527017174,0.320799585129035,0.6000000000000001,0.6395041182364499,0.42618877719960674,0.28708419068696095,0.80913112809511,0.3216744556257229,0.8408745970061647,0.31429933215277456,0.8408745970061647,0.31429933215277456,0.5733333333333334,0.6136006413999555
159,2,rbf,0.20456621780704987,0.1,-1.1560291620900276,0.561784962840323,0.21717583794294282,0.7250790638453157,0.2456657566887094,0.7015013352430208,0.2146099393067433,0.7015013352430208,0.2146099393067433,0.24666666666666667,0.29911747586494525,0.6109446773102182,0.25518805900291097,0.7275069908930981,0.2777465094796483,0.6396986452984099,0.2668921116834322,0.6396986452984099,0.2668921116834322,0.23000000000000004,0.3152995291836769,0.613202987827296,0.2511720791914922,0.729213965234178,0.2779535169917389,0.6377323606621815,0.2622744989969926,0.6377323606621815,0.2622744989969926,0.23,0.3108941498545657
159,3,rbf,0.20456621780704987,0.1,-1.1560291620900276,0.7036067754945713,0.13740125719858381,0.6887337046027958,0.24323608075320696,0.5584823620773107,0.14183077259282983,0.5584823620773107,0.14183077259282983,0.23333333333333336,0.3325277622149438,0.7722743097069215,0.17738940099095954,0.6780328675551757,0.2864689211821999,0.4678270290673724,0.19805354270863154,0.4678270290673724,0.19805354270863154,0.21000000000000002,0.3437621471208014,0.7714519392266908,0.17476315778096974,0.6795805136337106,0.28604565850553154,0.4696603670585302,0.19479936233768227,0.4696603670585302,0.19479936233768227,0.19999999999999998,0.3464101615137755
159,4,rbf,0.20456621780704987,0.1,-1.1560291620900276,0.7608443141061323,0.09119981405199971,0.6833738405073259,0.23747364095063825,0.4987788230856333,0.10134205844395186,0.4987788230856333,0.10134205844395186,0.27666666666666667,0.38388516003090567,0.8430645289774769,0.11274798804204951,0.6580978431970406,0.2797366541446771,0.38529170999108087,0.14269528690621527,0.38529170999108087,0.14269528690621527,0.17999999999999997,0.3546732347503486,0.845064389360976,0.11124223619066675,0.6585360602594882,0.2805285223885472,0.3832564177976249,0.14012723110504982,0.3832564177976249,0.14012723110504982,0.17999999999999997,0.3546732347503486
159,5,rbf,0.20456621780704987,0.1,-1.1560291620900276,0.754193474857304,0.08588756618141569,0.6946995581320529,0.23628140083543972,0.5068847695382431,0.0968117900718557,0.5068847695382431,0.0968117900718557,0.25333333333333335,0.3980411807956501,0.8695182416148437,0.09360476669236066,0.6484276548957861,0.2857922485166769,0.34766305956808385,0.13262638307730243,0.34766305956808385,0.13262638307730243,0.17666666666666664,0.3559187560659598,0.8700871248895083,0.09518888609858688,0.6487623686623644,0.2863953325463575,0.3463618838379265,0.1342661655843437,0.3463618838379265,0.1342661655843437,0.1733333333333333,0.35712775009099684
160,1,rbf,0.32421560600991084,0.01,-1.1465903793809593,0.33419376662739797,0.28520010685969954,0.8023819702130027,0.30682267929993484,0.9551716508513063,0.3176265555543871,0.9551716508513063,0.3176265555543871,0.6200000000000002,0.6588391044232585,0.3654529062274489,0.2969567355498234,0.7863438709219793,0.3092149132629511,0.9268698171050759,0.3407054675953441,0.9268698171050759,0.3407054675953441,0.6199999999999999,0.663532864347325,0.28812018265160655,0.278278764515432,0.856680774816447,0.32422082739618807,1.0306659483084557,0.3505792813696508,1.0306659483084557,0.3505792813696508,0.5133333333333333,0.5858876750846462
160,2,rbf,0.32421560600991084,0.01,-1.1465903793809593,0.532480675351756,0.2846070423935046,0.7287782173648272,0.29689240555937285,0.7331948419441492,0.2937204075497591,0.7331948419441492,0.2937204075497591,0.44000000000000006,0.5562187612305322,0.555740425886512,0.31389022594060545,0.7111531990766856,0.3031717723165577,0.7107417711739069,0.35145252923967907,0.7107417711739069,0.35145252923967907,0.43,0.5694219694658301,0.4289215872558449,0.2836408411142428,0.807841819144526,0.34308587575497446,0.8475129219598146,0.3154739762812854,0.8475129219598146,0.3154739762812854,0.52,0.6002298410350535
160,3,rbf,0.32421560600991084,0.01,-1.1465903793809593,0.6782093373441439,0.19541031264690684,0.7025274009553175,0.2772323225159331,0.5814754082153577,0.20536533174034108,0.5814754082153577,0.20536533174034108,0.41333333333333333,0.6049983376057715,0.7312689788329277,0.2159569175522242,0.6625761460243181,0.28877076609793506,0.5140151858521598,0.2352776816549164,0.5140151858521598,0.2352776816549164,0.33666666666666667,0.5714369868017448,0.6110908571864504,0.24663796546882297,0.731907463530219,0.3208021934730236,0.6560931547987395,0.2809352999577234,0.6560931547987395,0.2809352999577234,0.46333333333333343,0.5910151018161149
160,4,rbf,0.32421560600991084,0.01,-1.1465903793809593,0.7324426017706102,0.15497646040502572,0.7053090788119568,0.271246101168985,0.5233214017198298,0.1678017133296926,0.5233214017198298,0.1678017133296926,0.23999999999999996,0.43833540928663606,0.7951844029116812,0.15900709004293861,0.6392574617136305,0.2882679534252921,0.4393942134060061,0.18740225833787624,0.4393942134060061,0.18740225833787624,0.29999999999999993,0.5521119326793222,0.6853974380463597,0.23835254075589182,0.699017757063428,0.31703546933454796,0.5674318352331587,0.2568045896178204,0.5674318352331587,0.2568045896178204,0.3133333333333333,0.4890055590498018
160,5,rbf,0.32421560600991084,0.01,-1.1465903793809593,0.7813755091565937,0.10435564878706481,0.691604927370079,0.27146840033954744,0.468510161257273,0.1306900425547497,0.468510161257273,0.1306900425547497,0.24666666666666665,0.4666338247885397,0.8747168648706803,0.10031691116335559,0.6077099539503632,0.3069525656304295,0.33672065942775825,0.14176950411294803,0.33672065942775825,0.14176950411294803,0.22000000000000003,0.46490636802960955,0.8656101698959069,0.09310701889543503,0.6179212922538029,0.3078300149386664,0.3543784059740616,0.13057968438335812,0.3543784059740616,0.13057968438335812,0.23000000000000004,0.46397829913581684
161,1,rbf,0.20456621780704987,1.0,-1.1895544681299361,0.3157513475640375,0.25206236316740005,0.866337582695105,0.34050735390563036,0.957200977321048,0.2642123956452093,0.957200977321048,0.2642123956452093,0.4100000000000001,0.388941977766563,0.419980890201044,0.2570965991179063,0.9306434203748386,0.3111404389463503,0.9144417139020123,0.36846891089854145,0.9144417139020123,0.36846891089854145,0.3566666666666667,0.49178305655303306,0.4217738188985084,0.2492180159320287,0.9306695814127416,0.3155084939509571,0.903763450250273,0.36131525645081386,0.903763450250273,0.36131525645081386,0.31,0.4309972397703437
161,2,rbf,0.20456621780704987,1.0,-1.1895544681299361,0.6246878573562127,0.2275671165888724,0.7325373269766984,0.3321588274500289,0.6364091465264462,0.23385703567896488,0.6364091465264462,0.23385703567896488,0.3433333333333334,0.43603490316901145,0.6761290411892753,0.23505041220351652,0.9013178331191536,0.316969121981532,0.570565106161,0.252894238760795,0.570565106161,0.252894238760795,0.30333333333333334,0.4937424522920854,0.6814814875182847,0.22791613891780146,0.901159310628381,0.31819643274664866,0.5670659847960021,0.24329104089300746,0.5670659847960021,0.24329104089300746,0.3733333333333333,0.5533180997764576
161,3,rbf,0.20456621780704987,1.0,-1.1895544681299361,0.6891885074916309,0.16301345588929547,0.7182609268863296,0.32679974050395094,0.5719962675358805,0.16687214324952357,0.5719962675358805,0.16687214324952357,0.3733333333333333,0.46972723804450556,0.7775572352707669,0.17562690380339757,0.8923696094414839,0.3202073189492791,0.4612971195121707,0.19793984950801,0.4612971195121707,0.19793984950801,0.33333333333333326,0.512151198939056,0.7777115119784032,0.17514501424860268,0.892312353090212,0.32019621075190347,0.46135902539058105,0.19734649682689367,0.46135902539058105,0.19734649682689367,0.33333333333333326,0.512151198939056
161,4,rbf,0.20456621780704987,1.0,-1.1895544681299361,0.7356274223999075,0.12065369738417449,0.7134180513531743,0.32137104399287025,0.5241441321851679,0.12923705879164352,0.5241441321851679,0.12923705879164352,0.23333333333333334,0.30209993018220305,0.8363290553844126,0.15595236451230526,0.8872730718203917,0.32250870706765006,0.3843943659411259,0.18566406281125844,0.3843943659411259,0.18566406281125844,0.2233333333333333,0.4132990345428151,0.83623772247964,0.15464132727677532,0.8871973460199281,0.322508401376547,0.38483318227834296,0.18426772643378245,0.38483318227834296,0.18426772643378245,0.23,0.41034048099697357
161,5,rbf,0.20456621780704987,1.0,-1.1895544681299361,0.7380524866354589,0.10992289469444826,0.7252812536803185,0.3156602313332919,0.5226570700454986,0.1187483940737525,0.5226570700454986,0.1187483940737525,0.2533333333333333,0.4014914722616791,0.8721340408262251,0.10624108445577461,0.8853597804755313,0.3222366787710172,0.3417114516186049,0.14205482706742006,0.3417114516186049,0.14205482706742006,0.2033333333333333,0.4106205004652092,0.8732506575049929,0.10401183313062012,0.885265143678833,0.3223107472719,0.3405835866035037,0.13978493144448778,0.3405835866035037,0.13978493144448778,0.2033333333333333,0.4106205004652092
162,1,rbf,0.20456621780704987,100.0,-1.171663532704642,0.4437017909437099,0.24024654539041818,0.8713451254366793,0.29406374577112987,0.8541712152658012,0.3207439700461916,0.8541712152658012,0.3207439700461916,0.41,0.5114886994403419,0.42368591381685156,0.28100641049123326,1.02535756171689,0.30707506110680965,0.8408447915682786,0.30498298556995396,0.8408447915682786,0.30498298556995396,0.3566666666666667,0.4492778368811928,0.43423383313947345,0.2749189100926915,1.0253568795262458,0.3070955288315559,0.8352802356723844,0.30959933450240096,0.8352802356723844,0.30959933450240096,0.3433333333333333,0.4546186983830959
162,2,rbf,0.20456621780704987,100.0,-1.171663532704642,0.6549681173208489,0.22395036834632104,0.7495374620698249,0.2584075998855253,0.5974824181604653,0.23634919234062696,0.5974824181604653,0.23634919234062696,0.22333333333333336,0.31148513368337044,0.644171244003446,0.24841466590277528,1.0250979152816593,0.30699831844575565,0.6068762652998089,0.2663626827285119,0.6068762652998089,0.2663626827285119,0.23999999999999996,0.40903587229922295,0.6596408046458875,0.2378431982453615,1.0250895132470657,0.3070071744182122,0.5890480914738814,0.25813498730784956,0.5890480914738814,0.25813498730784956,0.28,0.42621024437921845
162,3,rbf,0.20456621780704987,100.0,-1.171663532704642,0.7894259216357427,0.12791266164206413,0.6855592907377356,0.27723876901309236,0.45763376005180656,0.14396556262266721,0.45763376005180656,0.14396556262266721,0.20666666666666664,0.3423381402923878,0.8043235379003035,0.1285018133991524,1.0249497680730235,0.30704133888647456,0.4307120832889536,0.16647017541711356,0.4307120832889536,0.16647017541711356,0.2233333333333333,0.42319257321341136,0.8060654171038603,0.12797681357874421,1.024947944206007,0.30704419511217923,0.4281663671547457,0.16692429729700073,0.4281663671547457,0.16692429729700073,0.2533333333333333,0.4384402867637409
162,4,rbf,0.20456621780704987,100.0,-1.171663532704642,0.8109504015593728,0.08762487049373896,0.6775222555729454,0.2747366100046481,0.4358774251248287,0.10952771384411282,0.4358774251248287,0.10952771384411282,0.16333333333333336,0.36244698383619367,0.8643258861469498,0.07677553325336926,1.0248984811736672,0.3070589552663215,0.3589811499122776,0.11834773230251497,0.3589811499122776,0.11834773230251497,0.2,0.4093729435326079,0.8638608632697848,0.07736884482442805,1.0248988996791595,0.30705841435484044,0.359426757195105,0.11925478878548013,0.359426757195105,0.11925478878548013,0.1933333333333333,0.4109982241201111
162,5,rbf,0.20456621780704987,100.0,-1.171663532704642,0.7970005793968762,0.0918207585097511,0.6910648096917716,0.276763666194278,0.4534332534543804,0.11094361582715198,0.4534332534543804,0.11094361582715198,0.22333333333333336,0.4312638470207379,0.8745354119678213,0.06821041051686781,1.0248899963577829,0.3070635561539938,0.34681034363376356,0.10566671271076432,0.34681034363376356,0.10566671271076432,0.18999999999999997,0.42535988819205633,0.8744058319407393,0.06833871751229914,1.0248900177117999,0.3070626698176064,0.34692792740474643,0.1059735033143576,0.34692792740474643,0.1059735033143576,0.1933333333333333,0.4242098808237566
163,1,rbf,0.32421560600991084,0.01,-1.1227930240214354,0.339816415164082,0.23991976127072584,0.8589458716570915,0.30364657465433414,0.9259326976895572,0.24965217189388467,0.9259326976895572,0.24965217189388467,0.4099999999999999,0.4180001649892432,0.3780876862685815,0.26771432243441023,0.8443775661343714,0.3060388146072466,0.8814262978611336,0.27667491113236026,0.8814262978611336,0.27667491113236026,0.38333333333333336,0.42106870054031886,0.3183613540942118,0.20976439361779659,0.9014138449179401,0.35430042710146276,1.0517845392654404,0.356112066049218,1.0517845392654404,0.356112066049218,0.5166666666666667,0.5657362205695935
163,2,rbf,0.32421560600991084,0.01,-1.1227930240214354,0.487845842735748,0.22471464897583185,0.8047446456418001,0.3064082630478225,0.7715927878278875,0.22316425447155155,0.7715927878278875,0.22316425447155155,0.45,0.4629366531476917,0.5377913651524737,0.24866378346992107,0.7785218377016008,0.3199374618390293,0.717593830845343,0.25359783875879294,0.717593830845343,0.25359783875879294,0.4066666666666667,0.45783096815560526,0.40084174507334175,0.2656331027053636,0.865085016252214,0.3655641683445485,0.8949508826607342,0.33300100216005957,0.8949508826607342,0.33300100216005957,0.34666666666666673,0.5035962622997702
163,3,rbf,0.32421560600991084,0.01,-1.1227930240214354,0.599276083196683,0.20929232166428668,0.7706346362329008,0.3178873481545191,0.6608972030621576,0.2092638665992569,0.6608972030621576,0.2092638665992569,0.34666666666666673,0.4569262623174579,0.6755256438224162,0.21182947111875672,0.7258689573576584,0.32122893175357803,0.5746553796592231,0.22830658240689802,0.5746553796592231,0.22830658240689802,0.2566666666666667,0.3276702856408466,0.5802616266768124,0.2558024183238946,0.8075679221972212,0.3686804400128066,0.6738930062261254,0.27622643966046667,0.6738930062261254,0.27622643966046667,0.52,0.5647092630054318
163,4,rbf,0.32421560600991084,0.01,-1.1227930240214354,0.7109338734436929,0.16484264062537798,0.7349004944291949,0.3048898784355502,0.5474810343938021,0.16989465297080372,0.5474810343938021,0.16989465297080372,0.2633333333333333,0.4498914300701612,0.8050905773049161,0.18139881335888428,0.6829145014523981,0.3332252598231142,0.42414854758143916,0.20535255259184335,0.42414854758143916,0.20535255259184335,0.27666666666666667,0.5399127217675433,0.7112197262120277,0.19400388811548822,0.7426923451366236,0.34123683301500735,0.5377013765743006,0.21011099403906522,0.5377013765743006,0.21011099403906522,0.32000000000000006,0.48806443893375817
163,5,rbf,0.32421560600991084,0.01,-1.1227930240214354,0.7894838828931323,0.09574496059240264,0.7277367496513354,0.3104404260655681,0.46219157332798066,0.11430951043638482,0.46219157332798066,0.11430951043638482,0.22,0.39075523690977426,0.894964487074377,0.07638247040363533,0.6614408201316103,0.3382295474221205,0.31126050336008526,0.11532049857282059,0.31126050336008526,0.11532049857282059,0.14333333333333328,0.28000410506021994,0.8179299444610765,0.135990503782588,0.6977268793088138,0.35345392314793905,0.41444618212927736,0.16637844641431865,0.41444618212927736,0.16637844641431865,0.33,0.5363670899415938
164,1,rbf,0.20456621780704987,0.1,-1.1553161144729713,0.36807710023226436,0.29279417154462395,0.8345553473766844,0.31298084689758165,0.9218547997270896,0.3327492184449085,0.9218547997270896,0.3327492184449085,0.3333333333333333,0.3417332427426432,0.41137356073577835,0.30019090467077214,0.8418310317559544,0.3192755842082478,0.8768551996233923,0.352518095911584,0.8768551996233923,0.352518095911584,0.34333333333333343,0.33392476267332555,0.44775145491779883,0.2999128587992248,0.8416516302284123,0.3256447031812937,0.8640882078480489,0.390425659066301,0.8640882078480489,0.390425659066301,0.37000000000000005,0.4186596016681876
164,2,rbf,0.20456621780704987,0.1,-1.1553161144729713,0.6029470633998012,0.19658028060501256,0.7712183039690206,0.31114224793727546,0.6613781948869584,0.19504557894858773,0.6613781948869584,0.19504557894858773,0.4266666666666666,0.5883544166063768,0.6459559491987757,0.23613297954470389,0.7651404690912496,0.311589762575029,0.6084160067615038,0.2468818474650612,0.6084160067615038,0.2468818474650612,0.2766666666666666,0.3738737877886097,0.6472632966339177,0.2265679393601144,0.7653464422536529,0.3169194754800956,0.60997058690987,0.2351363108845249,0.60997058690987,0.2351363108845249,0.23666666666666666,0.3011281470064534
164,3,rbf,0.20456621780704987,0.1,-1.1553161144729713,0.7339136234975638,0.14829784132727955,0.712960001330431,0.3195431915232354,0.5234221829625869,0.15719215327772695,0.5234221829625869,0.15719215327772695,0.2833333333333333,0.487840656103124,0.783578382239552,0.1786312075223719,0.7156475285868833,0.3173671816621707,0.451864443233654,0.2025915026591998,0.451864443233654,0.2025915026591998,0.23,0.40012928945012516,0.7884044971133272,0.16867846141710927,0.7153043968123983,0.32073188462255803,0.44745241738574504,0.1944569729828034,0.44745241738574504,0.1944569729828034,0.23,0.42519772276939094
164,4,rbf,0.20456621780704987,0.1,-1.1553161144729713,0.7758490332198372,0.10623968517852869,0.6940184419872337,0.31352426954662055,0.4775464231863728,0.12277924692045294,0.4775464231863728,0.12277924692045294,0.39666666666666656,0.5810118007783303,0.8528043956548689,0.11120323984254298,0.6936305128332751,0.3157989389432862,0.36992989569074886,0.14521637852765593,0.36992989569074886,0.14521637852765593,0.26666666666666666,0.41963311835815403,0.853861211767097,0.11585446645354769,0.6924807203063139,0.31677374720169627,0.36642787551495914,0.15159250218046816,0.36642787551495914,0.15159250218046816,0.2366666666666667,0.4097798680143829
164,5,rbf,0.20456621780704987,0.1,-1.1553161144729713,0.7865318878238593,0.07351919230843064,0.7008991144960773,0.3089133635651129,0.47032404655698534,0.08531679290499967,0.47032404655698534,0.08531679290499967,0.3433333333333333,0.50968775656808,0.8824145658251275,0.09051963728689029,0.6833617420229798,0.3201962597827115,0.3296137231115417,0.12568607646773797,0.3296137231115417,0.12568607646773797,0.16000000000000003,0.26339952609074224,0.886347814178236,0.07992670316939618,0.6824775396672661,0.32198797809986,0.3261562573077364,0.11461314063064973,0.3261562573077364,0.11461314063064973,0.15666666666666665,0.2635085987386283
165,1,rbf,0.32421560600991084,0.01,-1.1603582577699172,0.45284396037524993,0.2306822394823999,0.8278858653867831,0.286955194998892,0.831801225113795,0.2872371681369534,0.831801225113795,0.2872371681369534,0.35999999999999993,0.44147089567052766,0.48861160717986096,0.24578763152710156,0.8159823330352505,0.2956363177295849,0.8014045623120404,0.31102971528860607,0.8014045623120404,0.31102971528860607,0.3466666666666666,0.4754187506880089,0.3217690887541905,0.25863554159683966,0.8999748201666989,0.33581954097985905,1.039435494755197,0.3689497760407844,1.039435494755197,0.3689497760407844,0.6533333333333334,0.632855233940936
165,2,rbf,0.32421560600991084,0.01,-1.1603582577699172,0.5753653765473441,0.2668302843720356,0.752212217299947,0.2550942362946074,0.6857036738143746,0.27651334484594015,0.6857036738143746,0.27651334484594015,0.37,0.4757208686063564,0.6199349951890429,0.2821425234477701,0.7283992136794393,0.2674139516163729,0.6291090481845475,0.2975026205107754,0.6291090481845475,0.2975026205107754,0.33333333333333326,0.5060552875160861,0.5085497390347898,0.2774279304064527,0.8280427678749246,0.3411275559768412,0.766386639807665,0.31596026688670753,0.766386639807665,0.31596026688670753,0.4666666666666667,0.625511285122892
165,3,rbf,0.32421560600991084,0.01,-1.1603582577699172,0.7105504922904231,0.17328707369944174,0.7136131094916944,0.24770963654603007,0.5438413629093091,0.1834372005392775,0.5438413629093091,0.1834372005392775,0.2033333333333334,0.2747830910489886,0.7732042108648206,0.20020592681221808,0.66458479517712,0.2862528390772592,0.45604488350329686,0.2300709729260181,0.45604488350329686,0.2300709729260181,0.16999999999999998,0.24656257511689775,0.600138687298706,0.27315014332714954,0.7790404489061198,0.34886506571916004,0.6711891264845531,0.32405519711163405,0.6711891264845531,0.32405519711163405,0.5233333333333333,0.6621195502706251
165,4,rbf,0.32421560600991084,0.01,-1.1603582577699172,0.8144202161140648,0.11957465554482856,0.6818601070228577,0.26143866398573473,0.42904617118382743,0.13283902098724026,0.42904617118382743,0.13283902098724026,0.1933333333333333,0.31176177170854436,0.8820393397629509,0.12226831976937279,0.6300610411535508,0.28546790477561657,0.32298721379897904,0.15428898251168938,0.32298721379897904,0.15428898251168938,0.11000000000000003,0.27335716184331904,0.6858536323362047,0.23577790877045945,0.7449349993359494,0.3049648111951,0.5721943446754649,0.2681641426817583,0.5721943446754649,0.2681641426817583,0.45000000000000007,0.6548229558042967
165,5,rbf,0.32421560600991084,0.01,-1.1603582577699172,0.7953587077994635,0.11334176815398547,0.7042713732666868,0.267882373587211,0.4524299246903683,0.13064525709397448,0.4524299246903683,0.13064525709397448,0.19666666666666663,0.34489711942622214,0.90562440342166,0.0826754834788369,0.6226944427814457,0.2877590492740087,0.29255517031656036,0.11740093263192102,0.29255517031656036,0.11740093263192102,0.14333333333333334,0.31914036835324305,0.8731419984657454,0.09910196068404564,0.6577119439821584,0.2902399963075948,0.34017346689889943,0.13882067780991794,0.34017346689889943,0.13882067780991794,0.14999999999999997,0.3170445416330493
166,1,rbf,0.32421560600991084,0.01,-1.1690403812463734,0.30218621707590504,0.2417268560789763,0.7943312449972352,0.2638815004838323,0.9701232149145808,0.2593293998692489,0.9701232149145808,0.2593293998692489,0.48333333333333334,0.5024651872197875,0.3333640908894156,0.2673413833815884,0.7731990301600943,0.2671466178520617,0.9370513496452382,0.28528823209526893,0.9370513496452382,0.28528823209526893,0.4799999999999999,0.46043457732885357,0.2569615914750984,0.23207366093787238,0.8612281661004795,0.3167756457788685,1.1079179829943626,0.3521310172305647,1.1079179829943626,0.3521310172305647,0.6900000000000001,0.5707526790910886
166,2,rbf,0.32421560600991084,0.01,-1.1690403812463734,0.5150767398947124,0.2204599450019003,0.7112889640964326,0.229424583388659,0.7489814857433806,0.21967824492594862,0.7489814857433806,0.21967824492594862,0.44666666666666666,0.5745963100649272,0.5719119039545049,0.265933860792639,0.6716835379033627,0.23432639640614303,0.6882826801289057,0.27792546747028113,0.6882826801289057,0.27792546747028113,0.4066666666666666,0.5251819608040845,0.28166590627134946,0.2688864128426668,0.8408650180017119,0.317067865109759,1.0050152828298904,0.30314945619874945,1.0050152828298904,0.30314945619874945,0.5533333333333333,0.5197700641054945
166,3,rbf,0.32421560600991084,0.01,-1.1690403812463734,0.6621834666103139,0.18361862214010802,0.6488119981397314,0.22101931228335137,0.5959166585533281,0.19107912833458568,0.5959166585533281,0.19107912833458568,0.38999999999999996,0.5585387338774092,0.7224970900112162,0.24028087685980337,0.6045951092988526,0.22805589964468356,0.5192072873801039,0.26350422823196845,0.5192072873801039,0.26350422823196845,0.29,0.4787555707787891,0.49794202933566967,0.2903511491637907,0.7545532272925541,0.2741364576957462,0.7761622549000413,0.31477228517538686,0.7761622549000413,0.31477228517538686,0.49,0.6059190796092188
166,4,rbf,0.32421560600991084,0.01,-1.1690403812463734,0.7570938337870855,0.11074787886955648,0.6374479545836389,0.2189221115477588,0.5005235059639763,0.12145956368036231,0.5005235059639763,0.12145956368036231,0.3633333333333333,0.502739620914029,0.832045050005559,0.14106866310067268,0.5790853930583925,0.22450875160043215,0.3929091363641545,0.17287321479979245,0.3929091363641545,0.17287321479979245,0.26333333333333336,0.47013082062947875,0.7250592060171334,0.2443053909872047,0.6521223402833835,0.26502134596041466,0.5138510388884973,0.2657207075269322,0.5138510388884973,0.2657207075269322,0.29999999999999993,0.4518162580457711
166,5,rbf,0.32421560600991084,0.01,-1.1690403812463734,0.7906372905522773,0.08113470090331228,0.6322365360391313,0.21502993018762856,0.46389228254277437,0.09591881046388818,0.46389228254277437,0.09591881046388818,0.32666666666666655,0.509856865196994,0.883699737445035,0.10369459565037521,0.5553732126741513,0.23703071434420062,0.3233594820614162,0.14062432140591427,0.3233594820614162,0.14062432140591427,0.21666666666666667,0.44881709148515664,0.8849959846716988,0.09837788546638307,0.56297437133026,0.24502985105012962,0.3261340973290592,0.1272106197535854,0.3261340973290592,0.1272106197535854,0.25,0.4508612448070532
167,1,rbf,0.20456621780704987,0.1,-1.1561700918849276,0.37126540576452705,0.21867791650577015,0.7958100668546103,0.356176365546848,0.8987138158874578,0.22738807188583762,0.8987138158874578,0.22738807188583762,0.43000000000000005,0.5279433093912967,0.42442843955616955,0.21844578961371927,0.8016160760237345,0.37066636360499183,0.8400975303624152,0.22277121092841648,0.8400975303624152,0.22277121092841648,0.31,0.43892501912489923,0.4206815196444535,0.2381783389219168,0.8036548098441749,0.37569942972691955,0.8560126476815146,0.2566742979597077,0.8560126476815146,0.2566742979597077,0.37666666666666665,0.5519141195895416
167,2,rbf,0.20456621780704987,0.1,-1.1561700918849276,0.6117553008140469,0.15413327691873052,0.6957046571312596,0.32507647082064,0.6530870778855189,0.15284511311544585,0.6530870778855189,0.15284511311544585,0.34666666666666657,0.525706967893668,0.6548446469053972,0.18163218220400235,0.7099032690103837,0.34858520544256455,0.6018828632051498,0.1937368488963008,0.6018828632051498,0.1937368488963008,0.32999999999999996,0.5446606029572848,0.6589660071233302,0.1582653739897468,0.7122459353833651,0.3560124082259205,0.6016573757821571,0.16706794923085191,0.6016573757821571,0.16706794923085191,0.3266666666666666,0.5355843301597271
167,3,rbf,0.20456621780704987,0.1,-1.1561700918849276,0.7193379909375832,0.12929848986061449,0.6455746403498008,0.3211617656431259,0.5418209229082284,0.13748943739726813,0.5418209229082284,0.13748943739726813,0.18666666666666668,0.27003618318641126,0.7935727534916437,0.13220819718664054,0.6535615018408186,0.3639398246238723,0.4467536227978854,0.16334308317058616,0.4467536227978854,0.16334308317058616,0.12666666666666665,0.23331691239426988,0.7918315796189532,0.13340090198803542,0.6544685761565259,0.36565185471181494,0.4492325656552371,0.16320832434515845,0.4492325656552371,0.16320832434515845,0.11666666666666664,0.1641768040513207
167,4,rbf,0.20456621780704987,0.1,-1.1561700918849276,0.7353816235825118,0.11900159353025276,0.6482360635016442,0.3091777358652784,0.5245883589357333,0.12914016651698076,0.5245883589357333,0.12914016651698076,0.22,0.33569279880928904,0.8470722853663956,0.13214699519030365,0.6314691456660405,0.3705452281121435,0.3707045355986851,0.1720202450921411,0.3707045355986851,0.1720202450921411,0.10333333333333332,0.10980651740387644,0.8470738284001372,0.13075872068425598,0.6314408076216631,0.37216538733531906,0.37179285927568007,0.16920892893927048,0.37179285927568007,0.16920892893927048,0.10333333333333333,0.10333518722845685
167,5,rbf,0.20456621780704987,0.1,-1.1561700918849276,0.7366983725072028,0.13632610411716017,0.6556766764774391,0.3048632677750411,0.5194338329572494,0.15005304794864863,0.5194338329572494,0.15005304794864863,0.16333333333333336,0.23994731222432594,0.8863030710111951,0.07928101157160834,0.6200755556132866,0.37389955085135007,0.3237470152497225,0.12132084017989359,0.3237470152497225,0.12132084017989359,0.07333333333333332,0.08276819867946672,0.8869451842288675,0.07580883927214514,0.6202220410819668,0.37402832306349115,0.32410303224135,0.11661140413934118,0.32410303224135,0.11661140413934118,0.06999999999999999,0.08366600265340754
168,1,rbf,0.20456621780704987,0.1,-1.1890742695197953,0.3712643903450265,0.25303426079793145,0.9193066886599655,0.3302598052736433,0.9262408133566037,0.3091020403486698,0.9262408133566037,0.3091020403486698,0.4699999999999999,0.4557298050077631,0.45074149660829627,0.2366455908656308,0.8962198420905079,0.3557895152635763,0.8543908924645098,0.3162024055848438,0.8543908924645098,0.3162024055848438,0.4566666666666666,0.4515745123785056,0.44850737747808783,0.22487404320049978,0.8993315536788823,0.35174724695447196,0.8808796289660089,0.3481603368984821,0.8808796289660089,0.3481603368984821,0.4333333333333333,0.45130716914263636
168,2,rbf,0.20456621780704987,0.1,-1.1890742695197953,0.5568705281276294,0.22696747278099608,0.8288857104714957,0.33684957355815714,0.7037093745651737,0.23290751034404142,0.7037093745651737,0.23290751034404142,0.29000000000000004,0.403732584763727,0.6021367954923483,0.2227127630289177,0.816714290396784,0.3566470396741756,0.653950602663649,0.2354319549443213,0.653950602663649,0.2354319549443213,0.33333333333333337,0.49223861142205483,0.6033452021780974,0.2281213893741325,0.8171082374612629,0.3587397008777208,0.6527370045626788,0.2396625487328749,0.6527370045626788,0.2396625487328749,0.2733333333333333,0.4076284086520834
168,3,rbf,0.20456621780704987,0.1,-1.1890742695197953,0.6496891492147155,0.17562804199220464,0.7983693590531331,0.3246873418566651,0.6108252918707113,0.17996597025338074,0.6108252918707113,0.17996597025338074,0.2933333333333333,0.43305915287066443,0.7329774823745513,0.16762359919300335,0.775955277724148,0.35737404404028894,0.5123568559007363,0.19546507104341343,0.5123568559007363,0.19546507104341343,0.2333333333333333,0.3826705915133738,0.7348024320097106,0.16419967975567373,0.7750207695312157,0.35924469738581577,0.5114455877778422,0.19093243247360442,0.5114455877778422,0.19093243247360442,0.22666666666666666,0.38321087499266476
168,4,rbf,0.20456621780704987,0.1,-1.1890742695197953,0.7168188141747348,0.12413287813112714,0.7785753221475368,0.3238779690566289,0.545953289128207,0.13024285623196843,0.545953289128207,0.13024285623196843,0.21333333333333335,0.3370596318195029,0.8287975895514869,0.11061457397092371,0.748210577124795,0.360615877413001,0.4042137548806625,0.14420044306563953,0.4042137548806625,0.14420044306563953,0.2033333333333333,0.395215640250801,0.8306543204195594,0.10800285693984255,0.74700067630107,0.3624506001194832,0.4029420624680986,0.14010734133592664,0.4029420624680986,0.14010734133592664,0.20666666666666667,0.38230997834248315
168,5,rbf,0.20456621780704987,0.1,-1.1890742695197953,0.7526665677001968,0.10907595673815397,0.778618960472605,0.3219615379126556,0.5061881003081965,0.11923436637093575,0.5061881003081965,0.11923436637093575,0.24666666666666665,0.41417415405244384,0.8713592386794253,0.07675885619741721,0.7347516952747293,0.36802952218292206,0.34942314325852125,0.11498923468267014,0.34942314325852125,0.11498923468267014,0.2233333333333333,0.43997126342941784,0.8716540312750224,0.07341022733473125,0.7343727322424101,0.3696281539942082,0.350251340681478,0.11016641151031897,0.350251340681478,0.11016641151031897,0.21999999999999995,0.42943427099318504
169,1,rbf,0.32421560600991084,0.001,-1.214785340183175,0.33894243304892785,0.26211457607373545,0.8346832511428227,0.2769633028028682,0.9461463004909346,0.2963287454309939,0.9461463004909346,0.2963287454309939,0.5466666666666666,0.5618524369614679,0.4163212443465884,0.25371409451157295,0.8140811781733901,0.3220251331615498,0.8719306106475476,0.3119663240194458,0.8719306106475476,0.3119663240194458,0.5500000000000002,0.6213167330425124,0.13342777725271046,0.15523539125706218,0.9411386307418977,0.3351289116095832,1.2964390431052129,0.28381863200543705,1.2964390431052129,0.28381863200543705,1.0133333333333334,0.657441925235584
169,2,rbf,0.32421560600991084,0.001,-1.214785340183175,0.6741994066790263,0.194072130619059,0.6969454293997202,0.24964391212743736,0.5841421883887465,0.2009096693458268,0.5841421883887465,0.2009096693458268,0.2633333333333333,0.2834313555930842,0.7047550648460863,0.20474211425622751,0.6910115528930965,0.25829320897430763,0.5462927724122205,0.2180513002895429,0.5462927724122205,0.2180513002895429,0.24999999999999994,0.2979817166342188,0.1994993531716789,0.20062037465089452,0.9230842463010733,0.3244025247530437,1.2024577686871831,0.3148236515860354,1.2024577686871831,0.3148236515860354,0.74,0.6409045332104113
169,3,rbf,0.32421560600991084,0.001,-1.214785340183175,0.7642297268957431,0.13183039493885246,0.6539138036467674,0.22749258242003784,0.4898320562946414,0.14168764439352244,0.4898320562946414,0.14168764439352244,0.36333333333333323,0.45899690730934145,0.8205977869768406,0.12371014861471857,0.634351693738188,0.23686265599791195,0.41637138805181456,0.1471710506477913,0.41637138805181456,0.1471710506477913,0.34999999999999987,0.47832322068688643,0.3151037924297976,0.24324423649927412,0.8869867506171644,0.33052077493029236,1.0794589406102122,0.3810850472676805,1.0794589406102122,0.3810850472676805,0.6066666666666667,0.5355843301597272
169,4,rbf,0.32421560600991084,0.001,-1.214785340183175,0.7968632522558464,0.10079214892676419,0.6395137589843392,0.22349703492740108,0.4536013254062036,0.11512351519808206,0.4536013254062036,0.11512351519808206,0.3466666666666666,0.4636685300374896,0.878576660656171,0.09092226078864606,0.6038303094230103,0.2405207815296004,0.3358902273250741,0.1256198013528958,0.3358902273250741,0.1256198013528958,0.3166666666666666,0.4828673933288827,0.3984303414795694,0.2582198208837508,0.8363764065207054,0.313871454378503,0.8991487070096967,0.32038013162808715,0.8991487070096967,0.32038013162808715,0.5633333333333332,0.6419170283333882
169,5,rbf,0.32421560600991084,0.001,-1.214785340183175,0.7988934889728069,0.09683311185447697,0.6433945396384839,0.22772248323309996,0.4505948709071882,0.11469784941261583,0.4505948709071882,0.11469784941261583,0.2633333333333333,0.4089375075209795,0.9024728079135694,0.08176140016206754,0.5993239118109058,0.242342866331108,0.2946601489193021,0.12567768693817735,0.2946601489193021,0.12567768693817735,0.2833333333333333,0.5509135568548271,0.5901414965585136,0.2018225362829999,0.7487294404380459,0.24986527261538982,0.7024968682983103,0.28058738246619513,0.7024968682983103,0.28058738246619513,0.6666666666666666,0.689494234095235
170,1,rbf,0.32421560600991084,0.01,-1.2005070719250792,0.3774355851361345,0.2953223238310128,0.7953480572235861,0.30685703205745757,0.912579125695711,0.34501478171429406,0.912579125695711,0.34501478171429406,0.41333333333333333,0.4508484976309581,0.4051259704308807,0.30047275412681224,0.7886859273269217,0.3144255850861704,0.8774741944853323,0.36711512375152233,0.8774741944853323,0.36711512375152233,0.47999999999999987,0.4559189280623445,0.1990372026824602,0.20456113084127925,0.9013802425814071,0.3668407154730852,1.1174940253363779,0.26612353616435563,1.1174940253363779,0.26612353616435563,0.55,0.5131041434922988
170,2,rbf,0.32421560600991084,0.01,-1.2005070719250792,0.5514409282239855,0.23869530751806803,0.7320520508278138,0.29199201179835116,0.7178352452547885,0.26439177949543413,0.7178352452547885,0.26439177949543413,0.41999999999999993,0.5874550606436734,0.5952138373811747,0.24024769241946625,0.708996063231757,0.30900988876457913,0.6637699190029254,0.267263555046529,0.6637699190029254,0.267263555046529,0.4166666666666667,0.6023421718209865,0.28583482161691376,0.2263958904738157,0.8691273316803639,0.36619318024903563,0.9991427019001531,0.2613315199133893,0.9991427019001531,0.2613315199133893,0.5199999999999999,0.48735740620135276
170,3,rbf,0.32421560600991084,0.01,-1.2005070719250792,0.6789813528846127,0.1783809609783322,0.6792451745425716,0.28910566818557315,0.5799566315076297,0.18232891049274363,0.5799566315076297,0.18232891049274363,0.3466666666666667,0.47758973400083526,0.7498352455216136,0.1827552754207101,0.6431436423518735,0.313846128737754,0.49184590188663946,0.2085126603625738,0.49184590188663946,0.2085126603625738,0.4133333333333333,0.5341660166402701,0.5020356670729323,0.2619896464818324,0.7810109460667314,0.34720903074440856,0.7559177875820784,0.2702090115029542,0.7559177875820784,0.2702090115029542,0.33333333333333326,0.5371273099800798
170,4,rbf,0.32421560600991084,0.01,-1.2005070719250792,0.7270857583611045,0.14502526859940898,0.6774501728380566,0.2808700535855281,0.530657157042611,0.1541404778845889,0.530657157042611,0.1541404778845889,0.24000000000000005,0.38200920732720384,0.8144507306922416,0.12441663599315632,0.6208774875513628,0.3107433500002198,0.42155659478788365,0.15506630706619703,0.42155659478788365,0.15506630706619703,0.3766666666666667,0.5418253525294642,0.690380144176366,0.24823803975599631,0.6820257151560025,0.3293914598934816,0.552526809423396,0.2674846884392851,0.552526809423396,0.2674846884392851,0.21,0.4443903223751499
170,5,rbf,0.32421560600991084,0.01,-1.2005070719250792,0.7740488954902028,0.10580442173111787,0.6651642312175322,0.28675920718325193,0.48116238148104595,0.11747776316582915,0.48116238148104595,0.11747776316582915,0.20666666666666664,0.37132877274898096,0.8812263620278057,0.0709487591925837,0.59206095149435,0.3259712204515506,0.3359588605116723,0.1075211782227588,0.3359588605116723,0.1075211782227588,0.2033333333333334,0.39782454400915485,0.8001636753321613,0.1951175879294635,0.6378731399710417,0.3095311305177617,0.42865611730046377,0.2178440861971665,0.42865611730046377,0.2178440861971665,0.26999999999999996,0.43798126239246415
171,1,rbf,0.32421560600991084,0.01,-1.1499563139577573,0.4207576605903284,0.2303061886690895,0.9199732201053098,0.33264502260118645,0.8751090644688106,0.29159098383619947,0.8751090644688106,0.29159098383619947,0.5133333333333333,0.593489582939306,0.45657725914095626,0.2704311700679231,0.9066195511866082,0.3308880018649867,0.8319655845697612,0.3301358839462648,0.8319655845697612,0.3301358839462648,0.4533333333333333,0.5630785658008728,0.3910925500735286,0.2631842120616951,0.9546470613447651,0.3457475553004544,0.9137764397522009,0.3319509012536026,0.9137764397522009,0.3319509012536026,0.6666666666666666,0.704337954410373
171,2,rbf,0.32421560600991084,0.01,-1.1499563139577573,0.5914981494279395,0.21234098791878656,0.8360029462552547,0.31926246664272706,0.6733452184691878,0.21957832360599788,0.6733452184691878,0.21957832360599788,0.4766666666666666,0.616264236505253,0.6319980495317108,0.2596511624060066,0.8150822804727603,0.31290131594381376,0.6196129114957009,0.27215025240388496,0.6196129114957009,0.27215025240388496,0.5033333333333333,0.6975243579152326,0.5613445829077413,0.24438005615351494,0.8865940295384824,0.33744754903502083,0.7009206190745789,0.258899428952245,0.7009206190745789,0.258899428952245,0.5533333333333333,0.7285949318466631
171,3,rbf,0.32421560600991084,0.01,-1.1499563139577573,0.7367881922704628,0.18306407454099805,0.7655836431192798,0.32927582654945803,0.5177827836911405,0.1996092374977318,0.5177827836911405,0.1996092374977318,0.3733333333333333,0.6280420221682586,0.7894793305198528,0.20726948129318104,0.7336458588036969,0.3336389831357485,0.4339874777814344,0.24016594606734962,0.4339874777814344,0.24016594606734962,0.3433333333333333,0.5775592719744687,0.7332743812483129,0.205469430704471,0.8057676923712881,0.3322763647120429,0.5109692866030907,0.2268317095489923,0.5109692866030907,0.2268317095489923,0.5066666666666666,0.7085358060858654
171,4,rbf,0.32421560600991084,0.01,-1.1499563139577573,0.8149438872004117,0.09414338694085037,0.7545660801890275,0.34045496340666737,0.43122044324715053,0.11043173859844205,0.43122044324715053,0.11043173859844205,0.25666666666666665,0.4477401750656469,0.8961206630794674,0.08888035832945392,0.7019780658548243,0.35088577305969787,0.30280418402562087,0.13456504097198932,0.30280418402562087,0.13456504097198932,0.20666666666666667,0.4160017683428375,0.8772828096151398,0.1030631464939184,0.7212559223926038,0.3480595597623102,0.32975200857938414,0.1488865728848327,0.32975200857938414,0.1488865728848327,0.18666666666666662,0.3674078193875662
171,5,rbf,0.32421560600991084,0.01,-1.1499563139577573,0.787152966985415,0.09567980436259171,0.7687435650568859,0.3371903701417584,0.4659218864980938,0.11088641338389661,0.4659218864980938,0.11088641338389661,0.39666666666666667,0.6255939706326732,0.9027962871702518,0.0806361712105644,0.7002406006072983,0.35096388514241106,0.29306810314870624,0.12783758146818305,0.29306810314870624,0.12783758146818305,0.19666666666666668,0.38549863216657315,0.8960767299580613,0.08886220331990541,0.7073036064155805,0.3516641294176636,0.3022667524942711,0.1359256695312398,0.3022667524942711,0.1359256695312398,0.16999999999999998,0.3640291765495046
172,1,rbf,0.32421560600991084,0.01,-1.1826539505280538,0.3312498141611876,0.24477154153162428,0.8220993414323011,0.23073631657527718,0.9718453919793236,0.3074729920933198,0.9718453919793236,0.3074729920933198,0.4966666666666667,0.512924900958209,0.3757167757369574,0.24517373506132392,0.8001481265309717,0.22968870121082452,0.9284666315838179,0.32600577078060466,0.9284666315838179,0.32600577078060466,0.4900000000000001,0.4648692808477047,0.3165804354724108,0.23528783511459758,0.8801232326011679,0.2991738377639231,1.1005893862447007,0.4067639880966144,1.1005893862447007,0.4067639880966144,0.6666666666666666,0.6238552735201095
172,2,rbf,0.32421560600991084,0.01,-1.1826539505280538,0.5593750784731895,0.24888412337499044,0.7144094986130636,0.21827127182780548,0.6986635556657498,0.2552581483646361,0.6986635556657498,0.2552581483646361,0.42666666666666664,0.5291068162370485,0.6173653943674287,0.2510217403926291,0.6801936668022216,0.22570045358149954,0.6299586499475154,0.27066940750576807,0.6299586499475154,0.27066940750576807,0.36333333333333334,0.4752373877470539,0.4018651493918054,0.26385339246888156,0.8071552735656599,0.3174944794998867,0.9022696202210547,0.34531963052155434,0.9022696202210547,0.34531963052155434,0.57,0.5446606029572848
172,3,rbf,0.32421560600991084,0.01,-1.1826539505280538,0.6912202589862146,0.17512643295017558,0.6604562216944453,0.21198639455850757,0.5646556930307813,0.18723362657883438,0.5646556930307813,0.18723362657883438,0.32333333333333325,0.5250177884233252,0.752899117853232,0.19258336366976278,0.6135785605336623,0.23183088062720875,0.4823119984895216,0.22654542259988053,0.4823119984895216,0.22654542259988053,0.2033333333333333,0.35084462946294115,0.5388219430625801,0.25747923062313205,0.7515010215837823,0.3102395030277144,0.7238435977762554,0.2761339424096113,0.7238435977762554,0.2761339424096113,0.41333333333333333,0.520433064584336
172,4,rbf,0.32421560600991084,0.01,-1.1826539505280538,0.7400481416091361,0.14260763803173468,0.6564752825197807,0.20641766399526545,0.5149252594593504,0.1548466138752916,0.5149252594593504,0.1548466138752916,0.2933333333333332,0.4968405928591621,0.8282486616149686,0.13605712963851735,0.5817648203299183,0.23770896085273047,0.3965273437019743,0.17377156331349417,0.3965273437019743,0.17377156331349417,0.20000000000000004,0.37508619698999024,0.6721444011756823,0.2071634089107539,0.6952939303417357,0.267175638634123,0.5813614009455482,0.21522870539008998,0.5813614009455482,0.21522870539008998,0.39999999999999997,0.4842341981115023
172,5,rbf,0.32421560600991084,0.01,-1.1826539505280538,0.7403806196589879,0.1310609687168338,0.6609916483699744,0.20063811613844804,0.5162054057180915,0.1438543248303391,0.5162054057180915,0.1438543248303391,0.26999999999999996,0.4836285265822705,0.8656224118998548,0.089418923577999,0.56796119563121,0.23390545684236516,0.3559300681970604,0.12497734238857072,0.3559300681970604,0.12497734238857072,0.21333333333333332,0.3971739246687547,0.7966777044929888,0.1218478109802327,0.6319675035564185,0.23634750918794412,0.44917238268968396,0.14083831498514848,0.44917238268968396,0.14083831498514848,0.2633333333333333,0.39346676092654
173,1,rbf,0.32421560600991084,0.001,-1.179563019674698,0.41447204677442306,0.20590378032392836,0.8707037658995807,0.2620933878179237,0.9182896679846021,0.3337537517244979,0.9182896679846021,0.3337537517244979,0.32,0.3689687399150269,0.4670150668247869,0.2305086124329915,0.8594388058845173,0.2574463112950965,0.8923409199706474,0.3744451601062714,0.8923409199706474,0.3744451601062714,0.32999999999999996,0.4120177431733435,0.28004019785684325,0.2429291622885901,0.9236492858066777,0.3161082891227613,1.028842315894119,0.30577549196271453,1.028842315894119,0.30577549196271453,0.5733333333333334,0.48914657089270486
173,2,rbf,0.32421560600991084,0.001,-1.179563019674698,0.5697229779134365,0.20129877229225873,0.7777917845990453,0.2474074152481973,0.6909752329395967,0.2029613367020866,0.6909752329395967,0.2029613367020866,0.27999999999999997,0.39948242376424,0.6269239926224746,0.2212666434617914,0.7505544562983478,0.2472095398212764,0.6294196135072133,0.22837439728321632,0.6294196135072133,0.22837439728321632,0.2733333333333333,0.446390376034354,0.32476199051204463,0.2364707513271173,0.9060290355374039,0.3274948445817498,0.9592625049065495,0.2733405398905492,0.9592625049065495,0.2733405398905492,0.3866666666666667,0.42970184798406386
173,3,rbf,0.32421560600991084,0.001,-1.179563019674698,0.7117935497872022,0.12887322576378465,0.7131174369519419,0.2492323693481469,0.5486006062674043,0.13984467609966633,0.5486006062674043,0.13984467609966633,0.31999999999999995,0.44365255122324787,0.8011472286078128,0.12653144973440372,0.6648436865188176,0.2577071804048985,0.4423526990132964,0.14603589196875752,0.4423526990132964,0.14603589196875752,0.2433333333333333,0.40741686973801955,0.3820109952965259,0.25650828955927163,0.8858782797234716,0.331423945041091,0.8988824244924412,0.29561246908101496,0.8988824244924412,0.29561246908101496,0.5133333333333334,0.5581578897454174
173,4,rbf,0.32421560600991084,0.001,-1.179563019674698,0.7382072552061415,0.1171611329125923,0.7047393876490256,0.26177277776700725,0.5207754434199323,0.12850854956678054,0.5207754434199323,0.12850854956678054,0.22,0.4122269211038486,0.8452332220803024,0.09182256886919195,0.6393243514000575,0.2704257537737382,0.3870741535674973,0.12122924539739798,0.3870741535674973,0.12122924539739798,0.19666666666666668,0.4029916858330637,0.48530180910987897,0.27124490165632653,0.8436377312561802,0.3205012161582006,0.7794912155718213,0.28399795115264087,0.7794912155718213,0.28399795115264087,0.58,0.6645714201000469
173,5,rbf,0.32421560600991084,0.001,-1.179563019674698,0.7239245682364255,0.11444731436185833,0.7195364844753988,0.26631048420138503,0.5372386709673919,0.12483291460210133,0.5372386709673919,0.12483291460210133,0.2433333333333333,0.45004469765241917,0.8632625616062453,0.07785528385456697,0.6360736637515759,0.27234682686325923,0.36443445162083854,0.10614411136529016,0.36443445162083854,0.10614411136529016,0.22666666666666668,0.4338546819586845,0.5510804672632915,0.2542414169218551,0.8164472160671831,0.31405948840986725,0.7131603462869555,0.26853621879053263,0.7131603462869555,0.26853621879053263,0.4766666666666666,0.6615985517503503
174,1,rbf,0.32421560600991084,0.01,-1.1347835667969377,0.3796029547134333,0.2756285420070793,0.7712609827422753,0.2413851673435288,0.8965108880639805,0.3091326859169624,0.8965108880639805,0.3091326859169624,0.5833333333333334,0.6675138295523757,0.4206549102004609,0.27868822099896257,0.7574628835449911,0.24256146461494812,0.8712107585095697,0.338458915780421,0.8712107585095697,0.338458915780421,0.7533333333333334,0.7219386416440462,0.36570157352724025,0.2833171588040837,0.8042023963435013,0.26669014300829763,0.9221446740540994,0.3355671080919468,0.9221446740540994,0.3355671080919468,0.8766666666666667,0.7850689990907381
174,2,rbf,0.32421560600991084,0.01,-1.1347835667969377,0.6271390108439402,0.20413343815316942,0.6706666101744718,0.22634428632732767,0.6338247243645715,0.2123992820546338,0.6338247243645715,0.2123992820546338,0.6866666666666669,0.7252744228950495,0.6604566716520335,0.2202456090575904,0.6486857480439213,0.23503233903472975,0.5960504254637468,0.22850601904618573,0.5960504254637468,0.22850601904618573,0.6033333333333333,0.6990058622088222,0.45952279412113495,0.28535816748297904,0.7578981106915736,0.2620590769331138,0.8128432752058946,0.31518597946839233,0.8128432752058946,0.31518597946839233,0.63,0.7071799263807352
174,3,rbf,0.32421560600991084,0.01,-1.1347835667969377,0.7355500853733639,0.15455330872803344,0.6330894080704811,0.23812610365156192,0.5187905740557411,0.1699061440422408,0.5187905740557411,0.1699061440422408,0.36,0.5449454259294039,0.771022702872619,0.15833832549889926,0.6046747732764942,0.24201455217347398,0.4768614992118532,0.17506713896056184,0.4768614992118532,0.17506713896056184,0.30333333333333334,0.4979151938130479,0.6424024134549295,0.23282635532420062,0.674827344723983,0.27693339302129794,0.6066480438813907,0.24862788142203313,0.6066480438813907,0.24862788142203313,0.4566666666666666,0.6495002499711942
174,4,rbf,0.32421560600991084,0.01,-1.1347835667969377,0.796529081627451,0.09810762825973188,0.6137461902293512,0.25166672848923854,0.45232121951956644,0.11965097623270442,0.45232121951956644,0.11965097623270442,0.28,0.4581823157682525,0.8527343192585168,0.08188606578961144,0.5718407563666829,0.25329231777506367,0.3777562156485939,0.1139948104326857,0.3777562156485939,0.1139948104326857,0.2833333333333333,0.4857154930922887,0.7570236571438115,0.1893514544769055,0.6232681994766464,0.2645349281435578,0.4873454016581463,0.2085360593436866,0.4873454016581463,0.2085360593436866,0.38666666666666666,0.6479321661671251
174,5,rbf,0.32421560600991084,0.01,-1.1347835667969377,0.7972161580350207,0.09392936174106734,0.6159682433870043,0.25264207059996,0.45354191672479305,0.11033383371872398,0.45354191672479305,0.11033383371872398,0.29999999999999993,0.5125998641139647,0.8746478352868076,0.07087148531185977,0.5616058605516905,0.26156465433796827,0.3471403641232798,0.10467050643778499,0.3471403641232798,0.10467050643778499,0.33999999999999997,0.5696944129425277,0.8755156709110173,0.06502348995446623,0.5583692751053282,0.2613849039411812,0.3470040670352772,0.09905620764002658,0.3470040670352772,0.09905620764002658,0.3266666666666666,0.5717084700375215
175,1,rbf,0.32421560600991084,0.01,-1.1952572818037848,0.36737617735509986,0.2278811535942116,0.8323025833596625,0.27880731786024554,0.9197018534139862,0.27676533789825464,0.9197018534139862,0.27676533789825464,0.7466666666666666,0.6714540749095531,0.4115033128364464,0.23552892215890955,0.8144221149703182,0.2829345050891771,0.8862955836347429,0.30316137516508734,0.8862955836347429,0.30316137516508734,0.6133333333333333,0.621862238504768,0.42514803502848,0.2735827864040169,0.835043175379285,0.290231357287368,0.9242406561413556,0.40462049629744823,0.9242406561413556,0.40462049629744823,0.67,0.6659967898856053
175,2,rbf,0.32421560600991084,0.01,-1.1952572818037848,0.5912897231953101,0.22401183578408923,0.7321161927556201,0.30983242204637385,0.6686773824251763,0.22513059661155388,0.6686773824251763,0.22513059661155388,0.36,0.3918127631654057,0.6457287642656341,0.22723144100611306,0.6968838749637469,0.3190935947134286,0.6071058961130252,0.2391896924932584,0.6071058961130252,0.2391896924932584,0.33,0.4111799673102295,0.540793969263268,0.21424682334716916,0.769569615530602,0.28859440017017285,0.7385027576146016,0.2689303171241892,0.7385027576146016,0.2689303171241892,0.5466666666666667,0.6306719642070525
175,3,rbf,0.32421560600991084,0.01,-1.1952572818037848,0.7229897875474577,0.15877460276921146,0.6944698464697687,0.29848584861340255,0.5354239065384596,0.16554306529357543,0.5354239065384596,0.16554306529357543,0.33666666666666667,0.4046994059736217,0.7921661309597604,0.16206749852371388,0.6492558104584233,0.3096370940294211,0.44671435584730473,0.18435171455091226,0.44671435584730473,0.18435171455091226,0.34,0.4492138727246475,0.6062046161073128,0.23619880254979206,0.7443466348369903,0.30031716183056323,0.6662872481714,0.3034913213103509,0.6662872481714,0.3034913213103509,0.46666666666666673,0.6188606513158891
175,4,rbf,0.32421560600991084,0.01,-1.1952572818037848,0.7332518522047606,0.14908329499568518,0.6959902222815352,0.3016016551579084,0.5229158590371624,0.15924230420177496,0.5229158590371624,0.15924230420177496,0.43666666666666665,0.5492837551558948,0.8524330841040157,0.09413241288154237,0.6300394342317129,0.31428616009781407,0.3747611365477957,0.12824425088737454,0.3747611365477957,0.12824425088737454,0.32,0.5033679671421569,0.7377768438935701,0.20964025277709974,0.6949845662228585,0.2932202240736258,0.5070752770407336,0.2256252030714692,0.5070752770407336,0.2256252030714692,0.3866666666666666,0.6398994173835574
175,5,rbf,0.32421560600991084,0.01,-1.1952572818037848,0.778710554901171,0.09204800982597382,0.6929094731183266,0.2906015587082325,0.4761137584559713,0.10922200639143834,0.4761137584559713,0.10922200639143834,0.3033333333333333,0.36717310897453126,0.895151901876907,0.05553205324944869,0.6138277447310352,0.31581895105341273,0.31671304507845033,0.09291459213692606,0.31671304507845033,0.09291459213692606,0.24666666666666662,0.49181811421628663,0.8863771911866928,0.068496117336227,0.6176590372147895,0.31768776954440975,0.3284125470670378,0.1048274287375404,0.3284125470670378,0.1048274287375404,0.23333333333333328,0.3906964015203103
176,1,rbf,0.32421560600991084,0.01,-1.1594953700082766,0.38481633999881004,0.27854064084357166,0.816335292476785,0.29283903361882174,0.9100549312357401,0.3443743701264541,0.9100549312357401,0.3443743701264541,0.5500000000000002,0.6112451960180729,0.40728521449052274,0.29290759839164876,0.807941472061112,0.29911656647111945,0.8808697758157841,0.35394177670666604,0.8808697758157841,0.35394177670666604,0.6066666666666667,0.6549194914108795,0.3217272770509017,0.2698461786168784,0.8614011977410406,0.30847704553535116,0.9954245319797193,0.347616639796513,0.9954245319797193,0.347616639796513,0.5866666666666666,0.5946504817136692
176,2,rbf,0.32421560600991084,0.01,-1.1594953700082766,0.5768261985185165,0.2552507913417604,0.7266715470660251,0.30105605951828174,0.6842600442163849,0.26495974644670106,0.6842600442163849,0.26495974644670106,0.26999999999999996,0.40526704690900395,0.6156909103156124,0.266153005639645,0.702042439673658,0.3160110208545471,0.635219681478208,0.28084066782750383,0.635219681478208,0.28084066782750383,0.3433333333333333,0.441535981533222,0.5451738930918772,0.2504681257051401,0.7563941948535091,0.2936651074841765,0.7123965180419611,0.2538290981721222,0.7123965180419611,0.2538290981721222,0.35333333333333333,0.45692626231745787
176,3,rbf,0.32421560600991084,0.01,-1.1594953700082766,0.7161878821451138,0.18286163818520654,0.6960618954071641,0.2761280778872926,0.5406809471974553,0.1979931794477279,0.5406809471974553,0.1979931794477279,0.3166666666666666,0.43792877182870993,0.7633644071464103,0.18708516491079097,0.6540369723897643,0.279956628634339,0.4761732266066428,0.2127153906181048,0.4761732266066428,0.2127153906181048,0.3866666666666666,0.5076880207733698,0.68375942866545,0.201235005199672,0.7131956440952931,0.300671379673941,0.5705600234502562,0.2106056761390024,0.5705600234502562,0.2106056761390024,0.39666666666666667,0.5261986863070491
176,4,rbf,0.32421560600991084,0.01,-1.1594953700082766,0.7698651261515089,0.14511353202321353,0.6721591917890185,0.25531037107961474,0.48357277704202634,0.15589832462877443,0.48357277704202634,0.15589832462877443,0.26,0.41985219073974767,0.8288044486910376,0.1578912810776804,0.6257762366536056,0.27409152371406725,0.39387305217592805,0.19078404662066517,0.39387305217592805,0.19078404662066517,0.24666666666666665,0.3936857957142046,0.7167990955759556,0.18327249962306655,0.695877598629204,0.3130152694879503,0.5345243926818852,0.20015907743471106,0.5345243926818852,0.20015907743471106,0.3133333333333333,0.4804691194162677
176,5,rbf,0.32421560600991084,0.01,-1.1594953700082766,0.7480433137887751,0.12785636804442646,0.6971872397981006,0.24487208086268641,0.5109743091768213,0.13476552471552883,0.5109743091768213,0.13476552471552883,0.32,0.4634205656740486,0.8588031002801343,0.13906352454112253,0.6165857793006534,0.2710718205261702,0.3559613489326784,0.17125781411984312,0.3559613489326784,0.17125781411984312,0.2833333333333333,0.49206344792273404,0.756373258357487,0.1787494982378349,0.6756786258991875,0.3090307869567293,0.4887193382584825,0.19569462664847848,0.4887193382584825,0.19569462664847848,0.22666666666666663,0.435441379983918
177,1,rbf,0.20456621780704987,0.1,-1.1338870274729493,0.4136612904652209,0.27793198645780215,0.774040300143463,0.3145409082739729,0.8908650262578455,0.3467965199120607,0.8908650262578455,0.3467965199120607,0.6933333333333334,0.773230274543919,0.4458823760333065,0.28848337690201026,0.788095471520245,0.3308330722785786,0.8659417494224347,0.3731573820663031,0.8659417494224347,0.3731573820663031,0.5633333333333334,0.6975243579152326,0.44243070249928257,0.28861152724374806,0.7863594407843315,0.3304748056072893,0.8506500530699757,0.3524650601445792,0.8506500530699757,0.3524650601445792,0.5466666666666667,0.702082288788063
177,2,rbf,0.20456621780704987,0.1,-1.1338870274729493,0.5954060910801332,0.258976781281688,0.6951931365876235,0.2938370851670822,0.6641413955767401,0.26889657873541456,0.6641413955767401,0.26889657873541456,0.6,0.7606712099555053,0.6191640608662052,0.268870656843845,0.7124961922135952,0.3275375282598047,0.6317892010611597,0.29388060018119305,0.6317892010611597,0.29388060018119305,0.39999999999999997,0.5681184917687992,0.6278905266240289,0.26883895631552096,0.7136709922712823,0.3290264975477756,0.6229020320444698,0.294327076569425,0.6229020320444698,0.294327076569425,0.5399999999999999,0.7122572181646082
177,3,rbf,0.20456621780704987,0.1,-1.1338870274729493,0.7024143613602608,0.2020622261914115,0.6618642545530891,0.2868933828209635,0.5509909736203448,0.21078573598299025,0.5509909736203448,0.21078573598299025,0.38333333333333336,0.5896131597589386,0.7504474708744308,0.2349400811559309,0.6690998054328559,0.3263911198029671,0.4835090869113535,0.2606374597451329,0.4835090869113535,0.2606374597451329,0.26,0.4522739481088105,0.7640200560013356,0.2095890491837931,0.6698024552743146,0.33157754999771655,0.47092895744111074,0.23387690868215033,0.47092895744111074,0.23387690868215033,0.32000000000000006,0.5261440736213767
177,4,rbf,0.20456621780704987,0.1,-1.1338870274729493,0.7873805964402903,0.09500011797354734,0.6582401902391886,0.2738246875880304,0.46553972865272353,0.1109027788921419,0.46553972865272353,0.1109027788921419,0.3799999999999999,0.5973504718395195,0.8459818437682735,0.12793581048910166,0.6417705811822246,0.33107782901240285,0.37794577147460073,0.1569054555809166,0.37794577147460073,0.1569054555809166,0.1733333333333333,0.3982144053693665,0.8471886943877293,0.11877937977856212,0.6434889277007305,0.3307464225939969,0.3786996238839064,0.14710072883312897,0.3786996238839064,0.14710072883312897,0.18,0.397752305526598
177,5,rbf,0.20456621780704987,0.1,-1.1338870274729493,0.7780198216606373,0.09132758821293015,0.6624838500052292,0.26800105251992784,0.47754756327209624,0.1062708442615615,0.47754756327209624,0.1062708442615615,0.30333333333333334,0.570228830856727,0.8675391248829858,0.11290305045352754,0.6341304632536852,0.3329083066081901,0.3493950924112974,0.1427457382894763,0.3493950924112974,0.1427457382894763,0.2033333333333333,0.4390297557532764,0.86646711861004,0.1115918989541575,0.6356998227939338,0.33477325995798846,0.3524026243159825,0.13896296688446072,0.3524026243159825,0.13896296688446072,0.20999999999999996,0.45889672792094705
178,1,rbf,0.20456621780704987,0.1,-1.1732948654672875,0.41751063785972653,0.26537305312776044,0.8419117369224092,0.33302586822283425,0.8946003523104363,0.35396985175992624,0.8946003523104363,0.35396985175992624,0.4799999999999999,0.6764002079976841,0.46049036977882507,0.2552166374564765,0.8373869055397879,0.3346623251771005,0.8480040317493296,0.34010968435904354,0.8480040317493296,0.34010968435904354,0.5533333333333332,0.6662987490521843,0.48052792907637437,0.2519273450948282,0.8370575153593108,0.34447727167890263,0.870063973087663,0.39482765789741886,0.870063973087663,0.39482765789741886,0.4266666666666667,0.6367662556761438
178,2,rbf,0.20456621780704987,0.1,-1.1732948654672875,0.5487890475619466,0.2493557435522139,0.7654786128348691,0.26952320583432826,0.710979163102124,0.25172402873457084,0.710979163102124,0.25172402873457084,0.5399999999999999,0.703978839807385,0.5942909308389864,0.21306405860442873,0.7658859441874287,0.27345437017846724,0.6621227750447097,0.2208049728500183,0.6621227750447097,0.2208049728500183,0.4066666666666668,0.5824640485180969,0.5942061114712728,0.2506824136733587,0.7859517227627275,0.358594256727761,0.6842988682043528,0.29701873230322584,0.6842988682043528,0.29701873230322584,0.49333333333333323,0.6079549287589492
178,3,rbf,0.20456621780704987,0.1,-1.1732948654672875,0.7013911069695716,0.13563525889784087,0.7183939332237302,0.24675913557878487,0.5595011239132194,0.14461472442571832,0.5595011239132194,0.14461472442571832,0.3633333333333333,0.569018109725343,0.7656371704766399,0.14366387258817134,0.710024461199516,0.29195375676194246,0.4804777317198645,0.16809515859102137,0.4804777317198645,0.16809515859102137,0.29333333333333333,0.46604227522709846,0.7636526078370847,0.14560503320160556,0.7108714510589343,0.29034044545965887,0.4832382857697101,0.1682148532977763,0.4832382857697101,0.1682148532977763,0.29666666666666663,0.4664490461386733
178,4,rbf,0.20456621780704987,0.1,-1.1732948654672875,0.7451793543052989,0.10802848065451522,0.7086470700675168,0.2547859432360947,0.5131115231400821,0.12340604116645575,0.5131115231400821,0.12340604116645575,0.36000000000000004,0.5308418817767452,0.8366632925149173,0.11580955913807262,0.6859174109247229,0.30335701350060595,0.39572035154870355,0.1400456451812252,0.39572035154870355,0.1400456451812252,0.26,0.4140631302857922,0.8341732580562201,0.11352264101073403,0.6868855317557608,0.30177727619597716,0.39922365590175474,0.13883339139231496,0.39922365590175474,0.13883339139231496,0.22000000000000003,0.37728613489791396
178,5,rbf,0.20456621780704987,0.1,-1.1732948654672875,0.7472377614984269,0.10119804577163538,0.7173068988957673,0.2686195046810403,0.5123403321992056,0.11413004065735499,0.5123403321992056,0.11413004065735499,0.30999999999999994,0.4333908007871147,0.8676201274489603,0.09298834752253393,0.6756233560349052,0.30273893468595825,0.35372243239729784,0.12391310094154817,0.35372243239729784,0.12391310094154817,0.21333333333333335,0.40320554639498474,0.8647100419775959,0.09229962752037434,0.6762743465236919,0.30373336762699704,0.3587085637686799,0.12180845383535586,0.3587085637686799,0.12180845383535586,0.20666666666666664,0.40678159295599414
179,1,rbf,0.32421560600991084,0.01,-1.1525203940551796,0.4371981046401975,0.2707904701993922,0.8235550521869182,0.28476865504136684,0.8488421498914573,0.3232569519430586,0.8488421498914573,0.3232569519430586,0.29333333333333333,0.32688006166275074,0.48263094005355595,0.2666637815138174,0.8132868685582326,0.279423781571501,0.8143749350997299,0.35287804969268116,0.8143749350997299,0.35287804969268116,0.3,0.30285993120753774,0.2205901816867684,0.20614761858539948,0.9670130656918551,0.29575395184151476,1.1211624365820223,0.300723414587654,1.1211624365820223,0.300723414587654,0.4533333333333333,0.39456071892617517
179,2,rbf,0.32421560600991084,0.01,-1.1525203940551796,0.6224066657295935,0.1996596404909123,0.738952727820864,0.2898402054495322,0.6493321047530878,0.23886462809593745,0.6493321047530878,0.23886462809593745,0.2866666666666667,0.35499716689819816,0.6872422920368081,0.20391701556550315,0.7171376594915028,0.2923451299693094,0.5742815685831675,0.2482835146421681,0.5742815685831675,0.2482835146421681,0.27666666666666667,0.33904870297422723,0.5251259344535227,0.2612158128085519,0.8141200041735297,0.29593684955961574,0.7520054658076598,0.32494437958288835,0.7520054658076598,0.32494437958288835,0.29000000000000004,0.4121850940101279
179,3,rbf,0.32421560600991084,0.01,-1.1525203940551796,0.7019740555198962,0.12336977043492382,0.7133625446712415,0.27799023193787137,0.5613668243013671,0.1289403639309892,0.5613668243013671,0.1289403639309892,0.24333333333333343,0.3738737877886097,0.7710471529004629,0.1587737796736491,0.6768669260986735,0.2929352612827523,0.47895688031409583,0.17442754471908353,0.47895688031409583,0.17442754471908353,0.25333333333333335,0.3989065514398193,0.6019973905605815,0.27806374215886176,0.7725604803986611,0.31341028523822784,0.6506017543194061,0.3056226609611769,0.6506017543194061,0.3056226609611769,0.26999999999999996,0.3975355113176944
179,4,rbf,0.32421560600991084,0.01,-1.1525203940551796,0.7700517584329475,0.09440949328034308,0.6837225660542443,0.29727791961351124,0.4871143147845832,0.10708018099388433,0.4871143147845832,0.10708018099388433,0.22333333333333336,0.39012229146621524,0.8692081985170133,0.0946119678501041,0.6279476502786456,0.32170302304350706,0.34980098873887716,0.12856409432713561,0.34980098873887716,0.12856409432713561,0.2033333333333334,0.4072475594925568,0.7912899237770112,0.1495405339169036,0.67885140668621,0.33259388022843894,0.4448213402402,0.18130847819360016,0.4448213402402,0.18130847819360016,0.20333333333333334,0.42057705295375347
179,5,rbf,0.32421560600991084,0.01,-1.1525203940551796,0.7736041898853158,0.07725280717492254,0.6895400579934048,0.30528628984093975,0.48530143540579085,0.08868195581492815,0.48530143540579085,0.08868195581492815,0.12000000000000005,0.16060231457944762,0.8900581187567306,0.06114938113920617,0.6105488287367773,0.3271328068617962,0.3234190060457887,0.09990758736964589,0.3234190060457887,0.09990758736964589,0.1366666666666667,0.25391192246095123,0.8320940382017116,0.12332155378673477,0.652842709563916,0.3211398225454907,0.3960796352763747,0.15768129757292662,0.3960796352763747,0.15768129757292662,0.2033333333333333,0.4139659600642956
180,1,rbf,0.20456621780704987,0.1,-1.1464846412832197,0.38485474971102435,0.30871593669991426,0.8206870156497754,0.3438912776883532,0.9083519356381512,0.36077271582290077,0.9083519356381512,0.36077271582290077,0.47333333333333333,0.46604227522709835,0.41479523222396314,0.32600230637835836,0.8407285017316329,0.35648874175244344,0.8722926186680529,0.3840507796313241,0.8722926186680529,0.3840507796313241,0.44333333333333347,0.4561331727295964,0.41847829763298544,0.3226982797218005,0.8402459677443558,0.35472175270244183,0.874248891848018,0.3865369385106668,0.874248891848018,0.3865369385106668,0.4466666666666667,0.45993502789530766
180,2,rbf,0.20456621780704987,0.1,-1.1464846412832197,0.6004774678742971,0.24854888265594396,0.7416543930615089,0.29252334277988756,0.6672849712147827,0.2764713227834158,0.6672849712147827,0.2764713227834158,0.33333333333333326,0.43654863720286435,0.6532138244296459,0.2624084677575902,0.7610144019178742,0.33793090332802195,0.6113670047982189,0.3334049480277216,0.6113670047982189,0.3334049480277216,0.26666666666666666,0.4011477785428769,0.6526323052969224,0.2645798195059683,0.7601262880708423,0.33879894594011645,0.6074288934073173,0.3201280515114198,0.6074288934073173,0.3201280515114198,0.23666666666666666,0.3123695129869081
180,3,rbf,0.20456621780704987,0.1,-1.1464846412832197,0.6899485959218582,0.1995532813670317,0.7262884583601564,0.28847716629142944,0.5682324521033671,0.21472754862069882,0.5682324521033671,0.21472754862069882,0.31333333333333324,0.46366853003748965,0.7488086268558231,0.1927895461778349,0.7267343085416601,0.34458655554229434,0.48909863492563754,0.21997838543074777,0.48909863492563754,0.21997838543074777,0.17999999999999997,0.2964153656029277,0.758805192316249,0.2185653773843677,0.7321619317055909,0.34364982046422027,0.4783421196532921,0.2617869185206232,0.4783421196532921,0.2617869185206232,0.22,0.3809244653154508
180,4,rbf,0.20456621780704987,0.1,-1.1464846412832197,0.7475510242640186,0.12855180835799335,0.7041835507864427,0.29177614916704897,0.506833442299567,0.14605970227502052,0.506833442299567,0.14605970227502052,0.24333333333333332,0.4174498386825558,0.831856846287314,0.13198573599926075,0.703508405796421,0.35165999158287986,0.39147133956678065,0.17313325616056782,0.39147133956678065,0.17313325616056782,0.1466666666666666,0.3411272725713294,0.833399718958734,0.1339918493512504,0.7020978644904493,0.35141172188681735,0.38884762229497033,0.17510643086598854,0.38884762229497033,0.17510643086598854,0.1466666666666666,0.3411272725713294
180,5,rbf,0.20456621780704987,0.1,-1.1464846412832197,0.7530982041759348,0.09186792354306032,0.7158863208308794,0.2827377151483903,0.5062039307614425,0.10794880739910338,0.5062039307614425,0.10794880739910338,0.24333333333333332,0.4124638611825394,0.8694896831081647,0.08022114743895588,0.6906791582655103,0.35782657275164015,0.34844271930938564,0.1270339032888974,0.34844271930938564,0.1270339032888974,0.11333333333333333,0.3234867511366108,0.869975703340092,0.0778777670685085,0.690842874260598,0.35718883104598803,0.34875578330579926,0.12350570008646433,0.34875578330579926,0.12350570008646433,0.12000000000000001,0.3231312320148709
181,1,rbf,0.32421560600991084,0.01,-1.209053619487555,0.3490249924431892,0.26938309302106533,0.8135612722057336,0.3115720696647736,0.9295735635915994,0.29000923141093954,0.9295735635915994,0.29000923141093954,0.41333333333333333,0.3329422993742965,0.39372318028119496,0.2913962407693001,0.7978841814978578,0.32271856408441313,0.8826517687092928,0.3151805088565947,0.8826517687092928,0.3151805088565947,0.38000000000000006,0.3633180424916989,0.30996572464506256,0.2419343129286994,0.8607766116374284,0.33712981276470955,1.0155213999804096,0.3305386113155051,1.0155213999804096,0.3305386113155051,0.9433333333333332,0.6821281775258318
181,2,rbf,0.32421560600991084,0.01,-1.209053619487555,0.5330526034607286,0.24051947016842773,0.7674476456031315,0.30183212459630465,0.7363871413873667,0.26190752166244113,0.7363871413873667,0.26190752166244113,0.3533333333333334,0.4264798441559277,0.5889040474495121,0.2765989613402266,0.7363914017431482,0.32522278688321105,0.6798257890567748,0.31334647601094334,0.6798257890567748,0.31334647601094334,0.3333333333333332,0.3526582142697856,0.39167495331811336,0.23722889847713724,0.8366395576906603,0.3443796554238215,0.9157465467523551,0.31524064688687486,0.9157465467523551,0.31524064688687486,0.7766666666666667,0.6866627608414749
181,3,rbf,0.32421560600991084,0.01,-1.209053619487555,0.6729957084377738,0.16605727558450004,0.7271471149421913,0.2869888397348387,0.5872406776299857,0.172672324615952,0.5872406776299857,0.172672324615952,0.18999999999999995,0.20231419743250503,0.7447017693136052,0.20623175972199217,0.676293560664115,0.316899514581934,0.49688708424913236,0.23054388619811159,0.49688708424913236,0.23054388619811159,0.16666666666666663,0.28324880415894305,0.5322192990893397,0.2621275147621283,0.7843716997291904,0.34621196441699215,0.7419929292491655,0.2967721701629495,0.7419929292491655,0.2967721701629495,0.6533333333333334,0.6745283580007045
181,4,rbf,0.32421560600991084,0.01,-1.209053619487555,0.7480364573202561,0.11682783469141339,0.7175848730665152,0.2797293920538315,0.5104968828237052,0.1265893678467904,0.5104968828237052,0.1265893678467904,0.24333333333333326,0.3979978628718686,0.8367138935123962,0.11373155269411711,0.6563683088099163,0.30978133299672084,0.39382492681058456,0.1441263940793062,0.39382492681058456,0.1441263940793062,0.17999999999999997,0.32947188671862593,0.7154397097457287,0.23356726034619554,0.7205808586766648,0.3371363257798362,0.5287270420685493,0.25022307452957737,0.5287270420685493,0.25022307452957737,0.26999999999999996,0.4340268544051481
181,5,rbf,0.32421560600991084,0.01,-1.209053619487555,0.7885487689400835,0.07828797175923011,0.7040377407080671,0.28325969561670156,0.4676666726011891,0.08880804701450191,0.4676666726011891,0.08880804701450191,0.15333333333333327,0.1888866351003697,0.8973850116692232,0.04790474404976046,0.6364491547184634,0.31946350462268597,0.3154090276523515,0.0824178015419766,0.3154090276523515,0.0824178015419766,0.14333333333333328,0.340064226523343,0.815591738322423,0.1526225176772484,0.6754099883110265,0.32163215537500583,0.41602073653857646,0.17846106257037692,0.41602073653857646,0.17846106257037692,0.16666666666666666,0.3536346578947937
182,1,rbf,0.20456621780704987,0.01,-1.1689161553995993,0.3530499485987507,0.2478796861779109,0.8794039919857075,0.39531903947140407,0.9545178284132175,0.32394369913992904,0.9545178284132175,0.32394369913992904,0.45333333333333325,0.5204330645843361,0.38934021970205046,0.25717595686408273,0.873017602981546,0.40066225152380275,0.9331965572893783,0.362885574783169,0.9331965572893783,0.362885574783169,0.48333333333333334,0.5350367910864561,0.4019543250960445,0.27204032259743205,0.8780460943289778,0.4008536279449148,0.8951135582527345,0.3272199459418974,0.8951135582527345,0.3272199459418974,0.45999999999999996,0.6195660327725506
182,2,rbf,0.20456621780704987,0.01,-1.1689161553995993,0.5737502892452354,0.2617440211357258,0.7639894127723404,0.34171776182364877,0.6910767587041631,0.28126332784031205,0.6910767587041631,0.28126332784031205,0.3499999999999999,0.5348219168645025,0.6218561268109077,0.2785874519128428,0.7512820090526835,0.34414731925408676,0.6335514626231414,0.3185968813896089,0.6335514626231414,0.3185968813896089,0.4033333333333333,0.5678048069984744,0.595369575840866,0.2827009422155577,0.7834715811795938,0.38830879039457983,0.659595067796683,0.28787643431259624,0.659595067796683,0.28787643431259624,0.41000000000000003,0.6081912131263801
182,3,rbf,0.20456621780704987,0.01,-1.1689161553995993,0.7027076718184335,0.19197380912323755,0.7080959085871098,0.34652020962788094,0.5539597393628722,0.19973310132214675,0.5539597393628722,0.19973310132214675,0.26333333333333336,0.3986903848708992,0.7682404004267148,0.20776065817667286,0.6801680521294154,0.35352022564232843,0.46521063496194853,0.23617328550598377,0.46521063496194853,0.23617328550598377,0.25999999999999995,0.43517733206685705,0.6817792036746501,0.21579053660759082,0.7570552340437864,0.3721850287494275,0.5707131277798687,0.22270386583930055,0.5707131277798687,0.22270386583930055,0.38999999999999996,0.5743662174293837
182,4,rbf,0.20456621780704987,0.01,-1.1689161553995993,0.7633518680524761,0.12638204144147838,0.6915016615355191,0.35472778626116735,0.4908020971828808,0.1379891431334664,0.4908020971828808,0.1379891431334664,0.3533333333333334,0.5049638657836089,0.8488603702002488,0.14769216186577477,0.6438749638496472,0.36775256998738626,0.3655104812019853,0.18193826188106352,0.3655104812019853,0.18193826188106352,0.18666666666666665,0.36740781938756617,0.7573050549488759,0.18827166973122572,0.7162197144777714,0.3835576415431203,0.4815181071254978,0.21132719338517392,0.4815181071254978,0.21132719338517392,0.3499999999999999,0.5463041971851114
182,5,rbf,0.20456621780704987,0.01,-1.1689161553995993,0.7890825481996541,0.07122943781807045,0.6957595547777407,0.3475883356633266,0.4670000769527997,0.0856519886340869,0.4670000769527997,0.0856519886340869,0.3733333333333333,0.5330027711213033,0.8823374605097477,0.07570663783263469,0.6424812059274135,0.36507490147721794,0.33360466482352796,0.11052063249242737,0.33360466482352796,0.11052063249242737,0.2866666666666667,0.4939170203470475,0.8109527567049594,0.11813885776294972,0.6930686236645858,0.37742490684959457,0.4277119349173974,0.1473525829576275,0.4277119349173974,0.1473525829576275,0.25,0.42730107289422026
183,1,rbf,0.20456621780704987,100.0,-1.1784539780284007,0.3551279970766144,0.2614778198533666,0.7482725877081118,0.3190349003510014,0.9313918908194463,0.3023755740179628,0.9313918908194463,0.3023755740179628,0.43666666666666665,0.5404234185010562,0.3751851488433005,0.27879177627882307,0.8681359112109386,0.34427580622966397,0.924205015740466,0.3403827783736354,0.924205015740466,0.3403827783736354,0.43,0.4480994347779027,0.373193992431923,0.2869418838166963,0.8681335951416906,0.3442686648553601,0.9153171777430112,0.33297090232848625,0.9153171777430112,0.33297090232848625,0.4133333333333333,0.45768030804024773
183,2,rbf,0.20456621780704987,100.0,-1.1784539780284007,0.5427605922770965,0.23435494648169297,0.6891335193818803,0.31045170409454087,0.7260615227279763,0.2684697576463558,0.7260615227279763,0.2684697576463558,0.36000000000000004,0.4657955745188862,0.4996318748337824,0.2601368883131321,0.8679440411053664,0.3442677961642253,0.760838033667656,0.26391823541693055,0.760838033667656,0.26391823541693055,0.4699999999999999,0.5120277470929709,0.5113589786187167,0.2423875315334363,0.8679326204689263,0.3442779659430799,0.7445805431593981,0.24725242436171263,0.7445805431593981,0.24725242436171263,0.4400000000000001,0.48608215567840535
183,3,rbf,0.20456621780704987,100.0,-1.1784539780284007,0.6586056508162805,0.19742902655096561,0.6488714545836017,0.2794949101376929,0.6003095326667053,0.20331437884800943,0.6003095326667053,0.20331437884800943,0.32,0.43023650272363234,0.7018018810853862,0.20756086610864477,0.8677522425151195,0.3443041497709393,0.5472585589361589,0.2206128014376727,0.5472585589361589,0.2206128014376727,0.36666666666666664,0.454353146362161,0.7033844421061656,0.20681838603732988,0.8677502807736915,0.34430332704904426,0.545507980986772,0.2199460274620831,0.545507980986772,0.2199460274620831,0.3266666666666666,0.4266415222475974
183,4,rbf,0.20456621780704987,100.0,-1.1784539780284007,0.7403431510108345,0.13319713688793713,0.6206480353349719,0.2674809223753521,0.517648147822987,0.14238477847432846,0.517648147822987,0.14238477847432846,0.27999999999999997,0.43422543009125,0.7852475139559746,0.15055257294449717,0.8676826438603302,0.3443019336546021,0.45603048428879356,0.17412625685818442,0.45603048428879356,0.17412625685818442,0.24999999999999997,0.3645970851265251,0.7873958849621815,0.14948355584342995,0.8676809231145515,0.3443015213966874,0.4537429357567812,0.17261350006299866,0.4537429357567812,0.17261350006299866,0.24999999999999997,0.3645970851265251
183,5,rbf,0.20456621780704987,100.0,-1.1784539780284007,0.7531776850292045,0.09709562374173072,0.6277084313703127,0.2668272697122173,0.506041031112433,0.11060743667571765,0.506041031112433,0.11060743667571765,0.29,0.4253598881920563,0.8094066084028796,0.1201413678680591,0.8676619438153881,0.34431634521980214,0.4308593966906393,0.14572034976562256,0.4308593966906393,0.14572034976562256,0.23666666666666666,0.3537808919942256,0.8108000134931422,0.11972131872019624,0.8676610856599145,0.3443177383420154,0.4290152407644767,0.1456610493582336,0.4290152407644767,0.1456610493582336,0.23666666666666666,0.3537808919942256
184,1,rbf,0.32421560600991084,0.001,-1.1493063800648862,0.388415257628007,0.26187256433340883,0.8858876668896143,0.28374752050602753,0.888937699025187,0.2879497882105482,0.888937699025187,0.2879497882105482,0.5466666666666669,0.6027141675919789,0.4272692649009927,0.2730150151695711,0.8642561689515648,0.2948330860311124,0.8531318691878752,0.3185305394375317,0.8531318691878752,0.3185305394375317,0.5333333333333334,0.594998309666294,0.22002922563987595,0.22455423937628025,0.9644403007128971,0.30796545685864013,1.1553214718523155,0.33927811844890815,1.1553214718523155,0.33927811844890815,0.6766666666666666,0.664718417612032
184,2,rbf,0.32421560600991084,0.001,-1.1493063800648862,0.562634464806709,0.19326120884615083,0.8414755938705788,0.28012518481915843,0.6974606034081898,0.1926529133014141,0.6974606034081898,0.1926529133014141,0.49333333333333335,0.641621509084242,0.6099118787197149,0.19047625128450235,0.7982902248870734,0.2964466182992263,0.6465459061573857,0.20263935977902214,0.6465459061573857,0.20263935977902214,0.6066666666666667,0.7524366548356279,0.28441301154922705,0.23492197036495382,0.952727935060032,0.27882035669213057,1.0472493322857133,0.32346596272840566,1.0472493322857133,0.32346596272840566,0.7899999999999999,0.735480138741189
184,3,rbf,0.32421560600991084,0.001,-1.1493063800648862,0.6749088314382621,0.17542905647058932,0.7974081987121909,0.2814608081005298,0.583917631438039,0.17999680320673941,0.583917631438039,0.17999680320673941,0.46333333333333326,0.631081902621278,0.7485984074436269,0.16977341653474123,0.7418001611855981,0.3042440991367471,0.4933088600926083,0.1982876972589655,0.4933088600926083,0.1982876972589655,0.46333333333333326,0.7232509619924391,0.3082990145169262,0.24040891751097082,0.950208972568587,0.2840413837660198,1.018791643558971,0.3296967258927165,1.018791643558971,0.3296967258927165,0.5800000000000001,0.6702547122626926
184,4,rbf,0.32421560600991084,0.001,-1.1493063800648862,0.7609759697444685,0.08049342066657675,0.7737864484581048,0.2874934191084129,0.4995788275027435,0.09185977531946875,0.4995788275027435,0.09185977531946875,0.2733333333333333,0.4653017807041327,0.8482652447020654,0.07947589234251488,0.7054997271699748,0.3150782877449432,0.38596137654964113,0.10689170222940547,0.38596137654964113,0.10689170222940547,0.36,0.6088995160859099,0.4011679248804488,0.27335674045276426,0.926984148311457,0.31650022731397104,0.9105159067507381,0.34919032989421683,0.9105159067507381,0.34919032989421683,0.5366666666666666,0.6708118258849693
184,5,rbf,0.32421560600991084,0.001,-1.1493063800648862,0.7580993009129966,0.09083164965918196,0.789069040808788,0.28232131897532947,0.5024020750223456,0.0993495894392194,0.5024020750223456,0.0993495894392194,0.2733333333333333,0.5258381377633585,0.8764910109030412,0.055677126998020514,0.7006366341129819,0.3159826361705676,0.3494394260384552,0.08142933945684581,0.3494394260384552,0.08142933945684581,0.21666666666666667,0.4749470629908961,0.547397212900972,0.24449291316563154,0.8591665155159423,0.3123495296315094,0.7231710092785913,0.26062289460363175,0.7231710092785913,0.26062289460363175,0.6099999999999999,0.783163346682036
185,1,rbf,0.20456621780704987,0.01,-1.1861591851357522,0.4397190239180256,0.2629401248822149,0.7804656604218075,0.34317162070572954,0.8464614783355202,0.3112626126719842,0.8464614783355202,0.3112626126719842,0.3666666666666666,0.4146733931523769,0.47477649598477906,0.2810513457388149,0.7746255949211963,0.3441619708758288,0.8140125948411394,0.35348720800916394,0.8140125948411394,0.35348720800916394,0.3333333333333334,0.4349659783234208,0.4511695336049875,0.2768521711146279,0.7996517556846794,0.35385060827174064,0.828210857715019,0.31203401677501696,0.828210857715019,0.31203401677501696,0.30333333333333334,0.3438958676926665
185,2,rbf,0.20456621780704987,0.01,-1.1861591851357522,0.6410429618245044,0.19237850412294782,0.7164668880792242,0.31406402544664497,0.6176910022826827,0.19904643454352547,0.6176910022826827,0.19904643454352547,0.2766666666666666,0.3626372114475248,0.688116523680252,0.20896768234069238,0.7011945270949022,0.3216790780181865,0.5601986030443368,0.2281928283886428,0.5601986030443368,0.2281928283886428,0.3533333333333334,0.5070083542352806,0.6428482614986443,0.2291486227694912,0.7483042812709761,0.32037552823142634,0.6098260913040262,0.24727523545780442,0.6098260913040262,0.24727523545780442,0.2866666666666667,0.3910492810757809
185,3,rbf,0.20456621780704987,0.01,-1.1861591851357522,0.6975284653079933,0.14090960322760981,0.7101592341164592,0.3003501647136703,0.5628793973646395,0.14986093933174116,0.5628793973646395,0.14986093933174116,0.1933333333333333,0.24344274032324717,0.7483289677782999,0.16087959059351942,0.6829948374709793,0.3127632422976471,0.4987271889835185,0.1828696125255823,0.4987271889835185,0.1828696125255823,0.22,0.35467323475034856,0.7213799044315808,0.18321751835635985,0.7108832369627243,0.3289831910239354,0.5239658167771223,0.20640773501338447,0.5239658167771223,0.20640773501338447,0.18999999999999997,0.27835724998765465
185,4,rbf,0.20456621780704987,0.01,-1.1861591851357522,0.738787257800886,0.14570844225289095,0.7001078653600359,0.30160062228996104,0.5151356836000366,0.15926936222068416,0.5151356836000366,0.15926936222068416,0.19,0.27082250199384633,0.8142642469860767,0.13648026309221975,0.6535394304203551,0.3168431302179176,0.41723996504424815,0.17033399518459277,0.41723996504424815,0.17033399518459277,0.22000000000000003,0.4286305377957041,0.7348463055019464,0.18681086415798082,0.6946879547375538,0.3216230415151704,0.5066225631153782,0.2125248790095526,0.5066225631153782,0.2125248790095526,0.18000000000000002,0.264444766412116
185,5,rbf,0.20456621780704987,0.01,-1.1861591851357522,0.7541282323566227,0.11763358198748344,0.6974954549868003,0.29974818550050975,0.5016728715514036,0.13247140156898657,0.5016728715514036,0.13247140156898657,0.14666666666666664,0.2096521475885848,0.8403278995390725,0.11679173743079024,0.6413269118312969,0.3167416046016056,0.3836284060795948,0.1576814129687759,0.3836284060795948,0.1576814129687759,0.14333333333333328,0.30021065401082825,0.7853956819860837,0.16801165256978087,0.6758984718788675,0.32350170559406477,0.44799243154519097,0.198644336453526,0.44799243154519097,0.198644336453526,0.16,0.2633995260907422
186,1,rbf,0.20456621780704987,0.1,-1.1931972602711065,0.35698544364755447,0.29226780628125,0.794481998688944,0.30714868781299026,0.9260643016441568,0.3246701274595599,0.9260643016441568,0.3246701274595599,0.7000000000000001,0.7230204842808087,0.3676322926459215,0.31845331901849244,0.8032360135035881,0.3251422335402675,0.918653790095176,0.3687932052759878,0.918653790095176,0.3687932052759878,0.57,0.5389325336830844,0.3660291613241975,0.29384899891482485,0.8092984273752152,0.3214549806554395,0.9135473848994753,0.32016077294479045,0.9135473848994753,0.32016077294479045,0.6966666666666667,0.6392254652329638
186,2,rbf,0.20456621780704987,0.1,-1.1931972602711065,0.6296966587947967,0.23820080635819615,0.6975594065449017,0.26373471548907895,0.635892693967494,0.2625142498035003,0.635892693967494,0.2625142498035003,0.43333333333333335,0.6277125046593759,0.64644469226001,0.25717553706768825,0.7124336682775522,0.3075964438741541,0.6089300910245652,0.27227909031019276,0.6089300910245652,0.27227909031019276,0.5166666666666666,0.6373887101416936,0.6500032204252851,0.2575763087096676,0.7159160979008324,0.3092645309155053,0.6067709337375711,0.27558187456834776,0.6067709337375711,0.27558187456834776,0.4699999999999999,0.6390456246191093
186,3,rbf,0.20456621780704987,0.1,-1.1931972602711065,0.7340757407011449,0.17597705607245162,0.6757381081111133,0.23861258603049978,0.5222454042502133,0.18552068454832174,0.5222454042502133,0.18552068454832174,0.39333333333333337,0.5698961389546364,0.7655284754084222,0.18783842353214805,0.6776555157373167,0.30323802365452124,0.47949836707147037,0.21294573066319206,0.47949836707147037,0.21294573066319206,0.47333333333333333,0.6351395900513326,0.7649032202507872,0.1977928462500015,0.6813884986415192,0.30673253474261036,0.4814747215005992,0.22818359251806553,0.4814747215005992,0.22818359251806553,0.49333333333333323,0.6741192636390058
186,4,rbf,0.20456621780704987,0.1,-1.1931972602711065,0.7955390301368419,0.11678714677499097,0.6504146209086671,0.24747629696607137,0.45322600801216867,0.13098062894841356,0.45322600801216867,0.13098062894841356,0.32,0.5287591199180888,0.8366572828625067,0.1126478961247499,0.6517712572419411,0.3078156120642942,0.3924405774008675,0.14719782590181377,0.3924405774008675,0.14719782590181377,0.35666666666666663,0.5992428172477235,0.8423074930195699,0.10516886106229376,0.6515222273626035,0.3133465614450825,0.3872196571989364,0.13728885888403058,0.3872196571989364,0.13728885888403058,0.41000000000000003,0.6326463303539703
186,5,rbf,0.20456621780704987,0.1,-1.1931972602711065,0.829130339224179,0.07332272109172086,0.6462936187421925,0.24817408898416632,0.4137086568996369,0.09902800151388393,0.4137086568996369,0.09902800151388393,0.21999999999999992,0.35467323475034856,0.8780637502322458,0.08733019560057668,0.6381675590846397,0.3114554438186952,0.336905518142503,0.12376003018649931,0.336905518142503,0.12376003018649931,0.29333333333333333,0.5349401083674975,0.8824753930009627,0.08508755550368567,0.6365014490862726,0.3121046615069837,0.33039945503853496,0.12169341450372065,0.33039945503853496,0.12169341450372065,0.29,0.5287265116654649
187,1,rbf,0.20456621780704987,0.01,-1.21044352637546,0.34642274041462234,0.23986299382680287,0.931260847285414,0.3195590287363128,0.9512263793997592,0.3057677070932424,0.9512263793997592,0.3057677070932424,0.8666666666666667,0.7126121609641692,0.4009683578798368,0.27927055681055346,0.9018561469523244,0.32592417358966813,0.8754319338585402,0.32640448928839755,0.8754319338585402,0.32640448928839755,0.5333333333333334,0.49503279817035134,0.3204479004594146,0.20519562056656168,0.9643655055181194,0.32037138180785507,1.007588388741626,0.2919949430337317,1.007588388741626,0.2919949430337317,0.7266666666666667,0.7542675521523414
187,2,rbf,0.20456621780704987,0.01,-1.21044352637546,0.5204665905506028,0.21202073781409544,0.8508609097580243,0.31637525327566457,0.7439213177699564,0.21546378542055997,0.7439213177699564,0.21546378542055997,0.5966666666666669,0.704411387116116,0.5981279993288162,0.24769962125594172,0.8046407922301068,0.34432596996342485,0.6526360197408677,0.26785152948268764,0.6526360197408677,0.26785152948268764,0.41999999999999993,0.588627860894037,0.5079327237183725,0.26495449713887537,0.8757457346342039,0.3243633972055701,0.7596141055692243,0.2798133002329661,0.7596141055692243,0.2798133002329661,0.4699999999999999,0.6114708101979505
187,3,rbf,0.20456621780704987,0.01,-1.21044352637546,0.7146814623353229,0.13627646713745825,0.7921385713561125,0.29948156668422443,0.5450477492088762,0.14498253938215383,0.5450477492088762,0.14498253938215383,0.37,0.596628458289897,0.8004695695666122,0.1429606368475593,0.7376898537651153,0.3243966249923789,0.4338764089018527,0.17604695269153822,0.4338764089018527,0.17604695269153822,0.23333333333333328,0.4285769019902266,0.7541160199431175,0.17598894453251382,0.7678165654045443,0.3316500695612236,0.4883699831592628,0.19840372701387196,0.4883699831592628,0.19840372701387196,0.3266666666666666,0.575915063980393
187,4,rbf,0.20456621780704987,0.01,-1.21044352637546,0.7350516495772192,0.10394678747954327,0.7801644298144582,0.3076728626345468,0.525771774803494,0.11646020523387597,0.525771774803494,0.11646020523387597,0.4533333333333333,0.6765701193791975,0.8609396983678689,0.09256126673871357,0.7095109848304569,0.33745052914374374,0.36195217750238773,0.12861846206164002,0.36195217750238773,0.12861846206164002,0.24666666666666662,0.4431340836495812,0.8043745752806826,0.12889600979195395,0.74403362487673,0.32953048565042586,0.43536343759223645,0.15449519232360856,0.43536343759223645,0.15449519232360856,0.2766666666666666,0.5354233473799404
187,5,rbf,0.20456621780704987,0.01,-1.21044352637546,0.7499263302698629,0.0934831767400532,0.7830450487706095,0.3050393638732285,0.5106554612597406,0.10521840705430405,0.5106554612597406,0.10521840705430405,0.45333333333333337,0.6714540749095531,0.8868282481566298,0.06302092179293448,0.7026661050420879,0.3394548446112954,0.3308643213832163,0.09273459219131815,0.3308643213832163,0.09273459219131815,0.16999999999999996,0.42030366690500465,0.8289045907531526,0.11385304407508495,0.7359065035601868,0.3316490499544758,0.40581077925491377,0.14087652554411575,0.40581077925491377,0.14087652554411575,0.19333333333333333,0.4290593828632449
188,1,rbf,0.5138471068547622,0.001,-1.1724035917686353,0.3713807211051056,0.28260557741586584,0.9780191436774361,0.35714814476550943,0.9086185002121635,0.30713000540831115,0.9086185002121635,0.30713000540831115,0.4533333333333333,0.5412204174177884,0.407042794976119,0.30068383276610555,0.9671639861252239,0.3633288209845038,0.8731901330101816,0.33722722864907,0.8731901330101816,0.33722722864907,0.41333333333333333,0.4833313515615337,0.26082076420635913,0.21419878222822855,1.0735234745681628,0.38916784648433705,1.1049533310292974,0.33832344622278426,1.1049533310292974,0.33832344622278426,0.6066666666666667,0.5023622359333493
188,2,rbf,0.5138471068547622,0.001,-1.1724035917686353,0.5660555683309352,0.25469147345987314,0.8938848848840393,0.3780084718559932,0.6975572384165509,0.26421695214520224,0.6975572384165509,0.26421695214520224,0.30666666666666664,0.3657145422823402,0.6224416440666414,0.2801787914583037,0.8607700106644933,0.38020510156979115,0.6284175867255672,0.30436363254446364,0.6284175867255672,0.30436363254446364,0.30666666666666664,0.3867934790069487,0.35368619099177717,0.2624336302195088,1.0491313820601917,0.38692028794290106,0.9926050696144285,0.3760667441770776,0.9926050696144285,0.3760667441770776,0.6633333333333334,0.675422388064573
188,3,rbf,0.5138471068547622,0.001,-1.1724035917686353,0.7112083153618295,0.13024599224118005,0.8412303896934009,0.3925589649198504,0.5497745445797373,0.13790832040084794,0.5497745445797373,0.13790832040084794,0.23666666666666666,0.37918545488375777,0.7898319033154803,0.14636127820399972,0.7964109419599429,0.4084321850597813,0.44932101468156643,0.1727680528706767,0.44932101468156643,0.1727680528706767,0.2,0.33425160871869336,0.433307012836964,0.2465794492975791,0.9959191412792249,0.41232906596601415,0.8554474686188094,0.30573305886849933,0.8554474686188094,0.30573305886849933,0.3766666666666666,0.49248373565535897
188,4,rbf,0.5138471068547622,0.001,-1.1724035917686353,0.7279055810896725,0.09751525278173208,0.8514625594191542,0.39143545488838805,0.5349635423646516,0.10783650771449528,0.5349635423646516,0.10783650771449528,0.20999999999999996,0.40116210499342864,0.8678373391248342,0.10445112188570246,0.7588483343155455,0.4197026496269683,0.35077346199406423,0.1349128427393953,0.35077346199406423,0.1349128427393953,0.15333333333333327,0.31919438822019464,0.506987307058337,0.2576680526696157,0.969641827021412,0.42565738968125,0.781956116022822,0.3280723463219464,0.781956116022822,0.3280723463219464,0.3233333333333333,0.4832956782795375
188,5,rbf,0.5138471068547622,0.001,-1.1724035917686353,0.7182158543469211,0.10720069355287144,0.8624166017209596,0.38649769912830506,0.5449615412130037,0.11528180819056828,0.5449615412130037,0.11528180819056828,0.16999999999999998,0.34556300887602004,0.8933952510073211,0.06519584405439187,0.749662416046119,0.4239845398082382,0.3178577232706905,0.10089609279296424,0.3178577232706905,0.10089609279296424,0.11,0.23393190874917952,0.7041410513829046,0.2534113599122151,0.8425997368862704,0.4226730036785786,0.5306019026148623,0.2786140839457221,0.5306019026148623,0.2786140839457221,0.22999999999999995,0.4735413174268374
189,1,rbf,0.32421560600991084,0.01,-1.2000114853040331,0.31500198865790274,0.241782298025999,0.8754827061898468,0.3089033553310825,0.994443886948255,0.3117287125857586,0.994443886948255,0.3117287125857586,0.4133333333333333,0.432102584669614,0.35974756453327317,0.28122228714982317,0.8569328386101432,0.30860351807747377,0.9500277296558178,0.37559973572998145,0.9500277296558178,0.37559973572998145,0.37666666666666676,0.3626372114475248,0.3561482631352076,0.2271997846996226,0.9161050846082286,0.4226417150961751,0.9469336792879121,0.29863544295042216,0.9469336792879121,0.29863544295042216,0.58,0.5938768013421755
189,2,rbf,0.32421560600991084,0.01,-1.2000114853040331,0.5119326702658176,0.23452890887215425,0.7919679165333081,0.3155505872992262,0.7558829191917545,0.2500041803870797,0.7558829191917545,0.2500041803870797,0.38999999999999996,0.4964355707058763,0.5661181155364202,0.2835578053190513,0.7581713234825236,0.31156245506445024,0.6864263259769867,0.3166771426558524,0.6864263259769867,0.3166771426558524,0.36333333333333334,0.5122521828656026,0.47377771964097903,0.20704648981548213,0.84759295702053,0.4118786694357109,0.7946663314020178,0.22620654872499865,0.7946663314020178,0.22620654872499865,0.51,0.6535579018223885
189,3,rbf,0.32421560600991084,0.01,-1.2000114853040331,0.6784222032326045,0.18123140242510186,0.7337130043582248,0.2997089945926883,0.579163635846354,0.1883625920075867,0.579163635846354,0.1883625920075867,0.3133333333333333,0.46958039474240915,0.7512265789319682,0.1795391062933362,0.6928742662445704,0.3282530009216333,0.49042691130255883,0.20327519407474082,0.49042691130255883,0.20327519407474082,0.38666666666666666,0.5360991502050481,0.5922323701860931,0.19557496350107187,0.7972510728525817,0.419378356297042,0.6658943961469656,0.2007793535138064,0.6658943961469656,0.2007793535138064,0.39666666666666667,0.6429904988483076
189,4,rbf,0.32421560600991084,0.01,-1.2000114853040331,0.7607336790988181,0.11003103360900492,0.7112279856316704,0.3130119270874608,0.49598951928901436,0.12248424392482644,0.49598951928901436,0.12248424392482644,0.3033333333333333,0.48670839059057164,0.8537876631767701,0.09134743811259592,0.6565278308686134,0.3448876421800299,0.3734476585618704,0.1259605350260357,0.3734476585618704,0.1259605350260357,0.28,0.4964702998374522,0.7396740111048145,0.1834821148232209,0.7291931020917412,0.37713373988576315,0.5044574933049496,0.20512200607481232,0.5044574933049496,0.20512200607481232,0.31999999999999995,0.5856914569622992
189,5,rbf,0.32421560600991084,0.01,-1.2000114853040331,0.7888879631002491,0.07899290419037225,0.7103383543233917,0.3128506354548391,0.4663319754050896,0.09307604629111092,0.4663319754050896,0.09307604629111092,0.19333333333333336,0.3990794003905639,0.8971689079075102,0.07078914972728378,0.6386747731245551,0.3538860018719934,0.308610771375137,0.11093715414563196,0.308610771375137,0.11093715414563196,0.18,0.4444291185097016,0.8689148655108162,0.09996283371042398,0.6529812602495714,0.3493687400574345,0.34729770832192147,0.13783287690419335,0.34729770832192147,0.13783287690419335,0.20666666666666667,0.4298623142302687
190,1,rbf,0.20456621780704987,0.1,-1.1453410886314652,0.4359984047530637,0.2690922393380648,0.8588889481135902,0.33036969093410123,0.8556838286965368,0.3247287375127243,0.8556838286965368,0.3247287375127243,0.6966666666666669,0.6620153833681601,0.4592806161149529,0.2843680232774554,0.8495988561882982,0.3518380694149734,0.8220053954207138,0.3264234915065345,0.8220053954207138,0.3264234915065345,0.6633333333333333,0.6244905970045719,0.4686100879649758,0.27932583832941715,0.8532836660898017,0.35552148624190866,0.8307976924329137,0.3526598811032823,0.8307976924329137,0.3526598811032823,0.7133333333333334,0.621862238504768
190,2,rbf,0.20456621780704987,0.1,-1.1453410886314652,0.6095378651632009,0.2556351266736085,0.7789108334236017,0.33827701606862637,0.6502470691478623,0.2661108468984944,0.6502470691478623,0.2661108468984944,0.59,0.638073609417035,0.6313623123424367,0.2555494946723126,0.7709450376823741,0.35802908412381307,0.6242206917589975,0.26892961823247136,0.6242206917589975,0.26892961823247136,0.49,0.5504543577809154,0.6298233914795386,0.2566404086366971,0.7754267512291783,0.35690120448530643,0.6255973215039318,0.2706715118896675,0.6255973215039318,0.2706715118896675,0.51,0.5523304857757186
190,3,rbf,0.20456621780704987,0.1,-1.1453410886314652,0.7188351581428856,0.19556652597056587,0.7341070573450621,0.34526865119035227,0.5323523370876937,0.20651634456778323,0.5323523370876937,0.20651634456778323,0.52,0.6183403816557729,0.7567937356860581,0.1976404763257412,0.7264119083658299,0.36544424728953223,0.4795587587464511,0.22565329056301375,0.4795587587464511,0.22565329056301375,0.36,0.49591434188048905,0.7539059586895802,0.19668848988123452,0.729550415780734,0.3641919969536535,0.4832686414659418,0.22412366210250081,0.4832686414659418,0.22412366210250081,0.36,0.49799598391954925
190,4,rbf,0.20456621780704987,0.1,-1.1453410886314652,0.7629252600860228,0.13734093736951122,0.7353673300612386,0.3552212549091605,0.48858632910585015,0.15173456264028348,0.48858632910585015,0.15173456264028348,0.5166666666666666,0.59716764430292,0.824434711674641,0.13785830855694392,0.7072459784971051,0.368283508923173,0.4069736012445964,0.16638416805380657,0.4069736012445964,0.16638416805380657,0.37666666666666665,0.5190730021964111,0.8240946719868151,0.1340654522286765,0.7076992561575332,0.37093223353063953,0.40509634635859576,0.16788887656812115,0.40509634635859576,0.16788887656812115,0.37,0.5173873357286722
190,5,rbf,0.20456621780704987,0.1,-1.1453410886314652,0.7785605924494496,0.0915439037143282,0.7345011295896205,0.35539000751192107,0.4760245168899376,0.10998013524854694,0.4760245168899376,0.10998013524854694,0.4066666666666666,0.5323554253039737,0.8731309597954628,0.07393775142534854,0.6937218777135183,0.37648857544894687,0.34719766860327433,0.1127451159462744,0.34719766860327433,0.1127451159462744,0.24999999999999994,0.4599475232436098,0.8762566823770577,0.07476957855214866,0.6932409621963379,0.37748902133346135,0.3421401388331048,0.11358417608768259,0.3421401388331048,0.11358417608768259,0.24333333333333335,0.4598975398134205
191,1,rbf,0.32421560600991084,0.001,-1.1284100341136942,0.42317927041785924,0.24783532474989511,0.8367344940083256,0.304087584104962,0.9059505579305556,0.36265709789474593,0.9059505579305556,0.36265709789474593,0.6,0.6308177506084928,0.47499790422497296,0.23557263970414102,0.8218998359478946,0.3114543364920181,0.8738855995961414,0.3857645117312792,0.8738855995961414,0.3857645117312792,0.5566666666666666,0.5911317802395633,0.26459103916849813,0.23545252471351513,0.9359904976413145,0.327688984153976,1.1732737937095792,0.3838312501442397,1.1732737937095792,0.3838312501442397,0.5733333333333334,0.4926587497225244
191,2,rbf,0.32421560600991084,0.001,-1.1284100341136942,0.5707194944296666,0.2595848056404712,0.747426672471883,0.2824716918943431,0.6895621532891473,0.2662149434713464,0.6895621532891473,0.2662149434713464,0.2966666666666667,0.42546796413566457,0.6172582049344524,0.25536605487516795,0.7233707423156155,0.28197572856868136,0.6395920598693003,0.2664882698170927,0.6395920598693003,0.2664882698170927,0.28,0.41804141025699265,0.3012384769849735,0.24904154310314072,0.8971607712963615,0.3069841584492028,1.0173584576259755,0.3262647813179061,1.0173584576259755,0.3262647813179061,0.5566666666666665,0.6201686830228522
191,3,rbf,0.32421560600991084,0.001,-1.1284100341136942,0.7101246646682037,0.2024768650860352,0.6907606228320283,0.27773609953473954,0.5424225951439341,0.21616691626069062,0.5424225951439341,0.21616691626069062,0.30999999999999994,0.4474833843958286,0.772389320034414,0.20852775609384572,0.6574713961959293,0.28837095160694437,0.46090111829708486,0.23610473906201462,0.46090111829708486,0.23610473906201462,0.2066666666666667,0.3551913843834474,0.30866552579975476,0.23579688812906027,0.8969750905085313,0.29604581268425856,0.9821373446742624,0.2795574697851702,0.9821373446742624,0.2795574697851702,0.52,0.5622614436669855
191,4,rbf,0.32421560600991084,0.001,-1.1284100341136942,0.7888337316660597,0.12969295761915958,0.6741055490125653,0.26887881201585995,0.4581056765447264,0.14635184704577617,0.4581056765447264,0.14635184704577617,0.30999999999999994,0.43656180192104727,0.8585708824438039,0.11484184581027003,0.6344193898982246,0.27865150909307174,0.3605701322752234,0.14874676467218467,0.3605701322752234,0.14874676467218467,0.17666666666666667,0.323433448181073,0.3525081130959716,0.259289584491947,0.8864299570356713,0.2947540877160577,0.9215234053650462,0.28086637559647015,0.9215234053650462,0.28086637559647015,0.48666666666666664,0.5587753439956628
191,5,rbf,0.32421560600991084,0.001,-1.1284100341136942,0.7921700742776264,0.11388726771111189,0.6769613408158985,0.2729572043715013,0.4562320067557501,0.13171936730188555,0.4562320067557501,0.13171936730188555,0.2966666666666667,0.44137975933885215,0.8839022680716109,0.07470375343633102,0.6319256574242313,0.2783774850095274,0.3323447924220135,0.10652604797069204,0.3323447924220135,0.10652604797069204,0.20666666666666667,0.36477043639029716,0.39610413418754736,0.28642121428428907,0.8668043446519621,0.2947903206472042,0.8705554391834478,0.30353262926073904,0.8705554391834478,0.30353262926073904,0.4066666666666666,0.584827315115964
192,1,rbf,0.20456621780704987,0.1,-1.1927104863048525,0.40249037854673325,0.2212265803894419,0.8097092713209213,0.2560562998157981,0.8821236941600288,0.2653598903748876,0.8821236941600288,0.2653598903748876,0.30333333333333334,0.3448971194262222,0.4462761354531454,0.23273056639349957,0.8156765656632504,0.269383330006746,0.8386297085329179,0.2833166335192206,0.8386297085329179,0.2833166335192206,0.30333333333333334,0.3537808919942256,0.4397989686970848,0.2304502341855694,0.8165760356391442,0.2700501550975785,0.8436279638755729,0.27920402278253004,0.8436279638755729,0.27920402278253004,0.30999999999999994,0.3526745104835726
192,2,rbf,0.20456621780704987,0.1,-1.1927104863048525,0.5899802319619829,0.2553107289431923,0.7178948487293293,0.23894632999929777,0.6732490259768753,0.2648015780730993,0.6732490259768753,0.2648015780730993,0.32999999999999996,0.4921101642855017,0.6371737850188343,0.2607355034971248,0.7381840909965481,0.2562789804249321,0.6181330053220341,0.2807041535166507,0.6181330053220341,0.2807041535166507,0.25,0.37760588832346315,0.639378435696091,0.26617090129740845,0.7392086010230128,0.25790186198728393,0.6141483278644123,0.2840282640493725,0.6141483278644123,0.2840282640493725,0.2433333333333333,0.37016616337227143
192,3,rbf,0.20456621780704987,0.1,-1.1927104863048525,0.7109057771805642,0.18448550085870474,0.6719310981629458,0.23220285241244035,0.5449386850724098,0.19054548171219773,0.5449386850724098,0.19054548171219773,0.26999999999999996,0.4713516880134232,0.7842426405384193,0.17238924937248998,0.6891897238869855,0.25489995858289605,0.44815115351681667,0.20384419933811831,0.44815115351681667,0.20384419933811831,0.2033333333333333,0.3846030944101789,0.7840981672474784,0.17122215306076724,0.6900864758922264,0.25497429708403213,0.44842879088955,0.20305106625248484,0.44842879088955,0.20305106625248484,0.2033333333333333,0.37183916928706146
192,4,rbf,0.20456621780704987,0.1,-1.1927104863048525,0.7467888258234431,0.14345862077013358,0.668222422247825,0.22833812748474971,0.5094676708813185,0.1507492081510656,0.5094676708813185,0.1507492081510656,0.2266666666666667,0.3814069537486386,0.8402325805202653,0.13993259770296068,0.6714442535869564,0.2566327975887879,0.38131276150530513,0.17174973927232004,0.38131276150530513,0.17174973927232004,0.15999999999999998,0.33589817833220914,0.8457158274287416,0.13414970208387206,0.670303121844341,0.25363163902954255,0.37314115656273134,0.16998358674007624,0.37314115656273134,0.16998358674007624,0.16333333333333336,0.3468909530866052
192,5,rbf,0.20456621780704987,0.1,-1.1927104863048525,0.769680365832408,0.10415860668240648,0.667382897648679,0.2271370414078373,0.48625953834371766,0.11753697266879265,0.48625953834371766,0.11753697266879265,0.20333333333333334,0.3800937573386547,0.8823666569603803,0.09674057276607241,0.6610823093473144,0.2574057437549749,0.32607681944402983,0.13660022829548635,0.32607681944402983,0.13660022829548635,0.15,0.3277404355636458,0.8850274291134238,0.09463052839047852,0.6609986457691942,0.2561307655184156,0.3225201436763897,0.1342145088393697,0.3225201436763897,0.1342145088393697,0.15666666666666665,0.349071016718151
193,1,rbf,0.32421560600991084,0.01,-1.1556005904796314,0.41398709680171475,0.2509523557443641,0.8675148971140075,0.3218524978396687,0.881809132791195,0.3196137010508565,0.881809132791195,0.3196137010508565,0.5233333333333333,0.4304635299008647,0.4600734166937619,0.27414372131736175,0.8588629399173292,0.32995423852296374,0.8557664611623366,0.3852982082844925,0.8557664611623366,0.3852982082844925,0.4633333333333333,0.384603094410179,0.28388454816275754,0.22956732323328308,0.9428217724405434,0.3103285114354424,1.0192945445320352,0.28825919738318645,1.0192945445320352,0.28825919738318645,0.5166666666666667,0.4449589933321119
193,2,rbf,0.32421560600991084,0.01,-1.1556005904796314,0.6348924542820285,0.268172957832203,0.728889187098104,0.2755972411109179,0.6225802820548795,0.2852622334103093,0.6225802820548795,0.2852622334103093,0.2866666666666667,0.40063168512542396,0.6775529604610023,0.2811083968338842,0.7144623832112469,0.29222259558778413,0.5776921347827836,0.33889701335306427,0.5776921347827836,0.33889701335306427,0.3166666666666666,0.41112405488580595,0.4341473131245441,0.23668906904854947,0.8761030448468864,0.3106227684340756,0.8417883950747014,0.2623846130938307,0.8417883950747014,0.2623846130938307,0.5700000000000001,0.5200464170264699
193,3,rbf,0.32421560600991084,0.01,-1.1556005904796314,0.7409765962152758,0.18833916232753178,0.6865060650055562,0.290677529154588,0.5099358445599854,0.2038777389547767,0.5099358445599854,0.2038777389547767,0.2566666666666666,0.29558047312357094,0.8032660639205882,0.2127371444158201,0.6562647273659878,0.3118594445701836,0.4271832077669063,0.2497877784440388,0.4271832077669063,0.2497877784440388,0.19999999999999998,0.30399637021426473,0.7045036018759172,0.21879404339365138,0.746475844340077,0.34400759423451766,0.5524593916221519,0.2508297157374926,0.5524593916221519,0.2508297157374926,0.4,0.44489440823948173
193,4,rbf,0.32421560600991084,0.01,-1.1556005904796314,0.8104088732613537,0.0774590564129762,0.659622359894048,0.29617451182141435,0.43842342134908,0.0983953159551405,0.43842342134908,0.0983953159551405,0.22999999999999998,0.28665731072676914,0.8799935044991265,0.06767962065231717,0.6290587568904126,0.31565321315253164,0.3394067498907599,0.10187689942878776,0.3394067498907599,0.10187689942878776,0.22999999999999998,0.4194824397294592,0.8424469565086697,0.1038697629918624,0.6547871263778227,0.3199131757405342,0.38680322075557544,0.13743748487647345,0.38680322075557544,0.13743748487647345,0.2333333333333333,0.36514837167011077
193,5,rbf,0.32421560600991084,0.01,-1.1556005904796314,0.7617127976041572,0.11676559549754534,0.6820144655548918,0.30050947204235356,0.4938665035890149,0.12917760180709434,0.4938665035890149,0.12917760180709434,0.21333333333333332,0.29211869733608864,0.8967663026086115,0.06614214048310585,0.6188230547747207,0.319740430869973,0.3107815687952791,0.10550917571650108,0.3107815687952791,0.10550917571650108,0.16,0.2554239207872764,0.8662626211395605,0.09715574870873833,0.6378989665513703,0.3258914363675343,0.35290983582692437,0.13268623640105578,0.35290983582692437,0.13268623640105578,0.1566666666666667,0.2595531084228313
194,1,rbf,0.20456621780704987,0.1,-1.1497340255400423,0.38666766482120835,0.2401934703141819,0.838019118750729,0.27994519108929494,0.9093951620495367,0.303231420862143,0.9093951620495367,0.303231420862143,0.3533333333333334,0.3082020534440457,0.4158543677306849,0.2704157519660172,0.8389277729908334,0.30529153795961217,0.8810025549699583,0.3442463860576015,0.8810025549699583,0.3442463860576015,0.3733333333333333,0.36571454228234024,0.41299732258109934,0.29467906211907713,0.8383400219209206,0.31511585118653884,0.8525504076262077,0.3047237949543184,0.8525504076262077,0.3047237949543184,0.38333333333333336,0.4355601493228702
194,2,rbf,0.20456621780704987,0.1,-1.1497340255400423,0.6279834978312682,0.21388356315937615,0.7643945296770477,0.24964398090062528,0.6332165464113939,0.21675045183481984,0.6332165464113939,0.21675045183481984,0.22333333333333336,0.268692021278732,0.6944544250819116,0.2516504133361962,0.7473398670705426,0.3010284004455034,0.5490059678783553,0.26657570823046933,0.5490059678783553,0.26657570823046933,0.21666666666666667,0.330186293637012,0.6898050440879776,0.24920244156861976,0.7502090132770378,0.3014176306910508,0.5549144058099956,0.2629096020165548,0.5549144058099956,0.2629096020165548,0.23,0.28905315106037344
194,3,rbf,0.20456621780704987,0.1,-1.1497340255400423,0.7151448262427132,0.1680986740660359,0.7420507470383679,0.2571700436036352,0.5410872595245835,0.17767255082306768,0.5410872595245835,0.17767255082306768,0.2066666666666667,0.3279332704759575,0.791692195336316,0.19509246787985152,0.7130525335401809,0.3207068939340391,0.43884302659949215,0.21632706487334996,0.43884302659949215,0.21632706487334996,0.18000000000000002,0.33671844372535875,0.7868532696003687,0.19288581903271815,0.7140480190069476,0.32034574846419195,0.44578367144348297,0.21471958817631986,0.44578367144348297,0.21471958817631986,0.17666666666666667,0.31914036835324316
194,4,rbf,0.20456621780704987,0.1,-1.1497340255400423,0.7308470803841691,0.13128597279183424,0.7521581933624842,0.2513966667610748,0.5274071162960926,0.14181213892190958,0.5274071162960926,0.14181213892190958,0.20999999999999996,0.3744881564353469,0.8477840809441594,0.13470227002460097,0.6977175684310555,0.3293870890988803,0.37516955242589944,0.16065036196481355,0.37516955242589944,0.16065036196481355,0.13,0.269290254891094,0.838647447603319,0.13512518499999582,0.700820041549176,0.3268703984204875,0.3871256517486504,0.16284634326609249,0.3871256517486504,0.16284634326609249,0.14666666666666667,0.3170264139254595
194,5,rbf,0.20456621780704987,0.1,-1.1497340255400423,0.7663760645213625,0.09852343604938692,0.7450913661131557,0.24032749926756422,0.49151459149536675,0.10871199783813225,0.49151459149536675,0.10871199783813225,0.13333333333333333,0.23537692930823684,0.8850846889047947,0.1006467854355776,0.6896577716218725,0.32900919632744147,0.3251134382633196,0.13000836851415187,0.3251134382633196,0.13000836851415187,0.10000000000000002,0.29125175743142995,0.8856370839913817,0.09976024139312115,0.6895159983919259,0.3292476525285848,0.3253020485823086,0.12704892031238932,0.3253020485823086,0.12704892031238932,0.10333333333333333,0.2918234389836256
195,1,rbf,0.32421560600991084,0.01,-1.1890649251935497,0.3934066213869324,0.22244969428812472,0.8270421247983614,0.3528732967879151,0.873095767285014,0.2390182531292419,0.873095767285014,0.2390182531292419,0.6233333333333334,0.656365821744264,0.4120305827416825,0.2447344442868998,0.8140682375843536,0.3593206459039171,0.8482881087020062,0.25263288789004285,0.8482881087020062,0.25263288789004285,0.5800000000000001,0.6211224544711581,0.2756980283741802,0.23837838995935087,0.900746867339119,0.3847540356503343,1.020397244606041,0.2834200897202038,1.020397244606041,0.2834200897202038,0.6666666666666666,0.6707347146758281
195,2,rbf,0.32421560600991084,0.01,-1.1890649251935497,0.5498991812157665,0.20929333838061923,0.7819905373593952,0.3643332526058171,0.7087438023958155,0.21369321744028325,0.7087438023958155,0.21369321744028325,0.41,0.5737655414467866,0.5918661592084519,0.21518006760533936,0.7629823124653902,0.3638883958204753,0.6659429029332473,0.22298960026538114,0.6659429029332473,0.22298960026538114,0.44333333333333336,0.6009666542664659,0.44947355503481545,0.3000252291161874,0.8278716916115819,0.39332250034853655,0.8156434820503101,0.3235490229933617,0.8156434820503101,0.3235490229933617,0.5733333333333334,0.6585948120329993
195,3,rbf,0.32421560600991084,0.01,-1.1890649251935497,0.705418745329508,0.19202058532405716,0.7296408725171695,0.38369703117581394,0.5471304901117049,0.2047082131480545,0.5471304901117049,0.2047082131480545,0.3433333333333333,0.5083328622571777,0.7489556752970613,0.18601840986059537,0.7036359654600156,0.3861556828343406,0.49297660374993585,0.21033755080175026,0.49297660374993585,0.21033755080175026,0.33666666666666667,0.5242290453170475,0.6066363767107193,0.29033625127574425,0.7781526823414973,0.4025595385499794,0.6484410520300227,0.310517594459109,0.6484410520300227,0.310517594459109,0.4133333333333333,0.5191062168456626
195,4,rbf,0.32421560600991084,0.01,-1.1890649251935497,0.7926242771551123,0.10652796699309393,0.7065081041246942,0.38252719655421286,0.45796057809767227,0.12057355912793748,0.45796057809767227,0.12057355912793748,0.2933333333333333,0.47411138901676086,0.849662133835998,0.10640095935143092,0.6684123259781747,0.39366980800085094,0.3763769852544289,0.13870604214426197,0.3763769852544289,0.13870604214426197,0.26,0.4620792587633753,0.7318530698989626,0.25706138867953554,0.7349131063257078,0.4039458174570729,0.5064356319252664,0.2831917127895049,0.5064356319252664,0.2831917127895049,0.2433333333333333,0.4368250129674616
195,5,rbf,0.32421560600991084,0.01,-1.1890649251935497,0.786642906922092,0.0944334612338196,0.7144683185571631,0.38455420019781744,0.46704402593203376,0.10857780555445223,0.46704402593203376,0.10857780555445223,0.29,0.4373509598354227,0.8708170971634872,0.08418019676057041,0.6605703928220692,0.39164574878706143,0.35130656553425327,0.11387258494654659,0.35130656553425327,0.11387258494654659,0.22666666666666663,0.45632212860814814,0.8585100485122363,0.09833032905604851,0.6671429652981719,0.3913116307987202,0.365313281329638,0.13136918269458642,0.365313281329638,0.13136918269458642,0.23,0.4395530645459364
196,1,rbf,0.32421560600991084,0.1,-1.1992998955986374,0.4161910485519744,0.2796929915594824,0.811924696219807,0.260314020934529,0.8569681973542949,0.299408488121362,0.8569681973542949,0.299408488121362,0.4799999999999999,0.5473446874653591,0.4661664322572856,0.2595279571196516,0.8000576784936194,0.2604309591959779,0.802704259729374,0.283462390824598,0.802704259729374,0.283462390824598,0.4,0.46830582403765403,0.4382450539853721,0.2885166747939819,0.8109642244631436,0.2742007222087865,0.8328663919237075,0.30705083215206386,0.8328663919237075,0.30705083215206386,0.42,0.4780708358997975
196,2,rbf,0.32421560600991084,0.1,-1.1992998955986374,0.6291988622946418,0.21271760969241932,0.748617807275025,0.2270258066168747,0.6335199127801289,0.22520637401821503,0.6335199127801289,0.22520637401821503,0.35666666666666663,0.4717416982682975,0.6546867265160876,0.23027497466205046,0.7318280520317441,0.2529548821548178,0.5999451324320219,0.23676071550721717,0.5999451324320219,0.23676071550721717,0.3166666666666666,0.44650623298219927,0.6622714981688489,0.23048165938737003,0.7411333351986334,0.2545902581360488,0.5923658487136686,0.2445625905427618,0.5923658487136686,0.2445625905427618,0.34666666666666657,0.4673722088541373
196,3,rbf,0.32421560600991084,0.1,-1.1992998955986374,0.7506280440605242,0.13542195207870564,0.704314980010595,0.2243392004084161,0.5052620037847664,0.14728729717974123,0.5052620037847664,0.14728729717974123,0.3033333333333333,0.5068382951901567,0.7954990763638273,0.16072364501407446,0.6897543717230242,0.25153657172938043,0.44145614596683963,0.18410167740383043,0.44145614596683963,0.18410167740383043,0.2766666666666666,0.45081025394002666,0.7993217805795021,0.15561742953012703,0.6902292200746991,0.25137076608039344,0.43796352627939233,0.17884608951380992,0.43796352627939233,0.17884608951380992,0.2766666666666666,0.4658572619437709
196,4,rbf,0.32421560600991084,0.1,-1.1992998955986374,0.7752416709594439,0.0719709372933028,0.6905280990988143,0.23176362728963537,0.4830260092528022,0.0884582983293618,0.4830260092528022,0.0884582983293618,0.20000000000000004,0.4025778999364488,0.8524273336722498,0.0986254426155853,0.6731066142142599,0.259392538848436,0.3730007704222881,0.13468945707755464,0.3730007704222881,0.13468945707755464,0.26666666666666666,0.46337095687813773,0.8533822029744393,0.0977123858033003,0.67285731934232,0.26034377531747294,0.37172763235795875,0.1340877352383322,0.37172763235795875,0.1340877352383322,0.26666666666666666,0.4641145320398562
196,5,rbf,0.32421560600991084,0.1,-1.1992998955986374,0.7667603414708749,0.07119161582016144,0.7000175062553466,0.23217104771717736,0.4938845381636662,0.08283052058877323,0.4938845381636662,0.08283052058877323,0.21,0.3977089561389126,0.8677209296739403,0.08305485144368505,0.6686713777982507,0.25955572114764025,0.35304821399968045,0.12234815105355669,0.35304821399968045,0.12234815105355669,0.24666666666666667,0.4681094282126874,0.8679830806399024,0.08292060951509084,0.6686227354237626,0.2595894199686953,0.3526165701328586,0.12241063752780688,0.3526165701328586,0.12241063752780688,0.25,0.4673845053722566
197,1,rbf,0.32421560600991084,0.001,-1.0904941589494368,0.4788764620810835,0.27524394252704,0.7910344964005515,0.23551432429810676,0.799156385346663,0.3092881088306242,0.799156385346663,0.3092881088306242,0.27999999999999997,0.35757805996106257,0.4982254758779821,0.28416972788270145,0.7811517156723977,0.2321881872220884,0.7760154406836772,0.32180795738760765,0.7760154406836772,0.32180795738760765,0.27999999999999997,0.35757805996106257,0.3051784617123331,0.28919152748258103,0.9015735622500326,0.276718568065742,1.0401034816426964,0.39390944252539295,1.0401034816426964,0.39390944252539295,0.3933333333333333,0.3703989771838613
197,2,rbf,0.32421560600991084,0.001,-1.0904941589494368,0.6299670634409238,0.24148142576485848,0.7196677382518701,0.2535097205341306,0.629242050970296,0.25622831840366905,0.629242050970296,0.25622831840366905,0.21666666666666665,0.30181443640586264,0.6632875351729542,0.2487774541711567,0.7016460631310409,0.25836311497249875,0.5903642693831065,0.28163064149791944,0.5903642693831065,0.28163064149791944,0.1933333333333333,0.32898310755640825,0.3158472931655441,0.27319131366121513,0.8965452738932995,0.28238884235101935,1.0019828700581965,0.36136619736145215,1.0019828700581965,0.36136619736145215,0.3933333333333333,0.3590536731881253
197,3,rbf,0.32421560600991084,0.001,-1.0904941589494368,0.7361479936833332,0.1279403562224368,0.6643842760768696,0.24466087922451502,0.5217004003215938,0.13958850287937727,0.5217004003215938,0.13958850287937727,0.13999999999999999,0.1610311599745795,0.7895724050101268,0.13850057852070058,0.626155789842004,0.2603691309400404,0.44971994241392577,0.16992013873588976,0.44971994241392577,0.16992013873588976,0.11999999999999997,0.16273524086899444,0.4014143569092202,0.2940010010135822,0.8821481882574459,0.2892017196617174,0.9323811939118861,0.39968161379767975,0.9323811939118861,0.39968161379767975,0.37,0.3724568940576003
197,4,rbf,0.32421560600991084,0.001,-1.0904941589494368,0.7542425785189695,0.10981966253318795,0.6552264239187127,0.25106749631375513,0.5042169444810508,0.12000006300640638,0.5042169444810508,0.12000006300640638,0.12000000000000001,0.18643663987975959,0.8291172032821429,0.10462435668196367,0.6014906829656359,0.27264769153137924,0.4048907748207424,0.13904650699261417,0.4048907748207424,0.13904650699261417,0.18666666666666665,0.32027287216321987,0.4644169816447617,0.29473785345419734,0.8233147048897457,0.26526963680496635,0.800453128696888,0.3175095644047303,0.800453128696888,0.3175095644047303,0.32000000000000006,0.4029203737541786
197,5,rbf,0.32421560600991084,0.001,-1.0904941589494368,0.7375873897628947,0.10405252549492706,0.6749676417452055,0.25570468005047536,0.5235804855155152,0.11421191894700462,0.5235804855155152,0.11421191894700462,0.11999999999999998,0.18457780342511765,0.8467487824513569,0.09627128283217723,0.5926946102215669,0.2795678280379711,0.38064499365739685,0.13555550829666624,0.38064499365739685,0.13555550829666624,0.13666666666666663,0.22358109434191084,0.4751282666893246,0.2834540800927636,0.8147591688331826,0.2688880980746082,0.7868655475858327,0.30017799548681434,0.7868655475858327,0.30017799548681434,0.41666666666666663,0.45794393071440626
198,1,rbf,0.32421560600991084,0.1,-1.1894674419454356,0.44686593625324883,0.223589179311009,0.7801002728360531,0.25773828766213264,0.8404848788130688,0.27846861782201277,0.8404848788130688,0.27846861782201277,0.4133333333333333,0.502911065925065,0.46473158175824303,0.26032352025385747,0.7879541601862791,0.2828095930395417,0.8153503695354486,0.3013512555756344,0.8153503695354486,0.3013512555756344,0.39666666666666667,0.485999385080733,0.47747384606218024,0.2545619044672253,0.789419015587138,0.2906587692741517,0.8103404107029709,0.3121814689826873,0.8103404107029709,0.3121814689826873,0.36000000000000004,0.43833540928663606
198,2,rbf,0.32421560600991084,0.1,-1.1894674419454356,0.567791076158641,0.20892362251344163,0.7208364206052297,0.2477849898925116,0.6929043480893664,0.21038411570205723,0.6929043480893664,0.21038411570205723,0.32333333333333325,0.4492778368811928,0.6029242451380302,0.23498623394668744,0.7299324847848808,0.29612172768484457,0.6504562176587901,0.24581876594794827,0.6504562176587901,0.24581876594794827,0.3666666666666666,0.5005743827281597,0.6138201603187927,0.24671288498055785,0.7355329182619742,0.2654811622658429,0.64638202620266,0.25712286824392694,0.64638202620266,0.25712286824392694,0.30333333333333334,0.42627766030858444
198,3,rbf,0.32421560600991084,0.1,-1.1894674419454356,0.7348457014832228,0.14805854972535953,0.6626405917744579,0.2228222950792831,0.5207209054548564,0.1583926460004297,0.5207209054548564,0.1583926460004297,0.3333333333333333,0.4505424572081153,0.7638535251210155,0.16819777064935842,0.6759996099653817,0.27880894170693593,0.47917046939704805,0.18845886068003115,0.47917046939704805,0.18845886068003115,0.30999999999999994,0.46708929959174134,0.7695661197559514,0.15789546905866206,0.6761386049883884,0.2818989062666357,0.47444534200405725,0.1786086011895259,0.47444534200405725,0.1786086011895259,0.2966666666666667,0.4671877222445941
198,4,rbf,0.32421560600991084,0.1,-1.1894674419454356,0.7978248842863589,0.08543867624072699,0.6400063307724155,0.21544933375682115,0.4542872115683623,0.10088999059732122,0.4542872115683623,0.10088999059732122,0.2533333333333333,0.40405985672433725,0.8266634460787345,0.11643536349845325,0.6546213878053214,0.28081507920260335,0.4065422735247671,0.14738064706482804,0.4065422735247671,0.14738064706482804,0.21666666666666665,0.40606041111054453,0.8283611685145789,0.11439805870429196,0.654032069742147,0.28257889308987777,0.40453934476908293,0.1458348130897367,0.40453934476908293,0.1458348130897367,0.1733333333333333,0.38230997834248304
198,5,rbf,0.32421560600991084,0.1,-1.1894674419454356,0.7846633180968425,0.0856614772291877,0.6546434419452306,0.20555565119519048,0.4699349629731305,0.10250179109124254,0.4699349629731305,0.10250179109124254,0.26666666666666666,0.4618802153517006,0.8425359072649944,0.10723998883407707,0.6494644922750411,0.2827733927735843,0.38515532020422133,0.1427689134898865,0.38515532020422133,0.1427689134898865,0.16666666666666663,0.3826705915133738,0.8424650143672245,0.1071220255387129,0.649570826482612,0.28280137661760785,0.3853769693902513,0.1423935332619062,0.3853769693902513,0.1423935332619062,0.16666666666666663,0.3826705915133738
199,1,rbf,0.20456621780704987,0.1,-1.182634029141155,0.331611764856408,0.2873868527371107,0.8583198629563216,0.35022574050863936,0.9575957669240205,0.3310776559264773,0.9575957669240205,0.3310776559264773,0.3466666666666666,0.3617327393430731,0.3625429366757911,0.2912542232233917,0.8501672704866474,0.35473207786644373,0.9223228500097282,0.3499744573098668,0.9223228500097282,0.3499744573098668,0.34999999999999987,0.35887756052486186,0.37860033344253086,0.2628330110575879,0.8555895358893325,0.3482546192983229,0.9438914589707909,0.3699562675891338,0.9438914589707909,0.3699562675891338,0.33666666666666667,0.3652899965906477
199,2,rbf,0.20456621780704987,0.1,-1.182634029141155,0.5508667568492874,0.28990568405892553,0.7822330214428036,0.3278328123065709,0.7085895936742374,0.3067126880941042,0.7085895936742374,0.3067126880941042,0.3299999999999999,0.38609450335020495,0.5785178863735182,0.2874630265103052,0.7841491253034528,0.32743528298357194,0.6706775673852248,0.31892834476945353,0.6706775673852248,0.31892834476945353,0.2699999999999999,0.3514992519735015,0.5823065051386996,0.2919062036008188,0.7856987919974949,0.3304975151481653,0.6680578607372966,0.3123621530984869,0.6680578607372966,0.3123621530984869,0.2733333333333333,0.3600127711655503
199,3,rbf,0.20456621780704987,0.1,-1.182634029141155,0.6982294850283851,0.18020582614668879,0.7312408429208443,0.33550798586752534,0.5527016146948881,0.19844991601609488,0.5527016146948881,0.19844991601609488,0.2633333333333333,0.4567375563737876,0.7402387158990884,0.19625769829930095,0.7369902707644854,0.3337989188530079,0.5000859086775568,0.219663286930212,0.5000859086775568,0.219663286930212,0.23999999999999996,0.4575798404047403,0.7444669242700381,0.1899734022552124,0.7373234098474977,0.3390610452171788,0.4948545250787297,0.21650272622394845,0.4948545250787297,0.21650272622394845,0.13999999999999999,0.204433616238318
199,4,rbf,0.20456621780704987,0.1,-1.182634029141155,0.7535932410278665,0.15545662066213686,0.7094829684033417,0.34066671124518333,0.4940149862266684,0.17527588973225391,0.4940149862266684,0.17527588973225391,0.13333333333333333,0.15387709679981693,0.8138349126601654,0.1300117483856213,0.7147796438684265,0.3382081916277325,0.42094583424700677,0.16073283095074112,0.42094583424700677,0.16073283095074112,0.13,0.3415481992542094,0.8141967122158807,0.1319363265011774,0.71366759234287,0.34169394220883176,0.4204279013249517,0.16165405348185585,0.4204279013249517,0.16165405348185585,0.07666666666666667,0.06789105539243624
199,5,rbf,0.20456621780704987,0.1,-1.182634029141155,0.7797465275655929,0.11722486317112962,0.7165852516639284,0.3349115487422585,0.46957514011523854,0.1386055642726671,0.46957514011523854,0.1386055642726671,0.15666666666666665,0.18879533405494833,0.8536506895526277,0.10891744293801711,0.7048904523639123,0.34310912256966025,0.36954309935597823,0.14319462200838953,0.36954309935597823,0.14319462200838953,0.06666666666666667,0.1493279966205689,0.8567367162975353,0.10525447742384224,0.7046910580732202,0.34353271737671015,0.3651923987491305,0.14107630193137372,0.3651923987491305,0.14107630193137372,0.07333333333333333,0.14840144374549435
