N_obs,SNR,L,rep,oracle_l2_to_rkhs_mean_cos2
15,0.5,1,0,0.9375964802412824
15,0.5,2,0,0.9855521633810433
15,0.5,3,0,0.9306948784629506
15,0.5,1,1,0.6091996809505161
15,0.5,2,1,0.934675837852386
15,0.5,3,1,0.9026680698900565
15,0.5,1,2,0.9488612533150648
15,0.5,2,2,0.7871057490441884
15,0.5,3,2,0.9773217781332021
15,0.5,1,3,0.9618970714237605
15,0.5,2,3,0.8780711395808636
15,0.5,3,3,0.9789085980921243
15,0.5,1,4,0.6765043275628684
15,0.5,2,4,0.8140971092175739
15,0.5,3,4,0.8870969700720005
15,0.5,1,5,0.8271569659892577
15,0.5,2,5,0.5864954758143374
15,0.5,3,5,0.9835341600444544
15,0.5,1,6,0.0034105796121132407
15,0.5,2,6,0.7169724310388016
15,0.5,3,6,0.8385549247521643
15,0.5,1,7,0.9792383378383537
15,0.5,2,7,0.9024205092054811
15,0.5,3,7,0.7296826101468761
15,0.5,1,8,0.95494425373864
15,0.5,2,8,0.7656087316495099
15,0.5,3,8,0.7336411140395832
15,0.5,1,9,0.7595842602471117
15,0.5,2,9,0.6271237429387324
15,0.5,3,9,0.9815830997983332
15,0.5,1,10,0.9274125021318423
15,0.5,2,10,0.8975315573471727
15,0.5,3,10,0.9985332791531323
15,0.5,1,11,0.8977256947545688
15,0.5,2,11,0.8962547923216133
15,0.5,3,11,0.9989144709933568
15,0.5,1,12,0.681369054000235
15,0.5,2,12,0.8868580484018909
15,0.5,3,12,0.9169320245266688
15,0.5,1,13,0.7941951962302228
15,0.5,2,13,0.9074716386150419
15,0.5,3,13,0.8755187343993778
15,0.5,1,14,0.26913282339293837
15,0.5,2,14,0.7737566605071639
15,0.5,3,14,0.9125835170473905
15,0.5,1,15,0.14940699076664468
15,0.5,2,15,0.9069235263128093
15,0.5,3,15,0.694103277870132
15,0.5,1,16,0.05193706313562354
15,0.5,2,16,0.8192074841340233
15,0.5,3,16,0.9303304120272063
15,0.5,1,17,0.7022604748410036
15,0.5,2,17,0.9251723961938247
15,0.5,3,17,0.9656912625626535
15,0.5,1,18,0.2868036614051075
15,0.5,2,18,0.6815430843423961
15,0.5,3,18,0.9642527580969382
15,0.5,1,19,0.9820710620353347
15,0.5,2,19,0.7253621344370618
15,0.5,3,19,0.9838771677470589
15,0.5,1,20,0.7102852575735352
15,0.5,2,20,0.49798349021157645
15,0.5,3,20,0.9555258399245922
15,0.5,1,21,0.9294662335477812
15,0.5,2,21,0.9078087332453247
15,0.5,3,21,0.8936758304342739
15,0.5,1,22,0.9332086641910092
15,0.5,2,22,0.9540643589724715
15,0.5,3,22,0.9116987801219164
15,0.5,1,23,0.2999454735816164
15,0.5,2,23,0.8774971023333487
15,0.5,3,23,0.9914954045758079
15,0.5,1,24,0.7096388980551075
15,0.5,2,24,0.6628714138812295
15,0.5,3,24,0.8300135413022313
15,0.5,1,25,0.7404358855633674
15,0.5,2,25,0.925632524950639
15,0.5,3,25,0.8625983286247446
15,0.5,1,26,0.002685697940324049
15,0.5,2,26,0.9619477541962718
15,0.5,3,26,0.9711756755760476
15,0.5,1,27,0.4311389407877863
15,0.5,2,27,0.7668781283051282
15,0.5,3,27,0.7176241456322789
15,0.5,1,28,0.8725638237178106
15,0.5,2,28,0.7088020014413448
15,0.5,3,28,0.8045715893230315
15,0.5,1,29,0.35396282129999806
15,0.5,2,29,0.896871108218189
15,0.5,3,29,0.8262219917844629
15,0.5,1,30,0.9238093299114752
15,0.5,2,30,0.943842062734713
15,0.5,3,30,0.9450838144388324
15,0.5,1,31,0.7862738204903396
15,0.5,2,31,0.7690162898603818
15,0.5,3,31,0.8706185961557934
15,0.5,1,32,0.4928249372559403
15,0.5,2,32,0.8083885196660012
15,0.5,3,32,0.6698442276336313
15,0.5,1,33,0.5397721349064751
15,0.5,2,33,0.49890398711450545
15,0.5,3,33,0.7009145244797801
15,0.5,1,34,0.8619434998621402
15,0.5,2,34,0.764119329682815
15,0.5,3,34,0.7793560447324822
15,0.5,1,35,0.9338762314871354
15,0.5,2,35,0.9783215493891814
15,0.5,3,35,0.9146827821225716
15,0.5,1,36,0.040018681934190344
15,0.5,2,36,0.973024355514085
15,0.5,3,36,0.7681687873081091
15,0.5,1,37,0.2223908577871223
15,0.5,2,37,0.6633254779351445
15,0.5,3,37,0.8289905788496527
15,0.5,1,38,0.7819667836050175
15,0.5,2,38,0.5075026150834578
15,0.5,3,38,0.9541959980037221
15,0.5,1,39,0.9250691200530584
15,0.5,2,39,0.9232286968336442
15,0.5,3,39,0.9983223708379608
15,0.5,1,40,0.5502750787015371
15,0.5,2,40,0.9057900958165499
15,0.5,3,40,0.6705824820379811
15,0.5,1,41,0.7018135984058017
15,0.5,2,41,0.86876510521034
15,0.5,3,41,0.9086896950188548
15,0.5,1,42,0.9190458374044508
15,0.5,2,42,0.9603786747625901
15,0.5,3,42,0.9584052340069835
15,0.5,1,43,0.770457286517766
15,0.5,2,43,0.9077903554774063
15,0.5,3,43,0.739403036460803
15,0.5,1,44,0.794236444830938
15,0.5,2,44,0.5645797357769942
15,0.5,3,44,0.9818649038907301
15,0.5,1,45,0.2574092588665867
15,0.5,2,45,0.9481653227301956
15,0.5,3,45,0.978644994327614
15,0.5,1,46,0.9750184644101002
15,0.5,2,46,0.8769757988475688
15,0.5,3,46,0.979506625535755
15,0.5,1,47,0.6967423544141685
15,0.5,2,47,0.7757646217689738
15,0.5,3,47,0.8075192844563382
15,0.5,1,48,0.6305970028118841
15,0.5,2,48,0.8929066826510695
15,0.5,3,48,0.7442878824521147
15,0.5,1,49,0.8913702366126675
15,0.5,2,49,0.7674510467866824
15,0.5,3,49,0.8841690559878281
15,0.5,1,50,0.5585502482007845
15,0.5,2,50,0.9466650366544804
15,0.5,3,50,0.9971081170868449
15,0.5,1,51,0.5543319617359522
15,0.5,2,51,0.8535459805632927
15,0.5,3,51,0.7242404283325086
15,0.5,1,52,0.8848796036867604
15,0.5,2,52,0.6599521541778309
15,0.5,3,52,0.6859181589638227
15,0.5,1,53,0.9394854264808792
15,0.5,2,53,0.8972307857648103
15,0.5,3,53,0.6674648269705131
15,0.5,1,54,0.8004745480316133
15,0.5,2,54,0.6496779931349214
15,0.5,3,54,0.9807141167981787
15,0.5,1,55,0.9101545732463107
15,0.5,2,55,0.9740145256532419
15,0.5,3,55,0.7347776256586768
15,0.5,1,56,0.8899941537892686
15,0.5,2,56,0.9377283498468056
15,0.5,3,56,0.7922895136635564
15,0.5,1,57,0.7056632910314192
15,0.5,2,57,0.6210675865350537
15,0.5,3,57,0.9706139174782233
15,0.5,1,58,0.8082806666261838
15,0.5,2,58,0.885274830973773
15,0.5,3,58,0.8672034317719595
15,0.5,1,59,0.6917765561976363
15,0.5,2,59,0.740324686685929
15,0.5,3,59,0.9539205895280922
15,0.5,1,60,0.2503259907705471
15,0.5,2,60,0.9605263549015126
15,0.5,3,60,0.7474034468609198
15,0.5,1,61,0.9513923589533364
15,0.5,2,61,0.897910201727697
15,0.5,3,61,0.9356546249553027
15,0.5,1,62,0.8464820866428914
15,0.5,2,62,0.9000639360536834
15,0.5,3,62,0.9325348069106072
15,0.5,1,63,0.6826876199560047
15,0.5,2,63,0.6153819390392999
15,0.5,3,63,0.991267809869382
15,0.5,1,64,0.7298473194207283
15,0.5,2,64,0.9345704214067742
15,0.5,3,64,0.8830903112117737
15,0.5,1,65,0.7615765321547168
15,0.5,2,65,0.8893733697075573
15,0.5,3,65,0.9875223571659201
15,0.5,1,66,0.03947248835307597
15,0.5,2,66,0.7491815591736333
15,0.5,3,66,0.9089286904516514
15,0.5,1,67,0.7121679292140501
15,0.5,2,67,0.9556419120306578
15,0.5,3,67,0.9241073946031316
15,0.5,1,68,0.5960103094362201
15,0.5,2,68,0.8742950363629924
15,0.5,3,68,0.901976855127922
15,0.5,1,69,0.7932059189463995
15,0.5,2,69,0.9201234846925866
15,0.5,3,69,0.9813456972779241
15,0.5,1,70,0.8876528307108343
15,0.5,2,70,0.9632968121435664
15,0.5,3,70,0.7735545968553862
15,0.5,1,71,0.8532813224425693
15,0.5,2,71,0.8701138197665319
15,0.5,3,71,0.9484409010076055
15,0.5,1,72,0.9219950123170435
15,0.5,2,72,0.9448331124869105
15,0.5,3,72,0.9705060917337085
15,0.5,1,73,0.5954614890911307
15,0.5,2,73,0.8112683980094856
15,0.5,3,73,0.9252774372054858
15,0.5,1,74,0.8735141885316445
15,0.5,2,74,0.9108355763980394
15,0.5,3,74,0.9895076978938245
15,0.5,1,75,0.7946232796300187
15,0.5,2,75,0.8317249857486599
15,0.5,3,75,0.8184133786678051
15,0.5,1,76,0.0741724534165439
15,0.5,2,76,0.6686113400309135
15,0.5,3,76,0.6761091808121318
15,0.5,1,77,0.058738096269410976
15,0.5,2,77,0.9204375931388786
15,0.5,3,77,0.9297731481149922
15,0.5,1,78,0.6824238780529749
15,0.5,2,78,0.6655149649018993
15,0.5,3,78,0.9863373387486035
15,0.5,1,79,0.7918762062524992
15,0.5,2,79,0.848664018427312
15,0.5,3,79,0.8343379506931887
15,0.5,1,80,0.35643738362228905
15,0.5,2,80,0.9027863453146299
15,0.5,3,80,0.7707159654836421
15,0.5,1,81,0.7854223024087749
15,0.5,2,81,0.7976170955170814
15,0.5,3,81,0.9791374064118648
15,0.5,1,82,0.6006258663988536
15,0.5,2,82,0.8375191500722761
15,0.5,3,82,0.8165773006936042
15,0.5,1,83,0.9481530489586111
15,0.5,2,83,0.9227102583103516
15,0.5,3,83,0.6717479364664825
15,0.5,1,84,0.9293669492716627
15,0.5,2,84,0.7959350043459439
15,0.5,3,84,0.9957720877893285
15,0.5,1,85,0.766872106701551
15,0.5,2,85,0.9416656804638228
15,0.5,3,85,0.8800572674073228
15,0.5,1,86,0.5752042937222206
15,0.5,2,86,0.9589358211275262
15,0.5,3,86,0.9397094281495244
15,0.5,1,87,0.481890651112981
15,0.5,2,87,0.8217014625856311
15,0.5,3,87,0.8807234111531175
15,0.5,1,88,0.9743007312613955
15,0.5,2,88,0.6269417391732864
15,0.5,3,88,0.9713899115831465
15,0.5,1,89,0.917843011969324
15,0.5,2,89,0.6403734527397283
15,0.5,3,89,0.9044603941888631
15,0.5,1,90,0.9411002520337461
15,0.5,2,90,0.7876353470813617
15,0.5,3,90,0.781746378756578
15,0.5,1,91,0.7981587102317904
15,0.5,2,91,0.723794885013847
15,0.5,3,91,0.8575490357455801
15,0.5,1,92,0.7881981673505103
15,0.5,2,92,0.9166502216936088
15,0.5,3,92,0.920607917072437
15,0.5,1,93,0.006526759477764828
15,0.5,2,93,0.9067050427036982
15,0.5,3,93,0.9477924715104997
15,0.5,1,94,0.8543209050986501
15,0.5,2,94,0.9117032200144805
15,0.5,3,94,0.9876183937450884
15,0.5,1,95,0.5246658543902835
15,0.5,2,95,0.9067614743750196
15,0.5,3,95,0.9192141551140142
15,0.5,1,96,0.09390392241535768
15,0.5,2,96,0.7294262691572976
15,0.5,3,96,0.9719360827570686
15,0.5,1,97,0.6718086658255809
15,0.5,2,97,0.6837031499371425
15,0.5,3,97,0.7756529223404875
15,0.5,1,98,0.671182991083958
15,0.5,2,98,0.49810994607257286
15,0.5,3,98,0.9915997659732981
15,0.5,1,99,0.38307765102783115
15,0.5,2,99,0.8363031782756255
15,0.5,3,99,0.9664104898437156
15,0.5,1,100,0.9640093654523593
15,0.5,2,100,0.572433176309206
15,0.5,3,100,0.8614206932684647
15,0.5,1,101,0.3746138685363316
15,0.5,2,101,0.9728625644846001
15,0.5,3,101,0.7693014084546047
15,0.5,1,102,0.012115942809256975
15,0.5,2,102,0.9508753419765255
15,0.5,3,102,0.976545142520906
15,0.5,1,103,0.7442624762624956
15,0.5,2,103,0.4997006800059024
15,0.5,3,103,0.9895755801949647
15,0.5,1,104,0.6270241783960517
15,0.5,2,104,0.9180654719754855
15,0.5,3,104,0.6817131813265435
15,0.5,1,105,0.3505097268058546
15,0.5,2,105,0.5116567499648729
15,0.5,3,105,0.9930955718630181
15,0.5,1,106,0.8586601426680316
15,0.5,2,106,0.7464406278714754
15,0.5,3,106,0.9478664160801317
15,0.5,1,107,0.4372470202255224
15,0.5,2,107,0.7987178172797778
15,0.5,3,107,0.9041310675335615
15,0.5,1,108,0.9143933465672629
15,0.5,2,108,0.8901595217408491
15,0.5,3,108,0.911671543564605
15,0.5,1,109,0.7130920266952812
15,0.5,2,109,0.9485183948166223
15,0.5,3,109,0.9383821969162828
15,0.5,1,110,0.654286076162224
15,0.5,2,110,0.7941803119287134
15,0.5,3,110,0.8921370882487639
15,0.5,1,111,0.05200361178246652
15,0.5,2,111,0.7571035432543258
15,0.5,3,111,0.8584527931515421
15,0.5,1,112,0.7647039257932907
15,0.5,2,112,0.6881194321348127
15,0.5,3,112,0.9184355613047902
15,0.5,1,113,0.7197425227531963
15,0.5,2,113,0.9740371789645855
15,0.5,3,113,0.8559044353009572
15,0.5,1,114,0.3204144464034931
15,0.5,2,114,0.9155464032690499
15,0.5,3,114,0.6820271056615416
15,0.5,1,115,0.7734448925570286
15,0.5,2,115,0.6434976109722005
15,0.5,3,115,0.8897480627689623
15,0.5,1,116,0.742585376039636
15,0.5,2,116,0.8409831185486852
15,0.5,3,116,0.9585711986762684
15,0.5,1,117,0.8955264216338976
15,0.5,2,117,0.7625761969413363
15,0.5,3,117,0.7029467215362568
15,0.5,1,118,0.9283247419448954
15,0.5,2,118,0.8939081870754395
15,0.5,3,118,0.9328342647801707
15,0.5,1,119,0.9085601625326158
15,0.5,2,119,0.8757027080567986
15,0.5,3,119,0.9474666155835091
15,0.5,1,120,0.957614132268579
15,0.5,2,120,0.9727215749609067
15,0.5,3,120,0.9834830697801807
15,0.5,1,121,0.080136616738787
15,0.5,2,121,0.6827705148687719
15,0.5,3,121,0.9040152045940429
15,0.5,1,122,0.6248580799872796
15,0.5,2,122,0.5630675368387762
15,0.5,3,122,0.981081073671079
15,0.5,1,123,0.8664029633799464
15,0.5,2,123,0.6596185639008787
15,0.5,3,123,0.6681189971554052
15,0.5,1,124,0.9565549391226423
15,0.5,2,124,0.8853090922733978
15,0.5,3,124,0.6730478130149177
15,0.5,1,125,0.7534437451113255
15,0.5,2,125,0.8597021686836477
15,0.5,3,125,0.8646156207287502
15,0.5,1,126,0.09415718788008033
15,0.5,2,126,0.8249313218759253
15,0.5,3,126,0.9140241234856754
15,0.5,1,127,0.0012058958923882289
15,0.5,2,127,0.9212969592854171
15,0.5,3,127,0.985790832073187
15,0.5,1,128,0.3858301461589805
15,0.5,2,128,0.8570044086052786
15,0.5,3,128,0.9923458112243272
15,0.5,1,129,0.9256092749296644
15,0.5,2,129,0.5314884577088093
15,0.5,3,129,0.7237413533362017
15,0.5,1,130,0.018282224552515998
15,0.5,2,130,0.5174574250029422
15,0.5,3,130,0.8952774514318783
15,0.5,1,131,0.9396126287012905
15,0.5,2,131,0.9192226884140133
15,0.5,3,131,0.9433535942333074
15,0.5,1,132,0.5206286729736238
15,0.5,2,132,0.8082040745447556
15,0.5,3,132,0.8898277635202136
15,0.5,1,133,0.8363095364167403
15,0.5,2,133,0.9720929019436875
15,0.5,3,133,0.8287848392733346
15,0.5,1,134,0.20698402968445798
15,0.5,2,134,0.7446089084223942
15,0.5,3,134,0.6811495290544719
15,0.5,1,135,0.5224809274251878
15,0.5,2,135,0.9621754319333254
15,0.5,3,135,0.9445040468597795
15,0.5,1,136,0.9118860797831093
15,0.5,2,136,0.9406663256079547
15,0.5,3,136,0.977595860186624
15,0.5,1,137,0.43645283969001697
15,0.5,2,137,0.6702807204544917
15,0.5,3,137,0.9459286118038138
15,0.5,1,138,0.033313242737225565
15,0.5,2,138,0.8804320397239586
15,0.5,3,138,0.9735946005408169
15,0.5,1,139,0.6388416666354906
15,0.5,2,139,0.8549289674924933
15,0.5,3,139,0.7740401297851217
15,0.5,1,140,0.9667523262596496
15,0.5,2,140,0.5879319111160082
15,0.5,3,140,0.708581260333626
15,0.5,1,141,0.897218505858223
15,0.5,2,141,0.87706630161338
15,0.5,3,141,0.7914534278871642
15,0.5,1,142,0.9527196900241761
15,0.5,2,142,0.8434990455102732
15,0.5,3,142,0.6742163770134222
15,0.5,1,143,0.824059980083519
15,0.5,2,143,0.9146565047932442
15,0.5,3,143,0.9647877185167415
15,0.5,1,144,0.4412263584822689
15,0.5,2,144,0.5618787105049527
15,0.5,3,144,0.9575950952175115
15,0.5,1,145,0.7965208931177561
15,0.5,2,145,0.9824331188758
15,0.5,3,145,0.8156803387528577
15,0.5,1,146,0.10031196582278486
15,0.5,2,146,0.9632051996007274
15,0.5,3,146,0.992688938908592
15,0.5,1,147,0.7190748416652122
15,0.5,2,147,0.8722857910245458
15,0.5,3,147,0.9819309724506887
15,0.5,1,148,0.964261195348888
15,0.5,2,148,0.8797555481262075
15,0.5,3,148,0.7574995417705214
15,0.5,1,149,0.9446565613004986
15,0.5,2,149,0.9133741053415881
15,0.5,3,149,0.6691164343435139
15,0.5,1,150,0.9461873399261215
15,0.5,2,150,0.9801229016337362
15,0.5,3,150,0.66990915130287
15,0.5,1,151,0.3347283111208423
15,0.5,2,151,0.9152399466510224
15,0.5,3,151,0.9891881450275681
15,0.5,1,152,0.9712210860588111
15,0.5,2,152,0.8496626491056427
15,0.5,3,152,0.8397561123857665
15,0.5,1,153,0.004013191925474017
15,0.5,2,153,0.8720520039608214
15,0.5,3,153,0.9199033910678819
15,0.5,1,154,0.3870490863186648
15,0.5,2,154,0.9498635119791448
15,0.5,3,154,0.7195360896829319
15,0.5,1,155,0.8822662651283336
15,0.5,2,155,0.8253016073006252
15,0.5,3,155,0.812840150259141
15,0.5,1,156,0.2803383813212198
15,0.5,2,156,0.8283880274200545
15,0.5,3,156,0.8616917691374186
15,0.5,1,157,0.8674562237645989
15,0.5,2,157,0.8646775575305504
15,0.5,3,157,0.910406471166417
15,0.5,1,158,0.7974405718079576
15,0.5,2,158,0.7527700496994045
15,0.5,3,158,0.8839034793318156
15,0.5,1,159,0.904360427207602
15,0.5,2,159,0.5192930521311276
15,0.5,3,159,0.921562654525551
15,0.5,1,160,0.8027976156826486
15,0.5,2,160,0.9244978558501111
15,0.5,3,160,0.6883436568832585
15,0.5,1,161,0.8156353034884535
15,0.5,2,161,0.907872217397512
15,0.5,3,161,0.9741253624899041
15,0.5,1,162,0.8711276695038732
15,0.5,2,162,0.7586855080701969
15,0.5,3,162,0.9838000905798334
15,0.5,1,163,0.8543250102898431
15,0.5,2,163,0.8026602714978833
15,0.5,3,163,0.9687252681597545
15,0.5,1,164,0.9804798031044101
15,0.5,2,164,0.9304798910728553
15,0.5,3,164,0.9366836854397175
15,0.5,1,165,0.6950408046977996
15,0.5,2,165,0.7084830898023068
15,0.5,3,165,0.9260893494569622
15,0.5,1,166,0.6159274420711309
15,0.5,2,166,0.8037325489776374
15,0.5,3,166,0.9954896636802765
15,0.5,1,167,0.8399398701404169
15,0.5,2,167,0.8716314763740773
15,0.5,3,167,0.8901710109536093
15,0.5,1,168,0.6991751319410648
15,0.5,2,168,0.5483234277882553
15,0.5,3,168,0.9715163492259856
15,0.5,1,169,0.2046106089134603
15,0.5,2,169,0.8023394075110323
15,0.5,3,169,0.7981438267249983
15,0.5,1,170,0.9495500006628087
15,0.5,2,170,0.9530605355807047
15,0.5,3,170,0.8266689433812937
15,0.5,1,171,0.7075936101108741
15,0.5,2,171,0.8381250715518584
15,0.5,3,171,0.9509814546254179
15,0.5,1,172,0.9030968227481948
15,0.5,2,172,0.9303406520782073
15,0.5,3,172,0.9554583204410053
15,0.5,1,173,0.6589727847777717
15,0.5,2,173,0.9490855830329648
15,0.5,3,173,0.7387041951034307
15,0.5,1,174,0.9471696950624807
15,0.5,2,174,0.9288898418069111
15,0.5,3,174,0.8282298146509763
15,0.5,1,175,0.5711825525364884
15,0.5,2,175,0.9541183130172491
15,0.5,3,175,0.694065990441555
15,0.5,1,176,0.5329243300644674
15,0.5,2,176,0.9476284102100407
15,0.5,3,176,0.9451325751560793
15,0.5,1,177,0.9377148250551162
15,0.5,2,177,0.9667329115022687
15,0.5,3,177,0.9041900068433354
15,0.5,1,178,0.42156050973368936
15,0.5,2,178,0.9043064162227352
15,0.5,3,178,0.9874036848288501
15,0.5,1,179,0.389687367272906
15,0.5,2,179,0.7842000369232837
15,0.5,3,179,0.9942216069475901
15,0.5,1,180,0.4003780700135489
15,0.5,2,180,0.5230636279499977
15,0.5,3,180,0.9780713595666128
15,0.5,1,181,0.2720511462978209
15,0.5,2,181,0.7702675489681652
15,0.5,3,181,0.8145819585542443
15,0.5,1,182,0.9381901930498459
15,0.5,2,182,0.9847830778477903
15,0.5,3,182,0.6724438545285891
15,0.5,1,183,0.2752349911094192
15,0.5,2,183,0.7224094477497978
15,0.5,3,183,0.6696866266254653
15,0.5,1,184,0.8310590305983777
15,0.5,2,184,0.94873638131033
15,0.5,3,184,0.7721497738172708
15,0.5,1,185,0.6849494132886692
15,0.5,2,185,0.5375897165843934
15,0.5,3,185,0.987031416834608
15,0.5,1,186,0.8306047391446045
15,0.5,2,186,0.5091487771047897
15,0.5,3,186,0.949427945948364
15,0.5,1,187,0.005303546761542543
15,0.5,2,187,0.9142249042351229
15,0.5,3,187,0.770325866778085
15,0.5,1,188,0.8000173762427768
15,0.5,2,188,0.738560903193729
15,0.5,3,188,0.9726120700811026
15,0.5,1,189,0.007856496173128575
15,0.5,2,189,0.897389693553488
15,0.5,3,189,0.9497403799963283
15,0.5,1,190,0.2998167905885566
15,0.5,2,190,0.6427436879265807
15,0.5,3,190,0.9895412502239679
15,0.5,1,191,0.7029426432753146
15,0.5,2,191,0.8641694267419061
15,0.5,3,191,0.713160460172188
15,0.5,1,192,0.3194407480571647
15,0.5,2,192,0.9225182927994132
15,0.5,3,192,0.7042683066912953
15,0.5,1,193,0.8360329896829922
15,0.5,2,193,0.7809368533574361
15,0.5,3,193,0.861563889416991
15,0.5,1,194,0.8409683370002177
15,0.5,2,194,0.6017082779072608
15,0.5,3,194,0.9430918887572878
15,0.5,1,195,0.6132763128511183
15,0.5,2,195,0.5394668630450702
15,0.5,3,195,0.9263803687892554
15,0.5,1,196,0.9398971434890204
15,0.5,2,196,0.7479291678392841
15,0.5,3,196,0.6905292522910833
15,0.5,1,197,0.9407946449335179
15,0.5,2,197,0.9650957026628555
15,0.5,3,197,0.8322316122130125
15,0.5,1,198,0.8774378188898353
15,0.5,2,198,0.9315459376279689
15,0.5,3,198,0.9834431579989596
15,0.5,1,199,0.8425397872530985
15,0.5,2,199,0.5142443582875381
15,0.5,3,199,0.8881624072220099
15,1.0,1,0,0.8441348407146323
15,1.0,2,0,0.9333733102929866
15,1.0,3,0,0.7788488170267946
15,1.0,1,1,0.5571932028871444
15,1.0,2,1,0.7193464129845809
15,1.0,3,1,0.9808459989613391
15,1.0,1,2,0.4826539274571501
15,1.0,2,2,0.7042091083034219
15,1.0,3,2,0.9061529122687747
15,1.0,1,3,0.9414978977385975
15,1.0,2,3,0.9493011543187488
15,1.0,3,3,0.8252404145110397
15,1.0,1,4,0.8524620589103704
15,1.0,2,4,0.7512082304297356
15,1.0,3,4,0.9790683374046701
15,1.0,1,5,0.5402137742990144
15,1.0,2,5,0.6475669268811199
15,1.0,3,5,0.9377203600743803
15,1.0,1,6,0.24528239516307923
15,1.0,2,6,0.8881895412651366
15,1.0,3,6,0.9884859047190985
15,1.0,1,7,0.7311508614810546
15,1.0,2,7,0.7246402398798311
15,1.0,3,7,0.8444163127087512
15,1.0,1,8,0.8439219901809839
15,1.0,2,8,0.9065374707989622
15,1.0,3,8,0.974220144596404
15,1.0,1,9,0.7935827260261651
15,1.0,2,9,0.9386107239014048
15,1.0,3,9,0.8868118616392802
15,1.0,1,10,0.661560118359537
15,1.0,2,10,0.8423079541212143
15,1.0,3,10,0.9876294397077575
15,1.0,1,11,0.9167530230449855
15,1.0,2,11,0.5662170352172724
15,1.0,3,11,0.8956462598928057
15,1.0,1,12,0.9116782186697819
15,1.0,2,12,0.9523791642737958
15,1.0,3,12,0.8078599510812948
15,1.0,1,13,0.951869566924944
15,1.0,2,13,0.9441930981609991
15,1.0,3,13,0.7276368029305789
15,1.0,1,14,0.7665654673578278
15,1.0,2,14,0.7919821658870483
15,1.0,3,14,0.9299118228802964
15,1.0,1,15,0.8999312545051571
15,1.0,2,15,0.8074267457278357
15,1.0,3,15,0.9450424020982937
15,1.0,1,16,0.9023149104154387
15,1.0,2,16,0.6916676913613901
15,1.0,3,16,0.8904256283172088
15,1.0,1,17,0.3264841626300377
15,1.0,2,17,0.9417477827973195
15,1.0,3,17,0.9776390466528554
15,1.0,1,18,0.6092525350895179
15,1.0,2,18,0.9864082117487217
15,1.0,3,18,0.7094224491200092
15,1.0,1,19,1.560343662373117e-05
15,1.0,2,19,0.6773678793233959
15,1.0,3,19,0.9339991778077804
15,1.0,1,20,0.489702760633923
15,1.0,2,20,0.4686720601923871
15,1.0,3,20,0.6873714638562847
15,1.0,1,21,0.9837103939480235
15,1.0,2,21,0.9388645470084274
15,1.0,3,21,0.7267341790104488
15,1.0,1,22,0.9548638558815291
15,1.0,2,22,0.92941066840511
15,1.0,3,22,0.9765169665726088
15,1.0,1,23,0.18564427755718077
15,1.0,2,23,0.9289218527232656
15,1.0,3,23,0.7166131775825219
15,1.0,1,24,0.6516613139162941
15,1.0,2,24,0.6928467280286904
15,1.0,3,24,0.9939473853413089
15,1.0,1,25,0.8668699127900248
15,1.0,2,25,0.9529514657054834
15,1.0,3,25,0.9056980808931215
15,1.0,1,26,0.0917881843772924
15,1.0,2,26,0.48914093795361135
15,1.0,3,26,0.9914955103488369
15,1.0,1,27,0.6393153100329001
15,1.0,2,27,0.5849240484688663
15,1.0,3,27,0.9789135372625625
15,1.0,1,28,0.6463338442231628
15,1.0,2,28,0.61645266684782
15,1.0,3,28,0.990942594460737
15,1.0,1,29,0.46998600124058565
15,1.0,2,29,0.798059866011196
15,1.0,3,29,0.668526028980208
15,1.0,1,30,0.820283404820112
15,1.0,2,30,0.9713459070035686
15,1.0,3,30,0.7486465104257537
15,1.0,1,31,0.801871704165695
15,1.0,2,31,0.6495173700691765
15,1.0,3,31,0.7747030469683761
15,1.0,1,32,0.9094698280089385
15,1.0,2,32,0.9388746781026228
15,1.0,3,32,0.670878170518585
15,1.0,1,33,0.9272459881749627
15,1.0,2,33,0.8869559001375622
15,1.0,3,33,0.9747439091540958
15,1.0,1,34,0.908279283203579
15,1.0,2,34,0.8185455440233237
15,1.0,3,34,0.9455358887827271
15,1.0,1,35,0.9458693986644258
15,1.0,2,35,0.8568509871003503
15,1.0,3,35,0.9321961908796625
15,1.0,1,36,0.9703163739978414
15,1.0,2,36,0.8119773469234224
15,1.0,3,36,0.9706949603343528
15,1.0,1,37,0.8547015459202555
15,1.0,2,37,0.9356863475666151
15,1.0,3,37,0.9783217204400619
15,1.0,1,38,0.009471519596110634
15,1.0,2,38,0.5550512117340952
15,1.0,3,38,0.984803106185976
15,1.0,1,39,0.7767771779588429
15,1.0,2,39,0.9585275871876314
15,1.0,3,39,0.9887414497689608
15,1.0,1,40,0.8390470799382173
15,1.0,2,40,0.777353837770421
15,1.0,3,40,0.6767558823811993
15,1.0,1,41,0.6963251846942775
15,1.0,2,41,0.5340548681661238
15,1.0,3,41,0.9242842780242975
15,1.0,1,42,0.9451709404252348
15,1.0,2,42,0.791332869729533
15,1.0,3,42,0.9477749982334246
15,1.0,1,43,0.7765862125650724
15,1.0,2,43,0.6003072185083376
15,1.0,3,43,0.6829539453777572
15,1.0,1,44,0.9423050087283791
15,1.0,2,44,0.6184063489436527
15,1.0,3,44,0.9432609763854982
15,1.0,1,45,0.9660914277370269
15,1.0,2,45,0.9270657160869678
15,1.0,3,45,0.6979129099401217
15,1.0,1,46,0.6029866021116917
15,1.0,2,46,0.8849616318800576
15,1.0,3,46,0.9644638770275876
15,1.0,1,47,0.8086646217847328
15,1.0,2,47,0.7097711460971674
15,1.0,3,47,0.9679096849834719
15,1.0,1,48,0.5241885919553793
15,1.0,2,48,0.5536103003413426
15,1.0,3,48,0.9953449969064372
15,1.0,1,49,0.8915929513430716
15,1.0,2,49,0.5529550531481028
15,1.0,3,49,0.6676051902887948
15,1.0,1,50,0.9583246848604488
15,1.0,2,50,0.9792357767220411
15,1.0,3,50,0.9140984608629988
15,1.0,1,51,0.9453649172087873
15,1.0,2,51,0.9747750339800032
15,1.0,3,51,0.7103960470981896
15,1.0,1,52,0.3337841730677032
15,1.0,2,52,0.8822837473849036
15,1.0,3,52,0.9754733541373684
15,1.0,1,53,0.6814445514364952
15,1.0,2,53,0.5142665360506524
15,1.0,3,53,0.9227292177395984
15,1.0,1,54,0.1060352790331161
15,1.0,2,54,0.8959848376638821
15,1.0,3,54,0.7823666135017743
15,1.0,1,55,0.8393320469820373
15,1.0,2,55,0.8858589492348956
15,1.0,3,55,0.7507748947467601
15,1.0,1,56,0.7578871308056098
15,1.0,2,56,0.5868305063810455
15,1.0,3,56,0.9517188315929322
15,1.0,1,57,0.8255620764196252
15,1.0,2,57,0.9431585059329888
15,1.0,3,57,0.7714576190760486
15,1.0,1,58,0.8425607792823359
15,1.0,2,58,0.5872724296992545
15,1.0,3,58,0.8075856650766117
15,1.0,1,59,0.8702385423352449
15,1.0,2,59,0.8437106110697284
15,1.0,3,59,0.9724672882217705
15,1.0,1,60,0.9163449755258769
15,1.0,2,60,0.953832507549691
15,1.0,3,60,0.9657283752373838
15,1.0,1,61,0.40164075203024696
15,1.0,2,61,0.7827451200090089
15,1.0,3,61,0.9691905709348841
15,1.0,1,62,0.4661056996044702
15,1.0,2,62,0.7845168800331577
15,1.0,3,62,0.7114209195129652
15,1.0,1,63,0.8569238690259071
15,1.0,2,63,0.9637087006400162
15,1.0,3,63,0.7768685836043527
15,1.0,1,64,0.2737856378258177
15,1.0,2,64,0.7592932723524087
15,1.0,3,64,0.8995746669139709
15,1.0,1,65,0.7582901282790032
15,1.0,2,65,0.8508025221220437
15,1.0,3,65,0.9713408414867247
15,1.0,1,66,0.39114339121186775
15,1.0,2,66,0.9100795669907509
15,1.0,3,66,0.8501411240559219
15,1.0,1,67,0.15336281153552228
15,1.0,2,67,0.855176323086617
15,1.0,3,67,0.9542955106476558
15,1.0,1,68,0.7649159281022617
15,1.0,2,68,0.829572859132829
15,1.0,3,68,0.9835787703258259
15,1.0,1,69,0.4560935836283905
15,1.0,2,69,0.735491043815576
15,1.0,3,69,0.9736707123648106
15,1.0,1,70,0.1432233472644607
15,1.0,2,70,0.6260136842998913
15,1.0,3,70,0.9861966358178287
15,1.0,1,71,0.8970327958701718
15,1.0,2,71,0.8020583805559711
15,1.0,3,71,0.9557670202647639
15,1.0,1,72,0.7338107365429369
15,1.0,2,72,0.6064483137284022
15,1.0,3,72,0.8787683494533428
15,1.0,1,73,0.8524868910631412
15,1.0,2,73,0.595925505923738
15,1.0,3,73,0.9805262831282229
15,1.0,1,74,0.8826132158331798
15,1.0,2,74,0.8358011136769092
15,1.0,3,74,0.7454651646128667
15,1.0,1,75,0.19910005776450831
15,1.0,2,75,0.8460480749301911
15,1.0,3,75,0.9596635784578016
15,1.0,1,76,0.27281098005234017
15,1.0,2,76,0.9312392122003899
15,1.0,3,76,0.7632096493360011
15,1.0,1,77,0.7179349004382228
15,1.0,2,77,0.716655629838487
15,1.0,3,77,0.9726536445594284
15,1.0,1,78,0.9167712604369148
15,1.0,2,78,0.9037616623379561
15,1.0,3,78,0.975881109320763
15,1.0,1,79,0.8991435807254305
15,1.0,2,79,0.49581284286022836
15,1.0,3,79,0.6768642792707172
15,1.0,1,80,0.7349478948414476
15,1.0,2,80,0.5869795577817772
15,1.0,3,80,0.9575254716533133
15,1.0,1,81,0.5438974303537998
15,1.0,2,81,0.8441010928057864
15,1.0,3,81,0.965914982917245
15,1.0,1,82,0.5029935203850033
15,1.0,2,82,0.8342349582883237
15,1.0,3,82,0.8990132630159375
15,1.0,1,83,0.6024363546860688
15,1.0,2,83,0.687619567396148
15,1.0,3,83,0.9516308210113867
15,1.0,1,84,0.09630369450941137
15,1.0,2,84,0.8670892603961756
15,1.0,3,84,0.7368147286333456
15,1.0,1,85,0.7817845005493678
15,1.0,2,85,0.646231197301286
15,1.0,3,85,0.9388473349207384
15,1.0,1,86,0.440147908177064
15,1.0,2,86,0.8300286687978571
15,1.0,3,86,0.8699120871926146
15,1.0,1,87,0.6351259614237558
15,1.0,2,87,0.9526120667223978
15,1.0,3,87,0.9142820482593693
15,1.0,1,88,0.9452914611296391
15,1.0,2,88,0.9702139921362447
15,1.0,3,88,0.8781057894241485
15,1.0,1,89,0.9182365320575617
15,1.0,2,89,0.7602080275422085
15,1.0,3,89,0.9025079308362485
15,1.0,1,90,0.9471709768382579
15,1.0,2,90,0.9718188552418827
15,1.0,3,90,0.9624559560395811
15,1.0,1,91,0.04664933126480279
15,1.0,2,91,0.9593084244299332
15,1.0,3,91,0.9547501932428238
15,1.0,1,92,0.42147035909448416
15,1.0,2,92,0.9058975982498807
15,1.0,3,92,0.8182719812155095
15,1.0,1,93,0.36384433075414263
15,1.0,2,93,0.8777524152798506
15,1.0,3,93,0.7374134626986244
15,1.0,1,94,0.2777021461247247
15,1.0,2,94,0.7861500043380165
15,1.0,3,94,0.9759979293139636
15,1.0,1,95,0.9206414568777798
15,1.0,2,95,0.9130567694689222
15,1.0,3,95,0.9896847792877584
15,1.0,1,96,0.6733192260287181
15,1.0,2,96,0.8658852731640732
15,1.0,3,96,0.9869291552694426
15,1.0,1,97,0.3638602684511963
15,1.0,2,97,0.6730371391895872
15,1.0,3,97,0.9823801090275017
15,1.0,1,98,0.8700155647869497
15,1.0,2,98,0.6998062535215092
15,1.0,3,98,0.9742973861860503
15,1.0,1,99,0.2051894789258739
15,1.0,2,99,0.6631951677922204
15,1.0,3,99,0.9126006330400815
15,1.0,1,100,0.7823802985253623
15,1.0,2,100,0.8338731253730549
15,1.0,3,100,0.9402889687345248
15,1.0,1,101,0.6062527806951248
15,1.0,2,101,0.8470053105812513
15,1.0,3,101,0.9908709106334396
15,1.0,1,102,0.3999329099506483
15,1.0,2,102,0.7665063500160495
15,1.0,3,102,0.9515534799975555
15,1.0,1,103,0.0785837280911767
15,1.0,2,103,0.8755613555797893
15,1.0,3,103,0.8679008620405883
15,1.0,1,104,0.7482089471497696
15,1.0,2,104,0.8337825746141658
15,1.0,3,104,0.7319978081167763
15,1.0,1,105,0.7693282986380705
15,1.0,2,105,0.8309003309575977
15,1.0,3,105,0.9855331628263095
15,1.0,1,106,0.8067215966315806
15,1.0,2,106,0.8380701203443885
15,1.0,3,106,0.9188582027577343
15,1.0,1,107,0.6294205813015116
15,1.0,2,107,0.9121121152020485
15,1.0,3,107,0.9703775468200768
15,1.0,1,108,0.8558351284503276
15,1.0,2,108,0.9623719446751539
15,1.0,3,108,0.9202938008707022
15,1.0,1,109,0.8197402764668825
15,1.0,2,109,0.9888198764879489
15,1.0,3,109,0.8902819864237022
15,1.0,1,110,0.29617973319772467
15,1.0,2,110,0.521017617955106
15,1.0,3,110,0.819820774718511
15,1.0,1,111,0.8535099182013521
15,1.0,2,111,0.9784129835772483
15,1.0,3,111,0.6676692671029278
15,1.0,1,112,0.7678594077264098
15,1.0,2,112,0.9763088453096851
15,1.0,3,112,0.858406578139793
15,1.0,1,113,0.41631207417694815
15,1.0,2,113,0.8442941536310706
15,1.0,3,113,0.9912609451331557
15,1.0,1,114,0.9371100841892412
15,1.0,2,114,0.9667372548658176
15,1.0,3,114,0.9602794822391213
15,1.0,1,115,0.8695539795273542
15,1.0,2,115,0.8355021553941316
15,1.0,3,115,0.871146057048508
15,1.0,1,116,0.7555294906821638
15,1.0,2,116,0.8739425505311731
15,1.0,3,116,0.9911739781655684
15,1.0,1,117,0.6312752222123081
15,1.0,2,117,0.4964492826912712
15,1.0,3,117,0.6674816988322503
15,1.0,1,118,0.8905081634843277
15,1.0,2,118,0.8285415684513142
15,1.0,3,118,0.9784909720248046
15,1.0,1,119,0.13613856906304475
15,1.0,2,119,0.4990098769069085
15,1.0,3,119,0.9749115251589145
15,1.0,1,120,0.3358814744638754
15,1.0,2,120,0.9435023449349137
15,1.0,3,120,0.8204154924016707
15,1.0,1,121,0.1588162460328286
15,1.0,2,121,0.5894366162447084
15,1.0,3,121,0.9838747133311592
15,1.0,1,122,0.6336401508172106
15,1.0,2,122,0.9113868559667138
15,1.0,3,122,0.70552657197696
15,1.0,1,123,0.6269871563195785
15,1.0,2,123,0.841716927562455
15,1.0,3,123,0.9891679784701862
15,1.0,1,124,0.3498223044240572
15,1.0,2,124,0.7474192683203793
15,1.0,3,124,0.9719218402963716
15,1.0,1,125,0.7145770160645224
15,1.0,2,125,0.905436607995225
15,1.0,3,125,0.7230784056971515
15,1.0,1,126,0.9247373643772024
15,1.0,2,126,0.8937488271185724
15,1.0,3,126,0.9842322952092794
15,1.0,1,127,0.526098901395891
15,1.0,2,127,0.6295286560521036
15,1.0,3,127,0.9089838257056407
15,1.0,1,128,0.028230203849664643
15,1.0,2,128,0.7294398714166952
15,1.0,3,128,0.9700367529510001
15,1.0,1,129,0.45901093311810076
15,1.0,2,129,0.9415978475459758
15,1.0,3,129,0.9274236791800458
15,1.0,1,130,0.3141726087471447
15,1.0,2,130,0.6063283929186005
15,1.0,3,130,0.9942999178368863
15,1.0,1,131,0.3987195854781644
15,1.0,2,131,0.8545580701975057
15,1.0,3,131,0.9677130389011291
15,1.0,1,132,0.7631483605728105
15,1.0,2,132,0.8771827451516339
15,1.0,3,132,0.9683225458036088
15,1.0,1,133,0.8847255317751987
15,1.0,2,133,0.8296456196491598
15,1.0,3,133,0.7862586569908266
15,1.0,1,134,0.9459444406159984
15,1.0,2,134,0.9906283155396851
15,1.0,3,134,0.6743702630114937
15,1.0,1,135,0.9634142598271241
15,1.0,2,135,0.5784499529107917
15,1.0,3,135,0.6677139862136041
15,1.0,1,136,0.8928478158693042
15,1.0,2,136,0.9509939257192972
15,1.0,3,136,0.9000881585521903
15,1.0,1,137,0.9724501167115577
15,1.0,2,137,0.9655348957064764
15,1.0,3,137,0.8364757181950826
15,1.0,1,138,0.014303759846493376
15,1.0,2,138,0.5923107949053156
15,1.0,3,138,0.7485621368351153
15,1.0,1,139,0.0030633679238647083
15,1.0,2,139,0.9113358898422202
15,1.0,3,139,0.6760193236460025
15,1.0,1,140,0.7752930246569144
15,1.0,2,140,0.5126824999327843
15,1.0,3,140,0.9735409545390444
15,1.0,1,141,0.9127627144863063
15,1.0,2,141,0.8837372540493792
15,1.0,3,141,0.9631301696334647
15,1.0,1,142,0.9525834548480636
15,1.0,2,142,0.9453986691715082
15,1.0,3,142,0.7810973110355355
15,1.0,1,143,0.9366223321653554
15,1.0,2,143,0.9495027594689066
15,1.0,3,143,0.9129923207185895
15,1.0,1,144,0.8606165590786883
15,1.0,2,144,0.918524282552876
15,1.0,3,144,0.9872020429499989
15,1.0,1,145,0.7030628662139883
15,1.0,2,145,0.9344800012563486
15,1.0,3,145,0.9695621675945977
15,1.0,1,146,0.2272459737830088
15,1.0,2,146,0.8942735007613292
15,1.0,3,146,0.9489591782385034
15,1.0,1,147,0.6453783009756169
15,1.0,2,147,0.9212589222519179
15,1.0,3,147,0.992230883008797
15,1.0,1,148,0.5337352377741523
15,1.0,2,148,0.8810200211005885
15,1.0,3,148,0.9524636285851279
15,1.0,1,149,0.9487163724317533
15,1.0,2,149,0.5556109368562996
15,1.0,3,149,0.9799802538053776
15,1.0,1,150,0.7841782432273089
15,1.0,2,150,0.8602460966502719
15,1.0,3,150,0.9716296170084554
15,1.0,1,151,0.47046005894270737
15,1.0,2,151,0.978655059160666
15,1.0,3,151,0.694700588773752
15,1.0,1,152,0.9503732417746331
15,1.0,2,152,0.9728097701165332
15,1.0,3,152,0.7016048653645784
15,1.0,1,153,0.5256761140741464
15,1.0,2,153,0.8534827348867275
15,1.0,3,153,0.865703841961399
15,1.0,1,154,0.8784928416929363
15,1.0,2,154,0.7121968148690266
15,1.0,3,154,0.9814949049046856
15,1.0,1,155,0.957196719847042
15,1.0,2,155,0.9759898047906009
15,1.0,3,155,0.6669359983086248
15,1.0,1,156,0.7761487836093238
15,1.0,2,156,0.8273050077663584
15,1.0,3,156,0.7057778697793776
15,1.0,1,157,0.8538735832580789
15,1.0,2,157,0.6321192419068584
15,1.0,3,157,0.8095020169083593
15,1.0,1,158,0.024976289955954422
15,1.0,2,158,0.8961426755275175
15,1.0,3,158,0.9808754544163801
15,1.0,1,159,0.5071739708212767
15,1.0,2,159,0.9233652915250956
15,1.0,3,159,0.9615192186651559
15,1.0,1,160,0.5557344246518384
15,1.0,2,160,0.6202729259440333
15,1.0,3,160,0.9678543413152744
15,1.0,1,161,0.8235985439105149
15,1.0,2,161,0.854668772796747
15,1.0,3,161,0.9659631542869759
15,1.0,1,162,0.4647591973694324
15,1.0,2,162,0.8271138138097913
15,1.0,3,162,0.9935567870183927
15,1.0,1,163,0.6695428094520625
15,1.0,2,163,0.823075836984178
15,1.0,3,163,0.8830783599225137
15,1.0,1,164,0.5755284869662854
15,1.0,2,164,0.5755956297511376
15,1.0,3,164,0.8428480159760111
15,1.0,1,165,0.9588294028432978
15,1.0,2,165,0.9281113419709122
15,1.0,3,165,0.9349196393869678
15,1.0,1,166,0.9249305719735464
15,1.0,2,166,0.9206493067819241
15,1.0,3,166,0.9665965806077192
15,1.0,1,167,0.9037580873656141
15,1.0,2,167,0.9703877744573712
15,1.0,3,167,0.9404447329019772
15,1.0,1,168,0.4288257173017369
15,1.0,2,168,0.9445009007355004
15,1.0,3,168,0.8867436011801475
15,1.0,1,169,0.045479866979699884
15,1.0,2,169,0.8758777790239411
15,1.0,3,169,0.9419416767118708
15,1.0,1,170,0.6151140003184364
15,1.0,2,170,0.8782042187581298
15,1.0,3,170,0.9846977470734611
15,1.0,1,171,0.2825779212097908
15,1.0,2,171,0.984749624172456
15,1.0,3,171,0.9931900078697636
15,1.0,1,172,0.8012410371371321
15,1.0,2,172,0.49707785527614046
15,1.0,3,172,0.9749968295272321
15,1.0,1,173,0.30568128378262727
15,1.0,2,173,0.6242554505177222
15,1.0,3,173,0.9721325337907878
15,1.0,1,174,0.9711686687730751
15,1.0,2,174,0.8560970797492342
15,1.0,3,174,0.9317393371233053
15,1.0,1,175,0.37871856440024115
15,1.0,2,175,0.760104223690359
15,1.0,3,175,0.9818398058200376
15,1.0,1,176,0.9137827436787435
15,1.0,2,176,0.9279886881677821
15,1.0,3,176,0.7248813539176641
15,1.0,1,177,0.846497273727256
15,1.0,2,177,0.8850494802150141
15,1.0,3,177,0.9907246731639581
15,1.0,1,178,0.5683591150405821
15,1.0,2,178,0.820168240625029
15,1.0,3,178,0.9426560191877017
15,1.0,1,179,0.8737805997729128
15,1.0,2,179,0.9454496986919136
15,1.0,3,179,0.9788017978102025
15,1.0,1,180,0.5691611564794458
15,1.0,2,180,0.7220586745481654
15,1.0,3,180,0.9746344645431447
15,1.0,1,181,0.9295126712310711
15,1.0,2,181,0.5420629373208543
15,1.0,3,181,0.9432886200063054
15,1.0,1,182,0.7221599739790371
15,1.0,2,182,0.665238744824149
15,1.0,3,182,0.9485304072913383
15,1.0,1,183,0.9632848468162052
15,1.0,2,183,0.8064013200597173
15,1.0,3,183,0.7333512446470632
15,1.0,1,184,0.9273453309550744
15,1.0,2,184,0.7423265776257004
15,1.0,3,184,0.7239601048495885
15,1.0,1,185,0.05752798555892141
15,1.0,2,185,0.908420660066481
15,1.0,3,185,0.7453093633570985
15,1.0,1,186,0.8712222471056427
15,1.0,2,186,0.8235899341620296
15,1.0,3,186,0.7975794320111284
15,1.0,1,187,0.9699574092635944
15,1.0,2,187,0.8957812549745923
15,1.0,3,187,0.818047143704456
15,1.0,1,188,0.3563362900866366
15,1.0,2,188,0.9185115025785127
15,1.0,3,188,0.7605344381409496
15,1.0,1,189,0.25493129644432805
15,1.0,2,189,0.8064741819606565
15,1.0,3,189,0.7008134175354681
15,1.0,1,190,0.936164859940873
15,1.0,2,190,0.632803601554982
15,1.0,3,190,0.9389109831108092
15,1.0,1,191,0.28281528082269375
15,1.0,2,191,0.5966340094849197
15,1.0,3,191,0.9769008563464564
15,1.0,1,192,0.7608937907958134
15,1.0,2,192,0.6500820333760298
15,1.0,3,192,0.943019160010619
15,1.0,1,193,0.02200929518361553
15,1.0,2,193,0.9189367740078032
15,1.0,3,193,0.8772928156435563
15,1.0,1,194,0.8219700527173838
15,1.0,2,194,0.7930080202037233
15,1.0,3,194,0.8973193901552605
15,1.0,1,195,0.15653619521027776
15,1.0,2,195,0.8584277230108931
15,1.0,3,195,0.9808620695618298
15,1.0,1,196,0.9042188595066322
15,1.0,2,196,0.617526615525514
15,1.0,3,196,0.9709966107241867
15,1.0,1,197,0.952938733479053
15,1.0,2,197,0.9647058870501802
15,1.0,3,197,0.9936161052063556
15,1.0,1,198,0.10404767780707701
15,1.0,2,198,0.8568539458358315
15,1.0,3,198,0.9463108480710657
15,1.0,1,199,0.6654375436582286
15,1.0,2,199,0.5256965904216843
15,1.0,3,199,0.7450889192297563
15,2.0,1,0,0.9457120332538623
15,2.0,2,0,0.9106150314666448
15,2.0,3,0,0.9216277350725596
15,2.0,1,1,0.26988235061303684
15,2.0,2,1,0.8499303808968188
15,2.0,3,1,0.9646008604267426
15,2.0,1,2,0.42973144119144346
15,2.0,2,2,0.8525834951604423
15,2.0,3,2,0.980777316140056
15,2.0,1,3,0.8187877611780641
15,2.0,2,3,0.9529879688126239
15,2.0,3,3,0.9216861238788576
15,2.0,1,4,0.6911973413444548
15,2.0,2,4,0.5214886953204819
15,2.0,3,4,0.8283103914486714
15,2.0,1,5,0.8350461629570577
15,2.0,2,5,0.9663131847659836
15,2.0,3,5,0.814019526495076
15,2.0,1,6,0.8666790879447487
15,2.0,2,6,0.5300691244113657
15,2.0,3,6,0.9936781028229505
15,2.0,1,7,0.26554870153383403
15,2.0,2,7,0.7119856670401694
15,2.0,3,7,0.9578183316211754
15,2.0,1,8,0.7881727089985241
15,2.0,2,8,0.9821187390197765
15,2.0,3,8,0.9591253508232086
15,2.0,1,9,0.8172446482680322
15,2.0,2,9,0.883332194384489
15,2.0,3,9,0.7798501559941777
15,2.0,1,10,0.9625382457087072
15,2.0,2,10,0.8990917358310885
15,2.0,3,10,0.8085047138305587
15,2.0,1,11,0.0007407769584326615
15,2.0,2,11,0.7626545099531308
15,2.0,3,11,0.877935626573581
15,2.0,1,12,0.1921270962126359
15,2.0,2,12,0.9701996829405952
15,2.0,3,12,0.702341911716872
15,2.0,1,13,0.9548027432875561
15,2.0,2,13,0.7606718441770997
15,2.0,3,13,0.9945521041718731
15,2.0,1,14,0.16616650087320323
15,2.0,2,14,0.7496650120765235
15,2.0,3,14,0.9501910624055165
15,2.0,1,15,0.5420829340212601
15,2.0,2,15,0.9044855437454734
15,2.0,3,15,0.9299087420385245
15,2.0,1,16,0.44815950412453776
15,2.0,2,16,0.9359508119862521
15,2.0,3,16,0.8092072164827382
15,2.0,1,17,0.9884431158988275
15,2.0,2,17,0.8805020071155706
15,2.0,3,17,0.8829599877463806
15,2.0,1,18,0.3349206832319247
15,2.0,2,18,0.48002212468099
15,2.0,3,18,0.7684222378986726
15,2.0,1,19,0.8176975569830603
15,2.0,2,19,0.9039955652878826
15,2.0,3,19,0.6690620814188603
15,2.0,1,20,0.9315329244543905
15,2.0,2,20,0.7868421923959941
15,2.0,3,20,0.7362755221407217
15,2.0,1,21,0.7816840385664925
15,2.0,2,21,0.630705009237966
15,2.0,3,21,0.9903921160745698
15,2.0,1,22,0.7778015779481868
15,2.0,2,22,0.8243558633087436
15,2.0,3,22,0.9842891608120957
15,2.0,1,23,0.7157367271578285
15,2.0,2,23,0.9766675919369332
15,2.0,3,23,0.6780185586094557
15,2.0,1,24,0.022281660764842285
15,2.0,2,24,0.9360043638539441
15,2.0,3,24,0.9855119028679641
15,2.0,1,25,0.7278843232153066
15,2.0,2,25,0.8951867575491728
15,2.0,3,25,0.9641624626938047
15,2.0,1,26,0.6047254130564576
15,2.0,2,26,0.8367167633729162
15,2.0,3,26,0.9518337816757901
15,2.0,1,27,0.9178096169597835
15,2.0,2,27,0.9454951952888864
15,2.0,3,27,0.6853565432347879
15,2.0,1,28,0.004905132993602954
15,2.0,2,28,0.9301843106133723
15,2.0,3,28,0.7706295516644556
15,2.0,1,29,0.9467850868758211
15,2.0,2,29,0.9349940093206328
15,2.0,3,29,0.6986295488635798
15,2.0,1,30,0.8028906588144958
15,2.0,2,30,0.7377015910106473
15,2.0,3,30,0.9546320862166296
15,2.0,1,31,0.8392826065118312
15,2.0,2,31,0.9000212412050859
15,2.0,3,31,0.8228939141445939
15,2.0,1,32,0.8557326298111422
15,2.0,2,32,0.5828823549658793
15,2.0,3,32,0.729546307901589
15,2.0,1,33,0.9490524453584036
15,2.0,2,33,0.9863577284162999
15,2.0,3,33,0.7802860402855737
15,2.0,1,34,0.8826089855374059
15,2.0,2,34,0.9398221011160452
15,2.0,3,34,0.9599510799053261
15,2.0,1,35,0.89363470957823
15,2.0,2,35,0.7716389879642863
15,2.0,3,35,0.9828522789770645
15,2.0,1,36,0.9208782176919709
15,2.0,2,36,0.8663663960150448
15,2.0,3,36,0.920499027504683
15,2.0,1,37,0.9575854465667571
15,2.0,2,37,0.5692894985747129
15,2.0,3,37,0.960760365038445
15,2.0,1,38,0.20343532367080477
15,2.0,2,38,0.8653533667631159
15,2.0,3,38,0.9165200055911457
15,2.0,1,39,0.8611097141888683
15,2.0,2,39,0.8816008650148204
15,2.0,3,39,0.9103345509150054
15,2.0,1,40,0.712321190473578
15,2.0,2,40,0.5260667143736942
15,2.0,3,40,0.9790777723713995
15,2.0,1,41,0.11609494681054018
15,2.0,2,41,0.5396552681083684
15,2.0,3,41,0.9874791002655917
15,2.0,1,42,0.9123756666565556
15,2.0,2,42,0.4988282164550918
15,2.0,3,42,0.8186739171072185
15,2.0,1,43,0.69619031246738
15,2.0,2,43,0.6803436181396335
15,2.0,3,43,0.9733854016836868
15,2.0,1,44,0.9382257094073554
15,2.0,2,44,0.9404716996742348
15,2.0,3,44,0.9527526906010265
15,2.0,1,45,0.8644924288410968
15,2.0,2,45,0.7591414293861258
15,2.0,3,45,0.9054872505331355
15,2.0,1,46,0.7202119163441244
15,2.0,2,46,0.9074735671748704
15,2.0,3,46,0.9022136584192232
15,2.0,1,47,0.5733755511167046
15,2.0,2,47,0.8325003457722691
15,2.0,3,47,0.9796779582368534
15,2.0,1,48,0.07165090131904248
15,2.0,2,48,0.9373595455949659
15,2.0,3,48,0.667112693208507
15,2.0,1,49,0.933544828897957
15,2.0,2,49,0.9708276090024144
15,2.0,3,49,0.7664909544594258
15,2.0,1,50,0.10316521002273617
15,2.0,2,50,0.8281478996079338
15,2.0,3,50,0.9338960009961145
15,2.0,1,51,0.9126284989532729
15,2.0,2,51,0.9550883715998718
15,2.0,3,51,0.7487917622998873
15,2.0,1,52,0.5539585309278544
15,2.0,2,52,0.8132552846266343
15,2.0,3,52,0.9883956254800873
15,2.0,1,53,0.928963171352491
15,2.0,2,53,0.7038626058611588
15,2.0,3,53,0.9441333612695831
15,2.0,1,54,0.6187231988750682
15,2.0,2,54,0.9474541467324735
15,2.0,3,54,0.8440069229287562
15,2.0,1,55,0.4793765876220861
15,2.0,2,55,0.7973632165516494
15,2.0,3,55,0.9522752552832486
15,2.0,1,56,0.8909157697894652
15,2.0,2,56,0.9454943309347967
15,2.0,3,56,0.9286180977974899
15,2.0,1,57,0.5301201110717325
15,2.0,2,57,0.8694080676122522
15,2.0,3,57,0.8957522902955785
15,2.0,1,58,0.9639169841447104
15,2.0,2,58,0.9162481200482449
15,2.0,3,58,0.919962550411249
15,2.0,1,59,0.6973119050361524
15,2.0,2,59,0.9179084940732043
15,2.0,3,59,0.8932717529264678
15,2.0,1,60,0.8796318231167927
15,2.0,2,60,0.9381672800490265
15,2.0,3,60,0.9307508236929775
15,2.0,1,61,0.11781781558991679
15,2.0,2,61,0.5221059715561994
15,2.0,3,61,0.9974761650591887
15,2.0,1,62,0.9646179972176968
15,2.0,2,62,0.9567621571703853
15,2.0,3,62,0.6991784095558481
15,2.0,1,63,0.6092908784694817
15,2.0,2,63,0.8210257982566864
15,2.0,3,63,0.6677072922870476
15,2.0,1,64,0.0522491402647147
15,2.0,2,64,0.8784227025478746
15,2.0,3,64,0.9182431547677717
15,2.0,1,65,0.8644788975724065
15,2.0,2,65,0.7383528405388882
15,2.0,3,65,0.9890516669704817
15,2.0,1,66,0.9549985518043108
15,2.0,2,66,0.9511507085978462
15,2.0,3,66,0.8564134478574786
15,2.0,1,67,0.40601163455847034
15,2.0,2,67,0.8135939682850206
15,2.0,3,67,0.8680385233962125
15,2.0,1,68,0.14920776526571317
15,2.0,2,68,0.831449298665226
15,2.0,3,68,0.9855182321950419
15,2.0,1,69,0.46335741147197484
15,2.0,2,69,0.9616842059758663
15,2.0,3,69,0.8673109887301366
15,2.0,1,70,0.6014638530056409
15,2.0,2,70,0.8835666840251434
15,2.0,3,70,0.9834885491341824
15,2.0,1,71,0.8248839063584862
15,2.0,2,71,0.8947614979542574
15,2.0,3,71,0.9467704060168382
15,2.0,1,72,0.9382748861299252
15,2.0,2,72,0.500390720799672
15,2.0,3,72,0.9807693413857016
15,2.0,1,73,0.8922360896998508
15,2.0,2,73,0.8403822091687733
15,2.0,3,73,0.6937593168614216
15,2.0,1,74,0.5540588338643656
15,2.0,2,74,0.9335362651685113
15,2.0,3,74,0.6710288811291134
15,2.0,1,75,0.9236225365392541
15,2.0,2,75,0.9830443073637759
15,2.0,3,75,0.6740049568291838
15,2.0,1,76,0.7756383905676961
15,2.0,2,76,0.9192709590849284
15,2.0,3,76,0.7250623617946604
15,2.0,1,77,0.07383673265531779
15,2.0,2,77,0.8406283196893494
15,2.0,3,77,0.9705814450702661
15,2.0,1,78,0.8758252836215893
15,2.0,2,78,0.5221434593398439
15,2.0,3,78,0.7234054717428142
15,2.0,1,79,0.8783779901401111
15,2.0,2,79,0.8399604003593935
15,2.0,3,79,0.9872865845556386
15,2.0,1,80,0.03386605220288376
15,2.0,2,80,0.9791882612381628
15,2.0,3,80,0.8679514035113268
15,2.0,1,81,0.4330512140416074
15,2.0,2,81,0.9766988609739866
15,2.0,3,81,0.980650629395997
15,2.0,1,82,0.8358364265118209
15,2.0,2,82,0.5001963151757616
15,2.0,3,82,0.752093397135876
15,2.0,1,83,0.48566738688428257
15,2.0,2,83,0.8592366161146823
15,2.0,3,83,0.9773737671385114
15,2.0,1,84,0.7946775919394745
15,2.0,2,84,0.9226233731107036
15,2.0,3,84,0.8032182645081111
15,2.0,1,85,0.7267716126477471
15,2.0,2,85,0.901890526044622
15,2.0,3,85,0.9757725611349087
15,2.0,1,86,0.921423479313197
15,2.0,2,86,0.8748806799217951
15,2.0,3,86,0.7319035210844032
15,2.0,1,87,0.9498563284289956
15,2.0,2,87,0.961963137297128
15,2.0,3,87,0.9646059909671466
15,2.0,1,88,0.9092237996118908
15,2.0,2,88,0.5754105760339491
15,2.0,3,88,0.8989425628229147
15,2.0,1,89,0.9692697143063786
15,2.0,2,89,0.5000863804034685
15,2.0,3,89,0.7864922410882338
15,2.0,1,90,0.6425011216020643
15,2.0,2,90,0.9142004246933026
15,2.0,3,90,0.6685429739101184
15,2.0,1,91,0.8228277625594155
15,2.0,2,91,0.8460510245901269
15,2.0,3,91,0.9526683588786837
15,2.0,1,92,0.9811126278859524
15,2.0,2,92,0.9748508396986364
15,2.0,3,92,0.7419092495848116
15,2.0,1,93,0.6021766815199514
15,2.0,2,93,0.7867260597567071
15,2.0,3,93,0.9933478999178132
15,2.0,1,94,0.045070448677360486
15,2.0,2,94,0.9040809902552042
15,2.0,3,94,0.9152104179078023
15,2.0,1,95,0.5372409701657315
15,2.0,2,95,0.9210852222085912
15,2.0,3,95,0.9633945762207575
15,2.0,1,96,0.9152438940966937
15,2.0,2,96,0.9126581918936729
15,2.0,3,96,0.9282567644998615
15,2.0,1,97,0.1504688101001162
15,2.0,2,97,0.9834335178943912
15,2.0,3,97,0.8024579939933473
15,2.0,1,98,0.22401939593393327
15,2.0,2,98,0.9351167560502979
15,2.0,3,98,0.8507046671173067
15,2.0,1,99,0.8103303383877677
15,2.0,2,99,0.8821100471588199
15,2.0,3,99,0.8995995201295727
15,2.0,1,100,0.5682920820023362
15,2.0,2,100,0.790483253231662
15,2.0,3,100,0.9795084133725386
15,2.0,1,101,0.03284698619331131
15,2.0,2,101,0.9424021302524406
15,2.0,3,101,0.969498966537115
15,2.0,1,102,0.940942412953663
15,2.0,2,102,0.7392945339551362
15,2.0,3,102,0.9559610371218209
15,2.0,1,103,0.4383491756192148
15,2.0,2,103,0.5533276842441178
15,2.0,3,103,0.9900267414677062
15,2.0,1,104,0.632226290219727
15,2.0,2,104,0.8460350620707107
15,2.0,3,104,0.9312575696852954
15,2.0,1,105,0.004434822352143512
15,2.0,2,105,0.6306351328841484
15,2.0,3,105,0.7025324797150928
15,2.0,1,106,0.5011154600093691
15,2.0,2,106,0.7128613715177818
15,2.0,3,106,0.6755453254846411
15,2.0,1,107,0.8685379634855152
15,2.0,2,107,0.793866558017753
15,2.0,3,107,0.972868761478178
15,2.0,1,108,0.2519681206353586
15,2.0,2,108,0.49418513616840054
15,2.0,3,108,0.939210977531193
15,2.0,1,109,0.9098548222342284
15,2.0,2,109,0.7619803673648926
15,2.0,3,109,0.7719561563011806
15,2.0,1,110,0.5161765451808755
15,2.0,2,110,0.9304278292223009
15,2.0,3,110,0.7173790564513731
15,2.0,1,111,0.015632549435830954
15,2.0,2,111,0.7354081124682962
15,2.0,3,111,0.8217653373924328
15,2.0,1,112,0.5412381671078562
15,2.0,2,112,0.5039415628352432
15,2.0,3,112,0.9774294744619878
15,2.0,1,113,0.7403804565490771
15,2.0,2,113,0.8936375568747456
15,2.0,3,113,0.9835499906374489
15,2.0,1,114,0.8566373081726977
15,2.0,2,114,0.8180812926981635
15,2.0,3,114,0.7636604844170066
15,2.0,1,115,0.9156150185659244
15,2.0,2,115,0.7052706972723202
15,2.0,3,115,0.9426740300637863
15,2.0,1,116,0.26896551497492427
15,2.0,2,116,0.8977006944753344
15,2.0,3,116,0.9646797526663892
15,2.0,1,117,0.0373321596243257
15,2.0,2,117,0.9835322132032187
15,2.0,3,117,0.8040394141519598
15,2.0,1,118,0.8430199133066197
15,2.0,2,118,0.9648796642847806
15,2.0,3,118,0.9248141603668866
15,2.0,1,119,0.36487341608779006
15,2.0,2,119,0.6613114111658058
15,2.0,3,119,0.9310298382085339
15,2.0,1,120,0.0479089628375235
15,2.0,2,120,0.8964193882383434
15,2.0,3,120,0.9475239061771316
15,2.0,1,121,0.4406931409549466
15,2.0,2,121,0.9489654010600823
15,2.0,3,121,0.9432979777392897
15,2.0,1,122,0.42363686342621126
15,2.0,2,122,0.9601749616543178
15,2.0,3,122,0.6671919208193527
15,2.0,1,123,0.7241087578898996
15,2.0,2,123,0.6070191328557671
15,2.0,3,123,0.7655967566550769
15,2.0,1,124,0.8379635965072806
15,2.0,2,124,0.5619447522430868
15,2.0,3,124,0.7290202270495736
15,2.0,1,125,0.22708918273248857
15,2.0,2,125,0.5370321845211219
15,2.0,3,125,0.9924084543312178
15,2.0,1,126,0.8682206869139762
15,2.0,2,126,0.8552985621334734
15,2.0,3,126,0.7268628734563509
15,2.0,1,127,0.9011823364510892
15,2.0,2,127,0.7416860089648083
15,2.0,3,127,0.8503235121366829
15,2.0,1,128,0.91559954942062
15,2.0,2,128,0.9887571511605535
15,2.0,3,128,0.8618671751660036
15,2.0,1,129,0.11631325851143295
15,2.0,2,129,0.9665223968802038
15,2.0,3,129,0.8975764606261025
15,2.0,1,130,0.30205203922735513
15,2.0,2,130,0.9804035548156729
15,2.0,3,130,0.8185658931431904
15,2.0,1,131,0.6632294631887053
15,2.0,2,131,0.9649805374684013
15,2.0,3,131,0.7625233561624873
15,2.0,1,132,0.3789421886902176
15,2.0,2,132,0.6671622685127282
15,2.0,3,132,0.9613684522936579
15,2.0,1,133,0.31572608188450996
15,2.0,2,133,0.8706205567396315
15,2.0,3,133,0.8630918484689675
15,2.0,1,134,0.8620280864798592
15,2.0,2,134,0.5093063045003938
15,2.0,3,134,0.6743512395514512
15,2.0,1,135,0.6437387013411512
15,2.0,2,135,0.5180006169132145
15,2.0,3,135,0.9451412212149153
15,2.0,1,136,0.9241254609279695
15,2.0,2,136,0.7799773953623788
15,2.0,3,136,0.9485731585946707
15,2.0,1,137,0.5315091181263802
15,2.0,2,137,0.6328015929403019
15,2.0,3,137,0.966005841355369
15,2.0,1,138,0.8584637538833177
15,2.0,2,138,0.9450290163791613
15,2.0,3,138,0.7463341071400723
15,2.0,1,139,0.15523247899766388
15,2.0,2,139,0.9272853910727364
15,2.0,3,139,0.6940622879643361
15,2.0,1,140,0.12779752266728353
15,2.0,2,140,0.9410528122454134
15,2.0,3,140,0.9791983606735893
15,2.0,1,141,0.9243897072378171
15,2.0,2,141,0.9274070550599317
15,2.0,3,141,0.7253118661898806
15,2.0,1,142,0.34230434094424894
15,2.0,2,142,0.8864043966308823
15,2.0,3,142,0.9660058125914842
15,2.0,1,143,0.8086953333835759
15,2.0,2,143,0.5628511877234151
15,2.0,3,143,0.9906154076294914
15,2.0,1,144,0.44371829067368973
15,2.0,2,144,0.44454514426205044
15,2.0,3,144,0.8895365774849663
15,2.0,1,145,0.9162622914787456
15,2.0,2,145,0.8921105554495157
15,2.0,3,145,0.9822419511313277
15,2.0,1,146,0.753717324885645
15,2.0,2,146,0.9219683013059112
15,2.0,3,146,0.9503203537121784
15,2.0,1,147,0.8047059030992596
15,2.0,2,147,0.8020111296465606
15,2.0,3,147,0.9605311311630754
15,2.0,1,148,0.8189112321881081
15,2.0,2,148,0.5121787288785287
15,2.0,3,148,0.9042063886099029
15,2.0,1,149,0.8901987133969396
15,2.0,2,149,0.9209564947942884
15,2.0,3,149,0.9115069546220212
15,2.0,1,150,0.7884647426061997
15,2.0,2,150,0.7410195914082464
15,2.0,3,150,0.9524893794205592
15,2.0,1,151,0.7813873229764844
15,2.0,2,151,0.9807025525709518
15,2.0,3,151,0.8380224082510427
15,2.0,1,152,0.5817078991356195
15,2.0,2,152,0.8496514757823281
15,2.0,3,152,0.9118347615435664
15,2.0,1,153,0.23048870593410148
15,2.0,2,153,0.7820231495219091
15,2.0,3,153,0.9836043168900855
15,2.0,1,154,0.7743142901958672
15,2.0,2,154,0.9301075625614328
15,2.0,3,154,0.7551889562569262
15,2.0,1,155,0.7038329834434364
15,2.0,2,155,0.6510306542119564
15,2.0,3,155,0.8034080563067425
15,2.0,1,156,0.9473940470339322
15,2.0,2,156,0.962569036027124
15,2.0,3,156,0.9619704085734021
15,2.0,1,157,0.8749424869081115
15,2.0,2,157,0.8604231319572184
15,2.0,3,157,0.7140049466999406
15,2.0,1,158,0.003120448279880642
15,2.0,2,158,0.9728750637914545
15,2.0,3,158,0.8369104145075067
15,2.0,1,159,0.6948746595972094
15,2.0,2,159,0.9389424557963002
15,2.0,3,159,0.6716242191268186
15,2.0,1,160,0.9362925021408272
15,2.0,2,160,0.9578414917623728
15,2.0,3,160,0.7012129942462765
15,2.0,1,161,0.9175722535322857
15,2.0,2,161,0.8157862296975555
15,2.0,3,161,0.9386382275108348
15,2.0,1,162,0.5965138184165849
15,2.0,2,162,0.8928895937837296
15,2.0,3,162,0.6958241951449754
15,2.0,1,163,0.9145332489281617
15,2.0,2,163,0.5539493676692432
15,2.0,3,163,0.6711602676205722
15,2.0,1,164,0.7660966220025941
15,2.0,2,164,0.7928415720876962
15,2.0,3,164,0.7817117439859788
15,2.0,1,165,0.8852883286655622
15,2.0,2,165,0.9647663349436745
15,2.0,3,165,0.7758709194851171
15,2.0,1,166,0.9280181020619284
15,2.0,2,166,0.9758843310763132
15,2.0,3,166,0.75334474265316
15,2.0,1,167,0.42719274461654877
15,2.0,2,167,0.8678600750155128
15,2.0,3,167,0.9971432547652411
15,2.0,1,168,0.8806357100090094
15,2.0,2,168,0.830186448976975
15,2.0,3,168,0.9806421784103696
15,2.0,1,169,0.9041249124616453
15,2.0,2,169,0.851043705498781
15,2.0,3,169,0.7001048456302142
15,2.0,1,170,0.05437434200186678
15,2.0,2,170,0.7451833791330941
15,2.0,3,170,0.9237360353554376
15,2.0,1,171,0.7346605843980063
15,2.0,2,171,0.815301550435128
15,2.0,3,171,0.8866353255237515
15,2.0,1,172,0.8797350851265863
15,2.0,2,172,0.9791940477464276
15,2.0,3,172,0.8989777714633275
15,2.0,1,173,0.6040837690257068
15,2.0,2,173,0.8463216360145862
15,2.0,3,173,0.8625122118578687
15,2.0,1,174,0.6365168748089425
15,2.0,2,174,0.7411373412109125
15,2.0,3,174,0.8555234506350681
15,2.0,1,175,0.8533356582794243
15,2.0,2,175,0.7301407180757273
15,2.0,3,175,0.9710818938321308
15,2.0,1,176,0.6333941068366619
15,2.0,2,176,0.49994100058767127
15,2.0,3,176,0.9960902796405793
15,2.0,1,177,0.5207061829008353
15,2.0,2,177,0.9409287801691939
15,2.0,3,177,0.9379310640460458
15,2.0,1,178,0.8344468534866545
15,2.0,2,178,0.8942079675927623
15,2.0,3,178,0.9374107694324006
15,2.0,1,179,0.14672830509333445
15,2.0,2,179,0.8161576133367943
15,2.0,3,179,0.9497040460611056
15,2.0,1,180,0.8527552290589772
15,2.0,2,180,0.6891055930868953
15,2.0,3,180,0.8243312690709326
15,2.0,1,181,0.7373267677099234
15,2.0,2,181,0.5106209898974235
15,2.0,3,181,0.7902470088210257
15,2.0,1,182,0.7599158285037722
15,2.0,2,182,0.9225265515515815
15,2.0,3,182,0.9481365363362472
15,2.0,1,183,0.9470956512961793
15,2.0,2,183,0.90473561628279
15,2.0,3,183,0.7337552992938924
15,2.0,1,184,0.8688308090055795
15,2.0,2,184,0.9853000536342934
15,2.0,3,184,0.7485804595845051
15,2.0,1,185,0.8816389628948875
15,2.0,2,185,0.9007138197949606
15,2.0,3,185,0.9967792623144365
15,2.0,1,186,0.535570483868107
15,2.0,2,186,0.9384984832361758
15,2.0,3,186,0.8345503052061449
15,2.0,1,187,0.7891997482477603
15,2.0,2,187,0.9286386354754073
15,2.0,3,187,0.9569350004169831
15,2.0,1,188,0.6087941276586174
15,2.0,2,188,0.8718203248590165
15,2.0,3,188,0.9919956590386714
15,2.0,1,189,0.9268439309926322
15,2.0,2,189,0.8809406329963377
15,2.0,3,189,0.8558206906179334
15,2.0,1,190,0.7953813610438116
15,2.0,2,190,0.8771228951846972
15,2.0,3,190,0.9198758112759381
15,2.0,1,191,0.5679116095399338
15,2.0,2,191,0.6460843651047857
15,2.0,3,191,0.9354593073562497
15,2.0,1,192,0.9344583279179787
15,2.0,2,192,0.8022379285566414
15,2.0,3,192,0.925804047552485
15,2.0,1,193,0.9144858212571472
15,2.0,2,193,0.5256020376745048
15,2.0,3,193,0.6758176205142515
15,2.0,1,194,0.33845999752189193
15,2.0,2,194,0.4969499819861688
15,2.0,3,194,0.977818741403721
15,2.0,1,195,0.9335587059294395
15,2.0,2,195,0.6240492454380666
15,2.0,3,195,0.9837489649763506
15,2.0,1,196,0.6532169924459186
15,2.0,2,196,0.618844076190978
15,2.0,3,196,0.6937770745531994
15,2.0,1,197,0.9210130286526361
15,2.0,2,197,0.9465763500209914
15,2.0,3,197,0.9647724142198735
15,2.0,1,198,0.6377196825507961
15,2.0,2,198,0.6642926408463767
15,2.0,3,198,0.686882467789052
15,2.0,1,199,0.5770642666419529
15,2.0,2,199,0.7757435217635027
15,2.0,3,199,0.9888584149516632
30,0.5,1,0,0.8353850077676395
30,0.5,2,0,0.4911896515131092
30,0.5,3,0,0.7811061044810135
30,0.5,1,1,0.7866207275990376
30,0.5,2,1,0.8645724036531435
30,0.5,3,1,0.7135878705606734
30,0.5,1,2,0.8624023853416205
30,0.5,2,2,0.8398414922467298
30,0.5,3,2,0.6929278445772923
30,0.5,1,3,0.6703260821442782
30,0.5,2,3,0.9471571770652245
30,0.5,3,3,0.7853090758259939
30,0.5,1,4,0.6900337778474939
30,0.5,2,4,0.8022971652852967
30,0.5,3,4,0.8041657359345948
30,0.5,1,5,0.9173952774145858
30,0.5,2,5,0.9040021898796406
30,0.5,3,5,0.9709193367052832
30,0.5,1,6,0.8382564326477089
30,0.5,2,6,0.5417193866204778
30,0.5,3,6,0.7862418993612929
30,0.5,1,7,0.3712622093237475
30,0.5,2,7,0.7369780433684713
30,0.5,3,7,0.992656088573117
30,0.5,1,8,0.8880902989861899
30,0.5,2,8,0.8357048056532852
30,0.5,3,8,0.684298888745114
30,0.5,1,9,0.017705094905187117
30,0.5,2,9,0.897865073423427
30,0.5,3,9,0.9386892878219483
30,0.5,1,10,0.9441650845529063
30,0.5,2,10,0.7008103106491492
30,0.5,3,10,0.9274198935356394
30,0.5,1,11,0.6605655196442431
30,0.5,2,11,0.7765703791150904
30,0.5,3,11,0.9830949852834595
30,0.5,1,12,0.6418956466309006
30,0.5,2,12,0.7310193896931232
30,0.5,3,12,0.781758734853883
30,0.5,1,13,0.4912023363006574
30,0.5,2,13,0.7126034938973427
30,0.5,3,13,0.9207066446703811
30,0.5,1,14,0.901624646243186
30,0.5,2,14,0.9533141682001984
30,0.5,3,14,0.8327861872120539
30,0.5,1,15,0.8498104423337235
30,0.5,2,15,0.5992485406747815
30,0.5,3,15,0.7914293104356154
30,0.5,1,16,0.8472122430689721
30,0.5,2,16,0.9587813503239424
30,0.5,3,16,0.7252325584272934
30,0.5,1,17,0.9415615206852775
30,0.5,2,17,0.7787161845622299
30,0.5,3,17,0.6762192342574962
30,0.5,1,18,0.9553782719608584
30,0.5,2,18,0.9255399350377163
30,0.5,3,18,0.7806590305877309
30,0.5,1,19,0.08528340481046567
30,0.5,2,19,0.5900650093315505
30,0.5,3,19,0.8804513519807752
30,0.5,1,20,0.9809610500693797
30,0.5,2,20,0.9820717299245929
30,0.5,3,20,0.8238957387905762
30,0.5,1,21,0.8679174434164629
30,0.5,2,21,0.8838923592572825
30,0.5,3,21,0.9549074900865864
30,0.5,1,22,0.2744777857509898
30,0.5,2,22,0.4830439227887021
30,0.5,3,22,0.9263775538552338
30,0.5,1,23,0.6329661504085139
30,0.5,2,23,0.7206268926553858
30,0.5,3,23,0.8982034423416364
30,0.5,1,24,0.8226224740157229
30,0.5,2,24,0.9440044836443802
30,0.5,3,24,0.985233287023203
30,0.5,1,25,0.9647998691327732
30,0.5,2,25,0.9682359027241664
30,0.5,3,25,0.8520307377761044
30,0.5,1,26,0.4020928756580829
30,0.5,2,26,0.8413787026045513
30,0.5,3,26,0.9012562801274311
30,0.5,1,27,0.647682511969856
30,0.5,2,27,0.6624828571083565
30,0.5,3,27,0.9476645107264215
30,0.5,1,28,0.9362153003674732
30,0.5,2,28,0.8015508774285863
30,0.5,3,28,0.6911538882026518
30,0.5,1,29,0.7295105405512772
30,0.5,2,29,0.8932701570486192
30,0.5,3,29,0.9169944638249029
30,0.5,1,30,0.6647857319449026
30,0.5,2,30,0.8174706482003851
30,0.5,3,30,0.8973616328849369
30,0.5,1,31,0.787951471328874
30,0.5,2,31,0.9374234534594055
30,0.5,3,31,0.9910757314632693
30,0.5,1,32,0.6035639576371205
30,0.5,2,32,0.7558042036647701
30,0.5,3,32,0.9260962063759978
30,0.5,1,33,0.1349393344399357
30,0.5,2,33,0.8636452523779755
30,0.5,3,33,0.7403773007030824
30,0.5,1,34,0.1728261532776937
30,0.5,2,34,0.6061410317001245
30,0.5,3,34,0.9839268580678117
30,0.5,1,35,0.6686202907582594
30,0.5,2,35,0.8433025778846159
30,0.5,3,35,0.9772645378597996
30,0.5,1,36,0.8946650322628072
30,0.5,2,36,0.8778049694359645
30,0.5,3,36,0.9503108355799809
30,0.5,1,37,0.16113108157416065
30,0.5,2,37,0.858751868924167
30,0.5,3,37,0.9400718669595101
30,0.5,1,38,0.926700748374003
30,0.5,2,38,0.4969769978544288
30,0.5,3,38,0.7697506391657024
30,0.5,1,39,0.9253136663011715
30,0.5,2,39,0.7536899056502018
30,0.5,3,39,0.9228044388864011
30,0.5,1,40,0.945954319718309
30,0.5,2,40,0.8850239833498563
30,0.5,3,40,0.7391484564400002
30,0.5,1,41,0.8644819184153112
30,0.5,2,41,0.680360230405521
30,0.5,3,41,0.9528885873274217
30,0.5,1,42,0.10620614383038968
30,0.5,2,42,0.8071932678031606
30,0.5,3,42,0.6698496861586323
30,0.5,1,43,0.8873262004825183
30,0.5,2,43,0.9510470683953635
30,0.5,3,43,0.936980329401548
30,0.5,1,44,0.917819350913231
30,0.5,2,44,0.9731240035548097
30,0.5,3,44,0.9941880801643052
30,0.5,1,45,0.9771284089705561
30,0.5,2,45,0.5418395584164466
30,0.5,3,45,0.745058108924836
30,0.5,1,46,0.009961375016951967
30,0.5,2,46,0.784460255180039
30,0.5,3,46,0.7193220671816686
30,0.5,1,47,0.6013863558637237
30,0.5,2,47,0.896670364878394
30,0.5,3,47,0.9491316209668091
30,0.5,1,48,0.3271087636766319
30,0.5,2,48,0.885379556532723
30,0.5,3,48,0.675434270980147
30,0.5,1,49,0.9507120038652885
30,0.5,2,49,0.5047359919788953
30,0.5,3,49,0.9606163351374816
30,0.5,1,50,0.4577145396134571
30,0.5,2,50,0.5000418931461216
30,0.5,3,50,0.8561610658164941
30,0.5,1,51,0.7353390460548022
30,0.5,2,51,0.5243602300840869
30,0.5,3,51,0.948004671668206
30,0.5,1,52,0.6690366280141299
30,0.5,2,52,0.9139515023456974
30,0.5,3,52,0.6871243181291042
30,0.5,1,53,0.0002559263596435481
30,0.5,2,53,0.6520164267733555
30,0.5,3,53,0.6716455977585017
30,0.5,1,54,0.8384310149407805
30,0.5,2,54,0.5201406224407634
30,0.5,3,54,0.9597641614806113
30,0.5,1,55,0.7172986251622531
30,0.5,2,55,0.7425427941394454
30,0.5,3,55,0.9771607844232578
30,0.5,1,56,0.6082680275535233
30,0.5,2,56,0.9547368328230845
30,0.5,3,56,0.7638246826860421
30,0.5,1,57,0.3626229292674217
30,0.5,2,57,0.8516119217198264
30,0.5,3,57,0.9850149493856198
30,0.5,1,58,0.9238262205972714
30,0.5,2,58,0.9559428153177001
30,0.5,3,58,0.6797876556604153
30,0.5,1,59,0.9212210087492358
30,0.5,2,59,0.9191886098721873
30,0.5,3,59,0.9226489119496265
30,0.5,1,60,0.9053130692541898
30,0.5,2,60,0.790364587173221
30,0.5,3,60,0.8758755669250345
30,0.5,1,61,0.9336525535120798
30,0.5,2,61,0.4936853091449637
30,0.5,3,61,0.6830327793057512
30,0.5,1,62,0.6390798841239241
30,0.5,2,62,0.9262518227617356
30,0.5,3,62,0.8848559674178921
30,0.5,1,63,0.938570637415767
30,0.5,2,63,0.9786935380436765
30,0.5,3,63,0.7153708363527141
30,0.5,1,64,0.4796499882001018
30,0.5,2,64,0.9594129674856406
30,0.5,3,64,0.9763307908222707
30,0.5,1,65,0.5415626798230132
30,0.5,2,65,0.5779752194744098
30,0.5,3,65,0.89625176981575
30,0.5,1,66,0.8036693295652295
30,0.5,2,66,0.6237713261991702
30,0.5,3,66,0.9886299535231258
30,0.5,1,67,0.7682273034491092
30,0.5,2,67,0.7591332186119851
30,0.5,3,67,0.7835526638687851
30,0.5,1,68,0.6746834693689974
30,0.5,2,68,0.8681634869000734
30,0.5,3,68,0.8875436004893499
30,0.5,1,69,0.9058400826891392
30,0.5,2,69,0.5053542660488831
30,0.5,3,69,0.9101559906307806
30,0.5,1,70,0.5707493687070296
30,0.5,2,70,0.5210796531063481
30,0.5,3,70,0.9850137971466322
30,0.5,1,71,0.6324326928953635
30,0.5,2,71,0.9689631883772657
30,0.5,3,71,0.9767824175321064
30,0.5,1,72,0.9352323424023767
30,0.5,2,72,0.9472248896430149
30,0.5,3,72,0.7574875122715339
30,0.5,1,73,0.6955062339571426
30,0.5,2,73,0.7846969534854387
30,0.5,3,73,0.993482282626529
30,0.5,1,74,0.950525252848635
30,0.5,2,74,0.8900135009851237
30,0.5,3,74,0.8995421968156997
30,0.5,1,75,0.8554385052073804
30,0.5,2,75,0.9692755544582846
30,0.5,3,75,0.6703001154928679
30,0.5,1,76,0.0003392295759802261
30,0.5,2,76,0.6222772102102366
30,0.5,3,76,0.9382491099614133
30,0.5,1,77,0.8457736811289676
30,0.5,2,77,0.7449277682189107
30,0.5,3,77,0.9576145882312922
30,0.5,1,78,0.6666277290505014
30,0.5,2,78,0.9160356186380516
30,0.5,3,78,0.9907173266131926
30,0.5,1,79,0.6459125010566346
30,0.5,2,79,0.8739058291434881
30,0.5,3,79,0.9095824846077684
30,0.5,1,80,0.8714805644725593
30,0.5,2,80,0.8474018195976799
30,0.5,3,80,0.92326900592028
30,0.5,1,81,0.9729371654002671
30,0.5,2,81,0.8648163905678847
30,0.5,3,81,0.9265771606053635
30,0.5,1,82,0.9002725791801682
30,0.5,2,82,0.8428007827336355
30,0.5,3,82,0.8884296418459569
30,0.5,1,83,0.01178903885916704
30,0.5,2,83,0.9820263117238375
30,0.5,3,83,0.9536750105152555
30,0.5,1,84,0.866443914118254
30,0.5,2,84,0.5599644464990758
30,0.5,3,84,0.9284310605845921
30,0.5,1,85,0.6992475037252028
30,0.5,2,85,0.9061661799345068
30,0.5,3,85,0.8077408407541551
30,0.5,1,86,0.9239310532235905
30,0.5,2,86,0.6451762349813036
30,0.5,3,86,0.8014027878600842
30,0.5,1,87,0.8094190814811588
30,0.5,2,87,0.5505873502537325
30,0.5,3,87,0.9635796394166061
30,0.5,1,88,0.17135302760883026
30,0.5,2,88,0.4946305104914468
30,0.5,3,88,0.9842853313522516
30,0.5,1,89,0.19815234079782246
30,0.5,2,89,0.8908781450239277
30,0.5,3,89,0.7479133823982366
30,0.5,1,90,0.8924115906363849
30,0.5,2,90,0.5709093538328478
30,0.5,3,90,0.850283531666845
30,0.5,1,91,0.9673294892426891
30,0.5,2,91,0.939081919879196
30,0.5,3,91,0.9667142688214373
30,0.5,1,92,0.9504008493570056
30,0.5,2,92,0.8003249398157042
30,0.5,3,92,0.9224966428019798
30,0.5,1,93,0.00955908068713689
30,0.5,2,93,0.8991540173975243
30,0.5,3,93,0.9879165834706257
30,0.5,1,94,0.9814299263467339
30,0.5,2,94,0.6169290915669656
30,0.5,3,94,0.7563313543656243
30,0.5,1,95,0.9814204490929958
30,0.5,2,95,0.9440761811731226
30,0.5,3,95,0.9705769335093892
30,0.5,1,96,0.9057713111137573
30,0.5,2,96,0.9711296716891767
30,0.5,3,96,0.9782398538413761
30,0.5,1,97,0.9209647167974337
30,0.5,2,97,0.9010018234069708
30,0.5,3,97,0.9312556859624156
30,0.5,1,98,0.8071439433967709
30,0.5,2,98,0.9424598695254301
30,0.5,3,98,0.8652827289182082
30,0.5,1,99,0.024218754994206615
30,0.5,2,99,0.7209472583230068
30,0.5,3,99,0.9562431557379399
30,0.5,1,100,0.8284798952649903
30,0.5,2,100,0.5235319385585637
30,0.5,3,100,0.8693393861111324
30,0.5,1,101,0.9710720717947798
30,0.5,2,101,0.968727039851486
30,0.5,3,101,0.7323820776740441
30,0.5,1,102,0.8578198721554234
30,0.5,2,102,0.9071220033626022
30,0.5,3,102,0.8841230260957693
30,0.5,1,103,0.0021041840233514213
30,0.5,2,103,0.5061115024060652
30,0.5,3,103,0.9960664232876599
30,0.5,1,104,0.943690342835214
30,0.5,2,104,0.9507886035275638
30,0.5,3,104,0.7358419972676794
30,0.5,1,105,0.7962480844075313
30,0.5,2,105,0.9398724857138596
30,0.5,3,105,0.680776086238791
30,0.5,1,106,0.9177444312235433
30,0.5,2,106,0.8437544911406212
30,0.5,3,106,0.8353549095105723
30,0.5,1,107,0.005346756150691829
30,0.5,2,107,0.7632510271527921
30,0.5,3,107,0.9764808121389441
30,0.5,1,108,0.9822524474807396
30,0.5,2,108,0.7975455308596491
30,0.5,3,108,0.9791752678780199
30,0.5,1,109,0.8703464475105173
30,0.5,2,109,0.4973924215846812
30,0.5,3,109,0.6679357161124987
30,0.5,1,110,0.14715095861125968
30,0.5,2,110,0.8115285988243655
30,0.5,3,110,0.9500643531555286
30,0.5,1,111,0.11174041477290923
30,0.5,2,111,0.979491879720317
30,0.5,3,111,0.8722656778367232
30,0.5,1,112,0.9418809740909709
30,0.5,2,112,0.980601902530981
30,0.5,3,112,0.8725525017444755
30,0.5,1,113,0.7845269551500199
30,0.5,2,113,0.9588985387151858
30,0.5,3,113,0.9278534578163984
30,0.5,1,114,0.46505255350776475
30,0.5,2,114,0.5090782534747694
30,0.5,3,114,0.9853239597657152
30,0.5,1,115,0.8195326750652119
30,0.5,2,115,0.8582170938664002
30,0.5,3,115,0.875412395282884
30,0.5,1,116,0.658879784524116
30,0.5,2,116,0.5144161836411474
30,0.5,3,116,0.9900711623923003
30,0.5,1,117,0.8971431950953042
30,0.5,2,117,0.9495691707369031
30,0.5,3,117,0.9025872384758493
30,0.5,1,118,0.607624371776328
30,0.5,2,118,0.9447710566483585
30,0.5,3,118,0.9950430992476971
30,0.5,1,119,0.8660058072222447
30,0.5,2,119,0.5083923656211662
30,0.5,3,119,0.7848006695433537
30,0.5,1,120,0.2785944487072802
30,0.5,2,120,0.7398449306900107
30,0.5,3,120,0.9903825373762679
30,0.5,1,121,0.13228389022185422
30,0.5,2,121,0.9656028223643762
30,0.5,3,121,0.7060902702287581
30,0.5,1,122,0.9556755466628848
30,0.5,2,122,0.9286639113186731
30,0.5,3,122,0.6689309203503803
30,0.5,1,123,0.804002941304383
30,0.5,2,123,0.6161195202841346
30,0.5,3,123,0.9847407757846306
30,0.5,1,124,0.021513281743268543
30,0.5,2,124,0.4984449359815125
30,0.5,3,124,0.9674490629656853
30,0.5,1,125,0.3451058214390663
30,0.5,2,125,0.9319013772678479
30,0.5,3,125,0.9500381152679466
30,0.5,1,126,0.9829146137197232
30,0.5,2,126,0.9840588268208683
30,0.5,3,126,0.9034774405830418
30,0.5,1,127,0.5594080491078577
30,0.5,2,127,0.663912752378102
30,0.5,3,127,0.967170204745654
30,0.5,1,128,0.7407395708259649
30,0.5,2,128,0.8391694924663124
30,0.5,3,128,0.9423636085613545
30,0.5,1,129,0.9322079003935998
30,0.5,2,129,0.808954890936153
30,0.5,3,129,0.9275979497709596
30,0.5,1,130,0.7902518199519375
30,0.5,2,130,0.9470541806734726
30,0.5,3,130,0.6667298067354926
30,0.5,1,131,0.8765520187599725
30,0.5,2,131,0.943523515654326
30,0.5,3,131,0.9028848040468441
30,0.5,1,132,0.9421081417038781
30,0.5,2,132,0.601382704009666
30,0.5,3,132,0.9763535341918645
30,0.5,1,133,0.916912041226204
30,0.5,2,133,0.8031386021085585
30,0.5,3,133,0.7838065059391881
30,0.5,1,134,0.6682603900691136
30,0.5,2,134,0.7660275899033113
30,0.5,3,134,0.9537132361511437
30,0.5,1,135,0.9378188815823036
30,0.5,2,135,0.9291461361078144
30,0.5,3,135,0.9337253261348263
30,0.5,1,136,0.7472837823335762
30,0.5,2,136,0.9122522798371395
30,0.5,3,136,0.954817931310039
30,0.5,1,137,0.8772826614833541
30,0.5,2,137,0.8205756810819662
30,0.5,3,137,0.8565502464792253
30,0.5,1,138,0.8699560199036976
30,0.5,2,138,0.8773400548041927
30,0.5,3,138,0.9093837065077839
30,0.5,1,139,0.982584249482456
30,0.5,2,139,0.7422508577254416
30,0.5,3,139,0.9623851559380681
30,0.5,1,140,0.43449171542574716
30,0.5,2,140,0.9302155001855212
30,0.5,3,140,0.714370319061339
30,0.5,1,141,0.7564795667830407
30,0.5,2,141,0.9720467514304447
30,0.5,3,141,0.9650834793424711
30,0.5,1,142,0.607978989594538
30,0.5,2,142,0.7432592387218655
30,0.5,3,142,0.9115395939670575
30,0.5,1,143,0.5711168608909497
30,0.5,2,143,0.8916520052482693
30,0.5,3,143,0.9072276633033577
30,0.5,1,144,0.9483572067040706
30,0.5,2,144,0.7251921289519008
30,0.5,3,144,0.670928383054341
30,0.5,1,145,0.6302498017365471
30,0.5,2,145,0.7635720573089615
30,0.5,3,145,0.7328361865736372
30,0.5,1,146,0.962384545714057
30,0.5,2,146,0.9657499970422663
30,0.5,3,146,0.7062204100044965
30,0.5,1,147,0.09881744948961267
30,0.5,2,147,0.8606390481490905
30,0.5,3,147,0.6880694150085733
30,0.5,1,148,0.7875125618929512
30,0.5,2,148,0.9019075709988214
30,0.5,3,148,0.9072091536194492
30,0.5,1,149,0.00018713704412599863
30,0.5,2,149,0.9121706784434346
30,0.5,3,149,0.9531768923293779
30,0.5,1,150,0.8885592257521733
30,0.5,2,150,0.9671290900694924
30,0.5,3,150,0.8483087462686135
30,0.5,1,151,0.9565884141642734
30,0.5,2,151,0.9182988451241818
30,0.5,3,151,0.8358318695264342
30,0.5,1,152,0.06032358914119469
30,0.5,2,152,0.9765915141393731
30,0.5,3,152,0.7552757998222331
30,0.5,1,153,0.616997758731896
30,0.5,2,153,0.864494487453283
30,0.5,3,153,0.8659964278179944
30,0.5,1,154,0.9903899627799211
30,0.5,2,154,0.9931622059377021
30,0.5,3,154,0.9139019515592629
30,0.5,1,155,0.3517557780923653
30,0.5,2,155,0.8900408088566275
30,0.5,3,155,0.6837796982748251
30,0.5,1,156,0.9101276520177857
30,0.5,2,156,0.9446041011048967
30,0.5,3,156,0.6757200855942492
30,0.5,1,157,0.8696439301455461
30,0.5,2,157,0.7679744815907174
30,0.5,3,157,0.9839891550997703
30,0.5,1,158,0.027858200951709048
30,0.5,2,158,0.959715972052856
30,0.5,3,158,0.7831708510770031
30,0.5,1,159,0.9039409071816581
30,0.5,2,159,0.7267572723232905
30,0.5,3,159,0.9740485338202348
30,0.5,1,160,0.6759372691026583
30,0.5,2,160,0.8855549225310158
30,0.5,3,160,0.8456316782292196
30,0.5,1,161,0.8308717731763565
30,0.5,2,161,0.5144704232763704
30,0.5,3,161,0.9922993922877249
30,0.5,1,162,0.9561782804972534
30,0.5,2,162,0.9746827953173084
30,0.5,3,162,0.942986854252708
30,0.5,1,163,0.5762642821597039
30,0.5,2,163,0.9585486620556192
30,0.5,3,163,0.6711373630190535
30,0.5,1,164,0.8801792672254034
30,0.5,2,164,0.7519936531209779
30,0.5,3,164,0.7641523193308862
30,0.5,1,165,0.7740684510793601
30,0.5,2,165,0.7505891952149905
30,0.5,3,165,0.9561509076551702
30,0.5,1,166,0.10919321238518961
30,0.5,2,166,0.8670813911332925
30,0.5,3,166,0.8719479409381033
30,0.5,1,167,0.7645072916979561
30,0.5,2,167,0.7525372609545915
30,0.5,3,167,0.9136056759614931
30,0.5,1,168,0.3188373788668499
30,0.5,2,168,0.7606202608421495
30,0.5,3,168,0.9830832114291823
30,0.5,1,169,0.8925543979274542
30,0.5,2,169,0.9273578503952515
30,0.5,3,169,0.9431845849219358
30,0.5,1,170,0.8891945234368278
30,0.5,2,170,0.5385482593745278
30,0.5,3,170,0.9116195814423866
30,0.5,1,171,0.7109724360747627
30,0.5,2,171,0.4947742014020465
30,0.5,3,171,0.9909599005124115
30,0.5,1,172,0.8620893987383397
30,0.5,2,172,0.8376249243400308
30,0.5,3,172,0.6991056471079901
30,0.5,1,173,0.8740952463121338
30,0.5,2,173,0.9709958662122773
30,0.5,3,173,0.9845412175709697
30,0.5,1,174,0.8181388529741132
30,0.5,2,174,0.8103847051776735
30,0.5,3,174,0.7810665845198265
30,0.5,1,175,0.958943273692613
30,0.5,2,175,0.8802323342570728
30,0.5,3,175,0.9010049984202855
30,0.5,1,176,0.15074766405375614
30,0.5,2,176,0.9370777689605361
30,0.5,3,176,0.9510747256389562
30,0.5,1,177,0.9363854361479961
30,0.5,2,177,0.8926263359713549
30,0.5,3,177,0.9806237816021363
30,0.5,1,178,0.6681977568260735
30,0.5,2,178,0.6145597166424158
30,0.5,3,178,0.9686895736402376
30,0.5,1,179,0.05918925882804448
30,0.5,2,179,0.7204445525336391
30,0.5,3,179,0.9685385074383103
30,0.5,1,180,0.35228144815375034
30,0.5,2,180,0.8535399189912569
30,0.5,3,180,0.969115583092297
30,0.5,1,181,0.6614707655658265
30,0.5,2,181,0.9538067697283148
30,0.5,3,181,0.9194622868457115
30,0.5,1,182,0.9299593481292935
30,0.5,2,182,0.4844151591731412
30,0.5,3,182,0.7756245081981326
30,0.5,1,183,0.2952675208979759
30,0.5,2,183,0.7883476357085637
30,0.5,3,183,0.8767306505327085
30,0.5,1,184,0.9236413354263874
30,0.5,2,184,0.8055328857715158
30,0.5,3,184,0.6813725279531876
30,0.5,1,185,0.44161001882142403
30,0.5,2,185,0.910352799817469
30,0.5,3,185,0.8284815538461459
30,0.5,1,186,0.9703516637620403
30,0.5,2,186,0.9754089252013838
30,0.5,3,186,0.7129487359691965
30,0.5,1,187,0.8545044832626463
30,0.5,2,187,0.7047216672139993
30,0.5,3,187,0.9905180142519235
30,0.5,1,188,0.9647554923615743
30,0.5,2,188,0.8663519046629838
30,0.5,3,188,0.8213520309757188
30,0.5,1,189,0.7680759639542136
30,0.5,2,189,0.5052237962179151
30,0.5,3,189,0.9733786088669222
30,0.5,1,190,0.8561127425202224
30,0.5,2,190,0.9352267937776692
30,0.5,3,190,0.891921757911323
30,0.5,1,191,0.7713251531400371
30,0.5,2,191,0.9133956751587378
30,0.5,3,191,0.9451341250999916
30,0.5,1,192,0.8236162630131648
30,0.5,2,192,0.9664990930573272
30,0.5,3,192,0.9896716718841135
30,0.5,1,193,0.9361741248586789
30,0.5,2,193,0.9175873091574418
30,0.5,3,193,0.9384408269766066
30,0.5,1,194,0.8298379573590313
30,0.5,2,194,0.8878189112282906
30,0.5,3,194,0.8787611994805151
30,0.5,1,195,0.540910738543181
30,0.5,2,195,0.5486797968208792
30,0.5,3,195,0.9189048164339856
30,0.5,1,196,0.9498883063646668
30,0.5,2,196,0.9143541270277928
30,0.5,3,196,0.7960702702116452
30,0.5,1,197,0.9467620830020417
30,0.5,2,197,0.9145561266181651
30,0.5,3,197,0.9802847865100266
30,0.5,1,198,0.9365237515265838
30,0.5,2,198,0.8680864571971048
30,0.5,3,198,0.9363991454784699
30,0.5,1,199,0.20959800865471914
30,0.5,2,199,0.9034700908209764
30,0.5,3,199,0.8825768529650242
30,1.0,1,0,0.835241184310706
30,1.0,2,0,0.8615094815028579
30,1.0,3,0,0.981726261050004
30,1.0,1,1,0.9058451811446244
30,1.0,2,1,0.8180118811217276
30,1.0,3,1,0.9806980539020463
30,1.0,1,2,0.49740703637181877
30,1.0,2,2,0.8151968578905096
30,1.0,3,2,0.9968013109205781
30,1.0,1,3,0.8772604963009668
30,1.0,2,3,0.8673062234708013
30,1.0,3,3,0.9485973403495912
30,1.0,1,4,0.7778658336803159
30,1.0,2,4,0.6806196126761878
30,1.0,3,4,0.9460819297463363
30,1.0,1,5,0.8661381623263185
30,1.0,2,5,0.8936195454752776
30,1.0,3,5,0.9302590830617218
30,1.0,1,6,0.8888108467507874
30,1.0,2,6,0.9711857615305785
30,1.0,3,6,0.7620770071497981
30,1.0,1,7,0.5544287553710661
30,1.0,2,7,0.8622896166032716
30,1.0,3,7,0.9505361473367023
30,1.0,1,8,0.8389744396079938
30,1.0,2,8,0.8408672643732102
30,1.0,3,8,0.8425017518421036
30,1.0,1,9,0.4448795339517746
30,1.0,2,9,0.8052799491564611
30,1.0,3,9,0.9590959496809494
30,1.0,1,10,0.9205011470472328
30,1.0,2,10,0.7250319093743612
30,1.0,3,10,0.7853312398794375
30,1.0,1,11,0.8381593466705921
30,1.0,2,11,0.8276757671614061
30,1.0,3,11,0.6702041115485063
30,1.0,1,12,0.824854781186875
30,1.0,2,12,0.9530933066734555
30,1.0,3,12,0.7368704180637492
30,1.0,1,13,0.9824085841353577
30,1.0,2,13,0.826601361711407
30,1.0,3,13,0.8026380171167289
30,1.0,1,14,0.9282598139156464
30,1.0,2,14,0.4988133469709047
30,1.0,3,14,0.9846442237955729
30,1.0,1,15,0.6978618579933918
30,1.0,2,15,0.5696417289617928
30,1.0,3,15,0.9398136295814105
30,1.0,1,16,0.31791610023743405
30,1.0,2,16,0.933155513937802
30,1.0,3,16,0.8920964894987318
30,1.0,1,17,0.9411957375962055
30,1.0,2,17,0.8144399850383122
30,1.0,3,17,0.9091052205114344
30,1.0,1,18,0.8928334687792395
30,1.0,2,18,0.9034149027030116
30,1.0,3,18,0.6678794200166048
30,1.0,1,19,0.8649029271287509
30,1.0,2,19,0.8662230404731208
30,1.0,3,19,0.9644210553560933
30,1.0,1,20,0.863823656681004
30,1.0,2,20,0.569227737200954
30,1.0,3,20,0.9337683571434553
30,1.0,1,21,0.9064988257428297
30,1.0,2,21,0.9150641485120604
30,1.0,3,21,0.962997193523815
30,1.0,1,22,0.7873952845580193
30,1.0,2,22,0.9570909798641875
30,1.0,3,22,0.8683550490119214
30,1.0,1,23,0.023359446065349652
30,1.0,2,23,0.8994420984355818
30,1.0,3,23,0.7999922171836847
30,1.0,1,24,0.9156801180464885
30,1.0,2,24,0.6697873260213545
30,1.0,3,24,0.7425138461954851
30,1.0,1,25,0.3647487871919324
30,1.0,2,25,0.8286131693338141
30,1.0,3,25,0.9442674569187336
30,1.0,1,26,0.7849197607422196
30,1.0,2,26,0.5017653109167511
30,1.0,3,26,0.8234387315728401
30,1.0,1,27,0.9027090581088532
30,1.0,2,27,0.5766198832423075
30,1.0,3,27,0.8372533743269774
30,1.0,1,28,0.5372514607659704
30,1.0,2,28,0.8198356538796101
30,1.0,3,28,0.9359942399937665
30,1.0,1,29,0.9161655754225664
30,1.0,2,29,0.9536423113546835
30,1.0,3,29,0.9848973206951125
30,1.0,1,30,0.60492022425529
30,1.0,2,30,0.9323058617013331
30,1.0,3,30,0.7056626600914861
30,1.0,1,31,0.7512789367498613
30,1.0,2,31,0.8055816849540283
30,1.0,3,31,0.9960825140336339
30,1.0,1,32,0.9395070283717537
30,1.0,2,32,0.8807345551794525
30,1.0,3,32,0.9224206699626407
30,1.0,1,33,0.6692027022296719
30,1.0,2,33,0.8603104616191528
30,1.0,3,33,0.9882743878072492
30,1.0,1,34,0.5736256086711472
30,1.0,2,34,0.5854760727348818
30,1.0,3,34,0.9122370889138088
30,1.0,1,35,0.9060888416254551
30,1.0,2,35,0.7770619352635719
30,1.0,3,35,0.9116567152987747
30,1.0,1,36,0.529575116071197
30,1.0,2,36,0.7985269978680117
30,1.0,3,36,0.9399916520385797
30,1.0,1,37,0.917864320362033
30,1.0,2,37,0.8738860828611956
30,1.0,3,37,0.9367183290196522
30,1.0,1,38,0.6575856909515294
30,1.0,2,38,0.9766455256475778
30,1.0,3,38,0.9976770707537641
30,1.0,1,39,0.6139309739940824
30,1.0,2,39,0.8232625092989745
30,1.0,3,39,0.9402103171339281
30,1.0,1,40,0.25140980063645535
30,1.0,2,40,0.5952217091776653
30,1.0,3,40,0.6683148254371831
30,1.0,1,41,0.8684522315590126
30,1.0,2,41,0.9255297248725858
30,1.0,3,41,0.9515142022517907
30,1.0,1,42,0.8570656562708773
30,1.0,2,42,0.5565601191688643
30,1.0,3,42,0.9593966835534196
30,1.0,1,43,0.76090333397397
30,1.0,2,43,0.9028242390978023
30,1.0,3,43,0.9918776103963953
30,1.0,1,44,0.8402736028691995
30,1.0,2,44,0.9002879056697177
30,1.0,3,44,0.8870228315427214
30,1.0,1,45,0.29364222333312695
30,1.0,2,45,0.9345208436725446
30,1.0,3,45,0.8496335662017356
30,1.0,1,46,0.77742488822816
30,1.0,2,46,0.777527601772781
30,1.0,3,46,0.9756181071367164
30,1.0,1,47,0.8747125459857527
30,1.0,2,47,0.8432586293314964
30,1.0,3,47,0.8563552377290536
30,1.0,1,48,0.4262380033383003
30,1.0,2,48,0.872234423573826
30,1.0,3,48,0.674306272790739
30,1.0,1,49,0.8917988383799779
30,1.0,2,49,0.8868934599735722
30,1.0,3,49,0.8107913245958156
30,1.0,1,50,0.6522249487779037
30,1.0,2,50,0.6031517581923644
30,1.0,3,50,0.9929523529722323
30,1.0,1,51,0.6126299067790529
30,1.0,2,51,0.9304039787025375
30,1.0,3,51,0.9538956522107136
30,1.0,1,52,0.9241811779511041
30,1.0,2,52,0.8215965344725061
30,1.0,3,52,0.9583051759318449
30,1.0,1,53,0.8471101347305683
30,1.0,2,53,0.723376194258322
30,1.0,3,53,0.9808178193600412
30,1.0,1,54,0.8736157438775017
30,1.0,2,54,0.8246816372272692
30,1.0,3,54,0.8313000990386857
30,1.0,1,55,0.7890932138711053
30,1.0,2,55,0.9747077431462197
30,1.0,3,55,0.8162531494680726
30,1.0,1,56,0.9731483724519738
30,1.0,2,56,0.9642040880773349
30,1.0,3,56,0.9895636322448674
30,1.0,1,57,0.8283425039817098
30,1.0,2,57,0.5275786286520242
30,1.0,3,57,0.9847573938112832
30,1.0,1,58,0.9817555367235962
30,1.0,2,58,0.8602947518041832
30,1.0,3,58,0.6689365880354462
30,1.0,1,59,0.9766572927518088
30,1.0,2,59,0.9780420660231445
30,1.0,3,59,0.8758016084632048
30,1.0,1,60,0.8974661887732451
30,1.0,2,60,0.7571808676326605
30,1.0,3,60,0.860466631398359
30,1.0,1,61,0.7580810043761397
30,1.0,2,61,0.9643822434168087
30,1.0,3,61,0.8244853241485163
30,1.0,1,62,0.24957735456572755
30,1.0,2,62,0.8218662164466379
30,1.0,3,62,0.954138933970912
30,1.0,1,63,0.7762288207484112
30,1.0,2,63,0.8560673651482582
30,1.0,3,63,0.9869199520483029
30,1.0,1,64,0.9056674129127036
30,1.0,2,64,0.9483193642689969
30,1.0,3,64,0.9973762826420008
30,1.0,1,65,0.5394222221581928
30,1.0,2,65,0.4843858851232543
30,1.0,3,65,0.9450393148170577
30,1.0,1,66,0.8719872417151402
30,1.0,2,66,0.5497992490911486
30,1.0,3,66,0.6666832930196439
30,1.0,1,67,0.8908706722034978
30,1.0,2,67,0.8493828570227253
30,1.0,3,67,0.7780607623882178
30,1.0,1,68,0.21498118916514938
30,1.0,2,68,0.9874035329520869
30,1.0,3,68,0.977881939952045
30,1.0,1,69,0.4639546100809631
30,1.0,2,69,0.8372988484345898
30,1.0,3,69,0.9860827308164687
30,1.0,1,70,0.4147319947026686
30,1.0,2,70,0.98149746671425
30,1.0,3,70,0.8836291248414984
30,1.0,1,71,0.9066393043775726
30,1.0,2,71,0.9844709935054003
30,1.0,3,71,0.675547795050291
30,1.0,1,72,0.5628945868375557
30,1.0,2,72,0.857474363324672
30,1.0,3,72,0.7130292642532364
30,1.0,1,73,0.8914664497253265
30,1.0,2,73,0.8246139471319249
30,1.0,3,73,0.8104235233871359
30,1.0,1,74,0.9052726421531554
30,1.0,2,74,0.9101116779682498
30,1.0,3,74,0.6696116838473287
30,1.0,1,75,0.821725947004136
30,1.0,2,75,0.9442134696395648
30,1.0,3,75,0.9620335323269572
30,1.0,1,76,0.8124948194176307
30,1.0,2,76,0.5042738022341623
30,1.0,3,76,0.9913446572698971
30,1.0,1,77,0.8162336845610463
30,1.0,2,77,0.5476519841974223
30,1.0,3,77,0.8901468303207611
30,1.0,1,78,0.015974175619081547
30,1.0,2,78,0.8253314525615513
30,1.0,3,78,0.935609468347049
30,1.0,1,79,0.9053092150556862
30,1.0,2,79,0.6861234170252044
30,1.0,3,79,0.9675018384578182
30,1.0,1,80,0.8863292625995912
30,1.0,2,80,0.5788759362250085
30,1.0,3,80,0.8866360341048579
30,1.0,1,81,0.9108598591586967
30,1.0,2,81,0.8550363210562801
30,1.0,3,81,0.8815773493412707
30,1.0,1,82,0.4218779617662359
30,1.0,2,82,0.9190754807246233
30,1.0,3,82,0.7234838168037513
30,1.0,1,83,0.15258753551802995
30,1.0,2,83,0.965373293821675
30,1.0,3,83,0.8697935135484548
30,1.0,1,84,0.9522266112671094
30,1.0,2,84,0.9103462771443347
30,1.0,3,84,0.6906385764413391
30,1.0,1,85,0.24192274626835744
30,1.0,2,85,0.9350702584774737
30,1.0,3,85,0.9464112397612455
30,1.0,1,86,0.6919776880880109
30,1.0,2,86,0.7638384542551413
30,1.0,3,86,0.915949801821565
30,1.0,1,87,0.15490938296962742
30,1.0,2,87,0.7469873002937912
30,1.0,3,87,0.8900166607533911
30,1.0,1,88,0.924242340619822
30,1.0,2,88,0.8656137954962618
30,1.0,3,88,0.8527526459854763
30,1.0,1,89,0.9250559042772026
30,1.0,2,89,0.9640913077567166
30,1.0,3,89,0.9249352381123987
30,1.0,1,90,0.8004752003374154
30,1.0,2,90,0.677328568590718
30,1.0,3,90,0.6720677555079134
30,1.0,1,91,0.014833755323525693
30,1.0,2,91,0.980785417671431
30,1.0,3,91,0.8708121195616919
30,1.0,1,92,0.9668571227843233
30,1.0,2,92,0.7841978907192142
30,1.0,3,92,0.9809550589731632
30,1.0,1,93,0.04174477186565518
30,1.0,2,93,0.9182516719987783
30,1.0,3,93,0.8766251864298087
30,1.0,1,94,0.8855178354368991
30,1.0,2,94,0.5004433783998654
30,1.0,3,94,0.9765847508876472
30,1.0,1,95,0.9303189943527411
30,1.0,2,95,0.9540766688529175
30,1.0,3,95,0.9371394135846064
30,1.0,1,96,0.9322041126588798
30,1.0,2,96,0.9707165433630298
30,1.0,3,96,0.8193561243871245
30,1.0,1,97,0.7341127109102491
30,1.0,2,97,0.8596801575438693
30,1.0,3,97,0.9792659586814865
30,1.0,1,98,0.40511847369318277
30,1.0,2,98,0.9731681384935436
30,1.0,3,98,0.6774618665306549
30,1.0,1,99,0.7901373763493125
30,1.0,2,99,0.8129534451901498
30,1.0,3,99,0.8415179813797858
30,1.0,1,100,0.8901104156662607
30,1.0,2,100,0.530032218493087
30,1.0,3,100,0.9189841003487759
30,1.0,1,101,0.06202227894763237
30,1.0,2,101,0.9207590317090242
30,1.0,3,101,0.9846843837584304
30,1.0,1,102,0.12569238936145707
30,1.0,2,102,0.8435821161587608
30,1.0,3,102,0.9103432101352911
30,1.0,1,103,0.8689002800502141
30,1.0,2,103,0.8221854134878962
30,1.0,3,103,0.7963229006018665
30,1.0,1,104,0.9421327919907627
30,1.0,2,104,0.9220366206572526
30,1.0,3,104,0.8573865628681868
30,1.0,1,105,0.793375416999227
30,1.0,2,105,0.8820613006969042
30,1.0,3,105,0.9226090399949838
30,1.0,1,106,0.810866683619658
30,1.0,2,106,0.521572643941993
30,1.0,3,106,0.7082490962898826
30,1.0,1,107,0.02595393401199226
30,1.0,2,107,0.8044359312072249
30,1.0,3,107,0.9536266214067033
30,1.0,1,108,0.9433815686828686
30,1.0,2,108,0.9068156905601213
30,1.0,3,108,0.822888753212543
30,1.0,1,109,0.23292212566454482
30,1.0,2,109,0.7520660722407703
30,1.0,3,109,0.9289151338170125
30,1.0,1,110,0.925368615274329
30,1.0,2,110,0.5042862831585434
30,1.0,3,110,0.9595397696086158
30,1.0,1,111,0.19128830373351555
30,1.0,2,111,0.5005809721743552
30,1.0,3,111,0.9681484791894546
30,1.0,1,112,0.6695524596427693
30,1.0,2,112,0.8606976026915346
30,1.0,3,112,0.849151264066411
30,1.0,1,113,0.9152154604508469
30,1.0,2,113,0.879333259623087
30,1.0,3,113,0.6797027872508677
30,1.0,1,114,0.9050223074213102
30,1.0,2,114,0.9428750960169301
30,1.0,3,114,0.9691489878041922
30,1.0,1,115,0.057924579360015244
30,1.0,2,115,0.8899749624996741
30,1.0,3,115,0.9864088559465994
30,1.0,1,116,0.28931889379478953
30,1.0,2,116,0.6565150948617304
30,1.0,3,116,0.9938351492299029
30,1.0,1,117,0.8582686713574786
30,1.0,2,117,0.8360948352738682
30,1.0,3,117,0.9600632719089649
30,1.0,1,118,0.969722887084433
30,1.0,2,118,0.9791680601790909
30,1.0,3,118,0.9173460414967506
30,1.0,1,119,0.8629839042371131
30,1.0,2,119,0.6653899146592259
30,1.0,3,119,0.7039882580699306
30,1.0,1,120,0.871960151538441
30,1.0,2,120,0.6872142615256145
30,1.0,3,120,0.9611633124975926
30,1.0,1,121,0.9031798959678874
30,1.0,2,121,0.8358888890929286
30,1.0,3,121,0.8427832996101222
30,1.0,1,122,0.190838966530101
30,1.0,2,122,0.929984020541904
30,1.0,3,122,0.9887966091803797
30,1.0,1,123,0.8761362318074528
30,1.0,2,123,0.926913131080856
30,1.0,3,123,0.9701012099176521
30,1.0,1,124,0.30089539210465555
30,1.0,2,124,0.8052402958111026
30,1.0,3,124,0.8828511821291927
30,1.0,1,125,0.4370676227229579
30,1.0,2,125,0.8290387506808754
30,1.0,3,125,0.8826122508864728
30,1.0,1,126,0.7133803463214091
30,1.0,2,126,0.5013329486516035
30,1.0,3,126,0.977472965967667
30,1.0,1,127,0.8192842665529066
30,1.0,2,127,0.8452602931463858
30,1.0,3,127,0.856552148841692
30,1.0,1,128,0.8489686183381772
30,1.0,2,128,0.7402626135185184
30,1.0,3,128,0.8949986618610045
30,1.0,1,129,0.36602965249353037
30,1.0,2,129,0.8742620545921787
30,1.0,3,129,0.9010310771465346
30,1.0,1,130,0.8146520907140185
30,1.0,2,130,0.857109642023013
30,1.0,3,130,0.982029894222053
30,1.0,1,131,0.6176760049621881
30,1.0,2,131,0.7712896868081156
30,1.0,3,131,0.9070086301435456
30,1.0,1,132,0.855681976302312
30,1.0,2,132,0.9791213420331046
30,1.0,3,132,0.9820559612889328
30,1.0,1,133,0.4933871458370412
30,1.0,2,133,0.9422733975023692
30,1.0,3,133,0.9872146037504157
30,1.0,1,134,0.8131163945567299
30,1.0,2,134,0.5948079210553148
30,1.0,3,134,0.9876657870714475
30,1.0,1,135,0.05876980810014046
30,1.0,2,135,0.7107762182720145
30,1.0,3,135,0.9846834008693257
30,1.0,1,136,0.6032969122953638
30,1.0,2,136,0.9522834505305864
30,1.0,3,136,0.9619174008902885
30,1.0,1,137,0.6901154669412605
30,1.0,2,137,0.6511961833253054
30,1.0,3,137,0.9466893536313084
30,1.0,1,138,0.9665024744623241
30,1.0,2,138,0.9531543177296397
30,1.0,3,138,0.7163222504566552
30,1.0,1,139,1.222532398028868e-06
30,1.0,2,139,0.8326136444460523
30,1.0,3,139,0.7971193918119703
30,1.0,1,140,0.9871623837607378
30,1.0,2,140,0.7440614594317407
30,1.0,3,140,0.8996156731362216
30,1.0,1,141,0.7918344033417926
30,1.0,2,141,0.8957031244950703
30,1.0,3,141,0.7634843556290293
30,1.0,1,142,0.863475012672242
30,1.0,2,142,0.8270645341541774
30,1.0,3,142,0.6806186668953434
30,1.0,1,143,0.7397628909348797
30,1.0,2,143,0.5319079086348202
30,1.0,3,143,0.9953507084261509
30,1.0,1,144,0.9158472672663077
30,1.0,2,144,0.671563523233592
30,1.0,3,144,0.9767576464581372
30,1.0,1,145,0.7491244178707005
30,1.0,2,145,0.8993715323509635
30,1.0,3,145,0.7562254867563128
30,1.0,1,146,0.9007979489254383
30,1.0,2,146,0.519503777857128
30,1.0,3,146,0.9333337385644341
30,1.0,1,147,0.34287045017189094
30,1.0,2,147,0.9802310773668828
30,1.0,3,147,0.7816706399038617
30,1.0,1,148,0.07931802288272251
30,1.0,2,148,0.9186857818660925
30,1.0,3,148,0.9276977213147299
30,1.0,1,149,0.4949947734006559
30,1.0,2,149,0.7694132242231235
30,1.0,3,149,0.9695645983292734
30,1.0,1,150,0.9520920157172721
30,1.0,2,150,0.9575849565076066
30,1.0,3,150,0.7771703488362885
30,1.0,1,151,0.7870977643207206
30,1.0,2,151,0.970400694950304
30,1.0,3,151,0.9175483618572073
30,1.0,1,152,0.6062793645214303
30,1.0,2,152,0.9349308064220578
30,1.0,3,152,0.9732405505376454
30,1.0,1,153,0.9739934540744987
30,1.0,2,153,0.7563974040595076
30,1.0,3,153,0.7399814060538144
30,1.0,1,154,0.7486308111934578
30,1.0,2,154,0.8827602417627569
30,1.0,3,154,0.9464284583028885
30,1.0,1,155,0.8276091314155776
30,1.0,2,155,0.8591342935016115
30,1.0,3,155,0.7828372579691455
30,1.0,1,156,0.8533298749636539
30,1.0,2,156,0.8837128770430172
30,1.0,3,156,0.6987933964332288
30,1.0,1,157,0.8476912805196156
30,1.0,2,157,0.5482729665680546
30,1.0,3,157,0.8764328917910494
30,1.0,1,158,0.5482774584785813
30,1.0,2,158,0.7151497952217352
30,1.0,3,158,0.7622347955820589
30,1.0,1,159,0.7551797223162341
30,1.0,2,159,0.8410888370310508
30,1.0,3,159,0.9137833807181307
30,1.0,1,160,2.991310909706734e-05
30,1.0,2,160,0.7425581683443242
30,1.0,3,160,0.7101510836327204
30,1.0,1,161,0.6025065330994864
30,1.0,2,161,0.8521595034010683
30,1.0,3,161,0.9768590978941574
30,1.0,1,162,0.9471578107593236
30,1.0,2,162,0.9678899183572223
30,1.0,3,162,0.8151914554381762
30,1.0,1,163,0.9349662491051959
30,1.0,2,163,0.9130551860469452
30,1.0,3,163,0.8066118147492815
30,1.0,1,164,0.07046774099960676
30,1.0,2,164,0.9377269007429946
30,1.0,3,164,0.9561790308513648
30,1.0,1,165,0.9535222752725712
30,1.0,2,165,0.9812740803690043
30,1.0,3,165,0.9059705101974442
30,1.0,1,166,0.8432543520984154
30,1.0,2,166,0.8625606482190822
30,1.0,3,166,0.9412496515693167
30,1.0,1,167,0.9459138964407975
30,1.0,2,167,0.9704905347408421
30,1.0,3,167,0.6825239768598578
30,1.0,1,168,0.03907471852353563
30,1.0,2,168,0.9552862479720111
30,1.0,3,168,0.7865281538915511
30,1.0,1,169,0.9051242600000485
30,1.0,2,169,0.7526515410697846
30,1.0,3,169,0.7736165816177892
30,1.0,1,170,0.709355373172006
30,1.0,2,170,0.8862284871934548
30,1.0,3,170,0.9134303147835285
30,1.0,1,171,0.9450156992155897
30,1.0,2,171,0.8932963366168307
30,1.0,3,171,0.9435044104091483
30,1.0,1,172,0.7751655990131963
30,1.0,2,172,0.6936634715454343
30,1.0,3,172,0.9847479364907002
30,1.0,1,173,0.7214653524800172
30,1.0,2,173,0.5499443970625638
30,1.0,3,173,0.9783761736850597
30,1.0,1,174,0.7828301490268323
30,1.0,2,174,0.7818688639607039
30,1.0,3,174,0.7836291531155015
30,1.0,1,175,0.9293189873629355
30,1.0,2,175,0.9568408220567957
30,1.0,3,175,0.712402498912711
30,1.0,1,176,0.8048436327196674
30,1.0,2,176,0.5538101764929776
30,1.0,3,176,0.7807150907805203
30,1.0,1,177,0.7742668543739251
30,1.0,2,177,0.8996494618013738
30,1.0,3,177,0.9719822490479002
30,1.0,1,178,0.9130941454656989
30,1.0,2,178,0.5897523995674603
30,1.0,3,178,0.9722425397689362
30,1.0,1,179,0.8824594400653474
30,1.0,2,179,0.9132123639569621
30,1.0,3,179,0.9490433904279683
30,1.0,1,180,0.8958403757139052
30,1.0,2,180,0.9681921338031165
30,1.0,3,180,0.9875833373366282
30,1.0,1,181,0.7164306006760697
30,1.0,2,181,0.9829629363192633
30,1.0,3,181,0.7383090110425687
30,1.0,1,182,0.7726056587775798
30,1.0,2,182,0.9007565445484003
30,1.0,3,182,0.808407979229054
30,1.0,1,183,0.8625229727935189
30,1.0,2,183,0.9653669269162142
30,1.0,3,183,0.9028536012912135
30,1.0,1,184,0.17359941556268316
30,1.0,2,184,0.9758588585889155
30,1.0,3,184,0.7185715620707264
30,1.0,1,185,0.7505858157069477
30,1.0,2,185,0.9190090394111645
30,1.0,3,185,0.9945646595005287
30,1.0,1,186,0.75021338985214
30,1.0,2,186,0.9486972141041543
30,1.0,3,186,0.7729606746957957
30,1.0,1,187,0.7366324316323913
30,1.0,2,187,0.9502218789987869
30,1.0,3,187,0.6897245685586261
30,1.0,1,188,0.7997623411461393
30,1.0,2,188,0.744446734413048
30,1.0,3,188,0.992558808936996
30,1.0,1,189,0.9138563752786996
30,1.0,2,189,0.5037940515241248
30,1.0,3,189,0.9740107211027379
30,1.0,1,190,0.9112882671296189
30,1.0,2,190,0.5077005901470324
30,1.0,3,190,0.7724109177976999
30,1.0,1,191,0.3494341949157087
30,1.0,2,191,0.9426535163877976
30,1.0,3,191,0.9576356760117006
30,1.0,1,192,0.7753345592133468
30,1.0,2,192,0.9200279870691067
30,1.0,3,192,0.6810350059683649
30,1.0,1,193,0.8164740398767909
30,1.0,2,193,0.9646537639768071
30,1.0,3,193,0.9043846283926525
30,1.0,1,194,0.6458110602012457
30,1.0,2,194,0.7008696397108176
30,1.0,3,194,0.926813741207923
30,1.0,1,195,0.13058681519323498
30,1.0,2,195,0.4998282427849355
30,1.0,3,195,0.9242190463256296
30,1.0,1,196,0.9586123779251848
30,1.0,2,196,0.9329483713832322
30,1.0,3,196,0.9675382354083387
30,1.0,1,197,0.7422196732884934
30,1.0,2,197,0.49645837913977525
30,1.0,3,197,0.9545241063187843
30,1.0,1,198,0.9372425605688742
30,1.0,2,198,0.9732067917473823
30,1.0,3,198,0.9765448813398251
30,1.0,1,199,0.952640021539775
30,1.0,2,199,0.5572704217890396
30,1.0,3,199,0.8737626532694223
30,2.0,1,0,0.2014302566430238
30,2.0,2,0,0.9606860757616014
30,2.0,3,0,0.7336111137348132
30,2.0,1,1,0.9895493558654118
30,2.0,2,1,0.8690345999055882
30,2.0,3,1,0.8978235772594035
30,2.0,1,2,0.0535945184343454
30,2.0,2,2,0.551133213252051
30,2.0,3,2,0.9401899425255934
30,2.0,1,3,0.49249970787718966
30,2.0,2,3,0.685334453370209
30,2.0,3,3,0.9594427693990641
30,2.0,1,4,0.7767122732163082
30,2.0,2,4,0.958700567076021
30,2.0,3,4,0.9662538250117527
30,2.0,1,5,0.9806009442400755
30,2.0,2,5,0.96506238924742
30,2.0,3,5,0.8419004034574686
30,2.0,1,6,0.0076724217598439035
30,2.0,2,6,0.7556842891840208
30,2.0,3,6,0.9596437514446802
30,2.0,1,7,0.5654014436326388
30,2.0,2,7,0.7698644009958309
30,2.0,3,7,0.9912919491627465
30,2.0,1,8,0.9205054625786933
30,2.0,2,8,0.9783918687517936
30,2.0,3,8,0.7350884003383991
30,2.0,1,9,0.9578282739878199
30,2.0,2,9,0.8086877007816994
30,2.0,3,9,0.9856955272771716
30,2.0,1,10,0.8854598449933987
30,2.0,2,10,0.9400984324574053
30,2.0,3,10,0.9852384745892357
30,2.0,1,11,0.3502258128436124
30,2.0,2,11,0.9241250244676009
30,2.0,3,11,0.7645231015054987
30,2.0,1,12,0.9406341875790255
30,2.0,2,12,0.9104037525314012
30,2.0,3,12,0.8270043459624116
30,2.0,1,13,0.011997123940704579
30,2.0,2,13,0.6037022440133186
30,2.0,3,13,0.9950400833089118
30,2.0,1,14,0.8264520184053241
30,2.0,2,14,0.9388589350120001
30,2.0,3,14,0.9894455596515619
30,2.0,1,15,0.5630827482397107
30,2.0,2,15,0.9626516334095927
30,2.0,3,15,0.9203126580474272
30,2.0,1,16,0.06581654921396891
30,2.0,2,16,0.8659983093966599
30,2.0,3,16,0.9818334640470924
30,2.0,1,17,0.9376031632409983
30,2.0,2,17,0.9499677770003678
30,2.0,3,17,0.9362528522555302
30,2.0,1,18,0.8439713297240411
30,2.0,2,18,0.4972518689472568
30,2.0,3,18,0.8693042205039392
30,2.0,1,19,0.8595528181320296
30,2.0,2,19,0.7662077076820245
30,2.0,3,19,0.8798325324322409
30,2.0,1,20,0.5013362116307626
30,2.0,2,20,0.7042175673291475
30,2.0,3,20,0.9935590186653337
30,2.0,1,21,0.6891200752919785
30,2.0,2,21,0.8643377957857675
30,2.0,3,21,0.9811191568671996
30,2.0,1,22,0.8084633094733505
30,2.0,2,22,0.6868457668768357
30,2.0,3,22,0.6668737884131984
30,2.0,1,23,0.8198572306367391
30,2.0,2,23,0.7233007195510236
30,2.0,3,23,0.9084612657026007
30,2.0,1,24,0.855488894318206
30,2.0,2,24,0.8939776177266614
30,2.0,3,24,0.686575651581759
30,2.0,1,25,0.5572401069240102
30,2.0,2,25,0.5104747350524228
30,2.0,3,25,0.9754798433964799
30,2.0,1,26,0.9242443409251773
30,2.0,2,26,0.49414401296437155
30,2.0,3,26,0.8016146458440271
30,2.0,1,27,0.4567918939140226
30,2.0,2,27,0.8280672491282863
30,2.0,3,27,0.9944292156229076
30,2.0,1,28,0.8006788439708252
30,2.0,2,28,0.8965052716603554
30,2.0,3,28,0.7822559049597304
30,2.0,1,29,0.8625684353442631
30,2.0,2,29,0.8303273061770308
30,2.0,3,29,0.7072488649266274
30,2.0,1,30,0.9180417851775655
30,2.0,2,30,0.9412991342638151
30,2.0,3,30,0.9593663636843233
30,2.0,1,31,0.7220217739459822
30,2.0,2,31,0.6894038675664356
30,2.0,3,31,0.7942375332272777
30,2.0,1,32,0.8883623667766704
30,2.0,2,32,0.7939294927125922
30,2.0,3,32,0.7041901768896293
30,2.0,1,33,0.649436372311436
30,2.0,2,33,0.8121056972162124
30,2.0,3,33,0.7710439545348584
30,2.0,1,34,0.9733310621404845
30,2.0,2,34,0.8532074111521317
30,2.0,3,34,0.9053703646327501
30,2.0,1,35,0.1053571796742902
30,2.0,2,35,0.4917210025172794
30,2.0,3,35,0.9812174801690287
30,2.0,1,36,0.921973607301226
30,2.0,2,36,0.9856502704852259
30,2.0,3,36,0.9228493587740845
30,2.0,1,37,0.9204522353492285
30,2.0,2,37,0.5028562934086537
30,2.0,3,37,0.9462508336905384
30,2.0,1,38,0.42085774762943523
30,2.0,2,38,0.7786328506522674
30,2.0,3,38,0.8555070718885363
30,2.0,1,39,0.7290002173065132
30,2.0,2,39,0.4926595387337566
30,2.0,3,39,0.8822669351820389
30,2.0,1,40,0.2236921706385797
30,2.0,2,40,0.6267997522370682
30,2.0,3,40,0.9924579483657769
30,2.0,1,41,0.5608268164199719
30,2.0,2,41,0.5007373936270676
30,2.0,3,41,0.9857802318828451
30,2.0,1,42,0.7387420537933892
30,2.0,2,42,0.7647711043641038
30,2.0,3,42,0.9104365817621575
30,2.0,1,43,0.9288173494485279
30,2.0,2,43,0.6215392675428186
30,2.0,3,43,0.6679095217147993
30,2.0,1,44,0.9662381430199765
30,2.0,2,44,0.9205750170003644
30,2.0,3,44,0.9185870122785073
30,2.0,1,45,0.9277812625281651
30,2.0,2,45,0.974000565777926
30,2.0,3,45,0.9387361129123818
30,2.0,1,46,0.34067889565509335
30,2.0,2,46,0.8977763793729747
30,2.0,3,46,0.9960729856089845
30,2.0,1,47,0.6985328952272639
30,2.0,2,47,0.7972298993284818
30,2.0,3,47,0.9379833983565881
30,2.0,1,48,0.6492084796747897
30,2.0,2,48,0.9196679495316257
30,2.0,3,48,0.7954491869823536
30,2.0,1,49,0.6507392969074307
30,2.0,2,49,0.8973513097060424
30,2.0,3,49,0.8827630629261147
30,2.0,1,50,0.49196827863505166
30,2.0,2,50,0.6494363145837255
30,2.0,3,50,0.7859669800955408
30,2.0,1,51,0.9464313836870706
30,2.0,2,51,0.7752289188437788
30,2.0,3,51,0.6708105475390232
30,2.0,1,52,0.9453393039667987
30,2.0,2,52,0.9635078772715271
30,2.0,3,52,0.7881779083026816
30,2.0,1,53,0.8570345640341024
30,2.0,2,53,0.815767398274177
30,2.0,3,53,0.9843944138376584
30,2.0,1,54,0.04047104987535872
30,2.0,2,54,0.6848242532152562
30,2.0,3,54,0.9861214283537622
30,2.0,1,55,0.9168115764147647
30,2.0,2,55,0.6865760946676709
30,2.0,3,55,0.9054437373759613
30,2.0,1,56,0.8497972273597926
30,2.0,2,56,0.8492035963195994
30,2.0,3,56,0.9539252969788053
30,2.0,1,57,0.8650080582815645
30,2.0,2,57,0.8725949828896342
30,2.0,3,57,0.9929427768682881
30,2.0,1,58,0.7762973654915823
30,2.0,2,58,0.5422047945198397
30,2.0,3,58,0.7378983065972057
30,2.0,1,59,0.5451483640858097
30,2.0,2,59,0.5369299079173596
30,2.0,3,59,0.9718473690158222
30,2.0,1,60,0.9485772300859707
30,2.0,2,60,0.8897793547668359
30,2.0,3,60,0.7644330624202782
30,2.0,1,61,0.9416697642904182
30,2.0,2,61,0.7908620203576553
30,2.0,3,61,0.8614034091522952
30,2.0,1,62,0.8948149903127111
30,2.0,2,62,0.9442083585007685
30,2.0,3,62,0.6933600659154391
30,2.0,1,63,0.8139482349195443
30,2.0,2,63,0.516009263072053
30,2.0,3,63,0.9970485432164137
30,2.0,1,64,0.9613194907117101
30,2.0,2,64,0.9421193248052291
30,2.0,3,64,0.9385360681164939
30,2.0,1,65,0.45547028659150585
30,2.0,2,65,0.614714593016978
30,2.0,3,65,0.9858985395785643
30,2.0,1,66,0.922543445480634
30,2.0,2,66,0.9250480202442795
30,2.0,3,66,0.9303896236856642
30,2.0,1,67,0.11312696380531388
30,2.0,2,67,0.9799728905401647
30,2.0,3,67,0.6943968114088167
30,2.0,1,68,0.1543120107816857
30,2.0,2,68,0.8768978320847209
30,2.0,3,68,0.9803497482841342
30,2.0,1,69,0.8285037773253726
30,2.0,2,69,0.8193185718718967
30,2.0,3,69,0.9904009159834857
30,2.0,1,70,0.9751407154012182
30,2.0,2,70,0.7274646924348873
30,2.0,3,70,0.9574913841384193
30,2.0,1,71,0.5451692651576182
30,2.0,2,71,0.8969716780222472
30,2.0,3,71,0.9979643190886277
30,2.0,1,72,0.9468912812289711
30,2.0,2,72,0.7696209982911433
30,2.0,3,72,0.9400747907846965
30,2.0,1,73,0.8368897688949759
30,2.0,2,73,0.9624870684219657
30,2.0,3,73,0.9046463134864177
30,2.0,1,74,0.2186980336755475
30,2.0,2,74,0.8259991704887845
30,2.0,3,74,0.8365124643753746
30,2.0,1,75,0.017161003317736248
30,2.0,2,75,0.9008950845380161
30,2.0,3,75,0.8880229785403281
30,2.0,1,76,0.9269451795245047
30,2.0,2,76,0.900986997993984
30,2.0,3,76,0.9667808963514496
30,2.0,1,77,0.8757778565773702
30,2.0,2,77,0.9300775504337961
30,2.0,3,77,0.9890195037943843
30,2.0,1,78,0.6231293861408325
30,2.0,2,78,0.7214720115977308
30,2.0,3,78,0.8622169388510127
30,2.0,1,79,0.9765305507033804
30,2.0,2,79,0.9353478890566013
30,2.0,3,79,0.7435412097323036
30,2.0,1,80,0.9096956504176961
30,2.0,2,80,0.6557469104257596
30,2.0,3,80,0.8980856864398395
30,2.0,1,81,0.7633226040041213
30,2.0,2,81,0.8787864416137493
30,2.0,3,81,0.7357797764467987
30,2.0,1,82,0.4265327548038623
30,2.0,2,82,0.7997297958699852
30,2.0,3,82,0.9470430300113294
30,2.0,1,83,0.82693634517629
30,2.0,2,83,0.8906819133957735
30,2.0,3,83,0.9666249431329451
30,2.0,1,84,0.5649642421765856
30,2.0,2,84,0.8830849221612547
30,2.0,3,84,0.9962503224274032
30,2.0,1,85,0.9191512368752537
30,2.0,2,85,0.8775901776746323
30,2.0,3,85,0.6769241404566392
30,2.0,1,86,0.9452288846840138
30,2.0,2,86,0.9292587440911841
30,2.0,3,86,0.7210531258507085
30,2.0,1,87,0.7760616582996396
30,2.0,2,87,0.832117491975989
30,2.0,3,87,0.9842788235197513
30,2.0,1,88,0.8133062369223173
30,2.0,2,88,0.5232949804020528
30,2.0,3,88,0.6761816513956541
30,2.0,1,89,0.9515556324586036
30,2.0,2,89,0.883394119663762
30,2.0,3,89,0.7041864098689676
30,2.0,1,90,0.7486985049202053
30,2.0,2,90,0.5845438853075389
30,2.0,3,90,0.9876804981826046
30,2.0,1,91,0.8822080647094186
30,2.0,2,91,0.9804957840575729
30,2.0,3,91,0.9505357791335641
30,2.0,1,92,0.436653196898354
30,2.0,2,92,0.8808076526971549
30,2.0,3,92,0.8949169656622119
30,2.0,1,93,0.9712364931406444
30,2.0,2,93,0.573892351923555
30,2.0,3,93,0.9277571833000969
30,2.0,1,94,0.43716184185599255
30,2.0,2,94,0.6312718042612324
30,2.0,3,94,0.9870866224488218
30,2.0,1,95,0.8766760780746341
30,2.0,2,95,0.8166998514807227
30,2.0,3,95,0.9539868469352019
30,2.0,1,96,0.9042543635781128
30,2.0,2,96,0.9467331055326853
30,2.0,3,96,0.9093795661699023
30,2.0,1,97,0.8089011501106926
30,2.0,2,97,0.777635201806612
30,2.0,3,97,0.9663345415428676
30,2.0,1,98,0.9466479189802832
30,2.0,2,98,0.9803770397505687
30,2.0,3,98,0.6751194692559085
30,2.0,1,99,0.7033848217982469
30,2.0,2,99,0.5008178960443496
30,2.0,3,99,0.9915415186631485
30,2.0,1,100,0.9417655824019966
30,2.0,2,100,0.6930137224291447
30,2.0,3,100,0.9739243214373466
30,2.0,1,101,0.7401000337884107
30,2.0,2,101,0.8628091447066379
30,2.0,3,101,0.9694320606436299
30,2.0,1,102,0.30242974170983894
30,2.0,2,102,0.7393120074383692
30,2.0,3,102,0.9427732475790377
30,2.0,1,103,0.4178155927576293
30,2.0,2,103,0.8728787148952223
30,2.0,3,103,0.9642449922411039
30,2.0,1,104,0.09313303273155824
30,2.0,2,104,0.9420355313792359
30,2.0,3,104,0.9822398407499667
30,2.0,1,105,0.30228625552049165
30,2.0,2,105,0.9666474164523063
30,2.0,3,105,0.78737338642672
30,2.0,1,106,0.9302430661744084
30,2.0,2,106,0.9465303883979853
30,2.0,3,106,0.7358875630380329
30,2.0,1,107,0.5622887777927318
30,2.0,2,107,0.9676833088479161
30,2.0,3,107,0.7627431207423823
30,2.0,1,108,0.8815244611906116
30,2.0,2,108,0.9385672545273361
30,2.0,3,108,0.9638188665742303
30,2.0,1,109,0.9373565222280759
30,2.0,2,109,0.9158744577143993
30,2.0,3,109,0.9381470192251777
30,2.0,1,110,0.9763216235266104
30,2.0,2,110,0.8464042704093269
30,2.0,3,110,0.6892313732949873
30,2.0,1,111,0.7644475543500803
30,2.0,2,111,0.9186047702069015
30,2.0,3,111,0.8046358386916058
30,2.0,1,112,0.8699736396003451
30,2.0,2,112,0.9057984523414432
30,2.0,3,112,0.937933393717847
30,2.0,1,113,0.7363193188285507
30,2.0,2,113,0.7897580500704715
30,2.0,3,113,0.9842803886209045
30,2.0,1,114,0.8856234637899507
30,2.0,2,114,0.7181094453296883
30,2.0,3,114,0.8351572883322342
30,2.0,1,115,0.2918065489811534
30,2.0,2,115,0.9333030928178525
30,2.0,3,115,0.9808737731248178
30,2.0,1,116,0.33859885755455255
30,2.0,2,116,0.7084832686076448
30,2.0,3,116,0.7070468327296924
30,2.0,1,117,0.5187165306898662
30,2.0,2,117,0.8829551748995066
30,2.0,3,117,0.9922687180058306
30,2.0,1,118,0.9427867206599623
30,2.0,2,118,0.7210337887282412
30,2.0,3,118,0.934140421658987
30,2.0,1,119,0.8837199446746872
30,2.0,2,119,0.6925910123962323
30,2.0,3,119,0.9755624414736456
30,2.0,1,120,0.9527012210090828
30,2.0,2,120,0.4933453280282679
30,2.0,3,120,0.8313391183115969
30,2.0,1,121,0.8457514995482746
30,2.0,2,121,0.961142358356579
30,2.0,3,121,0.9182745715756853
30,2.0,1,122,0.8375041589442392
30,2.0,2,122,0.7283987171114574
30,2.0,3,122,0.7404007325474469
30,2.0,1,123,0.7205376755580492
30,2.0,2,123,0.9342175228869356
30,2.0,3,123,0.6666666747327205
30,2.0,1,124,0.8357650881334084
30,2.0,2,124,0.5785955894959633
30,2.0,3,124,0.9359717777095566
30,2.0,1,125,0.8676531425849666
30,2.0,2,125,0.6301924404692001
30,2.0,3,125,0.8300846076895101
30,2.0,1,126,0.7422175630741559
30,2.0,2,126,0.5182819952293621
30,2.0,3,126,0.9791667381465214
30,2.0,1,127,0.5578876876323495
30,2.0,2,127,0.9661646168262217
30,2.0,3,127,0.9854934890428093
30,2.0,1,128,0.8694168420245498
30,2.0,2,128,0.8602284783613952
30,2.0,3,128,0.7660466947778525
30,2.0,1,129,0.8135444930073813
30,2.0,2,129,0.8925788862006694
30,2.0,3,129,0.881504231138397
30,2.0,1,130,0.8047035175133795
30,2.0,2,130,0.7237087599548737
30,2.0,3,130,0.9394058911177033
30,2.0,1,131,0.7513331085367962
30,2.0,2,131,0.7846297496366333
30,2.0,3,131,0.9034895791460693
30,2.0,1,132,0.8660838289383302
30,2.0,2,132,0.8848543847671639
30,2.0,3,132,0.9756149815065243
30,2.0,1,133,0.7033055595264431
30,2.0,2,133,0.5525975158039669
30,2.0,3,133,0.6688629011282922
30,2.0,1,134,0.5527540402320842
30,2.0,2,134,0.8336740569557348
30,2.0,3,134,0.994833534974839
30,2.0,1,135,0.9278838468131541
30,2.0,2,135,0.9132758901518196
30,2.0,3,135,0.7466384475460214
30,2.0,1,136,0.9680370106921071
30,2.0,2,136,0.9583825252747757
30,2.0,3,136,0.6786767247510355
30,2.0,1,137,0.9477563041366899
30,2.0,2,137,0.7919796990422985
30,2.0,3,137,0.6813332268534849
30,2.0,1,138,0.3821219547657301
30,2.0,2,138,0.9875723728011583
30,2.0,3,138,0.9804506003665016
30,2.0,1,139,0.7512521850290371
30,2.0,2,139,0.9051880702840227
30,2.0,3,139,0.9321594682937983
30,2.0,1,140,0.9261642424827856
30,2.0,2,140,0.7877467296691943
30,2.0,3,140,0.9369915696398761
30,2.0,1,141,0.008725525808657304
30,2.0,2,141,0.7596414776491633
30,2.0,3,141,0.9778320492275675
30,2.0,1,142,0.27906712426208713
30,2.0,2,142,0.8713415181848969
30,2.0,3,142,0.8552042708205073
30,2.0,1,143,0.9552171515863878
30,2.0,2,143,0.9464016137539351
30,2.0,3,143,0.857974275795455
30,2.0,1,144,0.40537167368808924
30,2.0,2,144,0.9388408692593166
30,2.0,3,144,0.8637319803501889
30,2.0,1,145,0.4138876821499312
30,2.0,2,145,0.49812628469366893
30,2.0,3,145,0.9746220931817575
30,2.0,1,146,0.6302682669832526
30,2.0,2,146,0.9564549962278744
30,2.0,3,146,0.924780160897735
30,2.0,1,147,0.5686643387923153
30,2.0,2,147,0.9199513562258581
30,2.0,3,147,0.7827207318438975
30,2.0,1,148,0.8570720445375744
30,2.0,2,148,0.7310335668569646
30,2.0,3,148,0.995112682737345
30,2.0,1,149,0.27021642361380527
30,2.0,2,149,0.7326431766745727
30,2.0,3,149,0.8256692762757524
30,2.0,1,150,0.8049347783473968
30,2.0,2,150,0.9002581249848411
30,2.0,3,150,0.974751935737837
30,2.0,1,151,0.971176365183954
30,2.0,2,151,0.9449302619548565
30,2.0,3,151,0.9274241914276701
30,2.0,1,152,0.5434284107468514
30,2.0,2,152,0.9080143583158722
30,2.0,3,152,0.9642684845428238
30,2.0,1,153,0.751903397571861
30,2.0,2,153,0.6715712324086943
30,2.0,3,153,0.9887755078284552
30,2.0,1,154,0.9352515835186174
30,2.0,2,154,0.7351579116938215
30,2.0,3,154,0.9531023134407737
30,2.0,1,155,0.7583903677228149
30,2.0,2,155,0.9688862476944877
30,2.0,3,155,0.7789946664028329
30,2.0,1,156,0.8938621911037414
30,2.0,2,156,0.9709459153412934
30,2.0,3,156,0.6666947602139016
30,2.0,1,157,0.9532547884828627
30,2.0,2,157,0.9576323827617532
30,2.0,3,157,0.8359486925892724
30,2.0,1,158,0.938941780857726
30,2.0,2,158,0.5984414210690675
30,2.0,3,158,0.7637164833290039
30,2.0,1,159,0.5143458258674966
30,2.0,2,159,0.8793529194287153
30,2.0,3,159,0.8872041310554294
30,2.0,1,160,0.7831522423706937
30,2.0,2,160,0.8704187300183641
30,2.0,3,160,0.9544283969413102
30,2.0,1,161,0.9410951221337837
30,2.0,2,161,0.9604990312138773
30,2.0,3,161,0.6671606239344176
30,2.0,1,162,0.922879055645916
30,2.0,2,162,0.909686728646125
30,2.0,3,162,0.7537506679855116
30,2.0,1,163,0.8428043100998998
30,2.0,2,163,0.5419077831800688
30,2.0,3,163,0.7766402288249014
30,2.0,1,164,0.8172072479148486
30,2.0,2,164,0.9898008408592155
30,2.0,3,164,0.9606680410586517
30,2.0,1,165,0.6436190063937077
30,2.0,2,165,0.8419471712573448
30,2.0,3,165,0.9569993792109365
30,2.0,1,166,0.8518301553443165
30,2.0,2,166,0.5223327532062617
30,2.0,3,166,0.9765098479476979
30,2.0,1,167,0.6446592170738901
30,2.0,2,167,0.8409546280462428
30,2.0,3,167,0.9773718302926447
30,2.0,1,168,0.5290584734344947
30,2.0,2,168,0.9323017107077143
30,2.0,3,168,0.9919637313096884
30,2.0,1,169,0.027251231640439792
30,2.0,2,169,0.9857851809908118
30,2.0,3,169,0.8045830118903718
30,2.0,1,170,0.8481948961407478
30,2.0,2,170,0.7462151569262242
30,2.0,3,170,0.9016534917312825
30,2.0,1,171,0.46570250619078146
30,2.0,2,171,0.9337771073767975
30,2.0,3,171,0.8889753878045695
30,2.0,1,172,0.48757833971374026
30,2.0,2,172,0.9069963267598307
30,2.0,3,172,0.8951622609447126
30,2.0,1,173,0.6642372981491915
30,2.0,2,173,0.7286267642129486
30,2.0,3,173,0.9290909276397
30,2.0,1,174,0.7445568336594653
30,2.0,2,174,0.9585082515245262
30,2.0,3,174,0.9354199977829417
30,2.0,1,175,0.8635217622312192
30,2.0,2,175,0.9340060669026655
30,2.0,3,175,0.9697434234379788
30,2.0,1,176,0.6137325916413533
30,2.0,2,176,0.8261056701060682
30,2.0,3,176,0.9759681536494392
30,2.0,1,177,0.31299519979599716
30,2.0,2,177,0.5528285252699426
30,2.0,3,177,0.9968041120137179
30,2.0,1,178,0.6121068685469816
30,2.0,2,178,0.9078620118451449
30,2.0,3,178,0.9781797864898506
30,2.0,1,179,0.39064359682606764
30,2.0,2,179,0.9307918430650819
30,2.0,3,179,0.8921317030063439
30,2.0,1,180,0.8784197682956274
30,2.0,2,180,0.5582447607688807
30,2.0,3,180,0.6798952567197167
30,2.0,1,181,0.9597877502527712
30,2.0,2,181,0.9083769499235224
30,2.0,3,181,0.6790323767180877
30,2.0,1,182,0.8172678057804105
30,2.0,2,182,0.8974770570880348
30,2.0,3,182,0.9897825187275068
30,2.0,1,183,0.7906461470160436
30,2.0,2,183,0.9660682244529502
30,2.0,3,183,0.7406793595289236
30,2.0,1,184,0.9178029392106714
30,2.0,2,184,0.9599717525339851
30,2.0,3,184,0.666673155740945
30,2.0,1,185,0.9046304778168609
30,2.0,2,185,0.9574397565263572
30,2.0,3,185,0.9465573220453961
30,2.0,1,186,0.7023053411087768
30,2.0,2,186,0.8888711392911184
30,2.0,3,186,0.9018012706418491
30,2.0,1,187,0.7856977045568663
30,2.0,2,187,0.9404237878970846
30,2.0,3,187,0.7655178454191236
30,2.0,1,188,0.8657440134142415
30,2.0,2,188,0.914645843782318
30,2.0,3,188,0.9940355185508992
30,2.0,1,189,0.9024147977452676
30,2.0,2,189,0.6895430873752907
30,2.0,3,189,0.7409512091133044
30,2.0,1,190,0.7221585224672398
30,2.0,2,190,0.9162021253143788
30,2.0,3,190,0.9702993950250359
30,2.0,1,191,0.0011084898166508442
30,2.0,2,191,0.971960013610548
30,2.0,3,191,0.7861463982305162
30,2.0,1,192,0.9030261626977387
30,2.0,2,192,0.5718514883844164
30,2.0,3,192,0.7485034196849507
30,2.0,1,193,0.903148037214074
30,2.0,2,193,0.9778807661572024
30,2.0,3,193,0.7995660714456859
30,2.0,1,194,0.9247801711272793
30,2.0,2,194,0.7503870049777908
30,2.0,3,194,0.816087261353696
30,2.0,1,195,0.7996871262916767
30,2.0,2,195,0.9212056178394108
30,2.0,3,195,0.7074046671218502
30,2.0,1,196,0.8868222884692418
30,2.0,2,196,0.6834668200144505
30,2.0,3,196,0.8824183137891736
30,2.0,1,197,0.881262273167815
30,2.0,2,197,0.9137543313640415
30,2.0,3,197,0.6849787595178544
30,2.0,1,198,0.7252624223963694
30,2.0,2,198,0.8276913666846888
30,2.0,3,198,0.8700424982456787
30,2.0,1,199,0.6817843217111784
30,2.0,2,199,0.9002731153108489
30,2.0,3,199,0.9974605559197408
50,0.5,1,0,0.18855989026767425
50,0.5,2,0,0.7570577353223304
50,0.5,3,0,0.8276227619810476
50,0.5,1,1,0.7776204796524377
50,0.5,2,1,0.9843822322713696
50,0.5,3,1,0.7846074246593161
50,0.5,1,2,0.23208758715640077
50,0.5,2,2,0.6275033071174138
50,0.5,3,2,0.6696189164518763
50,0.5,1,3,0.19562246994391697
50,0.5,2,3,0.7745539620910012
50,0.5,3,3,0.9454982851373841
50,0.5,1,4,0.9050065465563275
50,0.5,2,4,0.7173063706662468
50,0.5,3,4,0.9617049502700775
50,0.5,1,5,0.6991342195333393
50,0.5,2,5,0.7977282089999179
50,0.5,3,5,0.9466088831719582
50,0.5,1,6,0.9628044513266093
50,0.5,2,6,0.970903455426434
50,0.5,3,6,0.8787745038453997
50,0.5,1,7,0.9635164638000883
50,0.5,2,7,0.7791203351488839
50,0.5,3,7,0.7027336423731714
50,0.5,1,8,0.8297925478591006
50,0.5,2,8,0.8418863122519057
50,0.5,3,8,0.9648030254740382
50,0.5,1,9,8.67185129601165e-07
50,0.5,2,9,0.49295306578236725
50,0.5,3,9,0.9913228328685285
50,0.5,1,10,0.008717131364570618
50,0.5,2,10,0.9564164595792648
50,0.5,3,10,0.8726518604708677
50,0.5,1,11,0.7569536766629736
50,0.5,2,11,0.8367698892745071
50,0.5,3,11,0.9225604505821495
50,0.5,1,12,0.2376918206954168
50,0.5,2,12,0.9029313701091253
50,0.5,3,12,0.8547345726245007
50,0.5,1,13,0.00770617794564339
50,0.5,2,13,0.9542429796266296
50,0.5,3,13,0.6836334273508368
50,0.5,1,14,0.6206821457042284
50,0.5,2,14,0.9867155582323919
50,0.5,3,14,0.992912922566992
50,0.5,1,15,0.2558271646886699
50,0.5,2,15,0.9397265657057933
50,0.5,3,15,0.9931763543595894
50,0.5,1,16,0.8886399234225529
50,0.5,2,16,0.9249459722812333
50,0.5,3,16,0.7260174382582195
50,0.5,1,17,0.2202463870882633
50,0.5,2,17,0.8243366364790397
50,0.5,3,17,0.9940344305439145
50,0.5,1,18,0.6765739007832458
50,0.5,2,18,0.6722942132081424
50,0.5,3,18,0.8859355428786054
50,0.5,1,19,0.6895325261583587
50,0.5,2,19,0.8839210814852545
50,0.5,3,19,0.9794612887623219
50,0.5,1,20,0.8915818042463095
50,0.5,2,20,0.7558837482632571
50,0.5,3,20,0.9797651081469402
50,0.5,1,21,0.07966261859724756
50,0.5,2,21,0.5773341385307553
50,0.5,3,21,0.9919131761799899
50,0.5,1,22,0.6351594528829873
50,0.5,2,22,0.9409979044845327
50,0.5,3,22,0.9545991618917112
50,0.5,1,23,0.8620912504776197
50,0.5,2,23,0.5120774728342895
50,0.5,3,23,0.7893389904841839
50,0.5,1,24,0.9077011803463483
50,0.5,2,24,0.9109588833289233
50,0.5,3,24,0.8291448551529537
50,0.5,1,25,0.8436091944593646
50,0.5,2,25,0.8284586998336458
50,0.5,3,25,0.9615992487481065
50,0.5,1,26,0.4353418655130724
50,0.5,2,26,0.9689877422112678
50,0.5,3,26,0.9945770619116269
50,0.5,1,27,0.6955567116775339
50,0.5,2,27,0.7139071026618385
50,0.5,3,27,0.9671420830421743
50,0.5,1,28,0.9521279151751851
50,0.5,2,28,0.894957627889102
50,0.5,3,28,0.8651117228517439
50,0.5,1,29,0.438182794718891
50,0.5,2,29,0.7910977863404818
50,0.5,3,29,0.9798267726169331
50,0.5,1,30,0.8897262042322588
50,0.5,2,30,0.9467829266160855
50,0.5,3,30,0.9767508412743228
50,0.5,1,31,0.020568250315383993
50,0.5,2,31,0.9689751040405694
50,0.5,3,31,0.7089551038152919
50,0.5,1,32,0.8724913393527253
50,0.5,2,32,0.9062207536931832
50,0.5,3,32,0.9851638088517803
50,0.5,1,33,0.851976509081313
50,0.5,2,33,0.9627600713425539
50,0.5,3,33,0.6666915104123036
50,0.5,1,34,0.046125086132351535
50,0.5,2,34,0.7856948520824361
50,0.5,3,34,0.9790904311992003
50,0.5,1,35,0.9045297734931858
50,0.5,2,35,0.9112446233464451
50,0.5,3,35,0.9809730464711685
50,0.5,1,36,0.02226380757443584
50,0.5,2,36,0.9551425193593256
50,0.5,3,36,0.7087020285654727
50,0.5,1,37,0.7766103958223708
50,0.5,2,37,0.5299610676950915
50,0.5,3,37,0.9480548973985875
50,0.5,1,38,0.05417561866459371
50,0.5,2,38,0.9878110496013502
50,0.5,3,38,0.6666835239179624
50,0.5,1,39,0.28603054556553553
50,0.5,2,39,0.9841689893400904
50,0.5,3,39,0.982897385468149
50,0.5,1,40,0.9301155875381949
50,0.5,2,40,0.5094338845969414
50,0.5,3,40,0.8465566390019621
50,0.5,1,41,0.8537860773417904
50,0.5,2,41,0.8737714891802897
50,0.5,3,41,0.8213373625719522
50,0.5,1,42,0.9635767730553625
50,0.5,2,42,0.9592992072240343
50,0.5,3,42,0.902047757625618
50,0.5,1,43,0.8774004997480179
50,0.5,2,43,0.8382845290462677
50,0.5,3,43,0.9756480408556444
50,0.5,1,44,0.920434548212586
50,0.5,2,44,0.9476292582373131
50,0.5,3,44,0.7451100704096193
50,0.5,1,45,0.9127227719599027
50,0.5,2,45,0.8253610965512705
50,0.5,3,45,0.9501531738178612
50,0.5,1,46,0.9100166621146429
50,0.5,2,46,0.9230996801822964
50,0.5,3,46,0.9359341025769118
50,0.5,1,47,0.9076466741435516
50,0.5,2,47,0.6838645618075057
50,0.5,3,47,0.9251895716643
50,0.5,1,48,0.6145846217451002
50,0.5,2,48,0.9255170841505738
50,0.5,3,48,0.6710617974545379
50,0.5,1,49,0.7828146049817906
50,0.5,2,49,0.9108071659690047
50,0.5,3,49,0.9545121677845961
50,0.5,1,50,0.7036515843695852
50,0.5,2,50,0.9330174019119197
50,0.5,3,50,0.8103999734475509
50,0.5,1,51,0.7080671194088486
50,0.5,2,51,0.7225972547735722
50,0.5,3,51,0.9641832931908872
50,0.5,1,52,0.4895488529354766
50,0.5,2,52,0.6724651204984987
50,0.5,3,52,0.9708002040877918
50,0.5,1,53,0.904558526803168
50,0.5,2,53,0.7430186227062621
50,0.5,3,53,0.9833042784694829
50,0.5,1,54,0.8751034251806593
50,0.5,2,54,0.8950696263867455
50,0.5,3,54,0.6701907643136266
50,0.5,1,55,0.6148822552582125
50,0.5,2,55,0.9214345833869668
50,0.5,3,55,0.9826976573766877
50,0.5,1,56,0.9365299373882876
50,0.5,2,56,0.9191128952712248
50,0.5,3,56,0.8381115802655833
50,0.5,1,57,0.0030625990400515017
50,0.5,2,57,0.9704067487711027
50,0.5,3,57,0.9722465431108924
50,0.5,1,58,0.05709362495934354
50,0.5,2,58,0.9763140687558829
50,0.5,3,58,0.9740400656656965
50,0.5,1,59,0.9176164603592638
50,0.5,2,59,0.5782170615261654
50,0.5,3,59,0.7528151897073233
50,0.5,1,60,0.7248084322940035
50,0.5,2,60,0.9356140798974956
50,0.5,3,60,0.9839668947213819
50,0.5,1,61,0.7810782658663492
50,0.5,2,61,0.5506702266865461
50,0.5,3,61,0.9616289731637035
50,0.5,1,62,0.6735785229328202
50,0.5,2,62,0.9537211196869915
50,0.5,3,62,0.8946896408019952
50,0.5,1,63,0.8822138966164712
50,0.5,2,63,0.9216536989011885
50,0.5,3,63,0.6889810746888378
50,0.5,1,64,0.18156432860219587
50,0.5,2,64,0.7437210602118318
50,0.5,3,64,0.9874615494663267
50,0.5,1,65,0.8761620775456704
50,0.5,2,65,0.8711215097433775
50,0.5,3,65,0.8944069411433381
50,0.5,1,66,0.6751235054830707
50,0.5,2,66,0.8923529787610363
50,0.5,3,66,0.9905151210280262
50,0.5,1,67,0.6404989053786825
50,0.5,2,67,0.5067540452751097
50,0.5,3,67,0.9874217582955981
50,0.5,1,68,0.9817143909882193
50,0.5,2,68,0.9445140952888118
50,0.5,3,68,0.7885077236826802
50,0.5,1,69,0.23316323749277473
50,0.5,2,69,0.5562400627697067
50,0.5,3,69,0.7677183202157648
50,0.5,1,70,0.9201942472136698
50,0.5,2,70,0.983412599857278
50,0.5,3,70,0.9964435807984308
50,0.5,1,71,0.0011923654656975688
50,0.5,2,71,0.8076363723813906
50,0.5,3,71,0.9909978017828959
50,0.5,1,72,0.9577210469542817
50,0.5,2,72,0.9487095439316353
50,0.5,3,72,0.6735268078066438
50,0.5,1,73,0.917170181194478
50,0.5,2,73,0.5152177363952494
50,0.5,3,73,0.9229774672496028
50,0.5,1,74,0.16640687055576603
50,0.5,2,74,0.9840504366395827
50,0.5,3,74,0.9956112937634498
50,0.5,1,75,0.6042889551257159
50,0.5,2,75,0.793409540150297
50,0.5,3,75,0.9259855865425762
50,0.5,1,76,0.7451589094736583
50,0.5,2,76,0.8518134212531085
50,0.5,3,76,0.9828839361039491
50,0.5,1,77,0.18833156379225094
50,0.5,2,77,0.8699064473777048
50,0.5,3,77,0.9972975728358543
50,0.5,1,78,0.9776305072139138
50,0.5,2,78,0.9244284927662533
50,0.5,3,78,0.760064271448862
50,0.5,1,79,0.9519535259920634
50,0.5,2,79,0.9716795285903308
50,0.5,3,79,0.9766806703034957
50,0.5,1,80,0.8092851632282171
50,0.5,2,80,0.8707079853411575
50,0.5,3,80,0.9611330747134588
50,0.5,1,81,0.9551446455632326
50,0.5,2,81,0.8804568729461176
50,0.5,3,81,0.6681800580357581
50,0.5,1,82,0.599278989213578
50,0.5,2,82,0.9300362449267645
50,0.5,3,82,0.9286986159327398
50,0.5,1,83,0.0224826816837675
50,0.5,2,83,0.8585598395979179
50,0.5,3,83,0.9152674225518295
50,0.5,1,84,0.5544245171026483
50,0.5,2,84,0.8573842233817125
50,0.5,3,84,0.6892567031556626
50,0.5,1,85,0.06871814858072897
50,0.5,2,85,0.850481336607013
50,0.5,3,85,0.970600087056551
50,0.5,1,86,0.906572759875279
50,0.5,2,86,0.9488988398395486
50,0.5,3,86,0.9341353429672469
50,0.5,1,87,0.9568858156569643
50,0.5,2,87,0.639739761837211
50,0.5,3,87,0.8090527894518847
50,0.5,1,88,0.6921465606350979
50,0.5,2,88,0.7050940618261305
50,0.5,3,88,0.9620451922464889
50,0.5,1,89,0.22182987555837066
50,0.5,2,89,0.9074936109970924
50,0.5,3,89,0.6783682599988334
50,0.5,1,90,0.9658148638920308
50,0.5,2,90,0.738688704611259
50,0.5,3,90,0.9201306069203677
50,0.5,1,91,0.28899512036131686
50,0.5,2,91,0.8561371520081829
50,0.5,3,91,0.9982796514696611
50,0.5,1,92,0.6986396233598038
50,0.5,2,92,0.9635457649569144
50,0.5,3,92,0.8633547712935581
50,0.5,1,93,0.3750979492328969
50,0.5,2,93,0.9567818447731273
50,0.5,3,93,0.6727499746834952
50,0.5,1,94,0.09507721088702875
50,0.5,2,94,0.9625327673780537
50,0.5,3,94,0.9648102791685109
50,0.5,1,95,0.5868814251917801
50,0.5,2,95,0.9193200541888876
50,0.5,3,95,0.7729416390332376
50,0.5,1,96,0.914468362618092
50,0.5,2,96,0.9108662089645234
50,0.5,3,96,0.9432075523039747
50,0.5,1,97,0.7542194395121056
50,0.5,2,97,0.8960303053395909
50,0.5,3,97,0.9057861648074761
50,0.5,1,98,0.9021984898311712
50,0.5,2,98,0.6926192432306526
50,0.5,3,98,0.9870366979356565
50,0.5,1,99,0.5569301012349143
50,0.5,2,99,0.9317323502255623
50,0.5,3,99,0.7728975998140427
50,0.5,1,100,0.8402523564441609
50,0.5,2,100,0.834652528269741
50,0.5,3,100,0.9105050355991349
50,0.5,1,101,0.48044027655844534
50,0.5,2,101,0.7277036260929568
50,0.5,3,101,0.9779311881695615
50,0.5,1,102,0.9635638542388921
50,0.5,2,102,0.8705924976452505
50,0.5,3,102,0.9704129850626982
50,0.5,1,103,0.7957954975973095
50,0.5,2,103,0.951232767932929
50,0.5,3,103,0.8561332213298058
50,0.5,1,104,0.9441197129218115
50,0.5,2,104,0.892881399732738
50,0.5,3,104,0.9749039692997398
50,0.5,1,105,0.8628440269662225
50,0.5,2,105,0.5007823221780292
50,0.5,3,105,0.9589065503120616
50,0.5,1,106,8.971203950959636e-07
50,0.5,2,106,0.5300227770408507
50,0.5,3,106,0.9866927002984962
50,0.5,1,107,0.5489645550416956
50,0.5,2,107,0.695347491977027
50,0.5,3,107,0.9156104195055349
50,0.5,1,108,0.7903869122815238
50,0.5,2,108,0.9334017728163944
50,0.5,3,108,0.8885218894969945
50,0.5,1,109,0.2103157317833002
50,0.5,2,109,0.7940412835070382
50,0.5,3,109,0.9509119926151207
50,0.5,1,110,0.8029994470882766
50,0.5,2,110,0.6279923321434839
50,0.5,3,110,0.9152418005582286
50,0.5,1,111,0.942154795828736
50,0.5,2,111,0.7570577221122131
50,0.5,3,111,0.8768157820506793
50,0.5,1,112,0.9502649927137874
50,0.5,2,112,0.9688664987575387
50,0.5,3,112,0.8726626289748198
50,0.5,1,113,0.9079555383652924
50,0.5,2,113,0.687741164284293
50,0.5,3,113,0.6666676321072239
50,0.5,1,114,0.09079078509728229
50,0.5,2,114,0.825556054247081
50,0.5,3,114,0.976985480387247
50,0.5,1,115,0.4587905426571177
50,0.5,2,115,0.9084929893998248
50,0.5,3,115,0.7478711903990772
50,0.5,1,116,0.9723278272123902
50,0.5,2,116,0.9734425836034234
50,0.5,3,116,0.6752798660650657
50,0.5,1,117,0.011675016644685668
50,0.5,2,117,0.5504370992761569
50,0.5,3,117,0.9471856463851741
50,0.5,1,118,0.8564429982479712
50,0.5,2,118,0.9194025109590149
50,0.5,3,118,0.9667138204303121
50,0.5,1,119,0.619293084705568
50,0.5,2,119,0.5361354045919006
50,0.5,3,119,0.9704618486054098
50,0.5,1,120,0.29287362589088106
50,0.5,2,120,0.8959445147260992
50,0.5,3,120,0.960991856940535
50,0.5,1,121,0.7740305964106596
50,0.5,2,121,0.5975976789661562
50,0.5,3,121,0.8946513936404328
50,0.5,1,122,0.8765217051594661
50,0.5,2,122,0.8738837972422193
50,0.5,3,122,0.9522560561975922
50,0.5,1,123,0.8669949299090798
50,0.5,2,123,0.5830456077273986
50,0.5,3,123,0.9426249820595411
50,0.5,1,124,0.6822676977953631
50,0.5,2,124,0.8393138015079453
50,0.5,3,124,0.9390110506911168
50,0.5,1,125,0.8889847727800702
50,0.5,2,125,0.8030125871645534
50,0.5,3,125,0.9945426081943439
50,0.5,1,126,0.0755488810697504
50,0.5,2,126,0.8975140008322551
50,0.5,3,126,0.9200764981867019
50,0.5,1,127,0.792211375687943
50,0.5,2,127,0.9345467651531072
50,0.5,3,127,0.9175459785641854
50,0.5,1,128,0.2563036026587346
50,0.5,2,128,0.939584677385914
50,0.5,3,128,0.9820907182235105
50,0.5,1,129,0.992234767193538
50,0.5,2,129,0.5405923739889534
50,0.5,3,129,0.9973333278714197
50,0.5,1,130,0.6988084907265004
50,0.5,2,130,0.5553897244730487
50,0.5,3,130,0.9774997272107552
50,0.5,1,131,0.8343352664556487
50,0.5,2,131,0.4729342888089938
50,0.5,3,131,0.6674091153858913
50,0.5,1,132,0.12159292117455588
50,0.5,2,132,0.5283998858853187
50,0.5,3,132,0.9632748025090588
50,0.5,1,133,0.8801105892876399
50,0.5,2,133,0.9283405069026316
50,0.5,3,133,0.9250218586831007
50,0.5,1,134,0.11569353059717115
50,0.5,2,134,0.910341415549603
50,0.5,3,134,0.8684488095487124
50,0.5,1,135,0.8806491093541727
50,0.5,2,135,0.8200807237446608
50,0.5,3,135,0.9445013454049374
50,0.5,1,136,0.6905870876125816
50,0.5,2,136,0.7060578718579389
50,0.5,3,136,0.6693719344381114
50,0.5,1,137,0.878832165961686
50,0.5,2,137,0.5939594620184078
50,0.5,3,137,0.9453306614823319
50,0.5,1,138,0.6459227413493924
50,0.5,2,138,0.914414439131557
50,0.5,3,138,0.9602026983914307
50,0.5,1,139,0.9028441938440297
50,0.5,2,139,0.838096164237641
50,0.5,3,139,0.9261750311063258
50,0.5,1,140,0.535361550902555
50,0.5,2,140,0.5908240830302542
50,0.5,3,140,0.96065306881427
50,0.5,1,141,0.9292809693388814
50,0.5,2,141,0.8296186167301078
50,0.5,3,141,0.829320511219421
50,0.5,1,142,0.8430224452397599
50,0.5,2,142,0.8622900855403766
50,0.5,3,142,0.9653045796429603
50,0.5,1,143,0.5000255333569181
50,0.5,2,143,0.8367809173672653
50,0.5,3,143,0.9808815369354728
50,0.5,1,144,0.7149778761584284
50,0.5,2,144,0.9515436185441724
50,0.5,3,144,0.908178352863697
50,0.5,1,145,0.8967790255039931
50,0.5,2,145,0.8025875592927746
50,0.5,3,145,0.7929434850617622
50,0.5,1,146,0.8943604302894643
50,0.5,2,146,0.775732841875576
50,0.5,3,146,0.955516969038844
50,0.5,1,147,0.7389113765583476
50,0.5,2,147,0.8730509740728213
50,0.5,3,147,0.8745872694305382
50,0.5,1,148,0.7313631224010163
50,0.5,2,148,0.7526054030272934
50,0.5,3,148,0.9729715650697323
50,0.5,1,149,0.4377432046736844
50,0.5,2,149,0.9532796347174501
50,0.5,3,149,0.9115481624516278
50,0.5,1,150,0.8874774030537049
50,0.5,2,150,0.8245694622839111
50,0.5,3,150,0.9392392414726345
50,0.5,1,151,0.8307563119564588
50,0.5,2,151,0.633807598295175
50,0.5,3,151,0.9145566300236153
50,0.5,1,152,0.6750950167343929
50,0.5,2,152,0.945431794668268
50,0.5,3,152,0.8408205232669426
50,0.5,1,153,0.835599614202534
50,0.5,2,153,0.524788045563319
50,0.5,3,153,0.9953435031024159
50,0.5,1,154,0.2869793086808197
50,0.5,2,154,0.9631340287977219
50,0.5,3,154,0.7696887656235912
50,0.5,1,155,0.37997294220038047
50,0.5,2,155,0.7385377126256017
50,0.5,3,155,0.787995616363591
50,0.5,1,156,0.9666785434119701
50,0.5,2,156,0.9816266834099416
50,0.5,3,156,0.7127459790773748
50,0.5,1,157,0.2374570475660171
50,0.5,2,157,0.8427052132122299
50,0.5,3,157,0.954528587787852
50,0.5,1,158,0.01336836474089653
50,0.5,2,158,0.9355357454237956
50,0.5,3,158,0.9496446848729333
50,0.5,1,159,0.7926193826616624
50,0.5,2,159,0.884358624794257
50,0.5,3,159,0.955220657463844
50,0.5,1,160,0.9382272539098445
50,0.5,2,160,0.501487805485211
50,0.5,3,160,0.9848571945464405
50,0.5,1,161,0.9530229690303765
50,0.5,2,161,0.9409124168924865
50,0.5,3,161,0.8092265547639781
50,0.5,1,162,0.6326717102641447
50,0.5,2,162,0.8658707789247052
50,0.5,3,162,0.9906399933954863
50,0.5,1,163,0.5963601353891457
50,0.5,2,163,0.9087391847137154
50,0.5,3,163,0.7223386175479226
50,0.5,1,164,0.8324482477978147
50,0.5,2,164,0.6850136192822223
50,0.5,3,164,0.956697257858455
50,0.5,1,165,0.7307086578295888
50,0.5,2,165,0.723577718625018
50,0.5,3,165,0.9364856625743588
50,0.5,1,166,0.6964305424261796
50,0.5,2,166,0.9355211875074831
50,0.5,3,166,0.9334983855777189
50,0.5,1,167,0.5321099466771376
50,0.5,2,167,0.6742658174207283
50,0.5,3,167,0.9843595049319617
50,0.5,1,168,0.9655292658528655
50,0.5,2,168,0.977183377573904
50,0.5,3,168,0.7867558391225846
50,0.5,1,169,0.9727520703815602
50,0.5,2,169,0.5484020198097793
50,0.5,3,169,0.9716895184715421
50,0.5,1,170,0.844831269043586
50,0.5,2,170,0.9756102605087895
50,0.5,3,170,0.9582969086895456
50,0.5,1,171,0.9567149146602244
50,0.5,2,171,0.9578884991826422
50,0.5,3,171,0.6690882202027328
50,0.5,1,172,0.616572775816237
50,0.5,2,172,0.5479165911673348
50,0.5,3,172,0.928117562784253
50,0.5,1,173,0.9154227685751024
50,0.5,2,173,0.8936836021324499
50,0.5,3,173,0.8401594845354698
50,0.5,1,174,0.9380856881921498
50,0.5,2,174,0.9523911421081144
50,0.5,3,174,0.950506806463934
50,0.5,1,175,0.6421378469652973
50,0.5,2,175,0.5003027090800576
50,0.5,3,175,0.9663874047202802
50,0.5,1,176,0.09055453178656232
50,0.5,2,176,0.9464812550250837
50,0.5,3,176,0.8636431961193796
50,0.5,1,177,0.8826433143384105
50,0.5,2,177,0.8920189903653206
50,0.5,3,177,0.6767047862345711
50,0.5,1,178,0.8430701185543124
50,0.5,2,178,0.923764625548552
50,0.5,3,178,0.978705220618915
50,0.5,1,179,0.7981691076324399
50,0.5,2,179,0.8957319124484795
50,0.5,3,179,0.6684626247170627
50,0.5,1,180,0.7162081188539926
50,0.5,2,180,0.8135541636881978
50,0.5,3,180,0.6718744983733885
50,0.5,1,181,0.9738336633287985
50,0.5,2,181,0.9177513796341976
50,0.5,3,181,0.6667302916403165
50,0.5,1,182,0.779231146450041
50,0.5,2,182,0.9539712342907078
50,0.5,3,182,0.9905276664319883
50,0.5,1,183,0.8221738908769745
50,0.5,2,183,0.6698492687215883
50,0.5,3,183,0.9659663061418539
50,0.5,1,184,0.9509419275715577
50,0.5,2,184,0.7998408183305081
50,0.5,3,184,0.9384148140479166
50,0.5,1,185,0.9010961855976242
50,0.5,2,185,0.961549979443002
50,0.5,3,185,0.9154796434550341
50,0.5,1,186,0.8216705950778583
50,0.5,2,186,0.713420779201091
50,0.5,3,186,0.9183252693021163
50,0.5,1,187,0.6902847482498521
50,0.5,2,187,0.9603001580539257
50,0.5,3,187,0.9915981787732767
50,0.5,1,188,0.7775410877199405
50,0.5,2,188,0.8475295683961341
50,0.5,3,188,0.9528237550392701
50,0.5,1,189,0.5639237609780823
50,0.5,2,189,0.8082536725731828
50,0.5,3,189,0.9895342036519031
50,0.5,1,190,0.25748949012129224
50,0.5,2,190,0.792195857829902
50,0.5,3,190,0.989428269719312
50,0.5,1,191,0.9816468987435822
50,0.5,2,191,0.6933553276996516
50,0.5,3,191,0.7935135556791577
50,0.5,1,192,0.44581797077232155
50,0.5,2,192,0.9645863875570091
50,0.5,3,192,0.8281941639824285
50,0.5,1,193,0.6187748575685809
50,0.5,2,193,0.9515290134936356
50,0.5,3,193,0.6687589764909259
50,0.5,1,194,0.7769604591669892
50,0.5,2,194,0.9073714444904164
50,0.5,3,194,0.9937087904236327
50,0.5,1,195,0.9609027277240839
50,0.5,2,195,0.9599631543703646
50,0.5,3,195,0.734012951692145
50,0.5,1,196,0.7651865727173092
50,0.5,2,196,0.8549784757571905
50,0.5,3,196,0.9740949701768485
50,0.5,1,197,0.5109967301774377
50,0.5,2,197,0.5445640254088431
50,0.5,3,197,0.9930352412730606
50,0.5,1,198,0.9365643235041848
50,0.5,2,198,0.9221399042022793
50,0.5,3,198,0.9775999005971786
50,0.5,1,199,0.41160679472112305
50,0.5,2,199,0.8742636975329069
50,0.5,3,199,0.9896957479056135
50,1.0,1,0,0.9503091401240713
50,1.0,2,0,0.9671719884995826
50,1.0,3,0,0.8480218357260491
50,1.0,1,1,0.8176432242550006
50,1.0,2,1,0.6734202198317225
50,1.0,3,1,0.6767862849087046
50,1.0,1,2,0.989475817471474
50,1.0,2,2,0.9809976071708221
50,1.0,3,2,0.8389991109268307
50,1.0,1,3,0.8895250951140038
50,1.0,2,3,0.9057991087689548
50,1.0,3,3,0.9746598295483996
50,1.0,1,4,0.9057568805643076
50,1.0,2,4,0.8853518559842544
50,1.0,3,4,0.6890278999441776
50,1.0,1,5,0.9717576403668102
50,1.0,2,5,0.5147578736449856
50,1.0,3,5,0.6830792160988947
50,1.0,1,6,0.7206438366022022
50,1.0,2,6,0.9426560708924265
50,1.0,3,6,0.8759380017824419
50,1.0,1,7,0.024297637581243647
50,1.0,2,7,0.7076114506459028
50,1.0,3,7,0.8604783994354399
50,1.0,1,8,0.8261100149466196
50,1.0,2,8,0.5774353936262764
50,1.0,3,8,0.830390058328159
50,1.0,1,9,0.036889383839174776
50,1.0,2,9,0.9212970190328602
50,1.0,3,9,0.8546188962711162
50,1.0,1,10,0.9325040010538901
50,1.0,2,10,0.5874838824217147
50,1.0,3,10,0.9048819651375756
50,1.0,1,11,0.9194413415509173
50,1.0,2,11,0.9591421981841174
50,1.0,3,11,0.9509108407497481
50,1.0,1,12,0.8373562056558153
50,1.0,2,12,0.9538117079289634
50,1.0,3,12,0.987492955887389
50,1.0,1,13,0.7351153817021716
50,1.0,2,13,0.5004477679757373
50,1.0,3,13,0.9779194406869104
50,1.0,1,14,0.7469922902750548
50,1.0,2,14,0.9681922218141478
50,1.0,3,14,0.955086908998572
50,1.0,1,15,0.9706650771244874
50,1.0,2,15,0.9531213873302299
50,1.0,3,15,0.7511498187927829
50,1.0,1,16,0.9226040320703354
50,1.0,2,16,0.7938877358127109
50,1.0,3,16,0.7405608719227809
50,1.0,1,17,0.8279496936035636
50,1.0,2,17,0.8952720754378037
50,1.0,3,17,0.826983071454399
50,1.0,1,18,0.6763739879917203
50,1.0,2,18,0.8633957831062835
50,1.0,3,18,0.9533740454343821
50,1.0,1,19,0.0004013785829636172
50,1.0,2,19,0.9783489310015236
50,1.0,3,19,0.9309422732220636
50,1.0,1,20,0.8169879226437345
50,1.0,2,20,0.9254572486171988
50,1.0,3,20,0.7122608305037939
50,1.0,1,21,0.16961836193248517
50,1.0,2,21,0.9392100042414572
50,1.0,3,21,0.8868841119388309
50,1.0,1,22,0.5893097561976137
50,1.0,2,22,0.8955749251844192
50,1.0,3,22,0.818155678204128
50,1.0,1,23,0.5372933796087999
50,1.0,2,23,0.88559842631114
50,1.0,3,23,0.8388295183079827
50,1.0,1,24,0.9201845285781842
50,1.0,2,24,0.9380123335004147
50,1.0,3,24,0.9295809181985563
50,1.0,1,25,0.9210628111900999
50,1.0,2,25,0.8725274508023009
50,1.0,3,25,0.947860111959219
50,1.0,1,26,0.7414244752425871
50,1.0,2,26,0.5617799164691988
50,1.0,3,26,0.8770265793195685
50,1.0,1,27,0.9200064671675962
50,1.0,2,27,0.9792495267250316
50,1.0,3,27,0.9990041750506715
50,1.0,1,28,0.7832133442211797
50,1.0,2,28,0.7321926020490664
50,1.0,3,28,0.9667094581315618
50,1.0,1,29,0.9602272085998154
50,1.0,2,29,0.910785389101846
50,1.0,3,29,0.690609821449112
50,1.0,1,30,0.8738833471987365
50,1.0,2,30,0.7460246327721554
50,1.0,3,30,0.983637275907041
50,1.0,1,31,0.3086706130093063
50,1.0,2,31,0.9651029746992941
50,1.0,3,31,0.9152759753888646
50,1.0,1,32,0.5753568018423865
50,1.0,2,32,0.9003089505659831
50,1.0,3,32,0.9560989530938108
50,1.0,1,33,0.13463655988336132
50,1.0,2,33,0.5418881577652831
50,1.0,3,33,0.9876540130182784
50,1.0,1,34,0.9664394273387312
50,1.0,2,34,0.9696108136512795
50,1.0,3,34,0.7081671531167658
50,1.0,1,35,0.5492284780846048
50,1.0,2,35,0.6895084402190321
50,1.0,3,35,0.8932118408778482
50,1.0,1,36,0.9692202860148592
50,1.0,2,36,0.8914458235091192
50,1.0,3,36,0.9212854202295405
50,1.0,1,37,0.7478193464179311
50,1.0,2,37,0.9124845151234262
50,1.0,3,37,0.959042665381634
50,1.0,1,38,0.9350186117747828
50,1.0,2,38,0.9848562247929279
50,1.0,3,38,0.960229673489712
50,1.0,1,39,0.8696508844370197
50,1.0,2,39,0.9483219816334587
50,1.0,3,39,0.757489464309685
50,1.0,1,40,0.6700111827758845
50,1.0,2,40,0.8767385914536063
50,1.0,3,40,0.9445683811950011
50,1.0,1,41,0.9184202338241901
50,1.0,2,41,0.5930078283861576
50,1.0,3,41,0.9289886676787992
50,1.0,1,42,0.8013306815381437
50,1.0,2,42,0.9404731129026664
50,1.0,3,42,0.8826669464078494
50,1.0,1,43,0.753784430983136
50,1.0,2,43,0.7842984786725493
50,1.0,3,43,0.859957401998404
50,1.0,1,44,0.14971458181775124
50,1.0,2,44,0.9629519030773588
50,1.0,3,44,0.931651770593636
50,1.0,1,45,0.8338500511088724
50,1.0,2,45,0.9766155114647687
50,1.0,3,45,0.9358979902502881
50,1.0,1,46,0.8493726817312867
50,1.0,2,46,0.6839132921430644
50,1.0,3,46,0.9781740336421016
50,1.0,1,47,0.958445911441908
50,1.0,2,47,0.8515690999930489
50,1.0,3,47,0.7064986210099753
50,1.0,1,48,0.010824039748444888
50,1.0,2,48,0.8398940343662098
50,1.0,3,48,0.9781869481818929
50,1.0,1,49,0.8991797796143394
50,1.0,2,49,0.49795215308991025
50,1.0,3,49,0.712280962036499
50,1.0,1,50,0.6115756281718068
50,1.0,2,50,0.8018703697673061
50,1.0,3,50,0.96981555587905
50,1.0,1,51,0.8384707694426219
50,1.0,2,51,0.7966413099193714
50,1.0,3,51,0.9703487072924024
50,1.0,1,52,0.8859149143865889
50,1.0,2,52,0.9407143454020812
50,1.0,3,52,0.9878125786038942
50,1.0,1,53,0.7707585965282332
50,1.0,2,53,0.9162612047047368
50,1.0,3,53,0.7562890239111523
50,1.0,1,54,0.7581019891197066
50,1.0,2,54,0.9502057457912937
50,1.0,3,54,0.8813008092506337
50,1.0,1,55,0.22741767941790084
50,1.0,2,55,0.8556557247689266
50,1.0,3,55,0.8459903502624866
50,1.0,1,56,0.6017499897365349
50,1.0,2,56,0.9835628852420293
50,1.0,3,56,0.9798657280959526
50,1.0,1,57,0.8812602221555607
50,1.0,2,57,0.9510766937199913
50,1.0,3,57,0.7541559101476315
50,1.0,1,58,0.8043074689183402
50,1.0,2,58,0.9224316990004977
50,1.0,3,58,0.9896634870573671
50,1.0,1,59,0.8089605618220167
50,1.0,2,59,0.7847988839453995
50,1.0,3,59,0.9683360740032985
50,1.0,1,60,0.9437787165990462
50,1.0,2,60,0.5589923776515076
50,1.0,3,60,0.9852043324588339
50,1.0,1,61,0.6448229721152884
50,1.0,2,61,0.5600885812434007
50,1.0,3,61,0.79089627267752
50,1.0,1,62,0.9189741333673279
50,1.0,2,62,0.7640576607788172
50,1.0,3,62,0.7524594284505136
50,1.0,1,63,0.9002382646763463
50,1.0,2,63,0.935760455590942
50,1.0,3,63,0.8997603070961047
50,1.0,1,64,0.541289697695742
50,1.0,2,64,0.4994881192855062
50,1.0,3,64,0.940865969853326
50,1.0,1,65,0.8628911237908622
50,1.0,2,65,0.8413728900062714
50,1.0,3,65,0.9224687208874446
50,1.0,1,66,0.5068768805761317
50,1.0,2,66,0.6465768073811309
50,1.0,3,66,0.9759142167716703
50,1.0,1,67,0.01746040783846907
50,1.0,2,67,0.8807621553352232
50,1.0,3,67,0.6945607890214767
50,1.0,1,68,0.6907517573090115
50,1.0,2,68,0.49731384887778785
50,1.0,3,68,0.9804903859392414
50,1.0,1,69,0.5751040618931103
50,1.0,2,69,0.9678348665192232
50,1.0,3,69,0.7215422414287908
50,1.0,1,70,0.8601072974523895
50,1.0,2,70,0.9184883266166789
50,1.0,3,70,0.8246642381782038
50,1.0,1,71,0.6846278051381509
50,1.0,2,71,0.5042181663200522
50,1.0,3,71,0.8836439444904013
50,1.0,1,72,0.8966900481417641
50,1.0,2,72,0.6607877543297777
50,1.0,3,72,0.6717366369809988
50,1.0,1,73,0.005680988683611984
50,1.0,2,73,0.8243213789014505
50,1.0,3,73,0.857714030135028
50,1.0,1,74,0.66978337230743
50,1.0,2,74,0.7111299271766811
50,1.0,3,74,0.8339537713151003
50,1.0,1,75,0.9872811256662366
50,1.0,2,75,0.9562978255221489
50,1.0,3,75,0.9054718834738519
50,1.0,1,76,0.8466952791121284
50,1.0,2,76,0.9204316414323381
50,1.0,3,76,0.7883864228286895
50,1.0,1,77,0.542124967836089
50,1.0,2,77,0.699365688055072
50,1.0,3,77,0.9587648390229475
50,1.0,1,78,0.941281853966193
50,1.0,2,78,0.8245619162656449
50,1.0,3,78,0.6820622457752467
50,1.0,1,79,0.4184565000282121
50,1.0,2,79,0.6151921500584091
50,1.0,3,79,0.9683124803882702
50,1.0,1,80,0.6087170994709826
50,1.0,2,80,0.9291578991465408
50,1.0,3,80,0.6708430755904549
50,1.0,1,81,0.2648884047836918
50,1.0,2,81,0.8126983293915211
50,1.0,3,81,0.9174621623845928
50,1.0,1,82,0.6748090632454727
50,1.0,2,82,0.5505461094156158
50,1.0,3,82,0.9103645644507828
50,1.0,1,83,0.14532331347222283
50,1.0,2,83,0.9291223181598862
50,1.0,3,83,0.9801489220194032
50,1.0,1,84,0.07265811978084896
50,1.0,2,84,0.6039254269908138
50,1.0,3,84,0.8692498199136715
50,1.0,1,85,0.8511449994298015
50,1.0,2,85,0.9470048461253646
50,1.0,3,85,0.7844971275241037
50,1.0,1,86,0.7048418282994086
50,1.0,2,86,0.781890472389952
50,1.0,3,86,0.9492747963148463
50,1.0,1,87,0.6857930362553148
50,1.0,2,87,0.5152724619498441
50,1.0,3,87,0.9908310350165319
50,1.0,1,88,0.7388019303833837
50,1.0,2,88,0.7035642441779464
50,1.0,3,88,0.6715573055597273
50,1.0,1,89,0.8940058347433879
50,1.0,2,89,0.8111745465936876
50,1.0,3,89,0.9165139539313815
50,1.0,1,90,0.45382591702778674
50,1.0,2,90,0.9240613004699022
50,1.0,3,90,0.712588878211862
50,1.0,1,91,0.9457410877096419
50,1.0,2,91,0.9887198313813244
50,1.0,3,91,0.7140981337693292
50,1.0,1,92,0.6029147166843838
50,1.0,2,92,0.7713750257352839
50,1.0,3,92,0.984089055829697
50,1.0,1,93,0.9876909929185751
50,1.0,2,93,0.988559765673217
50,1.0,3,93,0.977317357155056
50,1.0,1,94,0.9135367326712603
50,1.0,2,94,0.8743127151827265
50,1.0,3,94,0.9081062717944831
50,1.0,1,95,0.7261318049714071
50,1.0,2,95,0.9223966993268464
50,1.0,3,95,0.7983144859474064
50,1.0,1,96,0.5188464631272591
50,1.0,2,96,0.8129600608371284
50,1.0,3,96,0.9868307262794307
50,1.0,1,97,0.9379924239723171
50,1.0,2,97,0.9652448155448978
50,1.0,3,97,0.9043530317773888
50,1.0,1,98,0.6604491781220423
50,1.0,2,98,0.8302219984910022
50,1.0,3,98,0.9781050546848663
50,1.0,1,99,0.9068526478506037
50,1.0,2,99,0.5454769850741744
50,1.0,3,99,0.9103563679348824
50,1.0,1,100,0.9305989005531166
50,1.0,2,100,0.7430164812747584
50,1.0,3,100,0.9853056638622523
50,1.0,1,101,0.9266763783414345
50,1.0,2,101,0.560084905059016
50,1.0,3,101,0.7491948731941873
50,1.0,1,102,0.9520229254240663
50,1.0,2,102,0.9328020156684622
50,1.0,3,102,0.9558452081157888
50,1.0,1,103,0.8845280107223059
50,1.0,2,103,0.6122266782188918
50,1.0,3,103,0.6718829153435547
50,1.0,1,104,0.9120825999195462
50,1.0,2,104,0.9837852293413886
50,1.0,3,104,0.75274743063039
50,1.0,1,105,0.9751889072262738
50,1.0,2,105,0.9242737851743985
50,1.0,3,105,0.7509734217962744
50,1.0,1,106,0.8445473759579688
50,1.0,2,106,0.928767793895938
50,1.0,3,106,0.9340827630868164
50,1.0,1,107,0.00015158457855918186
50,1.0,2,107,0.8342333958809789
50,1.0,3,107,0.9563039747080184
50,1.0,1,108,0.7261767806953314
50,1.0,2,108,0.9269061681942452
50,1.0,3,108,0.9784620126148044
50,1.0,1,109,0.02364401677967242
50,1.0,2,109,0.7243906718401163
50,1.0,3,109,0.9940796285417409
50,1.0,1,110,0.00035462459711331127
50,1.0,2,110,0.982921602596525
50,1.0,3,110,0.8963285729397016
50,1.0,1,111,0.8112824333368531
50,1.0,2,111,0.9294839443652503
50,1.0,3,111,0.8725844041014169
50,1.0,1,112,0.46925787725958734
50,1.0,2,112,0.7956143049571968
50,1.0,3,112,0.9755721515365359
50,1.0,1,113,0.2151389728441447
50,1.0,2,113,0.8411362125370807
50,1.0,3,113,0.8874003855901619
50,1.0,1,114,0.5264055913816533
50,1.0,2,114,0.9491763208225349
50,1.0,3,114,0.6820432722128871
50,1.0,1,115,0.7778174391140389
50,1.0,2,115,0.8657643392062802
50,1.0,3,115,0.9803078766887898
50,1.0,1,116,0.969700124369544
50,1.0,2,116,0.6599115161721876
50,1.0,3,116,0.9520692228344498
50,1.0,1,117,0.7393590092032399
50,1.0,2,117,0.6273452002855565
50,1.0,3,117,0.9973994982571152
50,1.0,1,118,0.0003440947610909559
50,1.0,2,118,0.6933145283733171
50,1.0,3,118,0.8602910384767695
50,1.0,1,119,0.9427439025686305
50,1.0,2,119,0.8770859423938147
50,1.0,3,119,0.7158927377237614
50,1.0,1,120,0.8931541654027749
50,1.0,2,120,0.8810815125618224
50,1.0,3,120,0.9356948352709235
50,1.0,1,121,0.8978682831183556
50,1.0,2,121,0.9832585420337632
50,1.0,3,121,0.9057837322765074
50,1.0,1,122,0.05348621973982754
50,1.0,2,122,0.8875342655531124
50,1.0,3,122,0.9710596491479985
50,1.0,1,123,0.9299933149148807
50,1.0,2,123,0.49790162501255397
50,1.0,3,123,0.8664925709404407
50,1.0,1,124,0.1170910721404977
50,1.0,2,124,0.7180700290000529
50,1.0,3,124,0.9850797022905962
50,1.0,1,125,0.4737110398908109
50,1.0,2,125,0.8692953669976129
50,1.0,3,125,0.9755383375509142
50,1.0,1,126,0.8009339132769933
50,1.0,2,126,0.7496641422777314
50,1.0,3,126,0.9104500653098944
50,1.0,1,127,0.8688401315944109
50,1.0,2,127,0.8400817303840558
50,1.0,3,127,0.9229150113998168
50,1.0,1,128,0.5296024145441296
50,1.0,2,128,0.601268800776022
50,1.0,3,128,0.9923764610963394
50,1.0,1,129,0.03785541788471762
50,1.0,2,129,0.8415327986111616
50,1.0,3,129,0.993686928753855
50,1.0,1,130,0.8978243017767169
50,1.0,2,130,0.9679758349736469
50,1.0,3,130,0.7290655324244503
50,1.0,1,131,0.9780360390235708
50,1.0,2,131,0.5717775187193377
50,1.0,3,131,0.8329323097647999
50,1.0,1,132,0.9544785775312444
50,1.0,2,132,0.636479783412732
50,1.0,3,132,0.9788393052181559
50,1.0,1,133,0.8226791726244165
50,1.0,2,133,0.5629870360021515
50,1.0,3,133,0.7384652843388722
50,1.0,1,134,0.7729555172269642
50,1.0,2,134,0.9266971828350911
50,1.0,3,134,0.9521053438201067
50,1.0,1,135,0.3058255728298413
50,1.0,2,135,0.9457198024064339
50,1.0,3,135,0.9073434565321653
50,1.0,1,136,0.11583731884769483
50,1.0,2,136,0.9325842018134547
50,1.0,3,136,0.8106781598935132
50,1.0,1,137,0.8826937798378411
50,1.0,2,137,0.9043772587774377
50,1.0,3,137,0.9038135845263375
50,1.0,1,138,0.780932587349273
50,1.0,2,138,0.5691701341429449
50,1.0,3,138,0.9050812883277012
50,1.0,1,139,0.5890180804346963
50,1.0,2,139,0.822062194282515
50,1.0,3,139,0.969310611261316
50,1.0,1,140,0.9615785926202147
50,1.0,2,140,0.9573542693335317
50,1.0,3,140,0.750594961466238
50,1.0,1,141,0.1742051807681732
50,1.0,2,141,0.9387276028542165
50,1.0,3,141,0.66675813448729
50,1.0,1,142,0.9757077538488196
50,1.0,2,142,0.9785888906442559
50,1.0,3,142,0.9677767751378378
50,1.0,1,143,0.9404330357202584
50,1.0,2,143,0.7698557098926229
50,1.0,3,143,0.9672484320637128
50,1.0,1,144,0.5725481623764137
50,1.0,2,144,0.7958300107414784
50,1.0,3,144,0.9930423662424254
50,1.0,1,145,0.7727302456521016
50,1.0,2,145,0.529583972107944
50,1.0,3,145,0.9932694822415064
50,1.0,1,146,0.9089700411896126
50,1.0,2,146,0.8937037655015856
50,1.0,3,146,0.825114421966267
50,1.0,1,147,0.7635675667585979
50,1.0,2,147,0.7998346302582249
50,1.0,3,147,0.9805387709327963
50,1.0,1,148,0.48302734469270087
50,1.0,2,148,0.7385041371734298
50,1.0,3,148,0.9629135543939163
50,1.0,1,149,0.8909033978921675
50,1.0,2,149,0.8723143442997796
50,1.0,3,149,0.6699008717393217
50,1.0,1,150,0.7275239229177305
50,1.0,2,150,0.5190331633108304
50,1.0,3,150,0.9118550721368366
50,1.0,1,151,0.7919085530418368
50,1.0,2,151,0.8349569266409749
50,1.0,3,151,0.920296649780432
50,1.0,1,152,0.27908445118135344
50,1.0,2,152,0.7285261310099969
50,1.0,3,152,0.9833684682292961
50,1.0,1,153,0.9224597377842356
50,1.0,2,153,0.8154464803928241
50,1.0,3,153,0.8665861966351267
50,1.0,1,154,0.7857899308769132
50,1.0,2,154,0.5225557023076955
50,1.0,3,154,0.9522570574064221
50,1.0,1,155,0.7499974139367366
50,1.0,2,155,0.6449714110010719
50,1.0,3,155,0.980356091454745
50,1.0,1,156,0.8401035560648781
50,1.0,2,156,0.8713106226707599
50,1.0,3,156,0.8296512237615383
50,1.0,1,157,0.9799837661894919
50,1.0,2,157,0.9853604832883953
50,1.0,3,157,0.8744812358125538
50,1.0,1,158,0.8848907188148576
50,1.0,2,158,0.7127039843941974
50,1.0,3,158,0.9753387097494889
50,1.0,1,159,0.10340144445010943
50,1.0,2,159,0.9332670787945854
50,1.0,3,159,0.7770913255954945
50,1.0,1,160,0.9081056137789216
50,1.0,2,160,0.7171941257130079
50,1.0,3,160,0.9570886182940269
50,1.0,1,161,0.788157335408629
50,1.0,2,161,0.9150128143356258
50,1.0,3,161,0.7907200916955252
50,1.0,1,162,0.8418683914781322
50,1.0,2,162,0.969234704608601
50,1.0,3,162,0.9776802298186577
50,1.0,1,163,0.9400368922143288
50,1.0,2,163,0.9710069256635793
50,1.0,3,163,0.6893468577658265
50,1.0,1,164,0.8800983553877634
50,1.0,2,164,0.5074508031173508
50,1.0,3,164,0.7989295818813827
50,1.0,1,165,0.805752080773884
50,1.0,2,165,0.6232732511747399
50,1.0,3,165,0.977440916719588
50,1.0,1,166,0.9365715508572506
50,1.0,2,166,0.9437583607862015
50,1.0,3,166,0.9872289998863005
50,1.0,1,167,0.055320929905151486
50,1.0,2,167,0.8939566450444405
50,1.0,3,167,0.8209072781970904
50,1.0,1,168,0.23877798976624898
50,1.0,2,168,0.7906897667995987
50,1.0,3,168,0.9787903488032256
50,1.0,1,169,0.5456217824822325
50,1.0,2,169,0.9600643318800666
50,1.0,3,169,0.9944625663388226
50,1.0,1,170,0.8901464596435196
50,1.0,2,170,0.5879791313121757
50,1.0,3,170,0.8074163141288347
50,1.0,1,171,0.06749146492324007
50,1.0,2,171,0.9848084836312603
50,1.0,3,171,0.9462087303400657
50,1.0,1,172,0.302294222092508
50,1.0,2,172,0.9548774059705126
50,1.0,3,172,0.9927860309987614
50,1.0,1,173,0.6630494061381196
50,1.0,2,173,0.5358039327059818
50,1.0,3,173,0.8286939656596144
50,1.0,1,174,0.8741882264934173
50,1.0,2,174,0.5074391554077805
50,1.0,3,174,0.8887539938543783
50,1.0,1,175,0.26471621990239724
50,1.0,2,175,0.6399906956336525
50,1.0,3,175,0.9859685998156396
50,1.0,1,176,0.9479334012296431
50,1.0,2,176,0.9122386118226065
50,1.0,3,176,0.7778222813570509
50,1.0,1,177,0.725914582864872
50,1.0,2,177,0.6560438372941626
50,1.0,3,177,0.9825895040180664
50,1.0,1,178,0.22379717942352173
50,1.0,2,178,0.6867587956323052
50,1.0,3,178,0.8861432721157673
50,1.0,1,179,0.5966448066575075
50,1.0,2,179,0.7298479686599566
50,1.0,3,179,0.9973516786300879
50,1.0,1,180,0.7284604648218084
50,1.0,2,180,0.7866712372519437
50,1.0,3,180,0.9938839815786965
50,1.0,1,181,0.7318664214701581
50,1.0,2,181,0.7577569625759095
50,1.0,3,181,0.6690046873577175
50,1.0,1,182,0.5285913829963498
50,1.0,2,182,0.4997851246069029
50,1.0,3,182,0.9436407605173219
50,1.0,1,183,0.6238857516189903
50,1.0,2,183,0.8533425835361388
50,1.0,3,183,0.8771198593785633
50,1.0,1,184,0.07344632005740546
50,1.0,2,184,0.6844781916796936
50,1.0,3,184,0.98373386061954
50,1.0,1,185,0.4983208486724886
50,1.0,2,185,0.6806298672755556
50,1.0,3,185,0.9670542442106957
50,1.0,1,186,0.5918508952253615
50,1.0,2,186,0.5529164163857815
50,1.0,3,186,0.9945664605879108
50,1.0,1,187,0.8943183407986383
50,1.0,2,187,0.7464835589178342
50,1.0,3,187,0.9915498685886673
50,1.0,1,188,0.8066082485599158
50,1.0,2,188,0.9068451360261915
50,1.0,3,188,0.8030806584233637
50,1.0,1,189,0.5781613490303779
50,1.0,2,189,0.5916766995169596
50,1.0,3,189,0.9837411733787755
50,1.0,1,190,0.8592146866530607
50,1.0,2,190,0.6859378520293842
50,1.0,3,190,0.9654062400048646
50,1.0,1,191,0.6057977882847358
50,1.0,2,191,0.5882277351617169
50,1.0,3,191,0.9626946810052658
50,1.0,1,192,0.9195648440143279
50,1.0,2,192,0.942122101360803
50,1.0,3,192,0.6731659958839082
50,1.0,1,193,0.9280948391130264
50,1.0,2,193,0.9202007952236915
50,1.0,3,193,0.7370361584800901
50,1.0,1,194,0.829564735229022
50,1.0,2,194,0.492984223431408
50,1.0,3,194,0.8784619520713205
50,1.0,1,195,0.9843117824812948
50,1.0,2,195,0.9507206131278758
50,1.0,3,195,0.9357246459659591
50,1.0,1,196,0.1567335838554414
50,1.0,2,196,0.9498516214914562
50,1.0,3,196,0.7096111663344744
50,1.0,1,197,0.5912193408961682
50,1.0,2,197,0.9260567842950138
50,1.0,3,197,0.8511459835168806
50,1.0,1,198,0.4312601818590771
50,1.0,2,198,0.5100865006638966
50,1.0,3,198,0.793423278430979
50,1.0,1,199,0.651587473829712
50,1.0,2,199,0.906416554759965
50,1.0,3,199,0.9877088196036593
50,2.0,1,0,0.9162261688315132
50,2.0,2,0,0.7800330319149719
50,2.0,3,0,0.9709022641016339
50,2.0,1,1,0.9339401559077845
50,2.0,2,1,0.6092932514672953
50,2.0,3,1,0.9377921404303636
50,2.0,1,2,0.8872670455498121
50,2.0,2,2,0.9111548050278784
50,2.0,3,2,0.7243790716924879
50,2.0,1,3,0.7533246580730557
50,2.0,2,3,0.9678017248016972
50,2.0,3,3,0.7581115395412746
50,2.0,1,4,0.8517952865187368
50,2.0,2,4,0.6203044135680197
50,2.0,3,4,0.9633882456718061
50,2.0,1,5,0.9233172130656155
50,2.0,2,5,0.9730872995165739
50,2.0,3,5,0.814897727332375
50,2.0,1,6,0.8856047341099076
50,2.0,2,6,0.9467274162754333
50,2.0,3,6,0.6679164689354035
50,2.0,1,7,0.002305195559273659
50,2.0,2,7,0.9100981002741921
50,2.0,3,7,0.8233876423040729
50,2.0,1,8,0.5988209124453348
50,2.0,2,8,0.5014164943246353
50,2.0,3,8,0.9936412585176214
50,2.0,1,9,0.8050184825471953
50,2.0,2,9,0.8665418152373662
50,2.0,3,9,0.9650635392418155
50,2.0,1,10,0.9727067577641638
50,2.0,2,10,0.9847058709641519
50,2.0,3,10,0.7939506934827231
50,2.0,1,11,0.7539189530894239
50,2.0,2,11,0.9828580071955884
50,2.0,3,11,0.97716849235354
50,2.0,1,12,0.7999738852893696
50,2.0,2,12,0.8431128804102914
50,2.0,3,12,0.8298055082154377
50,2.0,1,13,0.8640353914918703
50,2.0,2,13,0.7482268194538063
50,2.0,3,13,0.8732659014245706
50,2.0,1,14,0.20335179665840178
50,2.0,2,14,0.5549841170881599
50,2.0,3,14,0.9914743334506904
50,2.0,1,15,0.9153300051089514
50,2.0,2,15,0.9214140850335955
50,2.0,3,15,0.9338370549221692
50,2.0,1,16,0.9462231860202602
50,2.0,2,16,0.49710144512932397
50,2.0,3,16,0.9835907667669413
50,2.0,1,17,0.1976421146559519
50,2.0,2,17,0.8268668174608644
50,2.0,3,17,0.9686839682253545
50,2.0,1,18,0.4421375291835635
50,2.0,2,18,0.9419607435196313
50,2.0,3,18,0.9935174568440089
50,2.0,1,19,0.8521327607714587
50,2.0,2,19,0.5261369091373893
50,2.0,3,19,0.9525422749618139
50,2.0,1,20,0.5937725971866417
50,2.0,2,20,0.8008509291045312
50,2.0,3,20,0.8645407270004788
50,2.0,1,21,0.5400830031766256
50,2.0,2,21,0.8895814327947986
50,2.0,3,21,0.8036677996101164
50,2.0,1,22,0.8880707921451348
50,2.0,2,22,0.6760311544382496
50,2.0,3,22,0.9152283362897249
50,2.0,1,23,0.906768278272687
50,2.0,2,23,0.8738390997882715
50,2.0,3,23,0.9615430085068808
50,2.0,1,24,0.020730907537513908
50,2.0,2,24,0.5867116877245393
50,2.0,3,24,0.9157272525887858
50,2.0,1,25,0.7498903455845857
50,2.0,2,25,0.813596724212236
50,2.0,3,25,0.9463340500506278
50,2.0,1,26,0.9204528724406584
50,2.0,2,26,0.9059351858344978
50,2.0,3,26,0.6907086606669948
50,2.0,1,27,0.8512530299676268
50,2.0,2,27,0.9363659406173073
50,2.0,3,27,0.9073658491857857
50,2.0,1,28,0.920546473993496
50,2.0,2,28,0.8996633754398019
50,2.0,3,28,0.7989407070238776
50,2.0,1,29,0.14295904863470624
50,2.0,2,29,0.7468370998751044
50,2.0,3,29,0.9061149694621046
50,2.0,1,30,0.9076369403355546
50,2.0,2,30,0.6310374752577537
50,2.0,3,30,0.8693682527522028
50,2.0,1,31,0.9281052126048498
50,2.0,2,31,0.556603114480778
50,2.0,3,31,0.9653971731582479
50,2.0,1,32,0.8743082322195268
50,2.0,2,32,0.9650437215022267
50,2.0,3,32,0.936290097315446
50,2.0,1,33,0.9163674154967227
50,2.0,2,33,0.8515658131577524
50,2.0,3,33,0.9876999183026399
50,2.0,1,34,0.755940441892652
50,2.0,2,34,0.6577474180118899
50,2.0,3,34,0.8115920245397715
50,2.0,1,35,0.5903937489046822
50,2.0,2,35,0.6114744827307259
50,2.0,3,35,0.6834082262110356
50,2.0,1,36,0.9210183492449738
50,2.0,2,36,0.831957919206504
50,2.0,3,36,0.8863442312683022
50,2.0,1,37,0.8403191678529327
50,2.0,2,37,0.8814985804794578
50,2.0,3,37,0.9875160498105201
50,2.0,1,38,0.4641527322580654
50,2.0,2,38,0.7528520085425928
50,2.0,3,38,0.9878584562314062
50,2.0,1,39,0.013595486235160248
50,2.0,2,39,0.9376673768293968
50,2.0,3,39,0.9425368885616406
50,2.0,1,40,0.7069244117817202
50,2.0,2,40,0.8826692855267622
50,2.0,3,40,0.973373005588967
50,2.0,1,41,0.48805617023531167
50,2.0,2,41,0.5941521298512864
50,2.0,3,41,0.9761246082344202
50,2.0,1,42,0.2386575647280667
50,2.0,2,42,0.517180466262678
50,2.0,3,42,0.8691414357941821
50,2.0,1,43,0.9898273799878574
50,2.0,2,43,0.9900696180714281
50,2.0,3,43,0.8347826894082214
50,2.0,1,44,0.1268730138510287
50,2.0,2,44,0.5896906489217161
50,2.0,3,44,0.9206652974862749
50,2.0,1,45,0.7768986952411389
50,2.0,2,45,0.9117962119945809
50,2.0,3,45,0.9604098629318726
50,2.0,1,46,0.0018330325421800203
50,2.0,2,46,0.8682483692149667
50,2.0,3,46,0.7669560607090039
50,2.0,1,47,0.630566019601704
50,2.0,2,47,0.9313893619642344
50,2.0,3,47,0.894967576040686
50,2.0,1,48,0.733251040414499
50,2.0,2,48,0.9496437088730836
50,2.0,3,48,0.9735184194179173
50,2.0,1,49,0.9875290029467102
50,2.0,2,49,0.9899888101218075
50,2.0,3,49,0.8457267413234892
50,2.0,1,50,0.7762380216207911
50,2.0,2,50,0.6765746070075566
50,2.0,3,50,0.969574500179105
50,2.0,1,51,0.8557499814902042
50,2.0,2,51,0.9316847292232935
50,2.0,3,51,0.9116051410298297
50,2.0,1,52,0.6882335127315263
50,2.0,2,52,0.7571232722809664
50,2.0,3,52,0.9801931855546314
50,2.0,1,53,0.5582604154994356
50,2.0,2,53,0.7163071677689035
50,2.0,3,53,0.9743512471847836
50,2.0,1,54,0.3235235955395921
50,2.0,2,54,0.662475772609374
50,2.0,3,54,0.9962294290078099
50,2.0,1,55,0.8954425894947758
50,2.0,2,55,0.8892951814840674
50,2.0,3,55,0.8499956608258054
50,2.0,1,56,0.7135081987682094
50,2.0,2,56,0.9183667542594527
50,2.0,3,56,0.99362236685876
50,2.0,1,57,0.8205238748404468
50,2.0,2,57,0.6351814779240086
50,2.0,3,57,0.918123606025994
50,2.0,1,58,0.9366338435776352
50,2.0,2,58,0.9072635938723776
50,2.0,3,58,0.8893752324614397
50,2.0,1,59,0.8426104057560022
50,2.0,2,59,0.8315211693692335
50,2.0,3,59,0.9614752535183365
50,2.0,1,60,0.5635262761350512
50,2.0,2,60,0.875212247842541
50,2.0,3,60,0.991984985234389
50,2.0,1,61,0.9810556049644578
50,2.0,2,61,0.9808772412746194
50,2.0,3,61,0.6668405286951882
50,2.0,1,62,0.8116470496437452
50,2.0,2,62,0.8881292092231947
50,2.0,3,62,0.9282380577310683
50,2.0,1,63,0.7016849833379191
50,2.0,2,63,0.9282032145168874
50,2.0,3,63,0.7367383875069343
50,2.0,1,64,0.7669364106954514
50,2.0,2,64,0.9256502897322296
50,2.0,3,64,0.7852607582181768
50,2.0,1,65,0.45771848736414594
50,2.0,2,65,0.8717738199714866
50,2.0,3,65,0.6680007103718175
50,2.0,1,66,0.8046942114688567
50,2.0,2,66,0.9479813829789441
50,2.0,3,66,0.9119437175867651
50,2.0,1,67,0.4085623013197935
50,2.0,2,67,0.49933296976439084
50,2.0,3,67,0.9357171754565972
50,2.0,1,68,0.9040651298893775
50,2.0,2,68,0.8827427688802187
50,2.0,3,68,0.7072402729074166
50,2.0,1,69,0.546938473029251
50,2.0,2,69,0.9405316263292577
50,2.0,3,69,0.8197722566039055
50,2.0,1,70,0.46493454768533365
50,2.0,2,70,0.4958811233766189
50,2.0,3,70,0.9700828389275141
50,2.0,1,71,0.5319765075827746
50,2.0,2,71,0.5759588260231832
50,2.0,3,71,0.9470476876463813
50,2.0,1,72,0.33873759837430956
50,2.0,2,72,0.9483878660167901
50,2.0,3,72,0.9779552426367987
50,2.0,1,73,0.008685016668609002
50,2.0,2,73,0.9829643302426708
50,2.0,3,73,0.8780038455310262
50,2.0,1,74,0.01875174121574778
50,2.0,2,74,0.9267435315533412
50,2.0,3,74,0.9167715551803616
50,2.0,1,75,0.1387224440882199
50,2.0,2,75,0.8661503613365078
50,2.0,3,75,0.9695959599753917
50,2.0,1,76,0.9377242504064818
50,2.0,2,76,0.8635638324023408
50,2.0,3,76,0.9969008045313731
50,2.0,1,77,0.940161040116857
50,2.0,2,77,0.9807898337498144
50,2.0,3,77,0.973415614038017
50,2.0,1,78,0.2530175391325066
50,2.0,2,78,0.879908202893583
50,2.0,3,78,0.9939037652336667
50,2.0,1,79,0.8516958570357703
50,2.0,2,79,0.9780578442243523
50,2.0,3,79,0.9133228625761495
50,2.0,1,80,0.8120970892842656
50,2.0,2,80,0.5514609837208285
50,2.0,3,80,0.9448465591789196
50,2.0,1,81,0.9143201493600507
50,2.0,2,81,0.9255740155132122
50,2.0,3,81,0.889602086649217
50,2.0,1,82,0.2063017716829439
50,2.0,2,82,0.7527410488451811
50,2.0,3,82,0.9714277452345462
50,2.0,1,83,0.9230807964096498
50,2.0,2,83,0.9477605465959194
50,2.0,3,83,0.745930496650714
50,2.0,1,84,0.7959069433539488
50,2.0,2,84,0.8750745833684572
50,2.0,3,84,0.8816987195927349
50,2.0,1,85,0.8759915799120824
50,2.0,2,85,0.5619873600170748
50,2.0,3,85,0.997235183443562
50,2.0,1,86,0.9235946870986622
50,2.0,2,86,0.7183606133580946
50,2.0,3,86,0.9091404953915375
50,2.0,1,87,0.8538019356049633
50,2.0,2,87,0.897574208657363
50,2.0,3,87,0.8877102295113048
50,2.0,1,88,0.2800328015478558
50,2.0,2,88,0.7507573909290189
50,2.0,3,88,0.9926990200423167
50,2.0,1,89,0.45083872749871495
50,2.0,2,89,0.800505657545508
50,2.0,3,89,0.9655045986099045
50,2.0,1,90,0.14668973164536522
50,2.0,2,90,0.8683080150420385
50,2.0,3,90,0.8542710112781311
50,2.0,1,91,0.8913204159310502
50,2.0,2,91,0.5812068605458137
50,2.0,3,91,0.958148371544464
50,2.0,1,92,0.8136612807681307
50,2.0,2,92,0.968955305073734
50,2.0,3,92,0.666668180157885
50,2.0,1,93,0.003366817478501285
50,2.0,2,93,0.9486606377235789
50,2.0,3,93,0.7425985226454546
50,2.0,1,94,0.8927625290171937
50,2.0,2,94,0.8912767617983121
50,2.0,3,94,0.6723166559578876
50,2.0,1,95,0.5793986027940878
50,2.0,2,95,0.8342699177701497
50,2.0,3,95,0.9319695172676757
50,2.0,1,96,0.9544017624319212
50,2.0,2,96,0.693896004245
50,2.0,3,96,0.6739830166310642
50,2.0,1,97,0.949281756388018
50,2.0,2,97,0.8451540851021474
50,2.0,3,97,0.8908181889621364
50,2.0,1,98,0.7785255792746038
50,2.0,2,98,0.866888255262789
50,2.0,3,98,0.9854963560861227
50,2.0,1,99,0.905596027588929
50,2.0,2,99,0.5867248988402064
50,2.0,3,99,0.7555208273298509
50,2.0,1,100,0.9468863467574605
50,2.0,2,100,0.9266884192269583
50,2.0,3,100,0.9926088535307237
50,2.0,1,101,0.8808507785413748
50,2.0,2,101,0.7354438336939908
50,2.0,3,101,0.8949644790326357
50,2.0,1,102,0.32287735829390957
50,2.0,2,102,0.8505556748683776
50,2.0,3,102,0.9968365852498983
50,2.0,1,103,0.4046322751568972
50,2.0,2,103,0.49389094074027984
50,2.0,3,103,0.9139011495561903
50,2.0,1,104,0.7164737818453536
50,2.0,2,104,0.9434711053898103
50,2.0,3,104,0.8806102112992801
50,2.0,1,105,0.2188351488562593
50,2.0,2,105,0.5163424641927156
50,2.0,3,105,0.9420729471592347
50,2.0,1,106,0.4525577918432007
50,2.0,2,106,0.5856616105817
50,2.0,3,106,0.9866206338883791
50,2.0,1,107,0.8460281395897938
50,2.0,2,107,0.908493664526357
50,2.0,3,107,0.9046238836821637
50,2.0,1,108,0.8442710324659487
50,2.0,2,108,0.968975667738103
50,2.0,3,108,0.836473830222468
50,2.0,1,109,0.3102596477694356
50,2.0,2,109,0.8228454957556675
50,2.0,3,109,0.7087297061840793
50,2.0,1,110,0.18721481965336845
50,2.0,2,110,0.9175264660279652
50,2.0,3,110,0.9691664368033006
50,2.0,1,111,0.6569057057728516
50,2.0,2,111,0.5528289810767525
50,2.0,3,111,0.9584573750554002
50,2.0,1,112,0.9526867844773568
50,2.0,2,112,0.7304281676443015
50,2.0,3,112,0.9907589470111707
50,2.0,1,113,0.9844604580083495
50,2.0,2,113,0.953154270707111
50,2.0,3,113,0.9732217713223452
50,2.0,1,114,0.9629577495573709
50,2.0,2,114,0.9758389605027039
50,2.0,3,114,0.8987278397174618
50,2.0,1,115,0.7594011903623045
50,2.0,2,115,0.9200948604565855
50,2.0,3,115,0.9030429111179293
50,2.0,1,116,0.8057479703953275
50,2.0,2,116,0.9750830324215979
50,2.0,3,116,0.7682629795098924
50,2.0,1,117,0.8816911326007506
50,2.0,2,117,0.893465247218179
50,2.0,3,117,0.8988718377310082
50,2.0,1,118,0.6986553693228139
50,2.0,2,118,0.7750730039791042
50,2.0,3,118,0.6730451552787048
50,2.0,1,119,0.1704392854596419
50,2.0,2,119,0.6865853768869193
50,2.0,3,119,0.7216584839537683
50,2.0,1,120,0.8373199645079669
50,2.0,2,120,0.8435835694810019
50,2.0,3,120,0.9319119545496332
50,2.0,1,121,0.13970073001323904
50,2.0,2,121,0.47279965763207954
50,2.0,3,121,0.9785817662385661
50,2.0,1,122,0.7662654302924091
50,2.0,2,122,0.760818018591755
50,2.0,3,122,0.6780078802357746
50,2.0,1,123,0.7645208045220724
50,2.0,2,123,0.8844973846024735
50,2.0,3,123,0.9613942114870496
50,2.0,1,124,0.3379287722544575
50,2.0,2,124,0.5199892766201084
50,2.0,3,124,0.9669592439872096
50,2.0,1,125,0.004954962249923876
50,2.0,2,125,0.9123490580607776
50,2.0,3,125,0.8998038911119646
50,2.0,1,126,0.86372874078649
50,2.0,2,126,0.9410282887592651
50,2.0,3,126,0.9304857874802557
50,2.0,1,127,0.2342234804765271
50,2.0,2,127,0.8775173857713106
50,2.0,3,127,0.9727598376196473
50,2.0,1,128,0.07384282756921849
50,2.0,2,128,0.912263678640295
50,2.0,3,128,0.8676139005578207
50,2.0,1,129,0.8934227624572428
50,2.0,2,129,0.9710435244665078
50,2.0,3,129,0.677061056824289
50,2.0,1,130,0.49350455972686313
50,2.0,2,130,0.7316749886817122
50,2.0,3,130,0.9719478511189927
50,2.0,1,131,0.034703516461708085
50,2.0,2,131,0.5575661713657293
50,2.0,3,131,0.7763395688831803
50,2.0,1,132,0.7711176637591786
50,2.0,2,132,0.8343405232165062
50,2.0,3,132,0.8689095222346955
50,2.0,1,133,0.9386592147206037
50,2.0,2,133,0.9592168998560495
50,2.0,3,133,0.9862930927435203
50,2.0,1,134,0.7322921754752364
50,2.0,2,134,0.9788371517178405
50,2.0,3,134,0.699975993900074
50,2.0,1,135,0.7670524860970915
50,2.0,2,135,0.5163278648123364
50,2.0,3,135,0.7995707146237622
50,2.0,1,136,0.9049084652453564
50,2.0,2,136,0.9334485939154009
50,2.0,3,136,0.9771221378474194
50,2.0,1,137,0.846019403260257
50,2.0,2,137,0.9504093923797079
50,2.0,3,137,0.9846422711113392
50,2.0,1,138,0.8666768657552878
50,2.0,2,138,0.5452870859225267
50,2.0,3,138,0.9668143356930764
50,2.0,1,139,0.02412305209412464
50,2.0,2,139,0.9405886333383421
50,2.0,3,139,0.9375705619411105
50,2.0,1,140,0.6760391602396961
50,2.0,2,140,0.6187574943209835
50,2.0,3,140,0.9345056045228558
50,2.0,1,141,0.8703190724284653
50,2.0,2,141,0.9782376514584421
50,2.0,3,141,0.8231612097767091
50,2.0,1,142,0.9287297968050283
50,2.0,2,142,0.8086598870677288
50,2.0,3,142,0.8877236751361979
50,2.0,1,143,0.9596537869691985
50,2.0,2,143,0.7489055988181096
50,2.0,3,143,0.6847621332223879
50,2.0,1,144,0.0832415242344402
50,2.0,2,144,0.8813098735259938
50,2.0,3,144,0.8656878595911653
50,2.0,1,145,0.9437483072947989
50,2.0,2,145,0.935252665196628
50,2.0,3,145,0.8427145552356848
50,2.0,1,146,0.9026583980674084
50,2.0,2,146,0.9702087037936025
50,2.0,3,146,0.8319995933160249
50,2.0,1,147,0.8689777892212812
50,2.0,2,147,0.9296915823457814
50,2.0,3,147,0.8090367009446321
50,2.0,1,148,0.001360702715027645
50,2.0,2,148,0.9678954872920364
50,2.0,3,148,0.9114493833475241
50,2.0,1,149,0.8949538153123574
50,2.0,2,149,0.6232144495698743
50,2.0,3,149,0.6798976361291427
50,2.0,1,150,0.7839590377186997
50,2.0,2,150,0.7919828924099401
50,2.0,3,150,0.769318368994818
50,2.0,1,151,0.651446974755418
50,2.0,2,151,0.5611719804890498
50,2.0,3,151,0.9562475623602023
50,2.0,1,152,0.923532519629067
50,2.0,2,152,0.8491766188400749
50,2.0,3,152,0.8206229330968066
50,2.0,1,153,0.9568448445254488
50,2.0,2,153,0.885377262599846
50,2.0,3,153,0.9138862729122815
50,2.0,1,154,0.5789314740395421
50,2.0,2,154,0.6035007757804663
50,2.0,3,154,0.9212718272532953
50,2.0,1,155,0.8267835581937736
50,2.0,2,155,0.7300764317332283
50,2.0,3,155,0.9702913388686197
50,2.0,1,156,0.8700286356681924
50,2.0,2,156,0.9508981309964288
50,2.0,3,156,0.992356984916456
50,2.0,1,157,0.7917143429467163
50,2.0,2,157,0.6813230819854208
50,2.0,3,157,0.9208202710201815
50,2.0,1,158,0.9073141710462326
50,2.0,2,158,0.9443389004815126
50,2.0,3,158,0.8379785499258009
50,2.0,1,159,0.39499931361290735
50,2.0,2,159,0.5502348556892466
50,2.0,3,159,0.909012080540036
50,2.0,1,160,0.5610044784280582
50,2.0,2,160,0.7989158878544413
50,2.0,3,160,0.9950415748489548
50,2.0,1,161,0.9633401426136007
50,2.0,2,161,0.9527114889496806
50,2.0,3,161,0.9559030676467727
50,2.0,1,162,0.7823984999964075
50,2.0,2,162,0.9386050412161628
50,2.0,3,162,0.7126029615268985
50,2.0,1,163,0.18823378860609766
50,2.0,2,163,0.9006280932953294
50,2.0,3,163,0.9434877341484418
50,2.0,1,164,0.8195362765534312
50,2.0,2,164,0.9353914296441348
50,2.0,3,164,0.9636626269430622
50,2.0,1,165,6.485329163838621e-05
50,2.0,2,165,0.919171237471954
50,2.0,3,165,0.9922572449367936
50,2.0,1,166,0.9461609804680674
50,2.0,2,166,0.8818115372306237
50,2.0,3,166,0.6823021762732234
50,2.0,1,167,0.026952469246788013
50,2.0,2,167,0.5005734964566526
50,2.0,3,167,0.9782907896721706
50,2.0,1,168,0.8919468911869335
50,2.0,2,168,0.6832452956211369
50,2.0,3,168,0.8173633456110604
50,2.0,1,169,0.8055481603367188
50,2.0,2,169,0.642842232385264
50,2.0,3,169,0.8819939805188786
50,2.0,1,170,0.12492730294129921
50,2.0,2,170,0.9086205864274278
50,2.0,3,170,0.6993661278595195
50,2.0,1,171,0.9373577715901777
50,2.0,2,171,0.8343266891612025
50,2.0,3,171,0.8948830476850006
50,2.0,1,172,0.8552178084752816
50,2.0,2,172,0.6600588068076911
50,2.0,3,172,0.9700119761707503
50,2.0,1,173,0.8614242105283719
50,2.0,2,173,0.8415558754409256
50,2.0,3,173,0.9470199128920861
50,2.0,1,174,0.48955074565040013
50,2.0,2,174,0.9318257688644715
50,2.0,3,174,0.6667938870792641
50,2.0,1,175,0.731069279420774
50,2.0,2,175,0.61431256761316
50,2.0,3,175,0.911439435776578
50,2.0,1,176,0.906364176252391
50,2.0,2,176,0.8609535093869258
50,2.0,3,176,0.9442399335561414
50,2.0,1,177,0.8931419979854445
50,2.0,2,177,0.8873221419335062
50,2.0,3,177,0.7633426604308292
50,2.0,1,178,0.8053301577686277
50,2.0,2,178,0.8347472686111144
50,2.0,3,178,0.9481821523999961
50,2.0,1,179,0.2250149094164701
50,2.0,2,179,0.6669433150157249
50,2.0,3,179,0.9617116494198331
50,2.0,1,180,0.4598050982513131
50,2.0,2,180,0.9492588614751727
50,2.0,3,180,0.6668675533411818
50,2.0,1,181,0.8347188222396307
50,2.0,2,181,0.9603360830105432
50,2.0,3,181,0.79353518390817
50,2.0,1,182,0.5832916609347242
50,2.0,2,182,0.9242541923939684
50,2.0,3,182,0.7593357461294253
50,2.0,1,183,0.7033936685742254
50,2.0,2,183,0.8073139203917429
50,2.0,3,183,0.9535511241406183
50,2.0,1,184,0.688545718462252
50,2.0,2,184,0.96423519174921
50,2.0,3,184,0.7274247236623225
50,2.0,1,185,0.9417565955004118
50,2.0,2,185,0.8122327984547926
50,2.0,3,185,0.885577113845585
50,2.0,1,186,0.906174712944424
50,2.0,2,186,0.7910580212119591
50,2.0,3,186,0.683619351202303
50,2.0,1,187,0.9452979123300695
50,2.0,2,187,0.8192395956399001
50,2.0,3,187,0.7268511039303668
50,2.0,1,188,0.8723715716066355
50,2.0,2,188,0.5394257142423116
50,2.0,3,188,0.9427693000414074
50,2.0,1,189,0.618623278932047
50,2.0,2,189,0.6518866547370487
50,2.0,3,189,0.8920086751305161
50,2.0,1,190,0.8164391724293987
50,2.0,2,190,0.5435458947005551
50,2.0,3,190,0.9009830736178951
50,2.0,1,191,0.8987558451224965
50,2.0,2,191,0.6638306831425604
50,2.0,3,191,0.9898363802601149
50,2.0,1,192,0.8020544006360265
50,2.0,2,192,0.8893982391450423
50,2.0,3,192,0.8563519935168423
50,2.0,1,193,0.9291554649769729
50,2.0,2,193,0.7434751565608642
50,2.0,3,193,0.9134418308355737
50,2.0,1,194,0.4179291667345802
50,2.0,2,194,0.8153061763354676
50,2.0,3,194,0.9915436285738753
50,2.0,1,195,0.8654745710647805
50,2.0,2,195,0.8530304290739736
50,2.0,3,195,0.7196234696487034
50,2.0,1,196,0.8869920093527963
50,2.0,2,196,0.9649091803067484
50,2.0,3,196,0.948385617512909
50,2.0,1,197,0.5326110633447825
50,2.0,2,197,0.9709369976553475
50,2.0,3,197,0.7382050348618024
50,2.0,1,198,0.7607313429201168
50,2.0,2,198,0.5763490282091387
50,2.0,3,198,0.9877449154760666
50,2.0,1,199,0.18432396964096692
50,2.0,2,199,0.8902001216033515
50,2.0,3,199,0.9602161917132319
