N_obs,SNR,rep,L,regularization,xcv_score,OracleRKHS_L2_function_mean_cos2,OracleRKHS_RKHS_function_mean_cos2,OracleL2_L2_function_mean_cos2,OracleL2_RKHS_function_mean_cos2
15,0.5,0,1,10.0,-1.1613743438690374,0.1779602750648349,0.1346678459156967,0.6665416685042725,0.6202254304079153
15,0.5,0,2,10.0,-1.1613743438690374,0.5802232198658116,0.600177079556801,0.7878929571875259,0.8047998734323942
15,0.5,0,3,10.0,-1.1613743438690374,0.7121219352336192,0.7070299718877774,0.8653185288953614,0.8584996667826674
15,0.5,1,1,0.001,-1.1548479072341842,0.0946798602067495,0.0022694425646993,0.2795466425629233,0.1642567564104834
15,0.5,1,2,0.001,-1.1548479072341842,0.4452582867394204,0.0277990044369105,0.8867417913366674,0.2516531767514684
15,0.5,1,3,0.001,-1.1548479072341842,0.3221236108267006,0.0421164869245119,0.8176621780965365,0.2612330618269911
15,0.5,2,1,1.0,-1.152291915588889,0.3386302002402945,0.5732871294085392,0.7102680139806052,0.8986079662315322
15,0.5,2,2,1.0,-1.152291915588889,0.4916658535024935,0.5715345865227801,0.847502527337551,0.8391878243067861
15,0.5,2,3,1.0,-1.152291915588889,0.7226543811586188,0.7333574468738933,0.8592181703016579,0.8683087200102495
15,0.5,3,1,1.0,-1.180716596754188,0.051772535039858,0.1498005648477213,0.1680454112546135,0.4138413612921061
15,0.5,3,2,1.0,-1.180716596754188,0.5072695516911893,0.5131968168273029,0.6583859322921639,0.6619686935692372
15,0.5,3,3,1.0,-1.180716596754188,0.6831811512315444,0.6835039888900134,0.81923905776039,0.8282634690480548
15,0.5,4,1,10.0,-1.1792760135512477,0.0684816632529447,0.0384970853689141,0.6578938730852667,0.4501714343683872
15,0.5,4,2,10.0,-1.1792760135512477,0.3746694382989313,0.3888396234192793,0.8491422371453461,0.8578081437774556
15,0.5,4,3,10.0,-1.1792760135512477,0.6571689690510978,0.6605313105989843,0.8597871081904506,0.864516480677516
15,0.5,5,1,0.1,-1.1617412389985051,0.2166963601446008,0.6634335205062767,0.4865018087702378,0.8475149130143467
15,0.5,5,2,0.1,-1.1617412389985051,0.46382776298258,0.4010557424936692,0.8499678662812609,0.6206967564458934
15,0.5,5,3,0.1,-1.1617412389985051,0.6181526933254599,0.5762148097768295,0.767884779472368,0.7771024139354048
15,0.5,6,1,1.0,-1.1480655524418186,0.1123573235825287,0.1688469967252406,0.6530432707880908,0.5744096023003049
15,0.5,6,2,1.0,-1.1480655524418186,0.5085210977983274,0.5616860673665534,0.9139890094045012,0.9403086444933406
15,0.5,6,3,1.0,-1.1480655524418186,0.6938293732141894,0.7091612601909684,0.9547361130275156,0.967084450315428
15,0.5,7,1,0.1,-1.1222459862476284,0.2030503610995555,0.423011087411238,0.2357381880913046,0.4560273516968057
15,0.5,7,2,0.1,-1.1222459862476284,0.598333787572797,0.7384108051845937,0.8767071534529134,0.9425034773167054
15,0.5,7,3,0.1,-1.1222459862476284,0.6657501102498923,0.6725451976058112,0.976254910319799,0.9491979068336232
15,0.5,8,1,0.001,-1.1688933015980223,0.0063076484031144,0.0008472103109069,0.0616799102615399,0.0375652978055041
15,0.5,8,2,0.001,-1.1688933015980223,0.4047461170420498,0.0106009789189491,0.913355102300092,0.2227072064806197
15,0.5,8,3,0.001,-1.1688933015980223,0.3154026765171947,0.0251729682643988,0.7919868137105194,0.1812122804703625
15,0.5,9,1,0.0001,-1.098641663516772,0.0562158584414501,2.7631841149616764e-08,0.6771795483177043,0.0548620215146449
15,0.5,9,2,0.0001,-1.098641663516772,0.0629138576075735,0.0043442686906415,0.7737020941753312,0.1629822384228712
15,0.5,9,3,0.0001,-1.098641663516772,0.0960720351944372,0.007557170418702,0.7460590058819664,0.2803005920803066
15,0.5,10,1,1.0,-1.0409453752116709,0.0305016346366458,0.0350371427664765,0.2158277420696274,0.2076456474484242
15,0.5,10,2,1.0,-1.0409453752116709,0.5972520628110778,0.6468826272217821,0.8517828565029413,0.9083537133467168
15,0.5,10,3,1.0,-1.0409453752116709,0.8682304484866664,0.8661670535091853,0.9428048718448392,0.943503165613618
15,0.5,11,1,1000.0,-1.2015488833330104,0.3731876267490965,0.3984650796431885,0.7652781609271012,0.7964540088986867
15,0.5,11,2,1000.0,-1.2015488833330104,0.5218030553316583,0.5330286332985903,0.8242220872946733,0.8138041371499668
15,0.5,11,3,1000.0,-1.2015488833330104,0.6731738310472314,0.7283514469853931,0.6691224646640835,0.7603207985124399
15,0.5,12,1,0.0001,-1.172020825525469,0.0182213920947911,0.0025400156214697,0.5447173726491703,0.0030566966973196
15,0.5,12,2,0.0001,-1.172020825525469,0.160261236929678,0.0014575706851073,0.6082585588914556,0.0841712120490337
15,0.5,12,3,0.0001,-1.172020825525469,0.1281431853660014,0.0055922588286578,0.6876048365482244,0.1707443819639479
15,0.5,13,1,0.0001,-1.106872016565974,0.0131388267876369,9.365733447030692e-06,0.669876678405709,0.0540574285472038
15,0.5,13,2,0.0001,-1.106872016565974,0.1816550604830334,0.0001129207120603,0.5097538926782134,0.083099398747207
15,0.5,13,3,0.0001,-1.106872016565974,0.1324153658159091,0.0009287767533025,0.7765501038907686,0.1866020954714085
15,0.5,14,1,0.1,-1.2053778515743818,0.0627361502120843,0.2232248688185109,0.4076638033627043,0.7104247858897506
15,0.5,14,2,0.1,-1.2053778515743818,0.3933923194702204,0.5754034779984664,0.7038983510789648,0.5510570038868273
15,0.5,14,3,0.1,-1.2053778515743818,0.6851718259469611,0.7330285159534727,0.8423084630673477,0.8694416057168626
15,0.5,15,1,0.01,-1.004884888058867,0.5691670598099189,0.3203135478154322,0.1080312834730455,0.0024979053088058
15,0.5,15,2,0.01,-1.004884888058867,0.6545895422265775,0.2198929533147572,0.944683659764014,0.7791455696907681
15,0.5,15,3,0.01,-1.004884888058867,0.5368477525149042,0.4621377303240883,0.9670984495381892,0.5598592720608405
15,0.5,16,1,0.1,-1.1733867365290982,0.1579113650743265,0.3763349355707725,0.9532806576556896,0.7197888091184629
15,0.5,16,2,0.1,-1.1733867365290982,0.4967430841644373,0.462006493038772,0.7601031241729267,0.726606517218617
15,0.5,16,3,0.1,-1.1733867365290982,0.6555649452692246,0.8601845561765077,0.6987493590185928,0.7473354898707111
15,0.5,17,1,0.0001,-1.0699624184669654,0.0601922732476303,0.0004879943500744,0.8789660369111567,0.0833913834615492
15,0.5,17,2,0.0001,-1.0699624184669654,0.0815154331930368,0.005854720476753,0.8530211593576964,0.1782500514691745
15,0.5,17,3,0.0001,-1.0699624184669654,0.0790807973651122,0.0048370340218513,0.7327984477903566,0.2941283848159912
15,0.5,18,1,0.1,-1.0916096819460424,0.0779552122448757,0.5104314791453224,0.0669337183407653,0.7489841615080847
15,0.5,18,2,0.1,-1.0916096819460424,0.5005726213918705,0.4605799414003889,0.9549848928494344,0.8781633368648802
15,0.5,18,3,0.1,-1.0916096819460424,0.7988139261783185,0.8969656286198235,0.9394593105661316,0.9430518532814413
15,0.5,19,1,0.01,-1.1383639723817651,0.7343867469399921,0.0153897156329208,0.8539410294039974,0.021879545209424
15,0.5,19,2,0.01,-1.1383639723817651,0.598575248466418,0.3589809912296241,0.8389962897728942,0.536361476026435
15,0.5,19,3,0.01,-1.1383639723817651,0.4808084082357559,0.3320924436706555,0.674413386559365,0.4661244805265861
15,0.5,20,1,0.1,-1.26012240571178,0.2732530507163139,0.3686842159535889,0.8664793768777044,0.9249228187871534
15,0.5,20,2,0.1,-1.26012240571178,0.5185145033121613,0.8617370916174762,0.89304988337229,0.5643977539367233
15,0.5,20,3,0.1,-1.26012240571178,0.7257576995282479,0.7383625187722288,0.8900935362635597,0.7845834952421896
15,0.5,21,1,1000.0,-1.1352758214969825,0.2547290333187748,0.2608026705049873,0.7193664824798369,0.7060608382488677
15,0.5,21,2,1000.0,-1.1352758214969825,0.1924572608523791,0.181913916584112,0.6737778328013073,0.6512178516490854
15,0.5,21,3,1000.0,-1.1352758214969825,0.6679767331225576,0.6637934305019669,0.9038435207277034,0.9006151225150854
15,0.5,22,1,1000.0,-1.1031103008726586,0.0181658434836817,0.0174434677868715,0.2273867864650623,0.1604011540506684
15,0.5,22,2,1000.0,-1.1031103008726586,0.4843359382457489,0.460053925007546,0.7091920250639329,0.65753061482107
15,0.5,22,3,1000.0,-1.1031103008726586,0.8430000556165478,0.8647584074640214,0.9540145678339929,0.957601987328058
15,0.5,23,1,1000.0,-1.1806816257842685,0.0910302845669742,0.1025608562153802,0.5948920032391893,0.6127912393065007
15,0.5,23,2,1000.0,-1.1806816257842685,0.327792520259702,0.3453068766838801,0.7693708024630255,0.779111340285451
15,0.5,23,3,1000.0,-1.1806816257842685,0.6782075838038436,0.6930185039420652,0.800359684012273,0.818220627499367
15,0.5,24,1,1000.0,-1.1389626528668515,0.1108774683204121,0.2278044279494686,0.2958451618697083,0.4947257693036438
15,0.5,24,2,1000.0,-1.1389626528668515,0.3522333236587592,0.3803513736660729,0.7152240872780502,0.7142319524569422
15,0.5,24,3,1000.0,-1.1389626528668515,0.6293217824310918,0.6271333158761521,0.8341805331548594,0.8418167406930985
15,0.5,25,1,1000.0,-1.1440152525698162,0.1924058332060677,0.2012362519115023,0.8365546894905926,0.845717536910239
15,0.5,25,2,1000.0,-1.1440152525698162,0.4864564075949971,0.4878439199568171,0.8023981753236209,0.8042870954499851
15,0.5,25,3,1000.0,-1.1440152525698162,0.6794132886332981,0.6899264594653501,0.9048230759694622,0.9171001246333326
15,0.5,26,1,0.0001,-1.0892257046071274,0.0212373745130627,2.984736191435762e-05,0.5791157479084543,0.0177505606413483
15,0.5,26,2,0.0001,-1.0892257046071274,0.0557070780240819,0.0031357648872722,0.4140968088557018,0.085787917559299
15,0.5,26,3,0.0001,-1.0892257046071274,0.0665102930979988,0.0034868219283093,0.626016507573151,0.2872505819038157
15,0.5,27,1,1.0,-1.1302980625059285,0.0169434791253893,0.2446761617205465,0.2870064243388452,0.8581448937480567
15,0.5,27,2,1.0,-1.1302980625059285,0.475421588618571,0.4883177478872239,0.912928093586442,0.9202521440894752
15,0.5,27,3,1.0,-1.1302980625059285,0.6359696605977009,0.6354815538689796,0.8796857954134244,0.8688795834019006
15,0.5,28,1,10.0,-1.0728795018258923,0.1750650107191,0.2569660281306586,0.4937797657773947,0.6521937860678918
15,0.5,28,2,10.0,-1.0728795018258923,0.3710276908402689,0.3911175755775268,0.8166755748194715,0.8321924537617131
15,0.5,28,3,10.0,-1.0728795018258923,0.6704795268771933,0.6794524338830317,0.8932454006141253,0.9065630873071552
15,0.5,29,1,1.0,-1.150382142033685,0.0553328173638219,0.0719144332786344,0.3562577763171106,0.8099174582149833
15,0.5,29,2,1.0,-1.150382142033685,0.4511718796112026,0.4524316439146251,0.7769465197306252,0.7737109387424614
15,0.5,29,3,1.0,-1.150382142033685,0.671408100500502,0.6792624546415427,0.8426563479924578,0.8622919731882935
15,0.5,30,1,0.0001,-1.1184162287374222,0.4393189010117787,0.0001700879031738,0.9132734147319324,0.0366719284185315
15,0.5,30,2,0.0001,-1.1184162287374222,0.2786112005970144,0.0009050155630562,0.8093143979199323,0.1380662095567932
15,0.5,30,3,0.0001,-1.1184162287374222,0.2050754506778055,0.001838903559957,0.7520627221763531,0.2361878917505128
15,0.5,31,1,1000.0,-1.1032195760700048,0.0980033243343405,0.0907781298129772,0.706340001266929,0.3687227088187017
15,0.5,31,2,1000.0,-1.1032195760700048,0.4081563953375434,0.4356284330186981,0.8466868043825703,0.8582791100198592
15,0.5,31,3,1000.0,-1.1032195760700048,0.6496579838677289,0.6533970905718812,0.7905366601313366,0.8020386780035379
15,0.5,32,1,10.0,-1.1808992963180671,0.1413771848180907,0.1335352788091778,0.9015701745028808,0.9031172436281067
15,0.5,32,2,10.0,-1.1808992963180671,0.3593665754835213,0.3783058414682143,0.8842414175736124,0.8936955515086529
15,0.5,32,3,10.0,-1.1808992963180671,0.6489216922695427,0.6575529912496312,0.9322856960702848,0.9181431594747232
15,0.5,33,1,10.0,-1.1288014527404355,0.0647650920047656,0.1098185394048133,0.2703440104407641,0.3777318576871268
15,0.5,33,2,10.0,-1.1288014527404355,0.2583137383269882,0.3344698058644232,0.8462380280918271,0.8775328170918827
15,0.5,33,3,10.0,-1.1288014527404355,0.6235221450079454,0.6243798527898411,0.8893693902023734,0.8565961711655731
15,0.5,34,1,0.01,-1.130173064769064,0.5944899157020574,0.0539544003973095,0.8725649303468918,0.270434020937348
15,0.5,34,2,0.01,-1.130173064769064,0.5341301169623098,0.486278785410425,0.8715410767817756,0.5166369938826575
15,0.5,34,3,0.01,-1.130173064769064,0.6995357783752469,0.4424779013355213,0.6348014980320285,0.5788980902371417
15,0.5,35,1,10.0,-1.1538527176448656,0.2437178106426469,0.024480896916844,0.613945362098938,0.1630502429390302
15,0.5,35,2,10.0,-1.1538527176448656,0.6306872612350898,0.6726991081458171,0.8344627535254578,0.856665653377107
15,0.5,35,3,10.0,-1.1538527176448656,0.6946191899051876,0.7088044976621736,0.8977558876454051,0.9100859480837457
15,0.5,36,1,1.0,-1.263129434140244,0.0861882881435523,0.0911900397051902,0.013644983815098,0.7405166432179443
15,0.5,36,2,1.0,-1.263129434140244,0.3330552400101897,0.3210826015344587,0.6810353784055883,0.6754769529475553
15,0.5,36,3,1.0,-1.263129434140244,0.6645504497245579,0.6628526614824473,0.901308129392921,0.9004602188507583
15,0.5,37,1,1.0,-1.250581011767558,0.0830190513067665,0.0552995667419383,0.8940947784873081,0.915914082379574
15,0.5,37,2,1.0,-1.250581011767558,0.3582718565109866,0.3772074170293483,0.8993676106280866,0.915051253652991
15,0.5,37,3,1.0,-1.250581011767558,0.6609613708586312,0.6516757173040132,0.964625400179118,0.9622888522853192
15,0.5,38,1,1.0,-1.0990988500293568,0.2499779464716797,0.3129263929735491,0.8587512562487699,0.896888900525146
15,0.5,38,2,1.0,-1.0990988500293568,0.4013717517839241,0.4272382365136146,0.87589212086935,0.8821242330172161
15,0.5,38,3,1.0,-1.0990988500293568,0.6908168048567895,0.693662013168344,0.8509977824273545,0.8571923763579647
15,0.5,39,1,1000.0,-1.174404519022061,0.262180197009807,0.2733744913233506,0.6760175214029062,0.6719640158097478
15,0.5,39,2,1000.0,-1.174404519022061,0.4389731287370468,0.4473418901754916,0.760856403554557,0.7656157987330146
15,0.5,39,3,1000.0,-1.174404519022061,0.6245992889975502,0.6215608194578518,0.6350979884974232,0.6300467010466114
15,0.5,40,1,0.01,-1.1286908806234752,0.2759115406148533,0.571873244990389,0.1702360132121006,0.067960644860765
15,0.5,40,2,0.01,-1.1286908806234752,0.6539720656096222,0.3588712344125783,0.8385071870759158,0.1736644542152817
15,0.5,40,3,0.01,-1.1286908806234752,0.5728640327599859,0.3830325962438661,0.8464404416648543,0.527995327631046
15,0.5,41,1,0.01,-1.127257541324358,0.0767859254385522,0.0676294022261324,0.7489232567244922,0.008152228419541
15,0.5,41,2,0.01,-1.127257541324358,0.5057900802462636,0.0620985482331422,0.8236090241265224,0.2818632855201879
15,0.5,41,3,0.01,-1.127257541324358,0.9017970089322086,0.3520689647274713,0.9337911662852753,0.4182561798418918
15,0.5,42,1,1.0,-1.1805560105052069,0.0042406388350857,0.1442622053684392,0.0967633600749398,0.0211027414518432
15,0.5,42,2,1.0,-1.1805560105052069,0.5012806672634632,0.4884842742181051,0.6865655153523342,0.684155938534465
15,0.5,42,3,1.0,-1.1805560105052069,0.633449466462074,0.6327610087753207,0.6756782298834461,0.6725891336672675
15,0.5,43,1,0.1,-1.119593710122746,0.4331482784113664,0.4475473554319196,0.8232075923625432,0.888342259076705
15,0.5,43,2,0.1,-1.119593710122746,0.4454582860939272,0.6161654667936556,0.7827983113727797,0.8832339328280265
15,0.5,43,3,0.1,-1.119593710122746,0.6407376822114336,0.6747192781102805,0.7886663507594335,0.7326353606475252
15,0.5,44,1,0.0001,-1.219225784678179,0.0091532523404872,0.0013220261770716,0.4277106552936319,0.0412377495774923
15,0.5,44,2,0.0001,-1.219225784678179,0.0294783135791578,0.0017067970478358,0.7655788885855063,0.326131327170709
15,0.5,44,3,0.0001,-1.219225784678179,0.0793859106646962,0.0018787909552989,0.8257896524508611,0.2528647407956668
15,0.5,45,1,10.0,-1.232061486759537,0.0614523241389871,0.0578314961483444,0.4027728839278177,0.3858023554016703
15,0.5,45,2,10.0,-1.232061486759537,0.3727410481822532,0.3930764668595214,0.7024075988023601,0.6997361776301647
15,0.5,45,3,10.0,-1.232061486759537,0.667730111756197,0.6700678031303959,0.7835333402726582,0.7907811483076217
15,0.5,46,1,0.01,-1.132184809009858,0.3756801847913619,0.0669692939230117,0.5789023852868856,0.4396236781506225
15,0.5,46,2,0.01,-1.132184809009858,0.4101590184703451,0.2839591829922349,0.8935131897285606,0.4766694547824824
15,0.5,46,3,0.01,-1.132184809009858,0.7235789860344289,0.4599678687373036,0.9368749556343308,0.8087791998379369
15,0.5,47,1,0.1,-1.1456421792795273,0.0499388297937952,0.1278785890275777,0.609372750493424,0.1035665213890472
15,0.5,47,2,0.1,-1.1456421792795273,0.4133336513711235,0.5041282555777299,0.8313897425904361,0.6604620053451533
15,0.5,47,3,0.1,-1.1456421792795273,0.72032100263536,0.6697854073323676,0.983816219217128,0.8072826608838338
15,0.5,48,1,1.0,-1.143276065300216,0.062471662715559,0.0678841330374921,0.0018994850977207,1.140323483742194e-05
15,0.5,48,2,1.0,-1.143276065300216,0.4898413085732854,0.4977853842082543,0.8445431855789536,0.8404083505359021
15,0.5,48,3,1.0,-1.143276065300216,0.6629948252352045,0.6669926656950848,0.9693204340722936,0.9735467805386911
15,0.5,49,1,0.1,-1.1783169109541234,0.030450021256822,0.03151888683837,0.1210294923833024,0.0575721437458295
15,0.5,49,2,0.1,-1.1783169109541234,0.3723721997903755,0.6455563604933071,0.5980034043097839,0.6254864473452998
15,0.5,49,3,0.1,-1.1783169109541234,0.7266017473344016,0.7370397261958646,0.9679011924641991,0.9471404205074312
15,0.5,50,1,0.0001,-1.1569285271746947,0.0009348832474489,1.10936544836132e-06,0.5072537284731201,0.1050026798626115
15,0.5,50,2,0.0001,-1.1569285271746947,0.1397517920103081,0.0001529293847603,0.5322179587497895,0.1548324725361848
15,0.5,50,3,0.0001,-1.1569285271746947,0.1450964736232317,0.0023627622469525,0.7110462126331306,0.4346154653008228
15,0.5,51,1,1000.0,-1.1078411074779335,0.1305462701882129,0.1685208275417871,0.199150865228174,0.2670249632375827
15,0.5,51,2,1000.0,-1.1078411074779335,0.4943000346624857,0.5140743206734292,0.8450843936330756,0.8558995212192806
15,0.5,51,3,1000.0,-1.1078411074779335,0.6642551572317549,0.666836225977792,0.9715089045208832,0.9751481069118642
15,0.5,52,1,0.1,-1.2025997249070846,0.2609457288532966,0.4369573153210655,0.773693970330606,0.7548226644379374
15,0.5,52,2,0.1,-1.2025997249070846,0.4795535976033062,0.4981488678124958,0.768628417201092,0.5380869117193133
15,0.5,52,3,0.1,-1.2025997249070846,0.6051920206091103,0.5758658288995601,0.8818685575010393,0.7755560341671587
15,0.5,53,1,0.1,-1.1482932474513448,0.3105298095242751,0.5858116055072278,0.308032140713342,0.698306264794105
15,0.5,53,2,0.1,-1.1482932474513448,0.5219123808908795,0.6471313234749567,0.811961235070219,0.9040690093562064
15,0.5,53,3,0.1,-1.1482932474513448,0.6413026785230281,0.6418346414113157,0.9326221950814156,0.9520971219451448
15,0.5,54,1,1000.0,-1.13760122255691,0.04940896215522,0.0391006074955854,0.5187365533873034,0.4891403320535609
15,0.5,54,2,1000.0,-1.13760122255691,0.4558246474487023,0.4673622128291519,0.9088974172087104,0.9175459428960354
15,0.5,54,3,1000.0,-1.13760122255691,0.6940653539330254,0.718303695899154,0.8113889664368911,0.8370954824636917
15,0.5,55,1,0.01,-1.1068432449108756,0.4697914321068205,0.1237543469856478,0.9215401000502076,0.3291167781854892
15,0.5,55,2,0.01,-1.1068432449108756,0.3524628458562818,0.0704537428741319,0.6832925538760235,0.3667557496596489
15,0.5,55,3,0.01,-1.1068432449108756,0.6337061602456584,0.3857244745301804,0.938510012916706,0.5229373488895401
15,0.5,56,1,0.1,-1.1761515088856886,0.1057012637460373,0.0889258998252587,0.7624892156838773,0.7470453952555521
15,0.5,56,2,0.1,-1.1761515088856886,0.4346071940565889,0.5028939347523046,0.8349554892672288,0.8598971119581506
15,0.5,56,3,0.1,-1.1761515088856886,0.6510702873013805,0.817808807419981,0.8565323708354365,0.9330350455825936
15,0.5,57,1,0.1,-1.1408177132265285,0.0539948744130209,0.1835571172963619,0.068950389135258,0.2647082549341926
15,0.5,57,2,0.1,-1.1408177132265285,0.5660028225645619,0.6740525550948653,0.9788137387994406,0.8550852668610628
15,0.5,57,3,0.1,-1.1408177132265285,0.647345096093124,0.6984583891942941,0.7484478269218382,0.6795661226084646
15,0.5,58,1,0.01,-1.0759820731914886,0.7924237068510064,0.4033288767900547,0.653148446638715,0.4718247173924783
15,0.5,58,2,0.01,-1.0759820731914886,0.7309406905611189,0.4152774651472965,0.9398332679149348,0.5647089668264906
15,0.5,58,3,0.01,-1.0759820731914886,0.6945805691231585,0.484920732160631,0.6941653014746026,0.5959790718406451
15,0.5,59,1,1000.0,-1.1273920901765184,0.2776760012165649,0.3149095703073205,0.7278180653863793,0.7634165137832014
15,0.5,59,2,1000.0,-1.1273920901765184,0.4070716387832855,0.4444501334263868,0.8757667315174873,0.8915818241270324
15,0.5,59,3,1000.0,-1.1273920901765184,0.6463203207704676,0.6458645281397333,0.763238985810578,0.7650702299489115
15,0.5,60,1,1000.0,-1.1902052635515206,0.0728304343333116,0.1005945965886102,0.9176963102298964,0.9309113321077992
15,0.5,60,2,1000.0,-1.1902052635515206,0.5227712821491796,0.5809197566742001,0.7049308679932977,0.7713225953824467
15,0.5,60,3,1000.0,-1.1902052635515206,0.6361544349943857,0.6356222294083186,0.8183756880933989,0.8212679048544683
15,0.5,61,1,10.0,-1.1875727908135665,0.086112410943139,0.079386692443492,0.4592990537105196,0.451498911788078
15,0.5,61,2,10.0,-1.1875727908135665,0.4475272130341952,0.4642634419194685,0.7366792923723563,0.7286491660669342
15,0.5,61,3,10.0,-1.1875727908135665,0.7331061857220703,0.7413477409680819,0.9186323925839188,0.927170605211904
15,0.5,62,1,1.0,-1.0807315544516385,0.1572154083295208,0.1999139203355627,0.7434788707695249,0.7327471549083704
15,0.5,62,2,1.0,-1.0807315544516385,0.4676999514518465,0.531396558504849,0.7717827299503899,0.8138925396206067
15,0.5,62,3,1.0,-1.0807315544516385,0.7257435567384286,0.7773168444126988,0.9077912865728046,0.928198450165071
15,0.5,63,1,1.0,-1.144862661364882,0.0695596503680607,0.0698847847984454,0.6268484536319168,0.620248166902844
15,0.5,63,2,1.0,-1.144862661364882,0.303353696363023,0.3199063575225444,0.8475533185838018,0.8590894184102651
15,0.5,63,3,1.0,-1.144862661364882,0.6717419382866052,0.700636040004106,0.6573798194796626,0.6763583025111117
15,0.5,64,1,1000.0,-1.19808477743281,0.1435273120823819,0.1518761259177526,0.8628915487918173,0.8664449212882844
15,0.5,64,2,1000.0,-1.19808477743281,0.5697068064104526,0.5858928826110106,0.877124410916186,0.8908490649141946
15,0.5,64,3,1000.0,-1.19808477743281,0.6551971529628454,0.6793066963281805,0.8165744935832158,0.8631582417679856
15,0.5,65,1,100.0,-1.1643169655939687,0.2356774671727483,0.1457632717971284,0.8597611635235828,0.7418565855789396
15,0.5,65,2,100.0,-1.1643169655939687,0.4292539931685898,0.4588690310055039,0.8168595007854358,0.833723275277001
15,0.5,65,3,100.0,-1.1643169655939687,0.6637965151780537,0.6715049024607708,0.6592551109681416,0.6640759996731865
15,0.5,66,1,0.01,-1.0713375077360778,0.0713932481451469,0.1173972474716245,0.8612498853421844,0.0865610183098084
15,0.5,66,2,0.01,-1.0713375077360778,0.4436617240360364,0.1192482638027268,0.6997274171924193,0.0973382770176057
15,0.5,66,3,0.01,-1.0713375077360778,0.6617627853675317,0.2114812280713447,0.712963820590706,0.5204544861954662
15,0.5,67,1,1.0,-1.1153578653539755,0.2834739723729334,0.3546334013536815,0.183920723193492,0.24108364018558
15,0.5,67,2,1.0,-1.1153578653539755,0.568831032137812,0.5959923770869839,0.8243807987742859,0.823826445558461
15,0.5,67,3,1.0,-1.1153578653539755,0.6587776296025126,0.6507354616072035,0.8950728768118298,0.8783775982540453
15,0.5,68,1,1.0,-1.1303390513109723,0.1439151573645814,0.3545100623555904,0.4852260794814786,0.8008173265480257
15,0.5,68,2,1.0,-1.1303390513109723,0.4482289845917497,0.4836893344270833,0.8299367837337411,0.852461694858902
15,0.5,68,3,1.0,-1.1303390513109723,0.670722711658283,0.6724329649562623,0.8630128202885907,0.867593222076165
15,0.5,69,1,0.001,-1.1010148961759418,0.4262644339783336,0.0058209510798877,0.6537666091696483,0.0958110214208024
15,0.5,69,2,0.001,-1.1010148961759418,0.5344545755610387,0.0218163048594942,0.7628461060667899,0.108910843163927
15,0.5,69,3,0.001,-1.1010148961759418,0.4534503703791993,0.0300184255889906,0.9262476217665476,0.2523364252245187
15,0.5,70,1,0.1,-1.1381571382700444,0.5416395708693631,0.6909090989798958,0.9420896197806248,0.9531290824145098
15,0.5,70,2,0.1,-1.1381571382700444,0.5689836264865901,0.7792922230221211,0.84077257289748,0.940912673917268
15,0.5,70,3,0.1,-1.1381571382700444,0.6574937220532768,0.8000449900312603,0.8517931836225765,0.67740662397759
15,0.5,71,1,0.1,-1.098316852292338,0.3903933554175234,0.7982623921275221,0.8213464472598103,0.9259119106136467
15,0.5,71,2,0.1,-1.098316852292338,0.6204941022094725,0.6742766014099982,0.8746863267432983,0.7364316741695736
15,0.5,71,3,0.1,-1.098316852292338,0.650060833756609,0.6159819791365829,0.8637034184179514,0.8581298180379404
15,0.5,72,1,1.0,-1.1174998148351505,0.154021789682736,0.2604284001725889,0.584394263029503,0.6534659863592472
15,0.5,72,2,1.0,-1.1174998148351505,0.4445900250231803,0.4250999107914615,0.7258653252171687,0.7096145774276599
15,0.5,72,3,1.0,-1.1174998148351505,0.6956949485608711,0.6967869898348568,0.8510547224043804,0.8545299343403708
15,0.5,73,1,1.0,-1.1231237216964016,0.1870467875863397,0.232151615246806,0.7827551419185789,0.8164733338028509
15,0.5,73,2,1.0,-1.1231237216964016,0.3787535566526083,0.4092813981395601,0.8388666774746202,0.8587744208528285
15,0.5,73,3,1.0,-1.1231237216964016,0.662529775895141,0.6598638245178817,0.8739055117807982,0.8753759965637015
15,0.5,74,1,0.1,-1.1793387363814438,0.2431715183237797,0.5778545462214422,0.7792249496157968,0.8860223777108809
15,0.5,74,2,0.1,-1.1793387363814438,0.6266825842529988,0.7832688399354013,0.8897004039910392,0.9064708404329972
15,0.5,74,3,0.1,-1.1793387363814438,0.8642436561561255,0.8674571364044734,0.9433776296473508,0.9491892835520788
15,0.5,75,1,0.001,-1.1848718257545092,0.0319244845896444,0.0033897185910334,0.3831907128111502,0.2606844932067029
15,0.5,75,2,0.001,-1.1848718257545092,0.2301145683234566,0.0295240368324331,0.9115465154392212,0.4189826680777758
15,0.5,75,3,0.001,-1.1848718257545092,0.2485924017475392,0.0332016400836779,0.8555050551586733,0.3155879737828
15,0.5,76,1,0.1,-1.141966490181142,0.1159200364356721,0.3947545774572241,0.4373268837365421,0.2219532763661009
15,0.5,76,2,0.1,-1.141966490181142,0.2332384920147152,0.2764596354426337,0.7091964749266599,0.5726572882304628
15,0.5,76,3,0.1,-1.141966490181142,0.655923126757124,0.7455335410114695,0.8681203756103401,0.7710303821530275
15,0.5,77,1,0.01,-1.0840767119622738,0.5595955470373163,0.4400004404168789,0.4591892439666827,0.0911942886665338
15,0.5,77,2,0.01,-1.0840767119622738,0.4104846859797116,0.2980055983994476,0.5114837513784607,0.1383398540801002
15,0.5,77,3,0.01,-1.0840767119622738,0.5744787013908877,0.2811170615891312,0.6610869924762589,0.2975780387847607
15,0.5,78,1,0.1,-1.2653078559288928,0.056203672467281,0.0682177267704386,0.4978030027872005,0.3964736032154775
15,0.5,78,2,0.1,-1.2653078559288928,0.4822817149234311,0.4913393291668787,0.917005199895622,0.8826794857525277
15,0.5,78,3,0.1,-1.2653078559288928,0.6723800812892987,0.8668974389918955,0.7387602350893933,0.9209981524268116
15,0.5,79,1,0.001,-1.169558979695728,0.0311697368079418,0.0054037469458396,0.2702518724455255,3.4885728690294e-06
15,0.5,79,2,0.001,-1.169558979695728,0.3681531174281125,0.0267047979375259,0.7254317331526771,0.2205461346966082
15,0.5,79,3,0.001,-1.169558979695728,0.399218439318237,0.0604625260188423,0.8322266147167875,0.3703161062141176
15,0.5,80,1,0.1,-1.1289578791363404,0.1333205495355338,0.2838341013478407,0.8337641321541878,0.825382226872175
15,0.5,80,2,0.1,-1.1289578791363404,0.4814674460484414,0.6961159836833345,0.7082448156146446,0.5138020459594612
15,0.5,80,3,0.1,-1.1289578791363404,0.7008449261578488,0.7092282138474703,0.8809439656532435,0.9354651770710544
15,0.5,81,1,0.0001,-1.254596581396921,0.0231683390184668,2.5979612165235105e-05,0.6128746383494016,0.0003761511275669
15,0.5,81,2,0.0001,-1.254596581396921,0.0509493757791025,0.0035018851750223,0.7830905352574936,0.1595530271735002
15,0.5,81,3,0.0001,-1.254596581396921,0.0703980524952481,0.0036230340131201,0.6729441388138385,0.2258957406633203
15,0.5,82,1,1.0,-1.1938789774513967,0.0315626420413936,0.064159345843381,0.223011352017997,0.4481231869332406
15,0.5,82,2,1.0,-1.1938789774513967,0.2195681954460005,0.2237485962217815,0.6112576777139412,0.5714953229940551
15,0.5,82,3,1.0,-1.1938789774513967,0.6177061077251809,0.6085951976756198,0.8399051905282513,0.856187003109182
15,0.5,83,1,0.1,-1.0852770742647593,0.6253886715402501,0.7183282145557981,0.8825939456248371,0.9470656320191492
15,0.5,83,2,0.1,-1.0852770742647593,0.5136398235721691,0.7693158262567452,0.5775864558760713,0.699986843431553
15,0.5,83,3,0.1,-1.0852770742647593,0.6652774946772557,0.7261194389246448,0.9466337072346618,0.8358035109475549
15,0.5,84,1,1000.0,-1.0694237039684302,0.2730149222413904,0.3002390097986868,0.6558374179612464,0.6794118563035173
15,0.5,84,2,1000.0,-1.0694237039684302,0.3656687162900892,0.4049024114510944,0.811775757788425,0.8304906633384169
15,0.5,84,3,1000.0,-1.0694237039684302,0.6580948772925689,0.6599023817580791,0.6936225314961666,0.6957492028363546
15,0.5,85,1,1000.0,-1.1913077042954805,0.2876582250174344,0.2744752411469684,0.7819199673970396,0.4994741378624782
15,0.5,85,2,1000.0,-1.1913077042954805,0.4644477229972861,0.4984569434075255,0.8453383555169444,0.8615417733809381
15,0.5,85,3,1000.0,-1.1913077042954805,0.6460216620522534,0.6455031546764687,0.7905394117713618,0.7704902122038996
15,0.5,86,1,0.01,-1.170158859245963,0.0905412178300166,0.1039600643900281,0.0044803882469494,0.0746944666820635
15,0.5,86,2,0.01,-1.170158859245963,0.4557192687558768,0.17062792066477,0.7437196315807564,0.2004695822771393
15,0.5,86,3,0.01,-1.170158859245963,0.618004616549996,0.2262183823918737,0.918333621904714,0.4234306753510821
15,0.5,87,1,1000.0,-1.2046425051863487,0.0062335631544965,0.0051619678483745,0.0466153827751345,0.0559215795096971
15,0.5,87,2,1000.0,-1.2046425051863487,0.3220274979211792,0.3218097863111578,0.8351229972933227,0.8345336398967084
15,0.5,87,3,1000.0,-1.2046425051863487,0.6500405881364916,0.6489348426559944,0.867487162124195,0.8743823694904714
15,0.5,88,1,1000.0,-1.113500622672846,0.0987600483111677,0.0939278785941808,0.2897448338690568,0.2812134140339712
15,0.5,88,2,1000.0,-1.113500622672846,0.3379400125885654,0.3919301217709464,0.8336975869512006,0.8634822403015298
15,0.5,88,3,1000.0,-1.113500622672846,0.6380266628870326,0.6366393021418135,0.7842908513487942,0.7843697103951942
15,0.5,89,1,10.0,-1.197541831008653,0.2232985823908807,0.2596092107769431,0.5326532137204032,0.5759939907633315
15,0.5,89,2,10.0,-1.197541831008653,0.2122171438294887,0.2180944580906076,0.7435626794302711,0.7427802993484934
15,0.5,89,3,10.0,-1.197541831008653,0.6263666168517136,0.6241235917827778,0.7432757635153261,0.7384799851878382
15,0.5,90,1,0.1,-1.145409008948548,0.1943292251936861,0.0024029054343588,0.5334371339898488,0.0748716444202645
15,0.5,90,2,0.1,-1.145409008948548,0.2176725239792595,0.3808187097830686,0.592249896360721,0.5503948768336406
15,0.5,90,3,0.1,-1.145409008948548,0.7207711062631498,0.7096270346643708,0.9324700517126724,0.689790464745529
15,0.5,91,1,0.01,-1.2165467983799294,0.0379017023115687,0.1755176792038367,0.1070810515665222,9.16325651872474e-05
15,0.5,91,2,0.01,-1.2165467983799294,0.6361775778529565,0.2646772544015799,0.8211877969852456,0.2714200805048749
15,0.5,91,3,0.01,-1.2165467983799294,0.6510587149317392,0.281416837767633,0.8430215733582577,0.4599633975710548
15,0.5,92,1,0.01,-1.2298099686664936,0.871210843597806,0.3061256416348423,0.8671405007963457,0.1470029842005418
15,0.5,92,2,0.01,-1.2298099686664936,0.8464480535765545,0.2991755213462507,0.9453879646430569,0.5290766674599094
15,0.5,92,3,0.01,-1.2298099686664936,0.6541397563612712,0.3044027300059763,0.9527795501297428,0.5767171385279711
15,0.5,93,1,0.01,-1.2457546916776183,0.4457187334054042,0.2115273657695145,0.2836369666054424,0.0707335717591246
15,0.5,93,2,0.01,-1.2457546916776183,0.593225040714905,0.1556693519513919,0.9003555567519993,0.2177936142320653
15,0.5,93,3,0.01,-1.2457546916776183,0.586998527766066,0.1447284860744267,0.859161754469314,0.4415709276441047
15,0.5,94,1,0.001,-1.150264614112816,0.570407276203847,0.0005544427794421,0.6476028849640294,0.0148464258634568
15,0.5,94,2,0.001,-1.150264614112816,0.4302047303332558,0.0287858062527867,0.8234319858915289,0.3074045396583484
15,0.5,94,3,0.001,-1.150264614112816,0.4393067255894591,0.0357459174273994,0.8165049979728735,0.3870497446584182
15,0.5,95,1,0.001,-1.1690726175272872,0.0640372875342767,0.0144974759478781,0.643475989352482,0.0334758001843658
15,0.5,95,2,0.001,-1.1690726175272872,0.2807180379706121,0.0085983484163643,0.8896051291340603,0.3858700681027609
15,0.5,95,3,0.001,-1.1690726175272872,0.3830399978644596,0.0239651846562247,0.9148785978984962,0.4173206106950571
15,0.5,96,1,0.01,-1.035874372865924,0.1082468278460078,0.1790436528814054,0.6433371636074715,0.4035038056478272
15,0.5,96,2,0.01,-1.035874372865924,0.4484458327993261,0.4264166113291761,0.6390190225668785,0.2954738927907552
15,0.5,96,3,0.01,-1.035874372865924,0.6266314103340782,0.4197566965885679,0.7480274365758625,0.6093383673464973
15,0.5,97,1,0.1,-1.187140222588357,0.0564189264622441,0.2467170781344501,0.4636327974110987,0.0365752494717823
15,0.5,97,2,0.1,-1.187140222588357,0.1052543568306674,0.2701241244707893,0.5962765365620347,0.1012323713530315
15,0.5,97,3,0.1,-1.187140222588357,0.5752769242748953,0.5527024005995563,0.8682872881203815,0.6843965223823281
15,0.5,98,1,1.0,-1.2128631951057838,0.0294286740079155,0.0530122089087277,0.0022830413205013,0.0226940777795829
15,0.5,98,2,1.0,-1.2128631951057838,0.3460485233152107,0.3832978991294051,0.852772905446592,0.8765025281912895
15,0.5,98,3,1.0,-1.2128631951057838,0.6850294016579417,0.7620378431997987,0.7783195248679541,0.8575423679647055
15,0.5,99,1,1000.0,-1.1827169042255037,0.0672475186343369,0.0706884413459462,0.8188598111496183,0.8803184537835287
15,0.5,99,2,1000.0,-1.1827169042255037,0.4084427937677831,0.4127880161971298,0.6677382683881843,0.6658317828891761
15,0.5,99,3,1000.0,-1.1827169042255037,0.6369927960945123,0.6361334036680656,0.7159286748565555,0.7158273296099623
15,0.5,100,1,0.0001,-1.0824393694763554,0.0162414956090482,0.0001880240342616,0.7226759917433944,0.0473760180627886
15,0.5,100,2,0.0001,-1.0824393694763554,0.0324397575529102,0.0002100455339779,0.7448699720833107,0.3285369937081329
15,0.5,100,3,0.0001,-1.0824393694763554,0.0637995724972737,0.000454770903081,0.5868029743350925,0.2752645457520858
15,0.5,101,1,1000.0,-1.1842395922504825,0.0575350078351726,0.1508139897935795,0.7003698688625625,0.8599178940223994
15,0.5,101,2,1000.0,-1.1842395922504825,0.5341736300631255,0.5547877232483747,0.6979378565049449,0.7177404330206612
15,0.5,101,3,1000.0,-1.1842395922504825,0.6294101905652428,0.6287067412145774,0.8741218436248132,0.872442013859185
15,0.5,102,1,100.0,-1.0746008873000388,0.1271734171753022,0.0777161029130421,0.0387192987626367,0.3967891273177591
15,0.5,102,2,100.0,-1.0746008873000388,0.4580101483209906,0.493167076000884,0.7448906641400561,0.7737828072675356
15,0.5,102,3,100.0,-1.0746008873000388,0.63188766255793,0.6340132221018641,0.6884113995062253,0.7003623828503787
15,0.5,103,1,1.0,-1.200493300092515,0.1259932831538169,0.1472072154233585,0.7971143198103343,0.7942952057607817
15,0.5,103,2,1.0,-1.200493300092515,0.3831600505705801,0.4107140653569466,0.8179677177114333,0.8355844998794804
15,0.5,103,3,1.0,-1.200493300092515,0.6438220218085585,0.6439723445670866,0.6997994896939878,0.7072240674961501
15,0.5,104,1,0.1,-1.1980447198401598,0.0873147561306572,0.2543050933424503,0.3536237237296195,0.8502531412890361
15,0.5,104,2,0.1,-1.1980447198401598,0.488410544701849,0.5473418780487018,0.6522881334182589,0.5531096871105702
15,0.5,104,3,0.1,-1.1980447198401598,0.6393510010594546,0.6454586103926984,0.9903406472186512,0.968425069683498
15,0.5,105,1,10.0,-1.1285794325386198,0.0493513100361202,0.0704233554263336,0.4912749480171961,0.54328908650165
15,0.5,105,2,10.0,-1.1285794325386198,0.3419602482601553,0.3592053043297166,0.8800945808233397,0.8887100650200335
15,0.5,105,3,10.0,-1.1285794325386198,0.6565090190507973,0.6537670383532658,0.7472634861747505,0.745489164560812
15,0.5,106,1,0.1,-1.170114647897818,0.0110013145023987,0.2929105426137605,0.3728768156167507,0.0261379227363044
15,0.5,106,2,0.1,-1.170114647897818,0.359731729816014,0.4894199451362218,0.7323873718341048,0.5436114032625045
15,0.5,106,3,0.1,-1.170114647897818,0.7602413339828596,0.793371398228757,0.94481462888754,0.964874248618932
15,0.5,107,1,1000.0,-1.1042530661433136,0.0824683655366086,0.0897048054276818,0.7053769172067333,0.7210727100280827
15,0.5,107,2,1000.0,-1.1042530661433136,0.4907393036300888,0.496787491549582,0.8143503459880066,0.8192040727958874
15,0.5,107,3,1000.0,-1.1042530661433136,0.6378743245554487,0.6340917124435771,0.8590521683227302,0.8565336973708267
15,0.5,108,1,1.0,-1.185006280601749,0.0898602660665506,0.0783660206399751,0.429620342014289,0.3929427837421307
15,0.5,108,2,1.0,-1.185006280601749,0.4529028525694038,0.4540897137465329,0.7826131259539151,0.7787355027468547
15,0.5,108,3,1.0,-1.185006280601749,0.6737919159208275,0.6721429232919798,0.8553984097987679,0.8547918417328743
15,0.5,109,1,0.001,-1.0720827695860322,0.2479418060515821,0.0010297868260852,0.6321146997094595,0.3369716118762857
15,0.5,109,2,0.001,-1.0720827695860322,0.2869989339833076,0.0168957506030167,0.7286113571143409,0.2266967739355042
15,0.5,109,3,0.001,-1.0720827695860322,0.4248397544570823,0.0355846480227531,0.8472160546431837,0.4067170423792428
15,0.5,110,1,0.01,-1.1779843344152294,0.2903489236678112,0.1844726543646964,0.1875542774977155,0.1435377006904969
15,0.5,110,2,0.01,-1.1779843344152294,0.5512011087851528,0.2261616216410925,0.9123323272260052,0.1994431732186865
15,0.5,110,3,0.01,-1.1779843344152294,0.7087464033434063,0.2033029901253109,0.7402727219896246,0.3533614147447376
15,0.5,111,1,0.1,-1.2139392915958065,0.0145146211346624,0.0009822300770574,0.958600838992874,0.9429946258000602
15,0.5,111,2,0.1,-1.2139392915958065,0.4960337744082401,0.6620290506630806,0.9418960011008142,0.7962115436608568
15,0.5,111,3,0.1,-1.2139392915958065,0.6348135165666796,0.7308097476785856,0.7674343593156313,0.8658528823428266
15,0.5,112,1,1000.0,-1.1557828820961027,0.2895774868980862,0.3456418825905145,0.8160310226224803,0.8529437606997545
15,0.5,112,2,1000.0,-1.1557828820961027,0.3774714703877809,0.410190908195673,0.8733761250097893,0.8913772039231194
15,0.5,112,3,1000.0,-1.1557828820961027,0.6728825940777742,0.6769994330740086,0.8729217410653148,0.8789431104577634
15,0.5,113,1,0.01,-1.143093702398941,0.3454367711590381,0.0171614283453941,0.4351595173128687,0.0157674916557319
15,0.5,113,2,0.01,-1.143093702398941,0.5656230699558038,0.1933267485201189,0.8110817047133713,0.3758599341058772
15,0.5,113,3,0.01,-1.143093702398941,0.7237290779451585,0.2011760900766591,0.9692406155126948,0.4269409659486307
15,0.5,114,1,0.01,-1.0700433977682842,0.3690980590661529,0.4479555884338413,0.9438414393655542,0.4904220467868999
15,0.5,114,2,0.01,-1.0700433977682842,0.6134236408484988,0.3299967005385125,0.8653249128957543,0.4402228283043665
15,0.5,114,3,0.01,-1.0700433977682842,0.6996393488234419,0.3264147975479913,0.9531568137270932,0.4423527899374762
15,0.5,115,1,1000.0,-1.1376645401239462,0.4218013467129309,0.4785588441232694,0.8357883570740672,0.8261848052507967
15,0.5,115,2,1000.0,-1.1376645401239462,0.3375196852476923,0.3673585798892937,0.881384739118774,0.89717414246718
15,0.5,115,3,1000.0,-1.1376645401239462,0.6345119480427259,0.6342820703836856,0.8508075275336244,0.8522709484614998
15,0.5,116,1,0.1,-1.1806323842847883,0.2224266694974528,0.7601598344354109,0.6885139815819642,0.7686443322354903
15,0.5,116,2,0.1,-1.1806323842847883,0.3848617656952973,0.4563448749644654,0.8481636581670927,0.4921923165435928
15,0.5,116,3,0.1,-1.1806323842847883,0.7231171768903817,0.7774318903793104,0.8962351601902983,0.9442623175783
15,0.5,117,1,0.01,-1.128519481210107,0.3694372940502434,0.1706210146613981,0.6661558237306515,0.0011611517837219
15,0.5,117,2,0.01,-1.128519481210107,0.5171872651617753,0.256826737417423,0.919951301421822,0.2894871432482203
15,0.5,117,3,0.01,-1.128519481210107,0.7102003531391493,0.4677409006860424,0.9153158123451312,0.4852236173928645
15,0.5,118,1,0.0001,-1.1533245332934787,0.1300931573256928,4.557941533870914e-05,0.8417567267253138,0.0094436810442886
15,0.5,118,2,0.0001,-1.1533245332934787,0.0898817701423972,0.0003661202043334,0.5398747193403668,0.0755862526902812
15,0.5,118,3,0.0001,-1.1533245332934787,0.0756623755025067,0.0005672664348722,0.8081716245671423,0.1800394390828716
15,0.5,119,1,1000.0,-1.142200727639561,0.0785017185306431,0.1275013543084805,0.5236818924521973,0.5968172595082024
15,0.5,119,2,1000.0,-1.142200727639561,0.4042990179862374,0.4274210204922457,0.7530928352114004,0.7655818081640289
15,0.5,119,3,1000.0,-1.142200727639561,0.6420712451978227,0.6394787191345425,0.7708402373173094,0.7675405113979371
15,0.5,120,1,1000.0,-1.157457147070316,0.1081320356760372,0.1292062194425152,0.4297234319362805,0.4720159739668846
15,0.5,120,2,1000.0,-1.157457147070316,0.501191644011166,0.508260684348995,0.6811422734999083,0.6888999959607129
15,0.5,120,3,1000.0,-1.157457147070316,0.7029941537205375,0.7057228161633807,0.7930986979214074,0.7966739711827824
15,0.5,121,1,1.0,-1.174762149980964,0.0682574129642199,0.140188045084212,0.0596781878924283,0.4241021344416158
15,0.5,121,2,1.0,-1.174762149980964,0.4347675897317035,0.4614434502659018,0.8539102662304858,0.8610394247615808
15,0.5,121,3,1.0,-1.174762149980964,0.6408184026401823,0.6344962129179631,0.7490604883235769,0.7702340469986081
15,0.5,122,1,0.01,-1.1363707870379731,0.4111407968151975,0.3627090527293955,0.8746049262524612,0.2240096283417397
15,0.5,122,2,0.01,-1.1363707870379731,0.6047755152936902,0.3218351217791103,0.8750132960729675,0.2806845341686906
15,0.5,122,3,0.01,-1.1363707870379731,0.7932503603468932,0.3192874538064882,0.966475805512844,0.4756463408256512
15,0.5,123,1,1000.0,-1.1155492960869655,5.795852612931385e-05,0.0320779430120445,0.0016823779133473,0.048488523799371
15,0.5,123,2,1000.0,-1.1155492960869655,0.3422696853878508,0.3695348988541012,0.7201710170752235,0.7210109751038805
15,0.5,123,3,1000.0,-1.1155492960869655,0.6157012086427348,0.6138761544134556,0.9425819690006932,0.9421734648699128
15,0.5,124,1,0.1,-1.1622206574294796,0.5372961632992354,0.7138521139402717,0.7427291607864288,0.8983771130279742
15,0.5,124,2,0.1,-1.1622206574294796,0.7358527134590805,0.8225182493109641,0.9500038267581804,0.9195528786862066
15,0.5,124,3,0.1,-1.1622206574294796,0.6904465122997427,0.788918789328578,0.9555993025148878,0.8842130222901238
15,0.5,125,1,0.01,-1.148443062029542,0.1022509113241668,0.1830199824289127,0.1810959625511653,0.0244348629371027
15,0.5,125,2,0.01,-1.148443062029542,0.6223013597858673,0.2239886928286592,0.792511128659215,0.3699570423011413
15,0.5,125,3,0.01,-1.148443062029542,0.6047508007867296,0.2488113230829255,0.6641428073323975,0.4793470537036863
15,0.5,126,1,1000.0,-1.1210642731869318,0.0227919593348041,0.0214348061311981,0.8446948939672596,0.886568006702342
15,0.5,126,2,1000.0,-1.1210642731869318,0.4183923291226029,0.426836450709371,0.8458172524466204,0.8589223334042004
15,0.5,126,3,1000.0,-1.1210642731869318,0.6752531608919781,0.6774461308136536,0.8491899229569144,0.8520340537728573
15,0.5,127,1,0.1,-1.1190346859618263,0.150869708436092,0.0139233443726034,0.2952434583757344,0.9824763358227776
15,0.5,127,2,0.1,-1.1190346859618263,0.6031958020442256,0.6654318742358258,0.9183806479510764,0.9343151780300828
15,0.5,127,3,0.1,-1.1190346859618263,0.6881035009993149,0.7327853182305651,0.7957071608226393,0.849088179206479
15,0.5,128,1,10.0,-1.1696784089937793,0.0024875313432376,0.0003382230890907,0.0535510249205978,0.1173447498319438
15,0.5,128,2,10.0,-1.1696784089937793,0.2942716409553407,0.3243390969734386,0.7139649069915652,0.7311662679009054
15,0.5,128,3,10.0,-1.1696784089937793,0.6447773385785796,0.6444822347572015,0.7041993809794845,0.7045127795907745
15,0.5,129,1,0.01,-1.0868079129180153,0.4377029823935043,0.0087952093965456,0.8340710994651677,0.0352737434738474
15,0.5,129,2,0.01,-1.0868079129180153,0.3523236442851111,0.3946711679522634,0.7896851570343313,0.3872219005310391
15,0.5,129,3,0.01,-1.0868079129180153,0.5334444922577659,0.4241173354400269,0.9590051351389556,0.5704797910562919
15,0.5,130,1,10.0,-1.1859575896290837,0.0047758926286609,0.0056126431394482,0.0861174218964924,0.2485523954110879
15,0.5,130,2,10.0,-1.1859575896290837,0.4455086914568316,0.4678843058690341,0.9428525164953344,0.9465004360424726
15,0.5,130,3,10.0,-1.1859575896290837,0.6648185549148972,0.6745560313395456,0.7910421832474012,0.8097735798103242
15,0.5,131,1,1000.0,-1.19765550687553,0.1433711028856133,0.1621506274776372,0.3942594320939639,0.4138772397182302
15,0.5,131,2,1000.0,-1.19765550687553,0.5403364268065093,0.5614264353356443,0.8023969768158861,0.8243947796397307
15,0.5,131,3,1000.0,-1.19765550687553,0.7022734450261474,0.7079914097016645,0.8782003179812081,0.8851260669075603
15,0.5,132,1,1.0,-1.1099383797498392,5.289771411570017e-05,0.0169158617260632,0.0051903283402305,0.0740502269079682
15,0.5,132,2,1.0,-1.1099383797498392,0.4807035932840775,0.4452541762113491,0.8696294641390548,0.8608935900871486
15,0.5,132,3,1.0,-1.1099383797498392,0.6378671851548272,0.6359615798106201,0.7312031524880362,0.7303734078203904
15,0.5,133,1,1.0,-1.1660573702394272,0.0750488117973883,0.0570243049723175,0.365663799483229,0.2599239846336978
15,0.5,133,2,1.0,-1.1660573702394272,0.4944433393850433,0.4914034487589785,0.7283018661799667,0.7266032804029645
15,0.5,133,3,1.0,-1.1660573702394272,0.6840781944799966,0.686085653326222,0.9062431297135246,0.911461307117917
15,0.5,134,1,0.001,-1.1221433184593876,0.0789580876279243,0.002490481594347,0.4967071681224258,0.0195094566982875
15,0.5,134,2,0.001,-1.1221433184593876,0.1483204038973997,0.0223146280812146,0.5886853628646287,0.1266584121986535
15,0.5,134,3,0.001,-1.1221433184593876,0.255102743689902,0.0419940562141316,0.6750608160880142,0.2760628248389653
15,0.5,135,1,0.1,-1.057158097829578,0.0540598314947418,0.283188613209019,0.8564782006568464,0.8628904574738081
15,0.5,135,2,0.1,-1.057158097829578,0.496101503365998,0.7511428709202834,0.6866543168520794,0.5939143635439896
15,0.5,135,3,0.1,-1.057158097829578,0.756366643343103,0.6529389722579818,0.9448767384449196,0.717839391957518
15,0.5,136,1,1.0,-1.089581284549962,0.1377306096071321,0.1401126044531102,0.6692727545638759,0.6504365633702782
15,0.5,136,2,1.0,-1.089581284549962,0.4361742248634479,0.4693897157393356,0.7656500931434089,0.7922818942723975
15,0.5,136,3,1.0,-1.089581284549962,0.6536474684636846,0.6654358320132412,0.7636465993710506,0.7952121997687295
15,0.5,137,1,1000.0,-1.0799280971993468,0.0855063036105932,0.2860217977742572,0.204184127970453,0.8439651657106674
15,0.5,137,2,1000.0,-1.0799280971993468,0.3220437432197742,0.3451667396412485,0.7331885845495176,0.7295684580504231
15,0.5,137,3,1000.0,-1.0799280971993468,0.6412573935704051,0.6419092588958223,0.7710089846769153,0.7760009629566239
15,0.5,138,1,1.0,-1.078070515106056,0.002761285948596,0.0050313295698424,0.8279219367607187,0.8838363665629322
15,0.5,138,2,1.0,-1.078070515106056,0.5100630631578542,0.5516166548185929,0.704475711670353,0.7683416626904139
15,0.5,138,3,1.0,-1.078070515106056,0.7321114167172159,0.765867821945347,0.8965605911055033,0.9191237433188754
15,0.5,139,1,0.1,-1.0777516846422175,0.1678542055791691,0.6809514251329766,0.0482140390839621,0.8517690332696453
15,0.5,139,2,0.1,-1.0777516846422175,0.6075012517962605,0.6864968109276832,0.9408408175493616,0.9617993015920884
15,0.5,139,3,0.1,-1.0777516846422175,0.6312151346825018,0.7613357088229745,0.8984085942175546,0.6640253118992194
15,0.5,140,1,1000.0,-1.1914735174801263,0.0284813871105317,0.0846469989197611,0.1747590741862948,0.2788443782667437
15,0.5,140,2,1000.0,-1.1914735174801263,0.1970620539830264,0.2277273090730643,0.730813932511563,0.7543879466109582
15,0.5,140,3,1000.0,-1.1914735174801263,0.6443200105364032,0.6437423616792682,0.966830490105704,0.966802319959054
15,0.5,141,1,10.0,-1.2060466007945474,0.0547741881480628,0.0570281351114399,0.1602574542445419,0.1678367165762604
15,0.5,141,2,10.0,-1.2060466007945474,0.5097425379105632,0.5128409748012659,0.8036119643151438,0.8065541778880212
15,0.5,141,3,10.0,-1.2060466007945474,0.6451594696534725,0.6498942405556066,0.9005920493518821,0.9143324226585484
15,0.5,142,1,1000.0,-1.031354293147793,0.0465867616273737,0.0341545879204422,0.1131549876209056,0.0906741025107505
15,0.5,142,2,1000.0,-1.031354293147793,0.4372710244851099,0.4883203354866763,0.7988413611585464,0.8329232823999531
15,0.5,142,3,1000.0,-1.031354293147793,0.6439523624057425,0.6433690359506706,0.9530732956246544,0.9622008272268848
15,0.5,143,1,0.1,-1.2247551226097222,0.0046660106058843,0.5937345674061413,0.0172723855101421,0.6370548292587324
15,0.5,143,2,0.1,-1.2247551226097222,0.4922976543164903,0.4428944630063608,0.7926809248129916,0.6860919534057527
15,0.5,143,3,0.1,-1.2247551226097222,0.7125167323206582,0.7665352741704107,0.8528816369088966,0.8927067856080586
15,0.5,144,1,1000.0,-1.1869328290064418,0.0009924737468213,5.743690068713683e-05,0.0005541887955915,0.0053946474366924
15,0.5,144,2,1000.0,-1.1869328290064418,0.4534648628369197,0.4634945588055666,0.8502550717048385,0.8490853386514792
15,0.5,144,3,1000.0,-1.1869328290064418,0.6334507139128284,0.6328427656613876,0.7249344296506451,0.7289663888942938
15,0.5,145,1,0.001,-1.1976153313126376,0.0096647042978761,0.001571808408258,0.5405667992577768,0.0041196056797212
15,0.5,145,2,0.001,-1.1976153313126376,0.3331669759190412,0.0115159690677862,0.7890374582140351,0.1464478584109442
15,0.5,145,3,0.001,-1.1976153313126376,0.3267162276079928,0.0173974793907037,0.8803496429610167,0.3123763548739716
15,0.5,146,1,10.0,-1.1652173075341288,0.071359267963333,0.0653222759589643,0.0839331295930591,0.1316532470666274
15,0.5,146,2,10.0,-1.1652173075341288,0.3099099768740964,0.3424244464100163,0.663970542356224,0.6802579969216302
15,0.5,146,3,10.0,-1.1652173075341288,0.6468368683119523,0.6417070263062143,0.7379489381140184,0.7227273613196884
15,0.5,147,1,10.0,-1.0461319763229688,0.234890528985169,0.2685198799422983,0.6250401942844336,0.7362669697331742
15,0.5,147,2,10.0,-1.0461319763229688,0.4105479980228259,0.4303348274375472,0.7304331969824746,0.7421288967144681
15,0.5,147,3,10.0,-1.0461319763229688,0.6397340844058921,0.638445833438608,0.7312195863060978,0.7300704985137587
15,0.5,148,1,1000.0,-1.1925419210055117,0.0077722199192697,4.756753103249229e-05,0.1446723971102805,0.0902552812521
15,0.5,148,2,1000.0,-1.1925419210055117,0.4515897028915423,0.5135270976675692,0.7777515750450832,0.8145260019155747
15,0.5,148,3,1000.0,-1.1925419210055117,0.6507031926383019,0.6480858160747327,0.9589033212527484,0.9549691139220712
15,0.5,149,1,0.01,-1.183686508387963,0.5218718063409286,0.0278765828508357,0.7905449131861975,0.1575481838638533
15,0.5,149,2,0.01,-1.183686508387963,0.6049330138284008,0.1871524488421193,0.7318582612788378,0.2893908080586838
15,0.5,149,3,0.01,-1.183686508387963,0.672592678587645,0.3274376084108064,0.8816763658477781,0.327567386281637
15,0.5,150,1,0.01,-1.157605029995947,0.7032663896350098,0.3835705127077288,0.7657007992468634,0.6211472815671144
15,0.5,150,2,0.01,-1.157605029995947,0.7731850555890505,0.2263016274725701,0.9568680519342198,0.4309375552704687
15,0.5,150,3,0.01,-1.157605029995947,0.5738599006936089,0.3030600317572131,0.7527375728807678,0.5157180715483244
15,0.5,151,1,0.0001,-1.1543304852458318,0.0586548660373049,6.052119185266956e-05,0.6753118033419676,0.211945888616877
15,0.5,151,2,0.0001,-1.1543304852458318,0.0508442195649481,0.0017913565071681,0.650990348671011,0.2266062923235233
15,0.5,151,3,0.0001,-1.1543304852458318,0.105901020693023,0.0021729739831851,0.7119816628228856,0.3462634278286551
15,0.5,152,1,0.1,-1.080932994357333,0.5608739505176656,0.6917171130426076,0.6975548328249985,0.791109025387955
15,0.5,152,2,0.1,-1.080932994357333,0.6308170254121194,0.7599693579933058,0.962386402193698,0.8883568047308958
15,0.5,152,3,0.1,-1.080932994357333,0.721683931931957,0.745540973057157,0.9663609113169364,0.7910008364491304
15,0.5,153,1,0.1,-1.10906625976141,3.107694162022963e-05,0.0013583534542267,0.9498682197958545,0.9080917878137708
15,0.5,153,2,0.1,-1.10906625976141,0.5927920345733407,0.8870725479976449,0.8604315961171558,0.9387770536481262
15,0.5,153,3,0.1,-1.10906625976141,0.7370637911604301,0.8526632141990861,0.9454097702699692,0.9530249418701208
15,0.5,154,1,0.1,-1.1368290382564064,0.038960567667173,0.4121711847281702,0.6131434054481003,0.2266388975807425
15,0.5,154,2,0.1,-1.1368290382564064,0.4354521423990088,0.7317293660993872,0.4956251475123854,0.7171751607770803
15,0.5,154,3,0.1,-1.1368290382564064,0.6518704233124918,0.875631913338576,0.9565138608082222,0.8576203455607901
15,0.5,155,1,1000.0,-1.1340516049213138,0.14223204907451,0.1707502214511841,0.5327793367649157,0.5927786175336198
15,0.5,155,2,1000.0,-1.1340516049213138,0.3890203748290763,0.4153513711426395,0.6388530363923528,0.5936334650309649
15,0.5,155,3,1000.0,-1.1340516049213138,0.63072085022915,0.6291881485357265,0.9050682048559312,0.9106973163871273
15,0.5,156,1,0.001,-1.1308321861400157,0.1009444100527099,0.0032186059446681,0.1867139377805114,0.0112247879544502
15,0.5,156,2,0.001,-1.1308321861400157,0.163568532134569,0.0034871489721531,0.4393210524411797,0.3792921826937241
15,0.5,156,3,0.001,-1.1308321861400157,0.3212987559506021,0.0533487536132787,0.7692368596480823,0.4108907036605039
15,0.5,157,1,0.001,-1.1625645615661084,0.5241635952569815,0.0370922440513032,0.964084551276673,0.0347830983846046
15,0.5,157,2,0.001,-1.1625645615661084,0.4154191633357993,0.0315146829892023,0.9497723209155268,0.3968554358121732
15,0.5,157,3,0.001,-1.1625645615661084,0.3484101890091969,0.0915736319035912,0.7562166965967739,0.5787461503203482
15,0.5,158,1,10.0,-1.1385264848779493,0.2867424027126141,0.2868027157227873,0.77655121644558,0.7183066644163225
15,0.5,158,2,10.0,-1.1385264848779493,0.3715140195269456,0.3813628850327551,0.8397192882300101,0.8416661995566077
15,0.5,158,3,10.0,-1.1385264848779493,0.66717276592892,0.6803677452522687,0.8998599624017908,0.9052085284362992
15,0.5,159,1,1.0,-1.1979930909474932,0.1129793591971951,0.1795302107953489,0.5438435258713279,0.6271784134722045
15,0.5,159,2,1.0,-1.1979930909474932,0.3916863263118073,0.4477177249696933,0.8277589529976919,0.8821758758524841
15,0.5,159,3,1.0,-1.1979930909474932,0.7833052529485603,0.8089131477944677,0.9554732223143684,0.9638718791354564
15,0.5,160,1,1000.0,-1.2176293024235074,0.1990957846615818,0.1797061237736126,0.6306474573574741,0.6301126987555236
15,0.5,160,2,1000.0,-1.2176293024235074,0.4576843310730684,0.4885872777140952,0.7490932771908259,0.7676879188013089
15,0.5,160,3,1000.0,-1.2176293024235074,0.6496565141388677,0.6543969045964051,0.8807429665220647,0.8749435215480403
15,0.5,161,1,1000.0,-1.1157359084072254,0.0689741335349847,0.0960986709785361,0.0952161691834265,0.1043813683015169
15,0.5,161,2,1000.0,-1.1157359084072254,0.4947220053190023,0.5290959050645669,0.7399943139182908,0.7766633232752298
15,0.5,161,3,1000.0,-1.1157359084072254,0.728102219191452,0.735861380300801,0.8743052261288492,0.8819983821386814
15,0.5,162,1,1.0,-1.1237619713676723,0.5096082258034154,0.5521980819897692,0.8910975459013202,0.8704784903544804
15,0.5,162,2,1.0,-1.1237619713676723,0.5498398456466475,0.5398574664450814,0.9268538660511269,0.9335744232475608
15,0.5,162,3,1.0,-1.1237619713676723,0.6392774755979355,0.6328526731661196,0.6905181895741223,0.6781713475412423
15,0.5,163,1,1.0,-1.0617814435657382,0.0123791949962513,0.0442321970392901,0.1726984004836973,0.0072456756979641
15,0.5,163,2,1.0,-1.0617814435657382,0.5009582250075842,0.5261457500646511,0.8863729508370277,0.9052306637691434
15,0.5,163,3,1.0,-1.0617814435657382,0.6402256515045218,0.6371193232403162,0.6918876172976196,0.6954305262618897
15,0.5,164,1,0.001,-1.1155575634060677,0.3450145480674671,0.0001572846732168,0.8188326531895707,0.0554036124782791
15,0.5,164,2,0.001,-1.1155575634060677,0.1836298072704725,0.0133913452500375,0.6763929283400243,0.1016930268141336
15,0.5,164,3,0.001,-1.1155575634060677,0.4380290336718713,0.1008445759466924,0.791299876460867,0.3169165883829902
15,0.5,165,1,1.0,-1.1602218193843004,0.0359984809920623,0.0333404866788989,0.7487863774450461,0.7302037260174183
15,0.5,165,2,1.0,-1.1602218193843004,0.2793174927713923,0.3115064692674659,0.7680634888124205,0.7910540289269907
15,0.5,165,3,1.0,-1.1602218193843004,0.6457068712762277,0.6424728688726135,0.7753787064697489,0.7809570669468276
15,0.5,166,1,0.1,-1.212615249356871,0.1282026110190273,0.1960120709293719,0.4533825765803316,0.1659040930142005
15,0.5,166,2,0.1,-1.212615249356871,0.522307197652502,0.6222945978657513,0.9309921445465532,0.95181790042655
15,0.5,166,3,0.1,-1.212615249356871,0.7418805661347095,0.7176199663099831,0.8258651260907991,0.8109185527389838
15,0.5,167,1,0.1,-1.112326219052865,0.091195158839661,0.8207256228777363,0.1733931611589204,0.8759737246451379
15,0.5,167,2,0.1,-1.112326219052865,0.4583446621021179,0.7563782731413977,0.8251521616672524,0.519148389434313
15,0.5,167,3,0.1,-1.112326219052865,0.7614913001105736,0.7989736195696865,0.9684105421998288,0.9758238789039252
15,0.5,168,1,0.01,-1.2159736215289272,0.2090429996634589,0.2469492123351763,0.8760261145956003,0.3477287015399843
15,0.5,168,2,0.01,-1.2159736215289272,0.4933151599304772,0.3452862008455054,0.8533174004494057,0.3764246029273889
15,0.5,168,3,0.01,-1.2159736215289272,0.5801432993284107,0.3222439832493658,0.6542303144382544,0.5703968387898458
15,0.5,169,1,1.0,-1.14251016586364,0.0265527283413586,0.0244216548125278,0.2706153026758661,0.3144453679785747
15,0.5,169,2,1.0,-1.14251016586364,0.4094778518643936,0.4209547114901921,0.7723770140525521,0.7748825078690671
15,0.5,169,3,1.0,-1.14251016586364,0.6295118193355167,0.6248533167200684,0.8573524421984375,0.8498209922239438
15,0.5,170,1,1.0,-1.1326269628921533,0.3814476550031208,0.3770205067090422,0.6756652921736465,0.6247612735038821
15,0.5,170,2,1.0,-1.1326269628921533,0.6540066376929159,0.6697806637573643,0.8550762722125123,0.8599507282726208
15,0.5,170,3,1.0,-1.1326269628921533,0.6631198759145445,0.6659769332433289,0.9256630771174438,0.9311465415018628
15,0.5,171,1,1.0,-1.2168904830725504,0.1389678720559729,0.1359658823697276,0.8441237447747265,0.8288505080629693
15,0.5,171,2,1.0,-1.2168904830725504,0.4612068325339933,0.6794420290991623,0.8186859490901104,0.8800961639888201
15,0.5,171,3,1.0,-1.2168904830725504,0.6624916831371392,0.6608308373491986,0.8360326221226163,0.8380522795723017
15,0.5,172,1,0.001,-1.240673838666048,0.3790320643609122,0.0160628097239684,0.8625486372898794,0.158415064277329
15,0.5,172,2,0.001,-1.240673838666048,0.3346500912684413,0.0122690636966593,0.8949983296560979,0.255983291750858
15,0.5,172,3,0.001,-1.240673838666048,0.2447382293231978,0.024720603232444,0.7149555820097101,0.2869066271179353
15,0.5,173,1,0.001,-1.1598120052404703,0.000112143495697,0.0026674535523062,0.0552801411169392,0.0167562225751172
15,0.5,173,2,0.001,-1.1598120052404703,0.029564037492682,0.012221007285759,0.143684113055121,0.127522565047522
15,0.5,173,3,0.001,-1.1598120052404703,0.2780479475783496,0.033496320070833,0.5484675950907417,0.2001778257647851
15,0.5,174,1,0.0001,-1.1171147593441768,0.0832452814926334,0.0034754453688708,0.6746309124743849,0.1788628009036706
15,0.5,174,2,0.0001,-1.1171147593441768,0.0610562539821739,0.0018007957749109,0.4887268906138948,0.2469297798612633
15,0.5,174,3,0.0001,-1.1171147593441768,0.1167274668515537,0.0050361535889343,0.8338787127661932,0.254038546971866
15,0.5,175,1,0.1,-1.0700161720637849,0.1832862623256978,0.2007856053391282,0.9301799229730812,0.946534916111372
15,0.5,175,2,0.1,-1.0700161720637849,0.6163853923416889,0.6334976118013881,0.909542185044118,0.8096237666540236
15,0.5,175,3,0.1,-1.0700161720637849,0.6399592373607366,0.6511530494867562,0.9084460846541874,0.7875036929763658
15,0.5,176,1,0.1,-1.2435032706137017,0.2268665113757488,0.6421079892406025,0.1834382151102229,0.8383910883048553
15,0.5,176,2,0.1,-1.2435032706137017,0.5374726736223537,0.6134474878824585,0.7823214982739365,0.7736270280013242
15,0.5,176,3,0.1,-1.2435032706137017,0.6264548899194079,0.5817251028223916,0.8127126931523684,0.7811627050243706
15,0.5,177,1,10.0,-1.1382785018896049,0.274564516112958,0.3634029498273021,0.4489269404972595,0.5580764451225769
15,0.5,177,2,10.0,-1.1382785018896049,0.5447370656633762,0.5328566480628465,0.7392170223586747,0.7307431419072238
15,0.5,177,3,10.0,-1.1382785018896049,0.7117444538327686,0.7169806859177719,0.914837627484144,0.9213379696195764
15,0.5,178,1,1.0,-1.1576813195816291,0.0074423685187791,0.0019869930767142,0.0023001088868555,0.0263313951759927
15,0.5,178,2,1.0,-1.1576813195816291,0.4569810848915785,0.4975907093035927,0.7937044432385129,0.8268992207403323
15,0.5,178,3,1.0,-1.1576813195816291,0.7527637017547169,0.7914662193941305,0.8458652968139525,0.8809226891210024
15,0.5,179,1,1000.0,-1.184865831955804,0.0325475539657888,0.0326700011991559,0.5119472610829073,0.0434403803613354
15,0.5,179,2,1000.0,-1.184865831955804,0.4142970303171489,0.449318527741757,0.8253280136883607,0.8284570068260761
15,0.5,179,3,1000.0,-1.184865831955804,0.6577492459000859,0.6576309290679706,0.7012740905295982,0.7028284296738727
15,0.5,180,1,10.0,-1.1338082842817223,0.1071775788840297,0.1551425259731484,0.5029872768737234,0.6067669122938842
15,0.5,180,2,10.0,-1.1338082842817223,0.3306669368708982,0.3694442366147967,0.8573112133271705,0.8537858021163587
15,0.5,180,3,10.0,-1.1338082842817223,0.6488128414289343,0.6456548572368362,0.7607486544627551,0.7560624672470914
15,0.5,181,1,0.01,-1.1181230851986426,0.3184659045589287,0.0002893624043161,0.9124474050055754,0.1743701652407615
15,0.5,181,2,0.01,-1.1181230851986426,0.482094912043964,0.0233092022304429,0.9360234398423763,0.4744588855079844
15,0.5,181,3,0.01,-1.1181230851986426,0.568209118292908,0.294503531168478,0.9730832160056012,0.5824195051642717
15,0.5,182,1,1000.0,-1.0965585252475345,0.4580039691132705,0.4725998665827338,0.7810011068660551,0.8080015257728288
15,0.5,182,2,1000.0,-1.0965585252475345,0.5979149909619869,0.6307792986438086,0.8286820203290188,0.8490492670893341
15,0.5,182,3,1000.0,-1.0965585252475345,0.6856580501677341,0.6923311900698216,0.9070506669839884,0.9032946171068036
15,0.5,183,1,1.0,-1.198561615109607,0.0320503276885437,0.0550326818894967,0.0436381664493833,0.0541301461707841
15,0.5,183,2,1.0,-1.198561615109607,0.1922731603271634,0.1337875113077556,0.7802886238753995,0.7253520458093106
15,0.5,183,3,1.0,-1.198561615109607,0.611675270293401,0.6015315878821871,0.8816459084131955,0.8680150659328145
15,0.5,184,1,0.1,-1.1780065074808594,0.0036729160176665,0.0009067057979541,0.0036696350422181,0.0275985909472288
15,0.5,184,2,0.1,-1.1780065074808594,0.6571827761134991,0.7119454581530169,0.886583281543227,0.8448327764567845
15,0.5,184,3,0.1,-1.1780065074808594,0.6695971917831832,0.6708587072344169,0.9736808340105756,0.9737376793338116
15,0.5,185,1,0.01,-1.0944882407699332,0.2388809572439909,0.5422622854381538,0.1039849222874448,0.2969534995344392
15,0.5,185,2,0.01,-1.0944882407699332,0.2622367633712034,0.323359389145445,0.4894970419370738,0.4730773857214138
15,0.5,185,3,0.01,-1.0944882407699332,0.6237725403182689,0.3594314855457024,0.8816100759925641,0.5684897824864329
15,0.5,186,1,0.001,-1.1604375831777505,0.4376832768069223,0.0352010448041312,0.7325605843384219,0.2250367416641849
15,0.5,186,2,0.001,-1.1604375831777505,0.2446710120188666,0.0253256625229559,0.9323130546768474,0.1667106440258395
15,0.5,186,3,0.001,-1.1604375831777505,0.2840694875660681,0.0236274503341756,0.8403703479063185,0.3305061589699662
15,0.5,187,1,1000.0,-1.1687300654996526,0.0001961562423144,7.598465556023375e-05,0.4295096813440237,0.4969993264482887
15,0.5,187,2,1000.0,-1.1687300654996526,0.4085719725038085,0.4134861352342215,0.5904688851528743,0.5850492090608281
15,0.5,187,3,1000.0,-1.1687300654996526,0.6370424409263141,0.6359459636681453,0.8954014160534106,0.8988590479999926
15,0.5,188,1,0.1,-1.1581886489887725,0.0002532441153393,0.7221866668751262,0.0041709746055405,0.9083874104257648
15,0.5,188,2,0.1,-1.1581886489887725,0.5337853476824588,0.6183624086020055,0.958304389571118,0.9607852738387528
15,0.5,188,3,0.1,-1.1581886489887725,0.6816111233961363,0.9190040941748944,0.8150272340210926,0.9531803142453352
15,0.5,189,1,1000.0,-1.1407495275562909,6.905371719445747e-05,0.0048480759892703,0.4494581988730021,0.5136856817454319
15,0.5,189,2,1000.0,-1.1407495275562909,0.3012431827904542,0.3224938348274336,0.7247133468831961,0.7381982121588327
15,0.5,189,3,1000.0,-1.1407495275562909,0.6552635496390877,0.6575397810579399,0.7879878175545413,0.7954094118227127
15,0.5,190,1,0.1,-1.0375695615991882,0.0492740742128995,0.0087009455005691,0.8987331715586172,0.7108133730232288
15,0.5,190,2,0.1,-1.0375695615991882,0.4957793371670527,0.5894323371793553,0.9557826155194497,0.9676451177220138
15,0.5,190,3,0.1,-1.0375695615991882,0.6485510937732845,0.6308833082992223,0.6907136121926333,0.673204771705787
15,0.5,191,1,0.001,-1.2487971560977211,0.0584090459242607,0.0059220061680455,0.7600785106063963,0.1064391947610787
15,0.5,191,2,0.001,-1.2487971560977211,0.3601430725380117,0.0066983311653679,0.8478869414774018,0.0898503876558997
15,0.5,191,3,0.001,-1.2487971560977211,0.3668506222835579,0.0176480181626917,0.9151439727950658,0.2629296428941453
15,0.5,192,1,1000.0,-1.2099310373196563,0.0438147860897897,0.0267918308011765,0.1649560808296121,0.2553842336513943
15,0.5,192,2,1000.0,-1.2099310373196563,0.5615927082467143,0.5741341402661255,0.7855870603559458,0.7980197527572875
15,0.5,192,3,1000.0,-1.2099310373196563,0.6293234840838696,0.6273805761986676,0.937574964225822,0.951972057729948
15,0.5,193,1,0.01,-1.1396514924586918,0.0469581271933072,0.4019641674754733,0.5107205978825791,0.428068417626087
15,0.5,193,2,0.01,-1.1396514924586918,0.5518502327057563,0.3293387534512759,0.8143182567254181,0.3134687350589647
15,0.5,193,3,0.01,-1.1396514924586918,0.7474628060729859,0.3505398437343601,0.7669960925365661,0.5609425303935478
15,0.5,194,1,0.1,-1.0860279489348263,0.0515819981206785,0.1205982103263689,0.4955448007055542,0.6808763193039508
15,0.5,194,2,0.1,-1.0860279489348263,0.4678758791591925,0.7525347783896628,0.7767535623129255,0.4812772152386078
15,0.5,194,3,0.1,-1.0860279489348263,0.7446938472104905,0.7563960115911813,0.9145391449970032,0.9289920824597232
15,0.5,195,1,0.1,-1.1047106347413638,0.12433651690056,0.0661912568031685,0.6637410481862417,0.4845963554142566
15,0.5,195,2,0.1,-1.1047106347413638,0.3109507951179743,0.5244091533345269,0.8691127630414978,0.4942140241683698
15,0.5,195,3,0.1,-1.1047106347413638,0.6719711306215999,0.6458371899365797,0.8615400195017625,0.8548981450586627
15,0.5,196,1,0.1,-1.1756465069470137,0.2520084931415222,0.4098638496997159,0.5460628889906614,0.4663008260203124
15,0.5,196,2,0.1,-1.1756465069470137,0.2995617528614738,0.5107985211103712,0.8051414375114714,0.7733769703222649
15,0.5,196,3,0.1,-1.1756465069470137,0.6310062749665418,0.6347281114342632,0.9275963180423262,0.8900369371031092
15,0.5,197,1,0.01,-1.247545295895366,0.5044264743653567,0.527974067602273,0.7337244199866298,0.6604330631683085
15,0.5,197,2,0.01,-1.247545295895366,0.789337752344897,0.3037757845310863,0.8967630710615528,0.4795038375155181
15,0.5,197,3,0.01,-1.247545295895366,0.6143440847739942,0.2860085777322179,0.8931799791419598,0.4529242312923007
15,0.5,198,1,1.0,-1.1828854588312827,0.2541352758071324,0.263478203815595,0.7874610283366468,0.7815016083685262
15,0.5,198,2,1.0,-1.1828854588312827,0.484379665340205,0.5441722535713241,0.8466943496106383,0.8769923878262453
15,0.5,198,3,1.0,-1.1828854588312827,0.735229946253423,0.7334710061836818,0.8924575059229607,0.8931963967378181
15,0.5,199,1,0.1,-1.1524439321647757,0.563284673282801,0.5367348798857536,0.8658945037800132,0.6263138827669841
15,0.5,199,2,0.1,-1.1524439321647757,0.455391947110225,0.6281128722907974,0.909129248692114,0.8013948494373511
15,0.5,199,3,0.1,-1.1524439321647757,0.7100257864710628,0.8860181204936296,0.713539648819224,0.6638246832510358
15,1.0,0,1,0.1,-1.0443866249365616,0.4796947819814805,0.6593802801792037,0.8949507869444334,0.9229263644246826
15,1.0,0,2,0.1,-1.0443866249365616,0.7249847042364437,0.7488407773541987,0.9152274406128602,0.9435890770550726
15,1.0,0,3,0.1,-1.0443866249365616,0.6549718506439228,0.772573443751952,0.961089891110742,0.9530114999435982
15,1.0,1,1,0.01,-1.0040028823152474,0.4027835209384389,0.8726486042463881,0.7477334450609526,0.6123903360126425
15,1.0,1,2,0.01,-1.0040028823152474,0.4819048850013462,0.8984086542296125,0.9363195353804596,0.6325353117089973
15,1.0,1,3,0.01,-1.0040028823152474,0.8729950772164748,0.6698745578982224,0.9781401935330812,0.7738395520764664
15,1.0,2,1,0.1,-1.053938879557108,0.185442052784652,0.4041784350372245,0.8877861645515658,0.9163710633762672
15,1.0,2,2,0.1,-1.053938879557108,0.4091549902832775,0.6146170664140774,0.9149577731326464,0.9729186145239072
15,1.0,2,3,0.1,-1.053938879557108,0.6586468651280007,0.6825795683196044,0.8603599482912587,0.9143876822228432
15,1.0,3,1,0.1,-1.0204561883936254,0.6775612821920084,0.7606870696140274,0.9422175155134762,0.9447906478223153
15,1.0,3,2,0.1,-1.0204561883936254,0.7994714931588162,0.8566791582490503,0.9656630019139736,0.9632757225837768
15,1.0,3,3,0.1,-1.0204561883936254,0.737816513567839,0.7961152073923449,0.9801342885560836,0.9853974385758087
15,1.0,4,1,100.0,-1.000107974862162,0.3457585971235945,0.3282711068059146,0.7408502956976015,0.7057026750390648
15,1.0,4,2,100.0,-1.000107974862162,0.4240866575073542,0.4656970307408036,0.8279622939161695,0.8608099541848164
15,1.0,4,3,100.0,-1.000107974862162,0.7248482069616236,0.735753730814499,0.8709201523865113,0.8817043773949766
15,1.0,5,1,0.1,-1.0144350431929925,0.3282948850893343,0.4854773367658714,0.7047329271758608,0.9873603537673294
15,1.0,5,2,0.1,-1.0144350431929925,0.4741457744555687,0.4998979923754641,0.9490481050476384,0.9520414621705324
15,1.0,5,3,0.1,-1.0144350431929925,0.7075256277735865,0.7580676128713643,0.9142762089545612,0.9608847587082008
15,1.0,6,1,0.1,-0.9794537895343532,0.1541986327581545,0.3948385213860809,0.8931745596646908,0.9389865178228834
15,1.0,6,2,0.1,-0.9794537895343532,0.6019033004158726,0.8105594717498765,0.913926461740082,0.9213560145648454
15,1.0,6,3,0.1,-0.9794537895343532,0.7957812636206261,0.8170773345922449,0.9160764611796371,0.9395179682151142
15,1.0,7,1,0.1,-1.044903933528169,0.3326908626704955,0.5408519255216677,0.7501057382420825,0.9237483180939736
15,1.0,7,2,0.1,-1.044903933528169,0.4824334447353917,0.5268658841757063,0.9453640578545937,0.9650584546254136
15,1.0,7,3,0.1,-1.044903933528169,0.7239187835149715,0.8141824394684579,0.9335596806045038,0.9646313726795184
15,1.0,8,1,0.0001,-1.1043478595670726,0.4816512770575163,2.891944880303425e-05,0.9902594514483992,0.1125577440568319
15,1.0,8,2,0.0001,-1.1043478595670726,0.3329539514975066,0.0045849951759812,0.9306876101463792,0.3581027532930171
15,1.0,8,3,0.0001,-1.1043478595670726,0.2583300813043348,0.0051212042227351,0.7332669862813003,0.3578233223862512
15,1.0,9,1,0.1,-0.955036521025076,0.1320052447052245,0.6465007972518879,0.7512873384778844,0.9377671200683464
15,1.0,9,2,0.1,-0.955036521025076,0.7273077097947562,0.8583650907479113,0.8820359575718599,0.9707349032742488
15,1.0,9,3,0.1,-0.955036521025076,0.6590879813896492,0.8811261946427137,0.9121500514751276,0.717019775038194
15,1.0,10,1,0.1,-1.0486069088626082,0.3899321622010179,0.4725852294792275,0.9094838169618772,0.9817926775313596
15,1.0,10,2,0.1,-1.0486069088626082,0.5680715346951342,0.708151943438958,0.9276694187363544,0.98359810053394
15,1.0,10,3,0.1,-1.0486069088626082,0.658170242500142,0.635927117272988,0.7643344702443805,0.7557011956542997
15,1.0,11,1,1.0,-1.029550930706508,0.3546401769974903,0.4302295805615017,0.7673992603052304,0.8195869395701895
15,1.0,11,2,1.0,-1.029550930706508,0.3152734792859565,0.3568990072755943,0.8213144197684201,0.8444006283166188
15,1.0,11,3,1.0,-1.029550930706508,0.6608805855822472,0.6647132983701446,0.8733089543445898,0.8815476241760725
15,1.0,12,1,1.0,-1.0011873009551515,0.2842937528806245,0.2539042533067124,0.6982838817430312,0.6659547355566114
15,1.0,12,2,1.0,-1.0011873009551515,0.539552449058875,0.5860674138698366,0.8137820468809482,0.8435340645074081
15,1.0,12,3,1.0,-1.0011873009551515,0.6207197800096896,0.6210230678905876,0.9112380647926428,0.8376386950599048
15,1.0,13,1,0.1,-1.0033924637706018,0.1383739407227818,0.6071346179088631,0.0524662982933314,0.7242483881840659
15,1.0,13,2,0.1,-1.0033924637706018,0.7902393037842822,0.8180987248948226,0.9531980536620336,0.9601893107239045
15,1.0,13,3,0.1,-1.0033924637706018,0.8728731609344154,0.8818985334003426,0.8350419712233297,0.7855767461568183
15,1.0,14,1,0.1,-1.0289771674351815,0.450400332259926,0.5688448462274959,0.7874607450358218,0.9398992415540524
15,1.0,14,2,0.1,-1.0289771674351815,0.5372524387694311,0.5995726409665565,0.933861212925702,0.9688800591175188
15,1.0,14,3,0.1,-1.0289771674351815,0.6577505500214309,0.6570126980717463,0.8172706013658844,0.8218282888020544
15,1.0,15,1,1.0,-1.0672708285045658,0.2895153218027801,0.6121824392600557,0.3269973052419599,0.8067483161941607
15,1.0,15,2,1.0,-1.0672708285045658,0.4790478980174426,0.5080940997137277,0.8453858263233348,0.8692816786644352
15,1.0,15,3,1.0,-1.0672708285045658,0.640585906213139,0.6403889068127967,0.765507973690576,0.7691668583913928
15,1.0,16,1,100.0,-0.9583705422901804,0.265352572870264,0.3216881448436812,0.6762753215689348,0.7243251506200198
15,1.0,16,2,100.0,-0.9583705422901804,0.3572523710979771,0.4006868028532379,0.8209197893688285,0.8346373185297487
15,1.0,16,3,100.0,-0.9583705422901804,0.6324665485515713,0.6315845449297078,0.7927515215929407,0.7962379192782815
15,1.0,17,1,0.1,-1.0943201726134129,0.1240053918590103,0.2761805572004399,0.9637616707321168,0.985548703992254
15,1.0,17,2,0.1,-1.0943201726134129,0.4878684367296418,0.7017781011698504,0.5800732214094626,0.6172418015394306
15,1.0,17,3,0.1,-1.0943201726134129,0.850996770910319,0.8893551482318065,0.9479408238831324,0.9724468596762827
15,1.0,18,1,0.1,-1.0015920522781194,0.0113681918535701,0.5481905961761506,0.410061581808439,0.0014662451870576
15,1.0,18,2,0.1,-1.0015920522781194,0.6629255177724279,0.8385181914704212,0.8204970225634408,0.9573628414595982
15,1.0,18,3,0.1,-1.0015920522781194,0.6705957947776144,0.6773730397535912,0.9605972508029752,0.9768313575007702
15,1.0,19,1,10.0,-0.9908587531993648,0.0006008692063259,0.0033288159590061,0.733372094250887,0.7747653637214792
15,1.0,19,2,10.0,-0.9908587531993648,0.4859688966260857,0.4818168345005953,0.8859850192192418,0.8913757293648855
15,1.0,19,3,10.0,-0.9908587531993648,0.6882166689311074,0.6937163555442973,0.8670682335404681,0.873915531496702
15,1.0,20,1,1.0,-1.0058753429085792,0.0553624759742446,0.0494478833436793,0.725733007894612,0.7026367544606209
15,1.0,20,2,1.0,-1.0058753429085792,0.1773232190362011,0.2076325815035929,0.8796040588376042,0.8887096155608895
15,1.0,20,3,1.0,-1.0058753429085792,0.6424027505929394,0.645845441276589,0.979084744209148,0.980656176343803
15,1.0,21,1,1.0,-0.9673902078045056,0.3100118452199039,0.4504498026152496,0.4803143809473169,0.6037362818906635
15,1.0,21,2,1.0,-0.9673902078045056,0.6966414834535003,0.742186495708258,0.8252295774377769,0.8638007914938327
15,1.0,21,3,1.0,-0.9673902078045056,0.6365589653306,0.6355959426675979,0.9445805964112448,0.9467816757900968
15,1.0,22,1,1000.0,-0.9402815478713472,0.098169817196933,0.0006044091739151,0.2606765725619692,0.0042828542346979
15,1.0,22,2,1000.0,-0.9402815478713472,0.5501182622770638,0.5731545802953729,0.7734393064447369,0.7984140732369924
15,1.0,22,3,1000.0,-0.9402815478713472,0.7075252942679873,0.7127793533500236,0.8462432166267716,0.8518103043554767
15,1.0,23,1,0.1,-1.0050937016714143,0.0008132003234512,0.4815224337936835,0.7813159455767504,0.6610272555680575
15,1.0,23,2,0.1,-1.0050937016714143,0.5773642945147109,0.7606815492438501,0.7867453726099114,0.9573206798144712
15,1.0,23,3,0.1,-1.0050937016714143,0.6394576177579216,0.6385623114584312,0.9405000901147844,0.9555060724420192
15,1.0,24,1,0.01,-1.0492838383297958,0.6258042131752124,0.9480561657615512,0.984006696766722,0.7542481542555037
15,1.0,24,2,0.01,-1.0492838383297958,0.5705004886393138,0.9428950880540214,0.9794879489341176,0.7038358652979515
15,1.0,24,3,0.01,-1.0492838383297958,0.9417647248128092,0.9232298005899908,0.9105748160538596,0.9440766175043396
15,1.0,25,1,0.1,-1.024180596607036,0.3744887811485881,0.6108607322062388,0.857894168959982,0.4698264779881156
15,1.0,25,2,0.1,-1.024180596607036,0.7544146938376768,0.8027782651328799,0.9582004467040954,0.969435047239832
15,1.0,25,3,0.1,-1.024180596607036,0.7086506556146152,0.7777017887285059,0.9181748260054636,0.9522504771877596
15,1.0,26,1,0.1,-1.0002420365767863,0.0287095442632742,0.0709923202186549,0.9871566395018192,0.9558342864789884
15,1.0,26,2,0.1,-1.0002420365767863,0.3039990923763884,0.3584794536567915,0.8936779572380078,0.8935593656757158
15,1.0,26,3,0.1,-1.0002420365767863,0.741579698412465,0.8285988384110623,0.8369521400591129,0.9282992121050592
15,1.0,27,1,0.01,-1.0686256740539204,0.3751223087563344,0.8699012151869828,0.9484786053902704,0.7173708754423331
15,1.0,27,2,0.01,-1.0686256740539204,0.681207862077476,0.8989683076714905,0.9509231587240724,0.6477128297729402
15,1.0,27,3,0.01,-1.0686256740539204,0.8119353228676354,0.6168977620580044,0.9775669395616888,0.8583949380394342
15,1.0,28,1,0.01,-1.0242427052895535,0.5539623101794359,0.8225485569210939,0.9870347576316706,0.8515202424669428
15,1.0,28,2,0.01,-1.0242427052895535,0.6053627233023884,0.4743341267391896,0.93681126033542,0.6991649392906281
15,1.0,28,3,0.01,-1.0242427052895535,0.8328207411739648,0.5407689431547947,0.9673545374379474,0.7307380262414215
15,1.0,29,1,1.0,-1.0160654202553348,0.1060327591832746,0.3839359646065929,0.1241371596399228,0.8808692639514093
15,1.0,29,2,1.0,-1.0160654202553348,0.4246262825917636,0.4551395475705621,0.8251008832536009,0.8291600361431504
15,1.0,29,3,1.0,-1.0160654202553348,0.6316786283665733,0.6313020421656614,0.9177335868206709,0.921303203295027
15,1.0,30,1,1000.0,-1.04020721352483,0.3225746941050494,0.3566561531041392,0.683018339242955,0.7976469169268149
15,1.0,30,2,1000.0,-1.04020721352483,0.509228990594508,0.5180503943107658,0.6685432644416132,0.6708176009213505
15,1.0,30,3,1000.0,-1.04020721352483,0.6832069860980936,0.6857497066129085,0.9208673882988688,0.928854574254738
15,1.0,31,1,0.01,-1.083502994821994,0.2716084843329552,0.926332718917371,0.8210500564806098,0.4140293304596463
15,1.0,31,2,0.01,-1.083502994821994,0.5039637252792633,0.8559499930755886,0.8488791202230812,0.4521342689169855
15,1.0,31,3,0.01,-1.083502994821994,0.8023672160164305,0.7283780075665107,0.96099664381777,0.7069251027537294
15,1.0,32,1,0.1,-1.0579977501377995,0.4856232390079322,0.4625609375894944,0.8584376154174574,0.801401503350562
15,1.0,32,2,0.1,-1.0579977501377995,0.7189574065584583,0.7822940712147031,0.9265895181066506,0.9641773057606482
15,1.0,32,3,0.1,-1.0579977501377995,0.6388174567381487,0.6244515826918584,0.9723563624693918,0.9778155743011012
15,1.0,33,1,0.1,-1.0401241789910924,0.4934122275529062,0.6699832996181938,0.8278072107268596,0.9459945253158816
15,1.0,33,2,0.1,-1.0401241789910924,0.5821024760390255,0.7588628309423244,0.9115040450892724,0.9503300369097628
15,1.0,33,3,0.1,-1.0401241789910924,0.8564635149670675,0.8982022669553754,0.9630468697449862,0.978661384441586
15,1.0,34,1,1000.0,-0.9210336587217518,0.1203204724006199,0.1667652407753332,0.5685114464438541,0.6224531812095444
15,1.0,34,2,1000.0,-0.9210336587217518,0.5160659640406995,0.5397138650591177,0.8195117030991699,0.844114143909375
15,1.0,34,3,1000.0,-0.9210336587217518,0.7417809546697427,0.7558204522601276,0.9185806526244454,0.9278366823379834
15,1.0,35,1,0.01,-1.0397288279036598,0.7907084445699508,0.9076003479570114,0.9442433224824492,0.97217779855456
15,1.0,35,2,0.01,-1.0397288279036598,0.7614567300881085,0.5787013423379428,0.9885350691733648,0.5084855814410524
15,1.0,35,3,0.01,-1.0397288279036598,0.84315852019766,0.6532924609445826,0.9894807123168852,0.8545684369216134
15,1.0,36,1,1.0,-1.0173966578366014,0.2555509488876088,0.5045818112648811,0.4961814959974384,0.7237833298331303
15,1.0,36,2,1.0,-1.0173966578366014,0.5118782984702083,0.5408452404263949,0.8214276719421449,0.859956329955912
15,1.0,36,3,1.0,-1.0173966578366014,0.7622911919114427,0.7792579746555767,0.9160922211112746,0.9257119074970792
15,1.0,37,1,0.1,-0.9652958715459936,0.511601853242643,0.2343650634415733,0.8464920672553398,0.6022753850491062
15,1.0,37,2,0.1,-0.9652958715459936,0.712473421018002,0.8188233414602399,0.9495354971382456,0.9778311037273828
15,1.0,37,3,0.1,-0.9652958715459936,0.8829444364995749,0.8925329672456607,0.9758967999651258,0.9803531524327176
15,1.0,38,1,10.0,-1.029943263834487,0.0389826944432552,0.0282495471217747,0.737698892495439,0.8083497931319006
15,1.0,38,2,10.0,-1.029943263834487,0.3038125939806197,0.3134977695173468,0.8641441243100489,0.8692837448382273
15,1.0,38,3,10.0,-1.029943263834487,0.6774813677221726,0.7245095987303393,0.7342884794666745,0.8150781230717102
15,1.0,39,1,1000.0,-1.1097134912981506,0.0286857746237986,0.0624632247362934,0.0131521408787309,0.3579015239987695
15,1.0,39,2,1000.0,-1.1097134912981506,0.4436351221837131,0.4729725881529971,0.6864241908840414,0.7132914125977838
15,1.0,39,3,1000.0,-1.1097134912981506,0.7498193241739249,0.7833141007147745,0.8453916694244517,0.8718666345607625
15,1.0,40,1,1000.0,-0.9818752275297504,0.3755958147797606,0.3334507360603092,0.7659737473524026,0.6683168531089194
15,1.0,40,2,1000.0,-0.9818752275297504,0.3963728780210932,0.4364657899134168,0.8001041646500149,0.8300797035359041
15,1.0,40,3,1000.0,-0.9818752275297504,0.6268952706647054,0.6253764743076553,0.9492486208934215,0.9514234360169364
15,1.0,41,1,0.1,-1.0250097839245993,0.0003172471194798,0.5626092737020304,0.2974657648063213,0.6987309076169878
15,1.0,41,2,0.1,-1.0250097839245993,0.4847983695167936,0.5579397655268581,0.9508565511305662,0.937156432716694
15,1.0,41,3,0.1,-1.0250097839245993,0.6968229177228359,0.7793229842062942,0.8719379454766624,0.9288167830956592
15,1.0,42,1,0.1,-0.9948883820377866,0.4746932390926373,0.6047285282938579,0.7999844490577451,0.916401944323366
15,1.0,42,2,0.1,-0.9948883820377866,0.5992191697191374,0.6624482804907925,0.9155968299463372,0.9533049889792689
15,1.0,42,3,0.1,-0.9948883820377866,0.6594259667033546,0.8162879143020229,0.8239705393161431,0.9584379821530932
15,1.0,43,1,1.0,-0.9608503430163904,0.1796527019629157,0.2106785051122014,0.7728448156110954,0.8009529368878019
15,1.0,43,2,1.0,-0.9608503430163904,0.2223332138244773,0.2660065822280393,0.8564404021114195,0.8796259327242049
15,1.0,43,3,1.0,-0.9608503430163904,0.6438792553265634,0.6432478380615855,0.9303138147480228,0.9346231250879324
15,1.0,44,1,0.1,-0.9623081163222226,0.6805976505267505,0.814840844251264,0.851900422537034,0.956557665632925
15,1.0,44,2,0.1,-0.9623081163222226,0.5084317390168539,0.6180736340599394,0.9377854439959916,0.9236105623593728
15,1.0,44,3,0.1,-0.9623081163222226,0.7777311711779326,0.8045583397667437,0.9612986373943132,0.9723977394296752
15,1.0,45,1,10.0,-0.9920744956911278,0.2211046893775654,0.3086808656476345,0.3228425696362164,0.4173724862598543
15,1.0,45,2,10.0,-0.9920744956911278,0.5962371165081768,0.6242985813741652,0.8364143659613346,0.8539015694969472
15,1.0,45,3,10.0,-0.9920744956911278,0.658085200483432,0.6572158998912884,0.9587152495946724,0.960805175000007
15,1.0,46,1,1000.0,-1.0139333868908302,0.0560552515215145,0.0603537146828694,0.2077698999308969,0.2160091091496924
15,1.0,46,2,1000.0,-1.0139333868908302,0.4891849946181716,0.4920973171066863,0.8172173180171849,0.8214954020499686
15,1.0,46,3,1000.0,-1.0139333868908302,0.7847646015445173,0.8025932972398165,0.9149837275664896,0.9252029811887098
15,1.0,47,1,0.1,-1.1201977960080922,0.3474836012033353,0.5860764611058487,0.7202299172347081,0.9452510433335808
15,1.0,47,2,0.1,-1.1201977960080922,0.5381504446092724,0.6072510071316014,0.9701928505332696,0.9841403475312076
15,1.0,47,3,0.1,-1.1201977960080922,0.645357195096736,0.6591832494390159,0.7099101007033585,0.6708170928127276
15,1.0,48,1,0.01,-0.975451577793013,0.326172539608706,0.8730351511413418,0.9547954340917346,0.7405359387575363
15,1.0,48,2,0.01,-0.975451577793013,0.4763485002586349,0.736347555940098,0.9842377876863756,0.5047493534824281
15,1.0,48,3,0.01,-0.975451577793013,0.8838269609031073,0.7084598866549409,0.978371503344178,0.9377125793004512
15,1.0,49,1,0.1,-1.0167154627969606,0.5443209807330712,0.6122606195071142,0.9159937420070456,0.944958988629126
15,1.0,49,2,0.1,-1.0167154627969606,0.4208834974902299,0.578957427654667,0.885800802059848,0.8199030949407087
15,1.0,49,3,0.1,-1.0167154627969606,0.6590793535452003,0.8133421579848084,0.9651315129246728,0.6832362969927708
15,1.0,50,1,0.01,-1.0919620617542791,0.8286247384596611,0.8937645756398643,0.8872358297935123,0.973820477426988
15,1.0,50,2,0.01,-1.0919620617542791,0.8768167171143123,0.5310627175246154,0.9446282341259395,0.7809855141345741
15,1.0,50,3,0.01,-1.0919620617542791,0.6475732308534577,0.6892015753463222,0.8982519511565403,0.670537445707546
15,1.0,51,1,0.01,-0.9544727968599656,0.847394683985216,0.9282677432643768,0.9814356775830956,0.9617514324535252
15,1.0,51,2,0.01,-0.9544727968599656,0.8177487708572355,0.7068351456873713,0.9705902202659088,0.8887875615320489
15,1.0,51,3,0.01,-0.9544727968599656,0.7189350801604052,0.7077147715896336,0.9500013678906412,0.7909199024200874
15,1.0,52,1,0.01,-0.9846702142008822,0.0741952783026519,0.8667243826012838,0.9416901320486636,0.029613890237455
15,1.0,52,2,0.01,-0.9846702142008822,0.8659884601725654,0.9069748414177758,0.96210963184716,0.7594667415038925
15,1.0,52,3,0.01,-0.9846702142008822,0.9001393811498932,0.6079604538120033,0.9780382830818728,0.6511332461409521
15,1.0,53,1,1.0,-1.0036790400452185,0.1306180294238129,0.1899629917326993,0.6611755149741434,0.7338563024712739
15,1.0,53,2,1.0,-1.0036790400452185,0.3756549730849429,0.4209274377754508,0.8888966771295277,0.9021213436568986
15,1.0,53,3,1.0,-1.0036790400452185,0.7015408107075182,0.7138808819370239,0.9028000998025604,0.9139523342238208
15,1.0,54,1,1.0,-0.9631402466997868,0.1085253394961136,0.1121962364195682,0.7229494209688104,0.7718614745826536
15,1.0,54,2,1.0,-0.9631402466997868,0.3794799655785209,0.4182680383130862,0.8417113508820934,0.861525282579612
15,1.0,54,3,1.0,-0.9631402466997868,0.6335404405056084,0.6220621962604014,0.9279659032155682,0.9150082622409754
15,1.0,55,1,0.1,-1.042605707357562,0.5136238526648561,0.6591361961789588,0.930377051267428,0.4939968394195959
15,1.0,55,2,0.1,-1.042605707357562,0.6243905847635839,0.7070997022817136,0.9493553010782564,0.9553572108293544
15,1.0,55,3,0.1,-1.042605707357562,0.7012531599406869,0.906948204516116,0.9775740478104724,0.9112200761825172
15,1.0,56,1,0.1,-0.8811403285679386,0.0556516393835451,0.3034067910619725,0.5263982946519107,0.8007238036639645
15,1.0,56,2,0.1,-0.8811403285679386,0.5033290406592823,0.5313070836681165,0.962059309019501,0.9900528326209982
15,1.0,56,3,0.1,-0.8811403285679386,0.8196870763775053,0.8776004429525185,0.9728641925336166,0.9844767699957984
15,1.0,57,1,1000.0,-1.0515205039737363,0.0829606980746002,0.0870340656124042,0.3013458729081807,0.2906611433967108
15,1.0,57,2,1000.0,-1.0515205039737363,0.376266971223225,0.45498081919963,0.7080907603689577,0.7614290531764363
15,1.0,57,3,1000.0,-1.0515205039737363,0.6451187510763339,0.6477023498772059,0.8497721083644746,0.858014998362345
15,1.0,58,1,10.0,-1.0403314570144082,0.3774395023933391,0.407971785635827,0.8254172768217555,0.8567042270034276
15,1.0,58,2,10.0,-1.0403314570144082,0.4301866852528077,0.4350835392480762,0.7491587209355041,0.7728455191988802
15,1.0,58,3,10.0,-1.0403314570144082,0.6507389797909728,0.6513480793560773,0.9268954145021482,0.9283874943432996
15,1.0,59,1,0.1,-0.9705502412159508,0.2968279334820244,0.3441625631264475,0.6061399022790025,0.5038932439987014
15,1.0,59,2,0.1,-0.9705502412159508,0.5861746555515723,0.73090223355511,0.9131959724332792,0.9683598939974872
15,1.0,59,3,0.1,-0.9705502412159508,0.743922072520753,0.8806164802524593,0.8721060839942923,0.9681675061169124
15,1.0,60,1,1.0,-0.9938291748043184,0.2105956822436409,0.3374259193361699,0.2897054798328385,0.6193661138772728
15,1.0,60,2,1.0,-0.9938291748043184,0.4839286265909836,0.5438431352771789,0.7317082277494349,0.7824337310671013
15,1.0,60,3,1.0,-0.9938291748043184,0.6436651625364793,0.6522675371197777,0.7608152725787029,0.7801358480665556
15,1.0,61,1,1.0,-1.050810014205448,0.0111345967805019,0.0036110615427465,0.2236816981708456,0.2980195198167562
15,1.0,61,2,1.0,-1.050810014205448,0.456697215448449,0.4831401136213362,0.8357774581264598,0.8565560036769048
15,1.0,61,3,1.0,-1.050810014205448,0.6552898549678284,0.6568951956514415,0.7612323063466269,0.7678172599147538
15,1.0,62,1,1000.0,-1.055805351026954,0.1807022516186058,0.2178278636028074,0.3978905369586851,0.5495815272032303
15,1.0,62,2,1000.0,-1.055805351026954,0.4516338155660971,0.4627342339483493,0.8701274328829156,0.8709649825433503
15,1.0,62,3,1000.0,-1.055805351026954,0.6501875101425288,0.6505912169465893,0.935208058838234,0.935016133817234
15,1.0,63,1,0.1,-0.942114072914674,0.685402098912765,0.7261136944834391,0.9366522770954908,0.9501421436869876
15,1.0,63,2,0.1,-0.942114072914674,0.5778039974485333,0.7746496717143614,0.8358030898863072,0.9455453102246292
15,1.0,63,3,0.1,-0.942114072914674,0.6785540447197022,0.6745614242640827,0.9674554125600118,0.7287999607730825
15,1.0,64,1,0.1,-1.0271705517468173,0.0231404194826089,0.134517146603539,0.4494842125087596,0.4708418975778334
15,1.0,64,2,0.1,-1.0271705517468173,0.3019362218617333,0.3995937337977226,0.7893405028812269,0.7586999577037766
15,1.0,64,3,0.1,-1.0271705517468173,0.6873337134225146,0.6980299577132354,0.9464855589817616,0.9595420283943984
15,1.0,65,1,0.1,-0.9553527749192134,0.3882438963008171,0.6507892056984206,0.5787512477147523,0.9611661068411036
15,1.0,65,2,0.1,-0.9553527749192134,0.6245234303589543,0.7235560952342052,0.9500448540594236,0.987315364967992
15,1.0,65,3,0.1,-0.9553527749192134,0.7223284881716344,0.7879218512370949,0.8794518287465012,0.9254923276369844
15,1.0,66,1,0.01,-0.9557548034668464,0.6578900009785826,0.7936675195392472,0.4755397592352079,0.1784026311221074
15,1.0,66,2,0.01,-0.9557548034668464,0.7799163869286342,0.5531576474817086,0.9650076477772478,0.8385675165760869
15,1.0,66,3,0.01,-0.9557548034668464,0.7738030434476274,0.6985219044050995,0.983119464073729,0.748708947260028
15,1.0,67,1,1.0,-0.9962192031024848,0.0511309421504765,0.0612211740692728,0.2819089842198501,0.8304933617026159
15,1.0,67,2,1.0,-0.9962192031024848,0.3897624491004165,0.4239590644789914,0.7543229554710941,0.7730706856215872
15,1.0,67,3,1.0,-0.9962192031024848,0.6441076251939265,0.644963244612423,0.6635722392195579,0.6836082454458259
15,1.0,68,1,0.1,-1.0199680271344107,0.2529754330712329,0.4399947939245809,0.7802366574912544,0.9488450105925692
15,1.0,68,2,0.1,-1.0199680271344107,0.5882189381552599,0.7146105179026084,0.9252675416154226,0.9770213920912572
15,1.0,68,3,0.1,-1.0199680271344107,0.8393807259756967,0.8911227771393931,0.9286105643145316,0.9657319711258722
15,1.0,69,1,10.0,-0.9721174915308932,0.0121445297776315,0.0041940195780858,0.7589826199046924,0.6442381586881515
15,1.0,69,2,10.0,-0.9721174915308932,0.4797290687104715,0.4853671160996354,0.8723416560662773,0.8771633653662296
15,1.0,69,3,10.0,-0.9721174915308932,0.7538814841736848,0.7603094978827719,0.8981423596796477,0.9034569585019606
15,1.0,70,1,10.0,-0.9662842480908996,0.0596931458608957,0.0673252985100652,0.8908806300516826,0.9032611177129878
15,1.0,70,2,10.0,-0.9662842480908996,0.3537376866762805,0.3646421162967238,0.8964421018760764,0.9001762054088571
15,1.0,70,3,10.0,-0.9662842480908996,0.6827943303062552,0.7048250099558168,0.7510262046457202,0.7794545394412268
15,1.0,71,1,0.1,-1.0024454681148136,0.02499772006645,0.3545999761778493,0.3369431725101803,0.1514496532062559
15,1.0,71,2,0.1,-1.0024454681148136,0.7289192906677091,0.8373340591521907,0.970928055838632,0.9675685210163816
15,1.0,71,3,0.1,-1.0024454681148136,0.7838601500450602,0.9300381820191808,0.9585714175734276,0.9492761984772664
15,1.0,72,1,0.01,-1.0156798814604249,0.5636817387865092,0.918781108392745,0.9128625064648982,0.6855275688729883
15,1.0,72,2,0.01,-1.0156798814604249,0.5695059556077443,0.5227033527697156,0.9123263446236428,0.6691542251666813
15,1.0,72,3,0.01,-1.0156798814604249,0.7914005687484741,0.5817226245487344,0.9915072403238512,0.7407367510903842
15,1.0,73,1,0.01,-0.9840806385311897,0.2690427960829723,0.015091391461436,0.8599272438408821,0.4036820929530031
15,1.0,73,2,0.01,-0.9840806385311897,0.6753426683385323,0.9075754230909518,0.941227436739118,0.6412309904316373
15,1.0,73,3,0.01,-0.9840806385311897,0.8803151844304408,0.6581778582696839,0.9718948234335318,0.8510002325428595
15,1.0,74,1,0.1,-1.0166947082986988,0.4523010153671941,0.7091369434989682,0.771966487137078,0.9569689333202488
15,1.0,74,2,0.1,-1.0166947082986988,0.4721541067096296,0.6718231987304171,0.8305757714967128,0.9280025782079456
15,1.0,74,3,0.1,-1.0166947082986988,0.6426008870117302,0.6411870067707575,0.932123532479031,0.9363564428061362
15,1.0,75,1,1000.0,-0.9940425501869252,0.1033363796101762,0.0786087944117633,0.8658146203033306,0.9531762339658102
15,1.0,75,2,1000.0,-0.9940425501869252,0.5046409091868106,0.5202725169616443,0.8511165644396192,0.8656816166352056
15,1.0,75,3,1000.0,-0.9940425501869252,0.6797851033490003,0.6903255461796806,0.8100336564122755,0.8238019052493485
15,1.0,76,1,1000.0,-1.068987077547419,0.06424792438375,0.0476929350740196,0.5630006204266269,0.6906102581232316
15,1.0,76,2,1000.0,-1.068987077547419,0.4598301067525409,0.4920097133012086,0.7226944740274484,0.7484398248396482
15,1.0,76,3,1000.0,-1.068987077547419,0.6443518320821113,0.6446742648892648,0.9121505696462558,0.9151922230193158
15,1.0,77,1,0.1,-1.0313952163745603,0.0349204555872495,0.000637012595668,0.5388596552676695,0.0544353619772791
15,1.0,77,2,0.1,-1.0313952163745603,0.3895491450244772,0.4968131213482557,0.886319859479535,0.9503453960745892
15,1.0,77,3,0.1,-1.0313952163745603,0.6586835588754594,0.9178941217829952,0.7016981954028934,0.9583819428362138
15,1.0,78,1,0.1,-1.112514122740823,0.4955585035009629,0.6610093861189427,0.581832246729389,0.8016155036415841
15,1.0,78,2,0.1,-1.112514122740823,0.7133382234403118,0.7528603309717004,0.9553026087508324,0.9755649610072626
15,1.0,78,3,0.1,-1.112514122740823,0.6552335551888739,0.6696342983091199,0.7118574009437068,0.6825109773469572
15,1.0,79,1,0.01,-1.149941436969993,0.7555351071551005,0.7282923083715048,0.9204640843939798,0.6932922464452423
15,1.0,79,2,0.01,-1.149941436969993,0.4184516135164538,0.729135084735401,0.9463039920256906,0.5521337085831733
15,1.0,79,3,0.01,-1.149941436969993,0.6281041793259347,0.7677923300164382,0.9208258833065508,0.6403013996617076
15,1.0,80,1,10.0,-0.9571161511306256,0.1230916398054736,0.2369685352210719,0.3554090278894657,0.6489736911475912
15,1.0,80,2,10.0,-0.9571161511306256,0.3937868114157012,0.421530271287307,0.8339041022296576,0.8644233459758022
15,1.0,80,3,10.0,-0.9571161511306256,0.6515483593846865,0.6584169117138045,0.797017296853868,0.8104555570374344
15,1.0,81,1,0.1,-0.9079171262085042,0.2093451335476076,0.5782495249405488,0.8705190034086508,0.9100851022657228
15,1.0,81,2,0.1,-0.9079171262085042,0.5552074206215091,0.6529660532837342,0.9118260047985748,0.9702903508563884
15,1.0,81,3,0.1,-0.9079171262085042,0.7917396160073883,0.867232151915562,0.9322027509579036,0.9666140595998496
15,1.0,82,1,10.0,-1.059026716868655,0.0359907437795224,0.0462838326337805,0.299872162982172,0.3739928084216847
15,1.0,82,2,10.0,-1.059026716868655,0.3282489974670606,0.3469509461594613,0.7274051053599768,0.7369861024218358
15,1.0,82,3,10.0,-1.059026716868655,0.6355436912187608,0.6398474410131165,0.6483656062126951,0.6534796849294029
15,1.0,83,1,0.01,-0.952819336092008,0.2809016258103571,0.6452246818709619,0.9277063612952892,0.8166905787131393
15,1.0,83,2,0.01,-0.952819336092008,0.5183154676914007,0.7682900476367889,0.6372009417716493,0.5894586547662886
15,1.0,83,3,0.01,-0.952819336092008,0.6707604581172187,0.5267847965367416,0.9249335345877776,0.6506216182552533
15,1.0,84,1,1.0,-1.0748709274933188,0.0059047809396497,0.1124925332315848,0.759610893996523,0.9443847351171836
15,1.0,84,2,1.0,-1.0748709274933188,0.4962845578442744,0.5264647819289866,0.7657516562041284,0.7891091969874351
15,1.0,84,3,1.0,-1.0748709274933188,0.6520652054705703,0.6539760013728264,0.8644010265635288,0.8641529548525296
15,1.0,85,1,0.1,-0.9639918424865548,0.3521529827116157,0.5884178291481147,0.8573358538744428,0.9217331459065164
15,1.0,85,2,0.1,-0.9639918424865548,0.4727385670015804,0.557387215520787,0.9349562627816153,0.9657727761860008
15,1.0,85,3,0.1,-0.9639918424865548,0.6630827376547196,0.6832969433615821,0.8340451578235619,0.8717214587975398
15,1.0,86,1,0.01,-1.08813920422059,0.1990027728206944,0.8113388426665423,0.8748657549808521,0.5502454126008813
15,1.0,86,2,0.01,-1.08813920422059,0.625707518874366,0.6807670767604066,0.9605675954802928,0.6987060740161782
15,1.0,86,3,0.01,-1.08813920422059,0.8440211605406267,0.8844539087845718,0.9875094749682668,0.8616903478161612
15,1.0,87,1,0.001,-1.0878750889114412,0.4176121905256976,2.2631567218338943e-05,0.9692437143874684,0.0307312096225591
15,1.0,87,2,0.001,-1.0878750889114412,0.5068021316549468,0.0229351966688267,0.908276257748668,0.5045337942971577
15,1.0,87,3,0.001,-1.0878750889114412,0.6178387471450942,0.0454453877503283,0.968698396748544,0.4681657159043779
15,1.0,88,1,0.1,-0.9589595484602867,0.7367186752055935,0.8246784504865481,0.9542975795406976,0.9873063319859416
15,1.0,88,2,0.1,-0.9589595484602867,0.8567824161560055,0.8783574935541172,0.9734304357613348,0.9830267109022014
15,1.0,88,3,0.1,-0.9589595484602867,0.6684070018610369,0.8914708218783431,0.9177842529752912,0.7307179717876152
15,1.0,89,1,1000.0,-0.9343743973810978,0.0861684858858014,0.115871549538911,0.2962629208877267,0.3444651478080403
15,1.0,89,2,1000.0,-0.9343743973810978,0.4439772908969117,0.4527318272697309,0.7576786843373422,0.7669056795291915
15,1.0,89,3,1000.0,-0.9343743973810978,0.6525075500633938,0.6678976787074765,0.8386845083315763,0.8659836053948963
15,1.0,90,1,0.01,-1.0016296483537075,0.2854834163274141,0.9167621607610164,0.4220521059631392,0.9079229424223548
15,1.0,90,2,0.01,-1.0016296483537075,0.829205131579945,0.8202833687835653,0.9771308732276004,0.8672198701017473
15,1.0,90,3,0.01,-1.0016296483537075,0.8325531703080395,0.7051689338020147,0.9767593394669944,0.9135340507969448
15,1.0,91,1,0.1,-1.0318189529601092,3.646837779114173e-05,0.0683482395723828,0.5380926305774618,0.8857452554141588
15,1.0,91,2,0.1,-1.0318189529601092,0.4571243039385427,0.7502445761905715,0.5425368390226547,0.9040730452286873
15,1.0,91,3,0.1,-1.0318189529601092,0.8239366243409078,0.8655543957971608,0.9439292775747208,0.971198798310692
15,1.0,92,1,1.0,-1.0478855708590549,0.2007992682639625,0.2765935404814363,0.4731817605977929,0.336460389054415
15,1.0,92,2,1.0,-1.0478855708590549,0.4062635580332437,0.4603394413769144,0.7996417897340852,0.8354659567302953
15,1.0,92,3,1.0,-1.0478855708590549,0.659947720357273,0.6629583048339841,0.9049068759541038,0.912279169521344
15,1.0,93,1,1000.0,-0.973750209528788,0.0764232868349999,0.1309965995365156,0.6627687277357528,0.8468979378665537
15,1.0,93,2,1000.0,-0.973750209528788,0.4132355267236627,0.4218823789255727,0.7214094867830516,0.7263579870513293
15,1.0,93,3,1000.0,-0.973750209528788,0.6455757083636541,0.6462815702491757,0.930774004132263,0.9340025017440544
15,1.0,94,1,1.0,-1.0774763815078143,0.0050610973291049,0.0812647424176586,0.1584309677473052,0.5247490250426741
15,1.0,94,2,1.0,-1.0774763815078143,0.4546802912349139,0.4620331879972545,0.8550183400569282,0.862143418310594
15,1.0,94,3,1.0,-1.0774763815078143,0.7428054260236469,0.7663600968406695,0.8579731823845309,0.8827857359373628
15,1.0,95,1,0.01,-0.9811490674076536,0.6975988164859932,0.9244379036018516,0.9272477110030608,0.953359538973788
15,1.0,95,2,0.01,-0.9811490674076536,0.8801225038277138,0.8586617813324435,0.9858983763744942,0.8740739256647503
15,1.0,95,3,0.01,-0.9811490674076536,0.8492338783725252,0.6087188761619765,0.9789135092584424,0.8217043059586725
15,1.0,96,1,0.1,-1.020167718009441,0.449771484403957,0.6297663257678948,0.9271562260191556,0.9792299691092604
15,1.0,96,2,0.1,-1.020167718009441,0.6120584299212202,0.722765388715285,0.9488655303483032,0.9720386818286244
15,1.0,96,3,0.1,-1.020167718009441,0.8173848569267627,0.8864132792544819,0.9251970852765004,0.9638218078921192
15,1.0,97,1,0.1,-0.9205236085805526,0.1120812754962447,0.3022041289863483,0.050776615840783,0.1417196259561035
15,1.0,97,2,0.1,-0.9205236085805526,0.5100184195935574,0.586327539139607,0.9568567882050972,0.9790332702864696
15,1.0,97,3,0.1,-0.9205236085805526,0.801950817407853,0.8631823611199861,0.9356522555037604,0.968609869260938
15,1.0,98,1,0.1,-1.0135317446345702,0.5543461623723394,0.6251685683432612,0.8648716066312873,0.9258849228111498
15,1.0,98,2,0.1,-1.0135317446345702,0.4866278466963267,0.5497296532358472,0.9086279631160892,0.9568394005609888
15,1.0,98,3,0.1,-1.0135317446345702,0.7026916896758978,0.8900904048315347,0.8043252091462868,0.970858117192106
15,1.0,99,1,1000.0,-1.020534551532509,0.0075800212326354,0.0144343036986952,0.0005626820309008,0.0136540573752124
15,1.0,99,2,1000.0,-1.020534551532509,0.2457743849391077,0.2683456056230324,0.6354498584028883,0.644861108720013
15,1.0,99,3,1000.0,-1.020534551532509,0.6532486862060876,0.6551200396214424,0.865649679016126,0.8736621457320687
15,1.0,100,1,0.01,-1.002513576871944,0.4264253790459594,0.833710260309282,0.939441581157042,0.6068030276302361
15,1.0,100,2,0.01,-1.002513576871944,0.5875185762744166,0.6590550225154173,0.9157087706868938,0.4439273072466666
15,1.0,100,3,0.01,-1.002513576871944,0.7952645577436144,0.5983647498579728,0.9584156274410806,0.6323738881226911
15,1.0,101,1,10.0,-0.9778772853762556,0.0032909702324659,0.0007911938471775,0.1001629154424615,0.1361255088251041
15,1.0,101,2,10.0,-0.9778772853762556,0.5262142524804149,0.5304502493395787,0.8316228360681185,0.8374288226658269
15,1.0,101,3,10.0,-0.9778772853762556,0.7773696246505736,0.8037867762020765,0.8802426388317258,0.9002442299414973
15,1.0,102,1,0.01,-0.9869539629635716,0.2653785323874897,0.6401617404461047,0.9721264090545048,0.2884416210686157
15,1.0,102,2,0.01,-0.9869539629635716,0.7176056032671153,0.7518199079035379,0.9704518019677344,0.7558716023722611
15,1.0,102,3,0.01,-0.9869539629635716,0.8650076195134475,0.580101099569268,0.947239515607885,0.6155835281848002
15,1.0,103,1,0.1,-1.0223226157468204,0.0008575438707201,0.000294456103174,0.8842698358324683,0.937752817718336
15,1.0,103,2,0.1,-1.0223226157468204,0.6830561444034569,0.8092933246645742,0.9653765666034788,0.9480482480663636
15,1.0,103,3,0.1,-1.0223226157468204,0.7489757874522963,0.8872163402469044,0.9582371085151165,0.9500172846862184
15,1.0,104,1,1.0,-1.076208510086571,0.1346024959510518,0.2249929850592066,0.2249552158308444,0.7544851118815443
15,1.0,104,2,1.0,-1.076208510086571,0.332191363647851,0.4014034715482346,0.7229245357080949,0.7707877269912662
15,1.0,104,3,1.0,-1.076208510086571,0.6530972901175178,0.6551927848711605,0.7534951025179156,0.7684555419758771
15,1.0,105,1,0.1,-1.0213636165930535,0.4130295115022705,0.5853476577105606,0.9153394214031572,0.9786505869488512
15,1.0,105,2,0.1,-1.0213636165930535,0.6839312678345779,0.8330159012927993,0.9575430513579604,0.987490331166216
15,1.0,105,3,0.1,-1.0213636165930535,0.7313089210497731,0.8998240580735262,0.816219856843787,0.9718741680906762
15,1.0,106,1,1.0,-1.0452892560247578,0.3149810861733769,0.3532492330518899,0.718107060345953,0.7801583920830706
15,1.0,106,2,1.0,-1.0452892560247578,0.3442438392509764,0.4030691902410347,0.7710996814529999,0.8169646466666763
15,1.0,106,3,1.0,-1.0452892560247578,0.6610805143677617,0.6590342752192846,0.9102318959638288,0.9095125229051596
15,1.0,107,1,0.01,-1.0159995071103656,0.6247931585335685,0.8404023246096367,0.9975046262175666,0.5635248251327785
15,1.0,107,2,0.01,-1.0159995071103656,0.8273609334471406,0.8261636248606452,0.9692777640696302,0.9085007241582612
15,1.0,107,3,0.01,-1.0159995071103656,0.8121517192709113,0.6670145494257094,0.9607157775048148,0.8230098641325844
15,1.0,108,1,1.0,-1.0362444397136426,0.0796931035551873,0.0671684053992498,0.4887680739241853,0.5035054695673291
15,1.0,108,2,1.0,-1.0362444397136426,0.48623441805559,0.5096364839043049,0.6554817029080406,0.6823475710905346
15,1.0,108,3,1.0,-1.0362444397136426,0.7419673650466937,0.7513914280031635,0.923658859274058,0.931968798984498
15,1.0,109,1,0.01,-1.0282940877722695,0.7567528838592027,0.7710161655996263,0.9291872268262856,0.664774665287951
15,1.0,109,2,0.01,-1.0282940877722695,0.8686016712142937,0.4277454431166594,0.9815802740132638,0.4860049950593811
15,1.0,109,3,0.01,-1.0282940877722695,0.6276307547815001,0.6533786851384104,0.9180488721313672,0.836224399494916
15,1.0,110,1,0.1,-1.010889236631734,0.187837911108474,0.2079632217390755,0.8860777015715956,0.9306108003912528
15,1.0,110,2,0.1,-1.010889236631734,0.4578478538276139,0.4777044706634716,0.925106498360642,0.914287143331471
15,1.0,110,3,0.1,-1.010889236631734,0.6685647556976712,0.6863184175999463,0.9296119404356968,0.9455043968179508
15,1.0,111,1,0.1,-1.0103592448140355,0.5300431427118197,0.6095043830161478,0.9021577686048072,0.9519594068345342
15,1.0,111,2,0.1,-1.0103592448140355,0.65957201308946,0.7754608453805254,0.8658658670739887,0.9473505203981564
15,1.0,111,3,0.1,-1.0103592448140355,0.6646479601410283,0.6718419537295982,0.9348855427080804,0.9392577415547282
15,1.0,112,1,0.1,-1.007030399815264,0.4094793328546179,0.5992707563446004,0.9202050314987662,0.9632934154856212
15,1.0,112,2,0.1,-1.007030399815264,0.4753830482914304,0.807809694868378,0.5781969272345562,0.8114567967507683
15,1.0,112,3,0.1,-1.007030399815264,0.7705120147321994,0.7806086679905788,0.9827616180886376,0.9869773293208652
15,1.0,113,1,0.001,-0.9768429276981524,0.2953842644584058,0.0926131722360075,0.7004951916812685,0.0803323930535084
15,1.0,113,2,0.001,-0.9768429276981524,0.5585122464217087,0.0702205136825886,0.9364532065190834,0.0962592818265449
15,1.0,113,3,0.001,-0.9768429276981524,0.6585376315281598,0.0748950348410663,0.9287083565912628,0.3949510503940805
15,1.0,114,1,0.1,-0.9758871084136168,0.1910147513021405,0.3639058944854712,0.4976446402380356,0.5773151750395868
15,1.0,114,2,0.1,-0.9758871084136168,0.5341714804300832,0.6845767952238394,0.8175467867894939,0.8905838359485465
15,1.0,114,3,0.1,-0.9758871084136168,0.7831471386290052,0.8733634299421095,0.9015155792292264,0.9520399882658775
15,1.0,115,1,0.01,-1.0526336074039635,0.5087150833502476,0.599256582542714,0.906662378633301,0.5738534351554546
15,1.0,115,2,0.01,-1.0526336074039635,0.515297407192216,0.6505961039965583,0.8964616423795979,0.4893695804630661
15,1.0,115,3,0.01,-1.0526336074039635,0.7743945902990853,0.7927094760075937,0.6645040235594568,0.7200093991733049
15,1.0,116,1,1.0,-1.0881137052373575,0.1024510947849498,0.1622132956573127,0.6299370823864868,0.7200462796347891
15,1.0,116,2,1.0,-1.0881137052373575,0.4004886551815174,0.4337186583263206,0.5605316039206162,0.6013493005950006
15,1.0,116,3,1.0,-1.0881137052373575,0.7037368603855225,0.7086244440405899,0.8328869817181711,0.8386819332244414
15,1.0,117,1,0.1,-0.9593497941671422,0.0129942859350435,0.0099799020022758,0.1059731527310324,0.1802289510271117
15,1.0,117,2,0.1,-0.9593497941671422,0.3591783237249282,0.4516353961041363,0.9214520321505628,0.9770989677927748
15,1.0,117,3,0.1,-0.9593497941671422,0.6487184018221723,0.7430502741456354,0.9912153078332524,0.8977649023003088
15,1.0,118,1,1000.0,-1.0702489086447036,0.1790470906340684,0.4009233562136899,0.1403643374266224,0.661376271151221
15,1.0,118,2,1000.0,-1.0702489086447036,0.5320273900143832,0.5437137427777026,0.8300732625130163,0.8385302382139527
15,1.0,118,3,1000.0,-1.0702489086447036,0.6526097634856743,0.6527268649712842,0.7281500452020331,0.7071366032748901
15,1.0,119,1,0.01,-1.0192614551526258,0.0029909026137069,0.7322255948289733,0.8516270507144214,0.0524006543192983
15,1.0,119,2,0.01,-1.0192614551526258,0.4973389624921203,0.6367111607628095,0.9507627567295118,0.3493233942255875
15,1.0,119,3,0.01,-1.0192614551526258,0.9225140277712136,0.6756142601951963,0.9685087164588312,0.8013066522670895
15,1.0,120,1,0.01,-0.9507605011405288,0.6141930916102352,0.7589870022969294,0.1713448767154832,0.197731741514428
15,1.0,120,2,0.01,-0.9507605011405288,0.7779194281644781,0.5371923380014341,0.9672656790477951,0.7050845234071499
15,1.0,120,3,0.01,-0.9507605011405288,0.886308429836209,0.6310138213731897,0.96684355299698,0.6670372144257666
15,1.0,121,1,10.0,-0.9993304990640476,0.0058021950028785,0.0048524536355746,0.3189192850614823,0.32198172795969
15,1.0,121,2,10.0,-0.9993304990640476,0.4295572801251442,0.4472810109220038,0.9025655424894452,0.9185914217398332
15,1.0,121,3,10.0,-0.9993304990640476,0.8272062943823282,0.8407984878409698,0.9452399739735164,0.95319376465421
15,1.0,122,1,1000.0,-1.0621109462755125,0.1791626384509463,0.1282479702550503,0.8358221171753022,0.8078341759473909
15,1.0,122,2,1000.0,-1.0621109462755125,0.5461096488013741,0.5797164324375625,0.8658872222987835,0.8840135229948345
15,1.0,122,3,1000.0,-1.0621109462755125,0.6412985396840533,0.6417833849921388,0.941330848115094,0.9393753843055432
15,1.0,123,1,0.1,-1.060425328275713,0.1795116340663584,0.2989899831556373,0.9042799719503894,0.9476530125030485
15,1.0,123,2,0.1,-1.060425328275713,0.4806332974050123,0.6143194568716277,0.8644678178480947,0.9484194283948552
15,1.0,123,3,0.1,-1.060425328275713,0.6584316306194424,0.8412285286317033,0.6736624788490703,0.7728274700798626
15,1.0,124,1,1.0,-0.972603718927585,0.1417357372106871,0.1414707890726316,0.8909269467597987,0.9207765474668528
15,1.0,124,2,1.0,-0.972603718927585,0.4566139964989794,0.5119856529472891,0.8893394802625906,0.9322728897340652
15,1.0,124,3,1.0,-0.972603718927585,0.7010962723927049,0.710967632921167,0.8441286771696722,0.8555897212151987
15,1.0,125,1,0.1,-0.9863603315653257,0.3594215511943006,0.4360314688218602,0.9048994041697366,0.94502968861617
15,1.0,125,2,0.1,-0.9863603315653257,0.6011308863069978,0.6792171242630849,0.9157206679487936,0.9493337981973718
15,1.0,125,3,0.1,-0.9863603315653257,0.6394712122110947,0.7434292502305917,0.923298842254736,0.8732671437228235
15,1.0,126,1,10.0,-0.94568597407043,0.2081324657157093,0.2866009032187697,0.5633273430345559,0.631280469774312
15,1.0,126,2,10.0,-0.94568597407043,0.4725056407544741,0.5175257746745844,0.7433829594023653,0.7829513781326594
15,1.0,126,3,10.0,-0.94568597407043,0.6938060189734346,0.7047181983652323,0.8253609776922722,0.836885760486192
15,1.0,127,1,0.1,-1.0518107325515926,0.0007100290535312,0.1660973498339329,0.1647393160455576,0.6849776514502638
15,1.0,127,2,0.1,-1.0518107325515926,0.4469151738096243,0.5718070965502481,0.8094786905745763,0.9358918263583658
15,1.0,127,3,0.1,-1.0518107325515926,0.6519238509403792,0.8702541144996463,0.8312689535914893,0.8536451379033726
15,1.0,128,1,0.01,-0.9580660436243694,0.1075076082590786,0.3975784640612741,0.4804566195080983,0.0719323425693304
15,1.0,128,2,0.01,-0.9580660436243694,0.5721032052272773,0.7094785863564073,0.9322519072834778,0.7618539231327786
15,1.0,128,3,0.01,-0.9580660436243694,0.7170693426146353,0.6586479876211647,0.9140203161262088,0.8085293464435827
15,1.0,129,1,0.01,-1.0591016984689183,0.2130981919891287,0.5054778758918315,0.965036686657781,0.8586458899044047
15,1.0,129,2,0.01,-1.0591016984689183,0.7719753712155489,0.8291098393180811,0.9630675320819342,0.8591326576682274
15,1.0,129,3,0.01,-1.0591016984689183,0.8441650486939164,0.6498020523344344,0.9623438474635702,0.8627354399771638
15,1.0,130,1,1000.0,-1.0496285811430288,0.00919280950006,0.0161210901809137,0.7919759764453339,0.8328542198040902
15,1.0,130,2,1000.0,-1.0496285811430288,0.4667897777386696,0.4730502250849492,0.8397074251112421,0.8656929085558169
15,1.0,130,3,1000.0,-1.0496285811430288,0.8124277123366431,0.8572707874297155,0.8979302344374802,0.9194047606568692
15,1.0,131,1,1.0,-0.9693466828040336,0.1920779512571965,0.2354079088714688,0.2753374387460595,0.3214377111572644
15,1.0,131,2,1.0,-0.9693466828040336,0.4565710801862352,0.4857921355088034,0.8092480120690871,0.8316669037073644
15,1.0,131,3,1.0,-0.9693466828040336,0.6488138541307498,0.6506912089920025,0.725084712185969,0.7336224346428621
15,1.0,132,1,0.01,-1.0475547036819948,0.000930910283589,0.8835471196889809,0.06531419721563,0.617517510932549
15,1.0,132,2,0.01,-1.0475547036819948,0.609326767679929,0.6432078268873127,0.9579659240759776,0.8587480325332932
15,1.0,132,3,0.01,-1.0475547036819948,0.8437796185928351,0.6597621618268658,0.976307701414308,0.8534445455106926
15,1.0,133,1,10.0,-0.9782616172084636,0.2103396915029494,0.3112413106792276,0.3869650777822117,0.4484568359757546
15,1.0,133,2,10.0,-0.9782616172084636,0.3400956009756798,0.4007649053476225,0.7432453893669216,0.786617257841226
15,1.0,133,3,10.0,-0.9782616172084636,0.6423595855680773,0.6422431055415071,0.8729604575287948,0.8756030350157201
15,1.0,134,1,0.1,-1.1372251249133998,1.111179422958596e-06,0.74953812449361,0.1964065553028671,0.5911408042277259
15,1.0,134,2,0.1,-1.1372251249133998,0.8470932163917377,0.8723996381638852,0.9527169734482758,0.9678489403914138
15,1.0,134,3,0.1,-1.1372251249133998,0.6544964418805115,0.7188943436999954,0.9682931514719296,0.9402111725742996
15,1.0,135,1,1000.0,-0.9635642671928488,0.448152239135044,0.5174266042447756,0.7056280875372225,0.7511027333550616
15,1.0,135,2,1000.0,-0.9635642671928488,0.2996076011463692,0.3403109377075686,0.8295244717279522,0.8564505378074692
15,1.0,135,3,1000.0,-0.9635642671928488,0.644418046587918,0.6446148614696966,0.9496015044760768,0.950340283995109
15,1.0,136,1,0.1,-1.1323498193228942,0.5235140822725151,0.6287743116993808,0.9407407731706594,0.9649554106475264
15,1.0,136,2,0.1,-1.1323498193228942,0.7843671038352948,0.8428508533876764,0.972112955944844,0.980028620382687
15,1.0,136,3,0.1,-1.1323498193228942,0.7157753545044071,0.9282943875766264,0.9249531860131904,0.9782138234616212
15,1.0,137,1,1.0,-1.009192412804415,0.0543647662826141,0.014405537446995,0.1956000584970647,0.1000601039633257
15,1.0,137,2,1.0,-1.009192412804415,0.6674549576556148,0.718273451946984,0.8392685766071739,0.880142708410996
15,1.0,137,3,1.0,-1.009192412804415,0.6455219368520443,0.6454641486567527,0.8813565807305741,0.8860843931966768
15,1.0,138,1,1.0,-1.0571915287955918,0.0009989830928689,0.0130769003044712,0.9717537707023524,0.9310817101450608
15,1.0,138,2,1.0,-1.0571915287955918,0.2913381185556645,0.3444042868520252,0.877620637303348,0.9070124235456613
15,1.0,138,3,1.0,-1.0571915287955918,0.6424192907533627,0.6437427603800175,0.9505707362448174,0.9553558043957469
15,1.0,139,1,1000.0,-1.040467386514504,0.0238402563825618,0.0378315669817677,0.4104627210365231,0.8402964015601284
15,1.0,139,2,1000.0,-1.040467386514504,0.4584765076602027,0.4691502108618537,0.7495855690305833,0.7567554523046904
15,1.0,139,3,1000.0,-1.040467386514504,0.6406694890000045,0.6357726950055063,0.8563623354851271,0.8815976282892289
15,1.0,140,1,10.0,-1.054532700769672,0.0232415088479978,0.0199617846501989,0.2032946524129955,0.1858827008552946
15,1.0,140,2,10.0,-1.054532700769672,0.4033604417913995,0.424181426857123,0.8949285639572819,0.9107550593047696
15,1.0,140,3,10.0,-1.054532700769672,0.6983532881856012,0.7179220286130409,0.8529916700885415,0.8743204163506083
15,1.0,141,1,1.0,-1.0267782567087966,0.0060970800416523,0.0701916001535197,0.1382959506643224,0.0454246629791111
15,1.0,141,2,1.0,-1.0267782567087966,0.5483879740706775,0.6026479989935318,0.8096354800182859,0.8586844560737279
15,1.0,141,3,1.0,-1.0267782567087966,0.7385207754083262,0.7484431591338718,0.8914460589074258,0.898977124175589
15,1.0,142,1,0.1,-1.001312016130607,0.3846766395107915,0.5776237273844643,0.7903153986729177,0.9147815974315744
15,1.0,142,2,0.1,-1.001312016130607,0.719616912184835,0.7942018142019347,0.8655545392684068,0.889291406173156
15,1.0,142,3,0.1,-1.001312016130607,0.645887971828403,0.6546086466438548,0.9650899603287764,0.9745601063576496
15,1.0,143,1,0.1,-1.0289240529568875,0.5725214463402026,0.6135573985478211,0.8391776859781087,0.8925837888090434
15,1.0,143,2,0.1,-1.0289240529568875,0.73760605390282,0.822731343463919,0.9197159011165176,0.9653891195569496
15,1.0,143,3,0.1,-1.0289240529568875,0.6723066563291656,0.6774118227355933,0.8825035939108173,0.8974299193116918
15,1.0,144,1,1.0,-1.0450580543980754,0.194191558546665,0.3178976834186469,0.5013418273656746,0.7547597910730889
15,1.0,144,2,1.0,-1.0450580543980754,0.5468165093847877,0.5728075862922761,0.8547369682264434,0.8752314253594489
15,1.0,144,3,1.0,-1.0450580543980754,0.7940178548065192,0.8022252627303573,0.9002797554964133,0.9060792386529264
15,1.0,145,1,0.1,-0.9524784597093352,0.3393120221682246,0.3868197604046299,0.4624483705713617,0.953903671828178
15,1.0,145,2,0.1,-0.9524784597093352,0.5789496425039218,0.7246143603627422,0.8982042312684696,0.9617057759700004
15,1.0,145,3,0.1,-0.9524784597093352,0.9088543861408436,0.918155636200284,0.9612077475829643,0.9225019115161868
15,1.0,146,1,0.01,-1.0519913717464195,0.6635434928099467,0.838983265702441,0.2185820541124563,0.0369793879561137
15,1.0,146,2,0.01,-1.0519913717464195,0.7508802225603834,0.4751636634372475,0.9749103559229734,0.4642802501153222
15,1.0,146,3,0.01,-1.0519913717464195,0.8456163587716076,0.57102972678917,0.9765514963253484,0.7527758182924481
15,1.0,147,1,1.0,-1.0003105713534193,0.2323107011333641,0.259044704423304,0.5291036443624688,0.5960962567996463
15,1.0,147,2,1.0,-1.0003105713534193,0.5494622319116715,0.5739625172330263,0.8935476855750512,0.905296554477974
15,1.0,147,3,1.0,-1.0003105713534193,0.8276972130146162,0.8368250638691469,0.9422024497463212,0.948624738873059
15,1.0,148,1,10.0,-1.0450333949223962,0.2957499664805824,0.3655835163398953,0.2708877356184462,0.5282346448280473
15,1.0,148,2,10.0,-1.0450333949223962,0.4981740608078899,0.5176590712103938,0.8170600827599744,0.8315898708679375
15,1.0,148,3,10.0,-1.0450333949223962,0.638453308493881,0.6395254240998663,0.7597274515050142,0.7674142598222948
15,1.0,149,1,1.0,-0.9782336384343888,0.2374910846261118,0.3423978231455561,0.3019301749856631,0.3876699468506165
15,1.0,149,2,1.0,-0.9782336384343888,0.3366104632611999,0.3711606807862581,0.8823244616839683,0.9064158461707406
15,1.0,149,3,1.0,-0.9782336384343888,0.646290031797682,0.6464722006042782,0.7112637800113416,0.7135549685193374
15,1.0,150,1,10.0,-0.9395297629165944,0.2377837073075275,0.3514964191333741,0.5980885520791457,0.7249637806135809
15,1.0,150,2,10.0,-0.9395297629165944,0.4420765420181944,0.5130195414694636,0.8069812354546493,0.8515779118296846
15,1.0,150,3,10.0,-0.9395297629165944,0.6680795625759136,0.6765729448924706,0.7965754473626565,0.8098791400672133
15,1.0,151,1,10.0,-1.0622006661179846,0.0442798361224972,0.0402768618239659,0.0071818248476779,0.0020159122751529
15,1.0,151,2,10.0,-1.0622006661179846,0.4555290799561817,0.5030450594959035,0.6363902652835659,0.6696005130806416
15,1.0,151,3,10.0,-1.0622006661179846,0.6348100387107888,0.6395318220299009,0.8491885110187735,0.8734581736455332
15,1.0,152,1,0.1,-0.9933771337980352,0.2637373398454724,0.7066294495020848,0.1382359039564574,0.6100485362969919
15,1.0,152,2,0.1,-0.9933771337980352,0.6429902274524748,0.7723680037253662,0.845769815022386,0.9351038834236748
15,1.0,152,3,0.1,-0.9933771337980352,0.6419520452146507,0.6348656866144039,0.9708229794762292,0.973478158183394
15,1.0,153,1,0.01,-0.9555349450251004,0.5066712526746888,0.8570844686938228,0.9597610269081664,0.4686697650010124
15,1.0,153,2,0.01,-0.9555349450251004,0.6009800003284664,0.7515580587023016,0.9694802308634664,0.6282235978211881
15,1.0,153,3,0.01,-0.9555349450251004,0.7515249661188115,0.6208988817665103,0.975024326639343,0.6486413228270186
15,1.0,154,1,0.1,-1.0014659149021716,0.6312073501505293,0.7213779143794143,0.8008759979060548,0.9418952420460512
15,1.0,154,2,0.1,-1.0014659149021716,0.5493477854960662,0.6881147385619164,0.9835604171728404,0.9838768610775211
15,1.0,154,3,0.1,-1.0014659149021716,0.8719768207681567,0.8963280130970571,0.9771624305253984,0.9862283106229692
15,1.0,155,1,1.0,-1.028487297718566,1.362613069799245e-05,0.1186570360457935,0.000836921143589,0.2164911551877954
15,1.0,155,2,1.0,-1.028487297718566,0.5609010746063027,0.5913023268688147,0.7329879240366834,0.7696800201182196
15,1.0,155,3,1.0,-1.028487297718566,0.6389216753094625,0.6378482349850864,0.8977291043676164,0.9033559337730024
15,1.0,156,1,0.1,-1.015972110705732,0.0377022132837799,0.5198704813876974,0.0098943637587072,0.9444483822574838
15,1.0,156,2,0.1,-1.015972110705732,0.5072115568272033,0.6762565343812401,0.8256619404757157,0.9664505260409668
15,1.0,156,3,0.1,-1.015972110705732,0.6517322166569569,0.6535718267307388,0.972270852669884,0.9808445900443928
15,1.0,157,1,0.01,-1.0844193766399886,0.0521223723708521,0.6491557987575202,0.1844782648012122,0.8387300505618784
15,1.0,157,2,0.01,-1.0844193766399886,0.4317063615029987,0.502472522856654,0.9643653480290008,0.5315334653595793
15,1.0,157,3,0.01,-1.0844193766399886,0.6225265610692786,0.7634263720986043,0.9462009960819616,0.6728071451535445
15,1.0,158,1,0.01,-1.071695749379323,0.0084248974643093,0.4829860966048443,0.8530116546003571,0.7460767782220663
15,1.0,158,2,0.01,-1.071695749379323,0.5367602134801475,0.783264066479286,0.915957041273176,0.8745155017322559
15,1.0,158,3,0.01,-1.071695749379323,0.8484401123932304,0.6245874193575146,0.98020410421302,0.8652201337708169
15,1.0,159,1,0.1,-1.0191226662659945,0.2257871603993528,0.3627284749907968,0.8962963332512919,0.9754909246177692
15,1.0,159,2,0.1,-1.0191226662659945,0.5164040967630583,0.8295685944494602,0.74443983753834,0.9784893409018316
15,1.0,159,3,0.1,-1.0191226662659945,0.7531854210146354,0.7810778076791077,0.9272948838822082,0.9500403963627906
15,1.0,160,1,0.1,-0.9478395717328676,0.1617127331914208,0.3945897618421848,0.818056526940151,0.7678601644566253
15,1.0,160,2,0.1,-0.9478395717328676,0.5349118545828854,0.6961396888922065,0.9377099407102284,0.8921808989052387
15,1.0,160,3,0.1,-0.9478395717328676,0.7785348830160834,0.8651758589708317,0.9044150130524804,0.9542365077572892
15,1.0,161,1,1.0,-0.9479241828232988,0.2216632768911885,0.4519745139056161,0.5312087448461464,0.9169047711912304
15,1.0,161,2,1.0,-0.9479241828232988,0.5369152727139218,0.5577486870604124,0.9060913235686288,0.9225752513764928
15,1.0,161,3,1.0,-0.9479241828232988,0.7475612639827506,0.8030438799754664,0.8829841516338623,0.9213017782661804
15,1.0,162,1,1000.0,-1.0625402556463548,0.2690850385709595,0.3408866932330096,0.5492870520168156,0.8123619393429272
15,1.0,162,2,1000.0,-1.0625402556463548,0.4768962124892753,0.4782994737828588,0.86783946678732,0.8675550759850763
15,1.0,162,3,1000.0,-1.0625402556463548,0.8381265779127621,0.8444266929054386,0.9285936764037696,0.9319501598897934
15,1.0,163,1,0.01,-1.0020200226170557,0.2165583545896976,0.7168650818232817,0.5900188994609739,0.8101290108901008
15,1.0,163,2,0.01,-1.0020200226170557,0.588531893229553,0.6544740439391137,0.9731837078845592,0.5529451714997804
15,1.0,163,3,0.01,-1.0020200226170557,0.7038523548276623,0.7866184222127339,0.9084959430863168,0.8355414240611371
15,1.0,164,1,0.1,-0.9981525783963928,0.3666490296581548,0.3838596787042589,0.9420543157243044,0.5615497057925661
15,1.0,164,2,0.1,-0.9981525783963928,0.40702173553059,0.4731543198751904,0.9448830863734164,0.9698219245693368
15,1.0,164,3,0.1,-0.9981525783963928,0.6540304804231345,0.6596994253663212,0.9106161320776036,0.9260905134434444
15,1.0,165,1,0.1,-1.0732152361559182,0.4676463442165487,0.6534759906768948,0.6721349095851543,0.8307250961884146
15,1.0,165,2,0.1,-1.0732152361559182,0.6833969519014019,0.7082043375340921,0.8909289817726624,0.9419855165818612
15,1.0,165,3,0.1,-1.0732152361559182,0.6871376791974005,0.8678955302800618,0.9282143542340144,0.9310075448833453
15,1.0,166,1,0.1,-0.9432115067368124,0.4072504697128234,0.6457474519701263,0.8141013274936436,0.940877292760717
15,1.0,166,2,0.1,-0.9432115067368124,0.6831286155026659,0.7394199695081818,0.9233173454678564,0.9612878812687232
15,1.0,166,3,0.1,-0.9432115067368124,0.8399081232382359,0.9188193773364284,0.964630544978598,0.9880659298897738
15,1.0,167,1,1000.0,-1.0260800941733528,0.0760849632492672,0.0954401350111376,0.1523590994295353,0.3022216061615354
15,1.0,167,2,1000.0,-1.0260800941733528,0.4803851841043393,0.5108936143262939,0.6921243211602361,0.7193914402567039
15,1.0,167,3,1000.0,-1.0260800941733528,0.7347640706188582,0.7400475594376088,0.8816634886892202,0.8865695405759082
15,1.0,168,1,1000.0,-1.0410126345487518,0.0199386069792013,0.0408253629824383,0.0132074484552626,0.4580426190463446
15,1.0,168,2,1000.0,-1.0410126345487518,0.4828875241440875,0.4930822618742936,0.7381532620323021,0.7466754521059558
15,1.0,168,3,1000.0,-1.0410126345487518,0.6470494716867459,0.655669284222535,0.7904561128571655,0.8195400831676722
15,1.0,169,1,1.0,-1.0399495975427886,0.079772832063695,0.0252026380883057,0.5573050155667011,0.8540754137938948
15,1.0,169,2,1.0,-1.0399495975427886,0.5140579718682077,0.526491310482851,0.8266201201929058,0.8382367519395275
15,1.0,169,3,1.0,-1.0399495975427886,0.639344927009977,0.6484722447196122,0.7041319478774145,0.6804856794345078
15,1.0,170,1,0.001,-0.9869619711286868,0.1942613124688009,0.0015721365763662,0.9148990834483544,0.3840297054550597
15,1.0,170,2,0.001,-0.9869619711286868,0.5490674408309274,0.0720496995794079,0.981169264172761,0.399419300798401
15,1.0,170,3,0.001,-0.9869619711286868,0.6525626105234351,0.0624947036582841,0.9768276076548232,0.6533084186715558
15,1.0,171,1,10.0,-1.0556300837237198,0.000486739119994,0.0150843853034835,0.6070856766384742,0.7613551026927428
15,1.0,171,2,10.0,-1.0556300837237198,0.4854724438728659,0.5082784003491225,0.710056136873503,0.7285097217792234
15,1.0,171,3,10.0,-1.0556300837237198,0.8379176874661166,0.8443942530849293,0.9157143452320372,0.9191778351593924
15,1.0,172,1,0.1,-1.0444466464244635,0.3792324976224798,0.501143296524814,0.8372402776539876,0.8707467030124364
15,1.0,172,2,0.1,-1.0444466464244635,0.4339277117612152,0.47846930621791,0.9244358876556208,0.9313515352466736
15,1.0,172,3,0.1,-1.0444466464244635,0.7103384361564712,0.8466065121296676,0.8339244450567346,0.959044414583316
15,1.0,173,1,0.01,-0.9724697350952988,0.1760662789437922,0.5800994997914191,0.919327508299818,0.0357896102189339
15,1.0,173,2,0.01,-0.9724697350952988,0.4222763431653363,0.7553510642872646,0.978109504105801,0.5249267745781391
15,1.0,173,3,0.01,-0.9724697350952988,0.8632303366057306,0.5264334427834146,0.908984779504384,0.6402413610360159
15,1.0,174,1,1.0,-0.9253081883582578,0.2175152352301888,0.4358332378011141,0.3184587765308805,0.5661143592691004
15,1.0,174,2,1.0,-0.9253081883582578,0.4783185906436967,0.526400016750623,0.8097583095297579,0.848649120780615
15,1.0,174,3,1.0,-0.9253081883582578,0.6661845481208853,0.6676985017907464,0.831985059867207,0.8358429619594716
15,1.0,175,1,0.0001,-1.1834660661223455,0.0820559329644545,1.320241446134315e-05,0.8077339402204067,0.6356509330998386
15,1.0,175,2,0.0001,-1.1834660661223455,0.2513113616471955,0.0026958789801179,0.9616789094740892,0.3740086574846107
15,1.0,175,3,0.0001,-1.1834660661223455,0.2601078829546703,0.0035640751231764,0.960943342465565,0.3251851425018408
15,1.0,176,1,0.01,-0.9967431024292271,0.801843466057579,0.8487174760299535,0.9918166675646825,0.9111112018266254
15,1.0,176,2,0.01,-0.9967431024292271,0.6282246228223304,0.4747815348230857,0.9107582587808236,0.5358027898670226
15,1.0,176,3,0.01,-0.9967431024292271,0.5932782088140229,0.6368757153616655,0.9559576095650352,0.7938372624560701
15,1.0,177,1,0.1,-0.9992246622248276,0.4792661217223838,0.5750892170352742,0.8976738027344116,0.957707573662822
15,1.0,177,2,0.1,-0.9992246622248276,0.6796258679777678,0.734885929490381,0.9480485904868622,0.959301289635676
15,1.0,177,3,0.1,-0.9992246622248276,0.7598471997527079,0.8193093865722282,0.845415820079562,0.9012422136347826
15,1.0,178,1,10.0,-1.0151855927351618,0.1530720693975706,0.1592330957611739,0.9394257685392148,0.9429675999646652
15,1.0,178,2,10.0,-1.0151855927351618,0.334348169291759,0.3921512277798635,0.7454371326750444,0.7886430544650354
15,1.0,178,3,10.0,-1.0151855927351618,0.6678219018506671,0.6732939930325141,0.8253306920832593,0.8356820449567145
15,1.0,179,1,0.1,-1.0417420630373024,0.4310570967695236,0.5318377531697965,0.4847626956670954,0.468317074020797
15,1.0,179,2,0.1,-1.0417420630373024,0.7205478200780033,0.8098243375480467,0.928050169681148,0.9667396462517426
15,1.0,179,3,0.1,-1.0417420630373024,0.6711996716791631,0.7887347866425696,0.7933841747872815,0.9205083807911864
15,1.0,180,1,0.1,-0.9989154241561776,0.2439776665645725,0.3935523955355797,0.8604151451388825,0.9329691798331096
15,1.0,180,2,0.1,-0.9989154241561776,0.5043951430792101,0.642775438104713,0.9456377200124836,0.9888184352000056
15,1.0,180,3,0.1,-0.9989154241561776,0.7071183732901077,0.7340171309285575,0.8541577458445517,0.8828693519557079
15,1.0,181,1,0.1,-0.9819162060043216,0.5710487245573322,0.7698254993008854,0.851469699881206,0.9354438579205632
15,1.0,181,2,0.1,-0.9819162060043216,0.4780100901443965,0.7175849470135125,0.8807830881229632,0.920587157279198
15,1.0,181,3,0.1,-0.9819162060043216,0.7410529541868159,0.804468821615175,0.936418532121178,0.9622704373973188
15,1.0,182,1,1000.0,-1.0704848082931449,0.1815602854643909,0.230368179428707,0.4694788369284572,0.5528743459229778
15,1.0,182,2,1000.0,-1.0704848082931449,0.2722811247637144,0.2862722963382194,0.7937127297853008,0.8009332705975423
15,1.0,182,3,1000.0,-1.0704848082931449,0.6328775793435062,0.6413312838249157,0.7469623145312991,0.7768455360297066
15,1.0,183,1,0.1,-1.0706383432188429,0.7342558699087844,0.7936433706051269,0.836027607414581,0.9432821220812864
15,1.0,183,2,0.1,-1.0706383432188429,0.6566336173311114,0.7673102509990157,0.9504697343663936,0.9687549353136616
15,1.0,183,3,0.1,-1.0706383432188429,0.7270706586693372,0.7521123259636872,0.9619100910246556,0.9699625773824178
15,1.0,184,1,0.1,-1.062898091593702,0.5150524951181775,0.6574816831581306,0.8293236407487797,0.909415326343908
15,1.0,184,2,0.1,-1.062898091593702,0.4914246517544476,0.5326963108332969,0.8956729369895933,0.9385630691863444
15,1.0,184,3,0.1,-1.062898091593702,0.6480979647065016,0.6555532942720622,0.9294528213854704,0.942037072107748
15,1.0,185,1,0.1,-1.042680699821559,2.8906215093998196e-05,0.2124341882204883,0.8701708280997462,0.8965001352073607
15,1.0,185,2,0.1,-1.042680699821559,0.6807639475379621,0.7659307062134091,0.949166333547931,0.9733205905691424
15,1.0,185,3,0.1,-1.042680699821559,0.6538835822708934,0.9069809022557896,0.9298716307575176,0.7027549398318205
15,1.0,186,1,1.0,-1.021275732089708,0.3716609404492198,0.3886356287058207,0.8421055826294771,0.8504314574599844
15,1.0,186,2,1.0,-1.021275732089708,0.5146875103856852,0.530311899025689,0.9038295930172878,0.9111444657356318
15,1.0,186,3,1.0,-1.021275732089708,0.6536165934807152,0.6541582141178302,0.9240033941521372,0.9253735357733602
15,1.0,187,1,0.1,-0.9258558732832092,0.3987656962079386,0.5208221119769768,0.7210954952711535,0.844593596201768
15,1.0,187,2,0.1,-0.9258558732832092,0.6576229733059147,0.7832989012536328,0.8569638903692979,0.8957909553640693
15,1.0,187,3,0.1,-0.9258558732832092,0.6522701314600923,0.8157505044171726,0.8083394788427274,0.6628331521111549
15,1.0,188,1,0.01,-1.014733266945336,0.0826086833453148,0.9059806777385048,0.9314958995803516,0.2239746335256494
15,1.0,188,2,0.01,-1.014733266945336,0.5024293369758357,0.493804694596995,0.802014167352211,0.4497588506860263
15,1.0,188,3,0.01,-1.014733266945336,0.7734999730537896,0.5990054286697969,0.9379014887762572,0.7462170596732327
15,1.0,189,1,10.0,-1.0017103145501245,0.0592070683263216,0.0627735598257492,0.6801336012311978,0.7296382225071235
15,1.0,189,2,10.0,-1.0017103145501245,0.2672533119436671,0.2815879699243981,0.7433349654832715,0.7549516034496223
15,1.0,189,3,10.0,-1.0017103145501245,0.6409463977086446,0.6414033148916035,0.9352820905404672,0.936903786630094
15,1.0,190,1,0.1,-1.059814581789568,0.4466472178462245,0.6905882037306378,0.7576211547472683,0.8333685593329525
15,1.0,190,2,0.1,-1.059814581789568,0.4774731853679913,0.4843104786743641,0.8408691487565565,0.8037330590543291
15,1.0,190,3,0.1,-1.059814581789568,0.7805349259757893,0.8015233869853807,0.9674459788027742,0.9766019326830532
15,1.0,191,1,0.1,-1.0960753827650436,0.1463245613761324,0.2007357720076169,0.8964232687782313,0.9552721179985596
15,1.0,191,2,0.1,-1.0960753827650436,0.4414458345351363,0.4568179584916734,0.9438583883077386,0.9594629486507268
15,1.0,191,3,0.1,-1.0960753827650436,0.8143164193733549,0.8515332135945507,0.9463499391381124,0.9666089714796549
15,1.0,192,1,0.01,-1.0567629349846588,0.2298312855211008,0.8869767791442956,0.8896142207157245,0.7059551485204176
15,1.0,192,2,0.01,-1.0567629349846588,0.6663685315994327,0.8846456499497559,0.9212043876472228,0.7312506408317727
15,1.0,192,3,0.01,-1.0567629349846588,0.6861062709557729,0.6379858222350424,0.8627453070233067,0.6825915270902659
15,1.0,193,1,0.1,-1.0214619414281412,0.0246292822093342,0.0517826899445709,0.9822603837575364,0.9740056257242814
15,1.0,193,2,0.1,-1.0214619414281412,0.6256958933917365,0.7983905069442025,0.8970858353629758,0.9764274692542898
15,1.0,193,3,0.1,-1.0214619414281412,0.6826575493544812,0.6976296930749298,0.895771715225259,0.9346206307949784
15,1.0,194,1,1000.0,-1.0614632537958448,0.2759798473030783,0.3373017358202883,0.5178581661481001,0.5998652998230665
15,1.0,194,2,1000.0,-1.0614632537958448,0.5055985255252858,0.5154268675551659,0.9275940334496774,0.9320551996921832
15,1.0,194,3,1000.0,-1.0614632537958448,0.6861518803980657,0.6856224765410831,0.9489070378843452,0.9491991145666068
15,1.0,195,1,1000.0,-1.0544340646812709,0.0286342528285701,0.028047562177821,0.5532424930163657,0.5214450999940937
15,1.0,195,2,1000.0,-1.0544340646812709,0.3145352619885994,0.4125996872643152,0.7499964589000867,0.7951171005897368
15,1.0,195,3,1000.0,-1.0544340646812709,0.6383298944964778,0.6380528076002382,0.6845757886764866,0.6841646767741381
15,1.0,196,1,0.01,-1.074328671439056,0.7931971898316476,0.8303668793110601,0.9167401654784952,0.8916017417488852
15,1.0,196,2,0.01,-1.074328671439056,0.4752852245278677,0.4990647673603605,0.922141469023579,0.7594100931163756
15,1.0,196,3,0.01,-1.074328671439056,0.6719540476176188,0.7414459829358121,0.8060077345400113,0.8586900389473785
15,1.0,197,1,0.01,-1.0704699434889464,0.7666678048475479,0.8936905270602548,0.9457119006938384,0.8964505762949523
15,1.0,197,2,0.01,-1.0704699434889464,0.8885435810850608,0.8336811252956646,0.9602232044281572,0.9239991415782524
15,1.0,197,3,0.01,-1.0704699434889464,0.8495515570296455,0.6023325691432017,0.9546032984775992,0.6647551391465897
15,1.0,198,1,1.0,-1.0071805887999423,0.0862206027501276,0.0941193541155304,0.4032990540706176,0.6466092392775169
15,1.0,198,2,1.0,-1.0071805887999423,0.4470964508899002,0.4702343528257193,0.82364354132181,0.8450090739021193
15,1.0,198,3,1.0,-1.0071805887999423,0.6817032604402793,0.6895617960498023,0.8368159617603093,0.8517503242049682
15,1.0,199,1,0.1,-0.9463556980098112,0.0294174116328707,0.1086876012791545,0.7062341121271368,0.7759269221048154
15,1.0,199,2,0.1,-0.9463556980098112,0.2484178451905377,0.4964117596775845,0.8075167802139388,0.9820829098674854
15,1.0,199,3,0.1,-0.9463556980098112,0.6446056564972503,0.6633965130319058,0.9653418776445988,0.9328837927913088
15,2.0,0,1,0.01,-0.8478701409694319,0.8292442420571337,0.9418299250301544,0.9841015065154548,0.9799342786780972
15,2.0,0,2,0.01,-0.8478701409694319,0.8558667874085216,0.9095244174329332,0.9857790075189116,0.9513824696787117
15,2.0,0,3,0.01,-0.8478701409694319,0.7236990789493297,0.9296534158768006,0.9307821656744282,0.9217304697914934
15,2.0,1,1,0.1,-0.8089248330311136,0.0315144257245767,0.2381581437974331,0.8720274835917587,0.994180290865534
15,2.0,1,2,0.1,-0.8089248330311136,0.5752526916644236,0.7364444358582922,0.9474118818430184,0.9840637806615016
15,2.0,1,3,0.1,-0.8089248330311136,0.8376944600085637,0.8774350093562729,0.9740416774838474,0.988273181672747
15,2.0,2,1,0.01,-0.8029788344553921,0.3770815106407451,0.8487450295977567,0.9752291573596892,0.8316108145557134
15,2.0,2,2,0.01,-0.8029788344553921,0.7488955810190281,0.9053720625824973,0.9873542717952568,0.9429463198818636
15,2.0,2,3,0.01,-0.8029788344553921,0.7860974749506777,0.9326388359568424,0.8615041289201951,0.9599159054550228
15,2.0,3,1,0.1,-0.7789695383039481,0.8508235368302033,0.8726104808575288,0.8527872480386256,0.9417209239369806
15,2.0,3,2,0.1,-0.7789695383039481,0.790914782109544,0.846159772686415,0.9614076803716434,0.9829798708562788
15,2.0,3,3,0.1,-0.7789695383039481,0.7001691237446367,0.7053473915029516,0.916691912462677,0.9240169401266036
15,2.0,4,1,0.1,-0.7606960727974841,0.2836768969397092,0.6804731620077927,0.8424186165076546,0.933007473787125
15,2.0,4,2,0.1,-0.7606960727974841,0.4295330022831755,0.4929599542789392,0.9163278450471292,0.9837697800080568
15,2.0,4,3,0.1,-0.7606960727974841,0.6873630791618606,0.7538843107862347,0.9693478956875264,0.987298117362717
15,2.0,5,1,10.0,-0.8020638953330013,0.4559331169023046,0.4766464222194861,0.7511853515320314,0.8404588615369853
15,2.0,5,2,10.0,-0.8020638953330013,0.5288179189966752,0.5471559336110257,0.7772825040690198,0.7900956417613288
15,2.0,5,3,10.0,-0.8020638953330013,0.6911678638121499,0.6979056037898542,0.9201323739627796,0.9270183875956142
15,2.0,6,1,1.0,-0.8811099300846779,0.2504900506493367,0.3636474894491123,0.6668866697407873,0.792188468404185
15,2.0,6,2,1.0,-0.8811099300846779,0.3918992962294578,0.4089192309844445,0.8975549856265375,0.9073573503708074
15,2.0,6,3,1.0,-0.8811099300846779,0.6495486086211234,0.6937038661322049,0.6696137641916259,0.7186233738875071
15,2.0,7,1,0.01,-0.7622146296153137,0.1106914040947426,0.9677758507768222,0.976423719372569,0.2206818537122145
15,2.0,7,2,0.01,-0.7622146296153137,0.6596273876202864,0.972973429773476,0.9872434791313264,0.7204750936962545
15,2.0,7,3,0.01,-0.7622146296153137,0.9186899202677344,0.9796720797296428,0.992350855466972,0.9710969012395108
15,2.0,8,1,0.1,-0.7441238153176465,0.0864402442777845,0.2574835533352726,0.6318616958529277,0.8076471113960967
15,2.0,8,2,0.1,-0.7441238153176465,0.6372445057847217,0.8242557234657832,0.7827348976170496,0.9273969134223494
15,2.0,8,3,0.1,-0.7441238153176465,0.8654897982421526,0.8911332686279012,0.9626455387883608,0.9738300343377144
15,2.0,9,1,0.1,-0.8341607051922716,0.0086000592475723,0.6407024490640437,0.0388904183806804,0.9613409443276548
15,2.0,9,2,0.1,-0.8341607051922716,0.6308134606365038,0.7720922867790463,0.8981148427201914,0.9689909932627558
15,2.0,9,3,0.1,-0.8341607051922716,0.7359917047501886,0.8049675971020761,0.9423300790516644,0.9424993639189428
15,2.0,10,1,1.0,-0.8386236554382023,0.4277658601539247,0.4894108707240182,0.7361083470196256,0.7862572957142212
15,2.0,10,2,1.0,-0.8386236554382023,0.5551122499837418,0.576477705007071,0.8327540628335615,0.8489238806062794
15,2.0,10,3,1.0,-0.8386236554382023,0.6718590891111497,0.6811660577842016,0.9331010489245212,0.9432218603873394
15,2.0,11,1,0.1,-0.7857377625597308,2.0625370637877818e-06,0.0006093280157105,0.985784366371815,0.9855761598163072
15,2.0,11,2,0.1,-0.7857377625597308,0.5102546766467296,0.8850510403273535,0.9394926877924478,0.8004440865366234
15,2.0,11,3,0.1,-0.7857377625597308,0.804725903760919,0.8606297527042535,0.9666693674055192,0.9795223432601868
15,2.0,12,1,10.0,-0.8157865221051167,0.1575920603708763,0.1212527289025411,0.7555325501598911,0.8343189149229593
15,2.0,12,2,10.0,-0.8157865221051167,0.5901870739651573,0.6158911081027323,0.8196910832535764,0.8386105934124198
15,2.0,12,3,10.0,-0.8157865221051167,0.6388203063402114,0.6384042301651117,0.916479896731791,0.923187223282488
15,2.0,13,1,0.01,-0.7981085975039838,0.7792221165491875,0.9223961100785414,0.8974514033876034,0.9564687234985711
15,2.0,13,2,0.01,-0.7981085975039838,0.6942617844454644,0.898200337705414,0.9793603864170016,0.9373717363320052
15,2.0,13,3,0.01,-0.7981085975039838,0.6953014353954994,0.9311608875855404,0.7066063420529937,0.9819069925175656
15,2.0,14,1,0.01,-0.8305303210169542,0.1499043763181916,0.6000306679308467,0.9957813843774572,0.8216285501147852
15,2.0,14,2,0.01,-0.8305303210169542,0.6749012189846725,0.9505290908576742,0.9907730294237118,0.8527375008383096
15,2.0,14,3,0.01,-0.8305303210169542,0.84287296166144,0.9472587032566075,0.9612635044001436,0.925129753169597
15,2.0,15,1,0.1,-0.7739741676034416,0.2741556222501657,0.4089089968551917,0.9619845900475535,0.9660730022551182
15,2.0,15,2,0.1,-0.7739741676034416,0.6880209963713093,0.7698325134142234,0.9346056120591468,0.973569733060866
15,2.0,15,3,0.1,-0.7739741676034416,0.6512724524063215,0.7153506631287,0.8031652422323381,0.9111979182843896
15,2.0,16,1,1000.0,-0.757049895200583,0.2186076714997892,0.1873114756221726,0.7177342297436986,0.8896202185769827
15,2.0,16,2,1000.0,-0.757049895200583,0.4744015688142791,0.4896096774192753,0.7841397111833694,0.797003398443318
15,2.0,16,3,1000.0,-0.757049895200583,0.6537474458590918,0.6516419392101832,0.9164205141603504,0.9225289584849128
15,2.0,17,1,0.1,-0.8349698836055874,0.159955874035641,0.9104407604948136,0.2164178957427771,0.9708073501794738
15,2.0,17,2,0.1,-0.8349698836055874,0.6799216311877069,0.7383939520561109,0.963163584270778,0.9803390450101956
15,2.0,17,3,0.1,-0.8349698836055874,0.6844289524725745,0.7103268199686389,0.9314964892329458,0.9562250258595508
15,2.0,18,1,1.0,-0.8504758435864356,0.0341623756508853,0.0711521387458727,0.3423210879133224,0.5530091242946963
15,2.0,18,2,1.0,-0.8504758435864356,0.4281909747833555,0.4395409718324489,0.9639493396049764,0.9658641161945066
15,2.0,18,3,1.0,-0.8504758435864356,0.6619092585744503,0.664204004466781,0.9588137981429966,0.9627339937170216
15,2.0,19,1,0.1,-0.8132743246009818,0.443370764229742,0.6552099397340032,0.8973606064652859,0.9781110333843334
15,2.0,19,2,0.1,-0.8132743246009818,0.6359198174898,0.8092292636889997,0.8957795641927304,0.9832974103666152
15,2.0,19,3,0.1,-0.8132743246009818,0.6373675851989697,0.6362094153941197,0.9619263334556466,0.9723506543396312
15,2.0,20,1,0.1,-0.8252824216371315,0.5941327067671877,0.7891828415107376,0.7349568725256062,0.9543921231772832
15,2.0,20,2,0.1,-0.8252824216371315,0.476337655348128,0.5712505926544726,0.8416477021793866,0.9392492920226824
15,2.0,20,3,0.1,-0.8252824216371315,0.6596566890590347,0.69793919394888,0.9507418700740649,0.9852172539867456
15,2.0,21,1,0.01,-0.8398533242566291,0.6735307366851819,0.9431971420494089,0.9902604763705052,0.8127095188320101
15,2.0,21,2,0.01,-0.8398533242566291,0.5821821504889014,0.9479479811226664,0.9930429746905568,0.5472751927269466
15,2.0,21,3,0.01,-0.8398533242566291,0.9393704363198492,0.9585769235186908,0.9908263834582746,0.9964724680915392
15,2.0,22,1,0.01,-0.8260781090745489,0.5191217377942297,0.9324244092864278,0.9622419299798344,0.8530708275438453
15,2.0,22,2,0.01,-0.8260781090745489,0.7030771455931351,0.937982935250562,0.9564945942240048,0.8757902397570442
15,2.0,22,3,0.01,-0.8260781090745489,0.905986766520201,0.950785660566735,0.97716653359995,0.9911272669037396
15,2.0,23,1,1.0,-0.8079734399194141,0.2182761501868509,0.2732501919379386,0.8490484939317566,0.8729548951005754
15,2.0,23,2,1.0,-0.8079734399194141,0.5883101339635585,0.642705980912922,0.7662918109943446,0.8140745140354231
15,2.0,23,3,1.0,-0.8079734399194141,0.648343091179215,0.6461738988394531,0.9139484543750398,0.9227571779561932
15,2.0,24,1,0.01,-0.7848738759999433,0.0163464553550567,0.8379126464137352,0.9937800691945364,0.2151387316867336
15,2.0,24,2,0.01,-0.7848738759999433,0.8721270796203012,0.9481308210311408,0.9936139964810212,0.9707151485364752
15,2.0,24,3,0.01,-0.7848738759999433,0.8062366351369322,0.957695466801574,0.905448544550285,0.961633793466352
15,2.0,25,1,0.1,-0.7271780946582902,0.417487100558715,0.5106416906319045,0.8491805901558118,0.97423182378734
15,2.0,25,2,0.1,-0.7271780946582902,0.6352037457226346,0.7454418111747715,0.9246190776746293,0.9748693951659256
15,2.0,25,3,0.1,-0.7271780946582902,0.7864875521017717,0.8766671076174161,0.9180297087310826,0.9744556969431768
15,2.0,26,1,0.01,-0.8005281864466532,0.6407639539013497,0.9652778042075952,0.9864111951966712,0.5699946700220173
15,2.0,26,2,0.01,-0.8005281864466532,0.7970829005338107,0.9435635724971224,0.992810931765991,0.881880546785164
15,2.0,26,3,0.01,-0.8005281864466532,0.8752823541283398,0.9479224412809762,0.9890679405263118,0.9894602541875658
15,2.0,27,1,0.01,-0.8101069420610162,0.8689799346420265,0.968875141209421,0.9429781888096408,0.9191211088292708
15,2.0,27,2,0.01,-0.8101069420610162,0.8527711682511756,0.9367726420956608,0.9810068986260564,0.983609903607417
15,2.0,27,3,0.01,-0.8101069420610162,0.6620838294213439,0.9413983869449526,0.99301270708029,0.7742475039621626
15,2.0,28,1,1.0,-0.8221692376260469,0.0319273109458256,4.120626756434611e-06,0.0110439661702897,0.8837571554552691
15,2.0,28,2,1.0,-0.8221692376260469,0.3779179312004458,0.4011920036953392,0.6702392834227637,0.6895919388414928
15,2.0,28,3,1.0,-0.8221692376260469,0.6421324539704713,0.6456130758773652,0.8396778624019418,0.8744647071153739
15,2.0,29,1,0.1,-0.7705136975483248,0.7045131698453996,0.7422060155400161,0.9363002055474768,0.9634912703405026
15,2.0,29,2,0.1,-0.7705136975483248,0.7286033816504869,0.7841978488745718,0.9468790132913862,0.9685749579147296
15,2.0,29,3,0.1,-0.7705136975483248,0.6988983368631824,0.7451544132246285,0.9611721891033046,0.949260758973246
15,2.0,30,1,0.1,-0.8541699362795411,0.4176270154041329,0.6476509017300479,0.7643065735963009,0.970832831680334
15,2.0,30,2,0.1,-0.8541699362795411,0.5275109538931269,0.6550947134344802,0.9220625829304856,0.9813487022153352
15,2.0,30,3,0.1,-0.8541699362795411,0.8416206530880445,0.8812201804821997,0.9709116941064826,0.9831866983560774
15,2.0,31,1,0.1,-0.7166546952132108,0.4858263514290334,0.6577657679676092,0.8887755192817341,0.963646571263738
15,2.0,31,2,0.1,-0.7166546952132108,0.5347122737867548,0.671078088283398,0.856619284348794,0.9597158976354636
15,2.0,31,3,0.1,-0.7166546952132108,0.6849012661041273,0.732107974075131,0.941608479295423,0.9644865009533828
15,2.0,32,1,0.1,-0.8243737279731279,0.5121192049312971,0.5927348284933148,0.949572919004942,0.973527305374593
15,2.0,32,2,0.1,-0.8243737279731279,0.474737470386151,0.5337791136657016,0.9470569385060394,0.9824504694445408
15,2.0,32,3,0.1,-0.8243737279731279,0.6473086669530923,0.6593639912625312,0.8958511405070064,0.8868614528027785
15,2.0,33,1,0.01,-0.8521778992461287,0.7967910770312981,0.9542537869911932,0.9232261292566016,0.9749932066305952
15,2.0,33,2,0.01,-0.8521778992461287,0.909970439981773,0.9163742684998428,0.9671067997720256,0.9792981372487932
15,2.0,33,3,0.01,-0.8521778992461287,0.8014277357094183,0.9089914463452624,0.9811895064629464,0.8816911611159993
15,2.0,34,1,1.0,-0.8060212436392808,0.1899193402767746,0.2629338072455713,0.6929365491413729,0.7543596327132644
15,2.0,34,2,1.0,-0.8060212436392808,0.5016226559192006,0.546559418234452,0.8076641909824728,0.8397459792697943
15,2.0,34,3,1.0,-0.8060212436392808,0.7347677953071993,0.7524615639679317,0.8865605411494942,0.9009337969568532
15,2.0,35,1,0.01,-0.7041853698518874,0.6603092493473717,0.9502871748993263,0.937176157184114,0.9482547328889808
15,2.0,35,2,0.01,-0.7041853698518874,0.689394313681848,0.851994080744447,0.963334257810611,0.9309289275484612
15,2.0,35,3,0.01,-0.7041853698518874,0.9296797457036772,0.9442219543582006,0.9928745190643844,0.9840187381024844
15,2.0,36,1,0.1,-0.8846820345993944,0.6740690510273153,0.7305875874925014,0.9300244439046312,0.956847963731572
15,2.0,36,2,0.1,-0.8846820345993944,0.6168767600645639,0.7223592220416958,0.907895117714947,0.9637218676892269
15,2.0,36,3,0.1,-0.8846820345993944,0.6840590080638794,0.7366263350679403,0.8932721378845203,0.944414801106904
15,2.0,37,1,0.01,-0.783953899874468,0.899658342802017,0.9367400555665488,0.9855941629211818,0.9926682134184752
15,2.0,37,2,0.01,-0.783953899874468,0.5457654955270904,0.8902938604954713,0.9937107898707558,0.8433540303142779
15,2.0,37,3,0.01,-0.783953899874468,0.8566502833792414,0.9679442411761792,0.9709890479721772,0.9881511502494656
15,2.0,38,1,0.1,-0.8444116974259119,0.108494203699229,0.1866583958585063,0.9693261255555816,0.9647327513932088
15,2.0,38,2,0.1,-0.8444116974259119,0.5011475585169051,0.7733421603895501,0.801718363608293,0.982251274433134
15,2.0,38,3,0.1,-0.8444116974259119,0.7551885032878979,0.8333497230135203,0.9385199430379156,0.9805005958246676
15,2.0,39,1,0.01,-0.7667082142100744,0.7006729323857569,0.8897668223537674,0.9902999375965408,0.8880124027227255
15,2.0,39,2,0.01,-0.7667082142100744,0.7809591732421015,0.9381990159029774,0.9917657668473868,0.976129349269939
15,2.0,39,3,0.01,-0.7667082142100744,0.812564330163616,0.9662364975731792,0.9775889687501564,0.8450995359446459
15,2.0,40,1,1.0,-0.7051601441756044,0.1600350880221536,0.2723648405603405,0.7106359647601593,0.847467167268157
15,2.0,40,2,1.0,-0.7051601441756044,0.418079674367306,0.4412526235218004,0.894284692069473,0.9109320896654892
15,2.0,40,3,1.0,-0.7051601441756044,0.739289081801176,0.7691913826773882,0.8774803941320588,0.9014673554024784
15,2.0,41,1,0.1,-0.776795684393515,0.0793047973915698,0.0814707007294968,0.9757392992474372,0.9912241967596516
15,2.0,41,2,0.1,-0.776795684393515,0.4357259554841771,0.4777195147654116,0.9693752853664797,0.9865052494568192
15,2.0,41,3,0.1,-0.776795684393515,0.7010986029320393,0.8268462468383971,0.7623300996928174,0.8887854878306527
15,2.0,42,1,0.1,-0.8224781644562074,0.5843182658653651,0.7481019427505216,0.8852748562706899,0.9722376390690788
15,2.0,42,2,0.1,-0.8224781644562074,0.4416229241910516,0.4673785964849568,0.957655252398018,0.9833854776057382
15,2.0,42,3,0.1,-0.8224781644562074,0.6836347993298862,0.7042164445104052,0.9686057396523696,0.9807976562054688
15,2.0,43,1,1.0,-0.791489101712036,0.3510762240504273,0.3813550623932506,0.8818968176944629,0.9055704364113912
15,2.0,43,2,1.0,-0.791489101712036,0.4113150211803013,0.4370353502119518,0.912136550699144,0.9241766951159264
15,2.0,43,3,1.0,-0.791489101712036,0.6473476984619512,0.6473941944792412,0.7022590253815945,0.7025365759540273
15,2.0,44,1,0.1,-0.767813490230088,0.4866435293200467,0.7153414854276214,0.812111578571426,0.9533963272781538
15,2.0,44,2,0.1,-0.767813490230088,0.7575611543733551,0.8294557791479807,0.9409039405176752,0.9728231869146172
15,2.0,44,3,0.1,-0.767813490230088,0.7378415052422768,0.809444584456786,0.9091347496835122,0.9573739937885808
15,2.0,45,1,0.1,-0.7859705357042154,0.4093231604767309,0.5604801676949698,0.8307712295318515,0.8747978125298872
15,2.0,45,2,0.1,-0.7859705357042154,0.5400012519702106,0.6927115712494023,0.9060634306383936,0.9640399356174074
15,2.0,45,3,0.1,-0.7859705357042154,0.7133953173285222,0.7783234445726136,0.9301822378175876,0.9701022342951257
15,2.0,46,1,0.1,-0.8464548914245276,0.581062271229491,0.6633390580729929,0.9279108421516026,0.974232690144878
15,2.0,46,2,0.1,-0.8464548914245276,0.5926725801832311,0.6976952745733417,0.9034875525041856,0.960013938084062
15,2.0,46,3,0.1,-0.8464548914245276,0.6954086312775355,0.7264026313262063,0.9176336462998153,0.9488368828325126
15,2.0,47,1,0.01,-0.8451222312259815,0.2545568925229273,0.8763197580863993,0.861318656715996,0.8815576808019465
15,2.0,47,2,0.01,-0.8451222312259815,0.731054762027,0.9636952536436186,0.9876126712795592,0.8791907818412612
15,2.0,47,3,0.01,-0.8451222312259815,0.9541288041489802,0.9748449176597132,0.985768128981096,0.9729428669659036
15,2.0,48,1,0.1,-0.7841854974776158,0.0996155735408001,0.0597986847502118,0.953612879341277,0.9886192713634312
15,2.0,48,2,0.1,-0.7841854974776158,0.7319136957373105,0.8270527231557524,0.9391546952115593,0.9846401994640744
15,2.0,48,3,0.1,-0.7841854974776158,0.6510459851268181,0.6518125856356831,0.9764978404393156,0.980933936283626
15,2.0,49,1,0.01,-0.8664642335266518,0.8987070198214309,0.938331401438969,0.9855997784991614,0.9484286460529784
15,2.0,49,2,0.01,-0.8664642335266518,0.8868746282821987,0.8942874320989668,0.9897025958666668,0.9655173395552428
15,2.0,49,3,0.01,-0.8664642335266518,0.7632090374980357,0.90985806656129,0.9861146448594732,0.8933259042695555
15,2.0,50,1,0.1,-0.7654946596725133,0.0823867275444771,0.0356318921706591,0.9323910366272996,0.9829276900677766
15,2.0,50,2,0.1,-0.7654946596725133,0.6221019914539039,0.6981932074832659,0.9555686537706174,0.9799505378148732
15,2.0,50,3,0.1,-0.7654946596725133,0.6571716195801682,0.8925819637098091,0.7762738016741455,0.9677587839491644
15,2.0,51,1,0.1,-0.8448208708278433,0.6020469776326891,0.6530521763755931,0.9260988058463272,0.955639151955764
15,2.0,51,2,0.1,-0.8448208708278433,0.7746577981030514,0.8355964533985896,0.9522196505041508,0.9748702802815132
15,2.0,51,3,0.1,-0.8448208708278433,0.6702756244480378,0.7078969687839115,0.9634431883010134,0.9834877132028282
15,2.0,52,1,0.01,-0.7632430901485056,0.3940831833726558,0.9716019991684172,0.9610100598295178,0.6618436225994847
15,2.0,52,2,0.01,-0.7632430901485056,0.7499710671237092,0.9701693692797289,0.9815808697947552,0.6869778265349631
15,2.0,52,3,0.01,-0.7632430901485056,0.9385270414289536,0.9493663856393432,0.9939731240268987,0.9951383873987772
15,2.0,53,1,0.1,-0.7750396041758464,0.58561535441176,0.824660781305941,0.7376498733211168,0.9853964925386762
15,2.0,53,2,0.1,-0.7750396041758464,0.5152486599424221,0.5491498898226761,0.96645168334297,0.9841511542966732
15,2.0,53,3,0.1,-0.7750396041758464,0.7515508865808473,0.8399897371761429,0.9393682663047866,0.9792478768784818
15,2.0,54,1,0.1,-0.8520841071060111,0.4323536448074335,0.4963096727775662,0.9370628406891612,0.9799802679347388
15,2.0,54,2,0.1,-0.8520841071060111,0.6909394717637994,0.792530090960581,0.9280093672590184,0.9721451466350024
15,2.0,54,3,0.1,-0.8520841071060111,0.7474092708490233,0.7779881503364767,0.9703091682680648,0.9780367939360078
15,2.0,55,1,1000.0,-0.850591495576941,0.0547743041221685,0.0638945351698062,0.7765667066420625,0.7939643928496165
15,2.0,55,2,1000.0,-0.850591495576941,0.3991438346421386,0.426212860869351,0.8076583847611147,0.8280482256617191
15,2.0,55,3,1000.0,-0.850591495576941,0.6908808520242175,0.7080922414582022,0.8314030385725836,0.8528600693853159
15,2.0,56,1,0.01,-0.8515509874274642,0.7787301552133713,0.9449043784038051,0.9824731015250294,0.8166076116800907
15,2.0,56,2,0.01,-0.8515509874274642,0.8633078854611344,0.9683278947161368,0.9886720205645316,0.9465596979520824
15,2.0,56,3,0.01,-0.8515509874274642,0.9089647837023136,0.9392259956447546,0.988094644267777,0.9019683532898696
15,2.0,57,1,0.1,-0.7594619217285424,0.287372802725919,0.2807841600675887,0.9458815234085,0.9482630151802796
15,2.0,57,2,0.1,-0.7594619217285424,0.6591769214791856,0.7590896637559397,0.9488125191035766,0.9836072386257452
15,2.0,57,3,0.1,-0.7594619217285424,0.7325035128109754,0.8202101000287064,0.9578891622724192,0.981493213091908
15,2.0,58,1,0.1,-0.8379656154580546,0.7108605418130072,0.7935333061291482,0.8947599908907886,0.9407371627385526
15,2.0,58,2,0.1,-0.8379656154580546,0.6785135061254899,0.8188934679779338,0.881432614784789,0.964004193506684
15,2.0,58,3,0.1,-0.8379656154580546,0.6912334889906931,0.8487258142922484,0.901678072872174,0.9841941861931582
15,2.0,59,1,1000.0,-0.7488210267035372,0.0068623295461505,0.0007100941252627,0.1191667490550365,0.216220166515276
15,2.0,59,2,1000.0,-0.7488210267035372,0.658802042263786,0.6850189047109372,0.8833858989542509,0.9008133630560566
15,2.0,59,3,1000.0,-0.7488210267035372,0.7127098253046901,0.7184327783351683,0.9420143844073322,0.9454772037589608
15,2.0,60,1,0.1,-0.7351116079524536,0.4721838125101131,0.5546499102724781,0.9064975394921844,0.9342380016262748
15,2.0,60,2,0.1,-0.7351116079524536,0.6910542192894561,0.7748318548388315,0.9441647459501168,0.9765018963761882
15,2.0,60,3,0.1,-0.7351116079524536,0.7081625474154087,0.72660081848742,0.899124891095861,0.9172990525890982
15,2.0,61,1,0.01,-0.8220530506223821,0.1493633111486571,0.9906837573277782,0.9960733143175048,0.1127318556754463
15,2.0,61,2,0.01,-0.8220530506223821,0.5057784181126157,0.8556328034068956,0.9948779214576392,0.6959051311716724
15,2.0,61,3,0.01,-0.8220530506223821,0.955126307644756,0.9486591543049472,0.995400701845179,0.99331572996476
15,2.0,62,1,0.01,-0.7794913607980445,0.9017498979312768,0.9485046458952692,0.989638039880468,0.9452599274362328
15,2.0,62,2,0.01,-0.7794913607980445,0.9068186467876594,0.9006623912847298,0.9576166310928638,0.9076976489474032
15,2.0,62,3,0.01,-0.7794913607980445,0.6480316266803404,0.8107426889271424,0.9667899097331502,0.8141291419852492
15,2.0,63,1,0.1,-0.7565478314455619,0.2568740796885677,0.2174269938628817,0.6993677532402564,0.9331924557027198
15,2.0,63,2,0.1,-0.7565478314455619,0.4953438609470948,0.623353925286352,0.9428652209240048,0.9705382452690778
15,2.0,63,3,0.1,-0.7565478314455619,0.6649750760322203,0.7304659318088261,0.9064156203534828,0.8605491168540788
15,2.0,64,1,0.1,-0.7221383125038311,0.0426643082270867,0.191552111784516,0.965858158564086,0.8403471660346803
15,2.0,64,2,0.1,-0.7221383125038311,0.5860022941394629,0.7236765681065005,0.9195178322737204,0.9758702899598451
15,2.0,64,3,0.1,-0.7221383125038311,0.7495988432651385,0.8201642787685876,0.9485223162738504,0.977306837003066
15,2.0,65,1,0.1,-0.8476659329737838,0.5178052296821997,0.7195363621377884,0.759221902324393,0.9515481428926444
15,2.0,65,2,0.1,-0.8476659329737838,0.5943516571778586,0.65124286649346,0.9734144146532784,0.9899391694034436
15,2.0,65,3,0.1,-0.8476659329737838,0.7367870987511038,0.8522105860146328,0.8180016358438045,0.926057360565976
15,2.0,66,1,1.0,-0.8124266178123853,0.1699001197476776,0.5006686009760282,0.2467235257033544,0.798347278395661
15,2.0,66,2,1.0,-0.8124266178123853,0.6194791234601591,0.6568257086082281,0.8257930468436144,0.8567236905275273
15,2.0,66,3,1.0,-0.8124266178123853,0.6646499812285329,0.6709917050228845,0.8970366796005341,0.9066913186775852
15,2.0,67,1,0.1,-0.8647102562340712,0.2713652740204299,0.3805959210236998,0.96884193175225,0.9891137164161484
15,2.0,67,2,0.1,-0.8647102562340712,0.5549196677210667,0.7271461301106391,0.9178197537984324,0.988778126801209
15,2.0,67,3,0.1,-0.8647102562340712,0.7322757231491571,0.7458216011794324,0.9612730433367762,0.9741342229510006
15,2.0,68,1,0.1,-0.7853315707099582,0.0037675770249555,0.2316440393576475,0.8005311890695965,0.9642085112642796
15,2.0,68,2,0.1,-0.7853315707099582,0.6660320669487968,0.749927965494359,0.9572705140240112,0.9836355511463988
15,2.0,68,3,0.1,-0.7853315707099582,0.7481264490677005,0.8765994707816042,0.8357701574492946,0.9504333437373432
15,2.0,69,1,0.01,-0.8355655432928575,0.0339099352495032,0.9514678578469966,0.7775506593969126,0.4425630856750446
15,2.0,69,2,0.01,-0.8355655432928575,0.8874923586931058,0.9606086859780916,0.9887830680273444,0.964836149014451
15,2.0,69,3,0.01,-0.8355655432928575,0.8118997633081132,0.9701612689568284,0.9845046618954648,0.8833330712461027
15,2.0,70,1,10.0,-0.8033124635325528,0.2495902061339411,0.2986186799260155,0.7412420923428926,0.8164155239647487
15,2.0,70,2,10.0,-0.8033124635325528,0.4204265811558346,0.4330246353470457,0.7853215789619322,0.794092433745857
15,2.0,70,3,10.0,-0.8033124635325528,0.6987273234062207,0.7150331512847236,0.7872727388492758,0.8072900197653077
15,2.0,71,1,0.1,-0.7465280337463599,0.509724355841859,0.5467791687463625,0.91192734509875,0.9518831497205548
15,2.0,71,2,0.1,-0.7465280337463599,0.7024626925119097,0.761629706088071,0.9392210127991508,0.9652388405095768
15,2.0,71,3,0.1,-0.7465280337463599,0.6750194683053933,0.851552292370895,0.824314416752966,0.9746692146067556
15,2.0,72,1,1.0,-0.8341680306157445,0.4447608844760806,0.5783790229354854,0.711992292500402,0.846334679847219
15,2.0,72,2,1.0,-0.8341680306157445,0.3851963223651711,0.4069189324459902,0.9014908172051632,0.9147330655682586
15,2.0,72,3,1.0,-0.8341680306157445,0.6417473283585179,0.6444982843634715,0.6853655480650854,0.6964075894475745
15,2.0,73,1,0.1,-0.7914500000471487,0.5397000508358751,0.6811032860706413,0.8832050967773342,0.9557489324974102
15,2.0,73,2,0.1,-0.7914500000471487,0.5932971583207789,0.7417062975428985,0.9051506729197748,0.975044698530465
15,2.0,73,3,0.1,-0.7914500000471487,0.6468480756322665,0.6996195297986748,0.9636200012697772,0.9822828380667442
15,2.0,74,1,0.1,-0.763732869410466,0.201375102376254,0.2035254836895973,0.9279725948986776,0.8921364416232676
15,2.0,74,2,0.1,-0.763732869410466,0.3582275240572667,0.869015343806373,0.4970394660750608,0.9853874375546304
15,2.0,74,3,0.1,-0.763732869410466,0.6470477696852936,0.6546184822929938,0.9733291866209556,0.9939765667763756
15,2.0,75,1,0.01,-0.8919886058993162,0.9462822522601372,0.9759483147630862,0.9757879598468816,0.869739184238122
15,2.0,75,2,0.01,-0.8919886058993162,0.9600932748238168,0.9635391508565068,0.9839757627342348,0.9635633156274188
15,2.0,75,3,0.01,-0.8919886058993162,0.6706812920305456,0.9372099687204312,0.9933805475178198,0.6677616676332607
15,2.0,76,1,0.01,-0.8519699481835847,0.6271817022997079,0.8162979062228753,0.3294592928561438,0.3804094949738894
15,2.0,76,2,0.01,-0.8519699481835847,0.8372778106517962,0.9736544065974194,0.9742402894957436,0.9604454766669984
15,2.0,76,3,0.01,-0.8519699481835847,0.7693048561978187,0.973511338703775,0.9879320550057814,0.7979264718248144
15,2.0,77,1,0.1,-0.7939811582323698,0.0525203183946073,0.0163995041015408,0.7205298605198945,0.986310419358458
15,2.0,77,2,0.1,-0.7939811582323698,0.5298683391198517,0.6590076864996592,0.8953913699049926,0.969330181984275
15,2.0,77,3,0.1,-0.7939811582323698,0.881318121195819,0.9089793581999476,0.9773513765679264,0.9867734815043744
15,2.0,78,1,0.01,-0.8159772824829175,0.7462132667505187,0.9644315032975194,0.9754556487940224,0.9565034459589516
15,2.0,78,2,0.01,-0.8159772824829175,0.5174583464430875,0.880945526293343,0.9742051364355688,0.7289961192876727
15,2.0,78,3,0.01,-0.8159772824829175,0.662362064982064,0.9397467682416202,0.988040200375349,0.6993474534047159
15,2.0,79,1,1.0,-0.7611950010042395,0.1455356575041114,0.1858419257106518,0.6141597167061539,0.660028898660392
15,2.0,79,2,1.0,-0.7611950010042395,0.5005071254456033,0.5275439413794776,0.859522451742279,0.8874916779593518
15,2.0,79,3,1.0,-0.7611950010042395,0.8271719961475811,0.8357607543418667,0.9358831977700224,0.940754125380632
15,2.0,80,1,10.0,-0.8333187569343459,0.1404477331397732,0.0366331012688847,0.7571770323958574,0.9176138699852718
15,2.0,80,2,10.0,-0.8333187569343459,0.6725259824699368,0.7036331754751061,0.8366921793211797,0.858322589457116
15,2.0,80,3,10.0,-0.8333187569343459,0.6845845300039741,0.6862501753532673,0.9549998887149148,0.955616898711369
15,2.0,81,1,1.0,-0.795787359053158,0.4716544966492487,0.396201958096547,0.7622069404439648,0.867218101025669
15,2.0,81,2,1.0,-0.795787359053158,0.6489802953742101,0.7068330078473469,0.8275748422353554,0.867323251137031
15,2.0,81,3,1.0,-0.795787359053158,0.7222612813634498,0.7277718953340403,0.9024692812053652,0.9054548717114485
15,2.0,82,1,0.01,-0.7717208531627943,0.6338626816963722,0.9108620252123132,0.961747143106274,0.959791526831741
15,2.0,82,2,0.01,-0.7717208531627943,0.5303448002249412,0.9353802526840872,0.972885613376942,0.6814186629173435
15,2.0,82,3,0.01,-0.7717208531627943,0.7100907712866297,0.93944236010675,0.9859609192705582,0.8175353166349729
15,2.0,83,1,0.01,-0.7757755938488596,0.1833299854507505,0.8982954347272588,0.929092671691072,0.5991792131669607
15,2.0,83,2,0.01,-0.7757755938488596,0.5976240935242886,0.8791481330345021,0.9380009382331131,0.902486418229934
15,2.0,83,3,0.01,-0.7757755938488596,0.8494047380162854,0.8927377038782017,0.96876970082001,0.9616617196676304
15,2.0,84,1,0.1,-0.8202670342774863,0.5128195164822944,0.1397825092164369,0.6616681849149909,0.0560645757452124
15,2.0,84,2,0.1,-0.8202670342774863,0.6414718855508283,0.7231776082976338,0.939102340679486,0.9711785555420052
15,2.0,84,3,0.1,-0.8202670342774863,0.7073938957739295,0.7495240599985887,0.9791814537073464,0.985802275872571
15,2.0,85,1,1.0,-0.8217979498928192,0.1115708872961777,0.1180282599657946,0.841465420529035,0.8476118810670922
15,2.0,85,2,1.0,-0.8217979498928192,0.4854813791019314,0.5033167309654314,0.8621187368593219,0.8718989306106786
15,2.0,85,3,1.0,-0.8217979498928192,0.7818854138081809,0.7980921365743323,0.8720827932396288,0.8866452036392772
15,2.0,86,1,0.01,-0.7787178162806443,0.8388503132275782,0.9605086778484,0.9832537305378868,0.9001400710158836
15,2.0,86,2,0.01,-0.7787178162806443,0.8018453465829172,0.939245903486664,0.9886432978350757,0.8827265163071097
15,2.0,86,3,0.01,-0.7787178162806443,0.7289074819539634,0.9422427577451944,0.9926133609921932,0.7827634334132224
15,2.0,87,1,0.1,-0.7680677938849406,0.3870498950583356,0.7362287586655736,0.6697014939313944,0.9437600356450948
15,2.0,87,2,0.1,-0.7680677938849406,0.6384393999965926,0.7864797355796147,0.8472572250156886,0.954768406219516
15,2.0,87,3,0.1,-0.7680677938849406,0.8408281240230702,0.8757946378764624,0.964935090453166,0.9781021233991796
15,2.0,88,1,1.0,-0.7738099415094426,0.2606648464941685,0.3202157537503769,0.7043415620659159,0.7566422911799596
15,2.0,88,2,1.0,-0.7738099415094426,0.339640379481875,0.378302927073653,0.8382813744592086,0.8594129222483826
15,2.0,88,3,1.0,-0.7738099415094426,0.6418290142590871,0.6411165769277056,0.7616042212545934,0.7668069564136307
15,2.0,89,1,0.1,-0.8114768336324647,0.6899091609046091,0.7955513286970098,0.8674598677759332,0.9380012548781508
15,2.0,89,2,0.1,-0.8114768336324647,0.4701768478976105,0.6278678587373976,0.8820907705904864,0.4888085820768593
15,2.0,89,3,0.1,-0.8114768336324647,0.6737607805361013,0.6826941302500068,0.9696502276027495,0.9753017000196
15,2.0,90,1,1000.0,-0.852179211373533,0.0043694006701884,0.137183647050144,0.2681947810111508,0.6928854733493853
15,2.0,90,2,1000.0,-0.852179211373533,0.488375307603609,0.5278638446794598,0.7481907310787159,0.7850923265364516
15,2.0,90,3,1000.0,-0.852179211373533,0.6383336417489076,0.6375933770475438,0.9326982675915676,0.9374895851971028
15,2.0,91,1,0.1,-0.7852251309005003,0.4348838273197672,0.6578212488971157,0.8949259286887915,0.9762887337396328
15,2.0,91,2,0.1,-0.7852251309005003,0.6096723214127877,0.8011122416049246,0.9373551974080364,0.9804738636718784
15,2.0,91,3,0.1,-0.7852251309005003,0.8301216871832932,0.8495063141697178,0.9676500727530808,0.9761583030619072
15,2.0,92,1,0.1,-0.870080772374065,0.7021942504637806,0.8318468950852596,0.8068225922557162,0.9594576911839672
15,2.0,92,2,0.1,-0.870080772374065,0.85305690251087,0.8748201075349717,0.960535462222304,0.9749445711645248
15,2.0,92,3,0.1,-0.870080772374065,0.6620433323930729,0.7059063593276039,0.9142091096682132,0.8663301143373525
15,2.0,93,1,0.01,-0.8333369505589345,0.2265267725064985,0.9117536161461413,0.6673046856191415,0.566867916197572
15,2.0,93,2,0.01,-0.8333369505589345,0.6140271892639532,0.9760849640034106,0.9781448202519696,0.6816793755879873
15,2.0,93,3,0.01,-0.8333369505589345,0.9649264872354796,0.9633737656441932,0.995988266507534,0.9918081886947198
15,2.0,94,1,0.1,-0.8260197860320414,0.0010720738415596,0.0041848439231309,0.962814234741364,0.9829786069626166
15,2.0,94,2,0.1,-0.8260197860320414,0.6468117550385466,0.7495943179540812,0.9283635285854754,0.972176307835662
15,2.0,94,3,0.1,-0.8260197860320414,0.7039279776232122,0.8793969514548409,0.662149234735115,0.7287697544461186
15,2.0,95,1,0.1,-0.7473952230865172,0.2812921926724113,0.2556780139383283,0.9322324530793592,0.9590091262499884
15,2.0,95,2,0.1,-0.7473952230865172,0.6616483346864187,0.80424888706693,0.9328597283568868,0.9694701021669808
15,2.0,95,3,0.1,-0.7473952230865172,0.7857716564610895,0.8096050185368983,0.9345772944086465,0.9504799177140753
15,2.0,96,1,0.01,-0.8814108653028404,0.8025288474615573,0.9348800844538666,0.974279605046471,0.9721146082633444
15,2.0,96,2,0.01,-0.8814108653028404,0.853939149246421,0.8815758346014811,0.9915292306358432,0.9658767887137024
15,2.0,96,3,0.01,-0.8814108653028404,0.749840820968657,0.8656005378598003,0.9664701537245396,0.9831287230446532
15,2.0,97,1,0.01,-0.7990701776002112,0.1184021516472356,0.9181323168944924,0.9893145949612362,0.3926836324513074
15,2.0,97,2,0.01,-0.7990701776002112,0.9007538312344134,0.9693358723108731,0.9015505953472114,0.967220131698839
15,2.0,97,3,0.01,-0.7990701776002112,0.7644191342103704,0.9615641810729022,0.991743101957024,0.8048581433047182
15,2.0,98,1,0.1,-0.7507998392759596,2.1036561317513117e-05,0.0463795238392059,0.8060013234018503,0.946436796232534
15,2.0,98,2,0.1,-0.7507998392759596,0.5039871353375988,0.7835756097499813,0.7649655160004818,0.9711593308424054
15,2.0,98,3,0.1,-0.7507998392759596,0.7334995074983022,0.8496267500195976,0.9461835253487256,0.9745531631919776
15,2.0,99,1,0.01,-0.7773071049725803,0.584236055307864,0.8345156324731015,0.923372627751161,0.5076118449753984
15,2.0,99,2,0.01,-0.7773071049725803,0.7020198467049283,0.952756041729342,0.9622345373294472,0.9273951805861836
15,2.0,99,3,0.01,-0.7773071049725803,0.8452386453367997,0.9022404466139752,0.9967676393204782,0.9805571448916832
15,2.0,100,1,0.01,-0.8557856636653454,0.5502512189268821,0.7326383346664163,0.9636711656126088,0.9586319870880868
15,2.0,100,2,0.01,-0.8557856636653454,0.7324174313461669,0.930333981721978,0.9965328360642548,0.9327630120861694
15,2.0,100,3,0.01,-0.8557856636653454,0.8269801240073497,0.958877451500612,0.9203513320838792,0.9768351463449833
15,2.0,101,1,0.1,-0.7653275528114619,0.0320042722644317,0.0238125161293973,0.8751472296870721,0.935384272109839
15,2.0,101,2,0.1,-0.7653275528114619,0.6473459397944952,0.7413451092229906,0.903860402133558,0.958317317173508
15,2.0,101,3,0.1,-0.7653275528114619,0.8009027042689375,0.8404998978122381,0.9341819280236856,0.9567603404368816
15,2.0,102,1,0.1,-0.879155087562649,0.8494402705416645,0.895930565761929,0.9654546191180886,0.9831280432244328
15,2.0,102,2,0.1,-0.879155087562649,0.5155978099137646,0.540158920231545,0.9519987521173146,0.9659984713789764
15,2.0,102,3,0.1,-0.879155087562649,0.752582963265166,0.7946734324015411,0.9286281128017556,0.9535102665995112
15,2.0,103,1,0.01,-0.7690406234725826,0.3037582347909267,0.5313782647196577,0.986926946413848,0.9736304938562914
15,2.0,103,2,0.01,-0.7690406234725826,0.5419881271289314,0.9545434413248112,0.9870600015370864,0.574196226144381
15,2.0,103,3,0.01,-0.7690406234725826,0.9459048777834748,0.935195891741922,0.9883154904518068,0.9659032613757172
15,2.0,104,1,1.0,-0.8188044975644686,0.1937555120359191,0.199760289341602,0.9324786189898108,0.9329385072999556
15,2.0,104,2,1.0,-0.8188044975644686,0.6026948016359329,0.6124882325935528,0.9459753690596546,0.9513162652322822
15,2.0,104,3,1.0,-0.8188044975644686,0.7159728085270484,0.7376277936800655,0.8725771194799409,0.8926834817229987
15,2.0,105,1,1000.0,-0.8467675495760325,0.0007110877603596,0.000211161392323,0.1060099688271647,0.3541640913956967
15,2.0,105,2,1000.0,-0.8467675495760325,0.2374844048893049,0.2730678726733682,0.7858584380257625,0.8096353756059126
15,2.0,105,3,1000.0,-0.8467675495760325,0.6371360077338103,0.6378283043700094,0.9083188072348533,0.9144817277167844
15,2.0,106,1,1.0,-0.8299777033373374,0.0258425218458782,0.0060445901773093,0.7941873753496863,0.765115531464882
15,2.0,106,2,1.0,-0.8299777033373374,0.3123069479265516,0.4253247769581432,0.749674629492962,0.8304328182160847
15,2.0,106,3,1.0,-0.8299777033373374,0.643810740018863,0.6432302646320618,0.9705789315019784,0.9726373554780332
15,2.0,107,1,0.01,-0.8219984563452766,0.7416993577944438,0.9156265622151044,0.9648497559114044,0.9777642212857168
15,2.0,107,2,0.01,-0.8219984563452766,0.6831264957118957,0.8813548734977292,0.9873649974040748,0.9631794193226232
15,2.0,107,3,0.01,-0.8219984563452766,0.8809438234845922,0.9407085995573168,0.9854982591285424,0.9778927868123508
15,2.0,108,1,0.01,-0.811417436295873,0.1710255109366594,0.8058976634549015,0.9422883282879312,0.577411549211234
15,2.0,108,2,0.01,-0.811417436295873,0.4565661838623474,0.9541836943351022,0.98264830793507,0.5155619294942738
15,2.0,108,3,0.01,-0.811417436295873,0.850582488586026,0.959094134407271,0.98699328528928,0.9522392314861902
15,2.0,109,1,0.01,-0.8004532819329402,0.6405509649504142,0.885311781827783,0.9694809854093678,0.9666551836215532
15,2.0,109,2,0.01,-0.8004532819329402,0.6647997897484933,0.7089926222952703,0.9732951291617054,0.4901799120416106
15,2.0,109,3,0.01,-0.8004532819329402,0.7877656911939162,0.95673849329863,0.9890820036033532,0.7711019755758494
15,2.0,110,1,0.1,-0.800745218663508,0.1023596548073464,0.4522409984408073,0.7478313080156945,0.969156780700852
15,2.0,110,2,0.1,-0.800745218663508,0.5923484460398522,0.7667483733098375,0.8321658340170168,0.96129494177131
15,2.0,110,3,0.1,-0.800745218663508,0.6527556975621395,0.6802736591837272,0.9592790581809374,0.9810049525182776
15,2.0,111,1,1000.0,-0.8490850428128707,0.0239841852551151,0.0061028948249072,0.8308641632503435,0.9261461052565916
15,2.0,111,2,1000.0,-0.8490850428128707,0.4401375245952236,0.460167086924758,0.8239396223180983,0.8398970411205362
15,2.0,111,3,1000.0,-0.8490850428128707,0.6449465694187361,0.6448743225925233,0.8406198878130229,0.8420459934595456
15,2.0,112,1,0.1,-0.7579598856110238,0.1694379287643632,0.4938486654185796,0.9339556580404536,0.9083555966421792
15,2.0,112,2,0.1,-0.7579598856110238,0.4378272842058464,0.4872736578582796,0.9588842530380888,0.9860113986252832
15,2.0,112,3,0.1,-0.7579598856110238,0.6569918518329033,0.6882995550460831,0.7293851713417389,0.777133027278591
15,2.0,113,1,0.1,-0.6985575726662482,0.4302057689410381,0.5504853022214333,0.9215363414016337,0.9640892854137978
15,2.0,113,2,0.1,-0.6985575726662482,0.6338150132436301,0.7760043917811964,0.9301187328744748,0.9833829619955116
15,2.0,113,3,0.1,-0.6985575726662482,0.8725092227187101,0.8895048500524965,0.9643369692209408,0.972627228724188
15,2.0,114,1,1.0,-0.7720850297962658,0.2229696973712263,0.4769124413756463,0.3770180927692871,0.7653016550103583
15,2.0,114,2,1.0,-0.7720850297962658,0.3922626993912261,0.4385047522582386,0.8400819946266553,0.8689871885346239
15,2.0,114,3,1.0,-0.7720850297962658,0.6621677546977565,0.6634558832947227,0.9117976516994664,0.9160935919263964
15,2.0,115,1,0.01,-0.7852386238602705,0.7851419094381351,0.8886181832481911,0.9087498223205812,0.9206527132142444
15,2.0,115,2,0.01,-0.7852386238602705,0.6553507127140455,0.9201622027484996,0.9763336571805276,0.7585421596137447
15,2.0,115,3,0.01,-0.7852386238602705,0.8599248894356032,0.9006373671461775,0.9858892955462194,0.8744469210905361
15,2.0,116,1,1.0,-0.9443028721512317,0.2467601002281307,0.2230600194470152,0.1062999885658885,0.9368928474856896
15,2.0,116,2,1.0,-0.9443028721512317,0.5696357720192532,0.5906733532363907,0.9096735866747124,0.9205539854386608
15,2.0,116,3,1.0,-0.9443028721512317,0.8155712648758101,0.8285959374683906,0.9375997851019316,0.9440497478675248
15,2.0,117,1,0.01,-0.7899424334443036,0.0267410702127269,0.9005930928736892,0.99365099709306,0.2341679147217296
15,2.0,117,2,0.01,-0.7899424334443036,0.9417229557818888,0.9565179192223524,0.9930646680148492,0.9861244219247284
15,2.0,117,3,0.01,-0.7899424334443036,0.7042514795153344,0.877754517966954,0.9847205204050988,0.6947363869594133
15,2.0,118,1,0.1,-0.8108780238882047,0.1484609277509729,0.7225946188572993,0.6415527437282571,0.7235217732511937
15,2.0,118,2,0.1,-0.8108780238882047,0.7816569291841668,0.833281964595437,0.9306275471207768,0.9621422594332364
15,2.0,118,3,0.1,-0.8108780238882047,0.6481629669489701,0.6700613963746792,0.7932449543613213,0.7396792907292813
15,2.0,119,1,0.01,-0.8432101283357587,0.1038216593084036,0.6566861647025027,0.945264644247413,0.7611524383626647
15,2.0,119,2,0.01,-0.8432101283357587,0.5920608950698457,0.9440437173245638,0.9853828740626164,0.8130062625215937
15,2.0,119,3,0.01,-0.8432101283357587,0.8050518345411687,0.9661619174878532,0.966640758977228,0.8753940069093984
15,2.0,120,1,0.001,-0.8214611706293016,0.0388487760848218,0.5120674528816628,0.990629241793972,0.0796820114366402
15,2.0,120,2,0.001,-0.8214611706293016,0.7720677432661321,0.3947217191172564,0.9919648690836148,0.8627816083130749
15,2.0,120,3,0.001,-0.8214611706293016,0.7594881518177865,0.3894002015200641,0.9668410449376662,0.7426485117477384
15,2.0,121,1,0.1,-0.8370714891309342,0.0779919418117052,0.6347415420216184,0.9009121077992032,0.6097731161674959
15,2.0,121,2,0.1,-0.8370714891309342,0.7366729754264532,0.8223201642772624,0.9159266195260636,0.9710627261241194
15,2.0,121,3,0.1,-0.8370714891309342,0.7070044598620279,0.9267108251067024,0.8995555733472997,0.9692290282679402
15,2.0,122,1,0.1,-0.7006608012255441,0.2763891201355517,0.2455870228418652,0.9683599842604972,0.9806416663356926
15,2.0,122,2,0.1,-0.7006608012255441,0.700344861499799,0.7851950561168364,0.8987724942783898,0.9625871726111328
15,2.0,122,3,0.1,-0.7006608012255441,0.652865130511823,0.6697131165644379,0.9542242815164332,0.9510140795591884
15,2.0,123,1,0.01,-0.8609039635897769,0.5103991445534295,0.9145570317295574,0.9826963555246554,0.8078361346063093
15,2.0,123,2,0.01,-0.8609039635897769,0.5660148008784147,0.9289290333961148,0.9871306259330836,0.7585335515446991
15,2.0,123,3,0.01,-0.8609039635897769,0.733819528123925,0.8951627301139341,0.9852941392299164,0.8412537727304324
15,2.0,124,1,0.1,-0.802383049187975,0.3377728847626606,0.5549620645954326,0.8269152105623246,0.9441964220755188
15,2.0,124,2,0.1,-0.802383049187975,0.3891073498061018,0.4875015938287599,0.9239371032470858,0.9791628546586232
15,2.0,124,3,0.1,-0.802383049187975,0.6487873159061529,0.6478290108247787,0.948395048859922,0.950575322227643
15,2.0,125,1,1.0,-0.8315848475095818,0.0324443598565688,0.0445336393793274,0.7023380598101356,0.8858032620036249
15,2.0,125,2,1.0,-0.8315848475095818,0.4459311374621141,0.4518984942815248,0.9521421542249778,0.9573368840012972
15,2.0,125,3,1.0,-0.8315848475095818,0.7279230782978535,0.8855139946511145,0.707306431948009,0.9030347066773344
15,2.0,126,1,0.1,-0.8337906998238012,0.0858931530071138,0.5319682372348303,0.5988650561027515,0.8513820395071147
15,2.0,126,2,0.1,-0.8337906998238012,0.4540253546309141,0.6099542714018855,0.8202961598857246,0.9413693383039612
15,2.0,126,3,0.1,-0.8337906998238012,0.6539291463366775,0.7248807077134346,0.941574052693809,0.97429224415283
15,2.0,127,1,0.1,-0.7453686556735281,0.6368528561467767,0.7258482311289716,0.9309955072821106,0.9666984488166224
15,2.0,127,2,0.1,-0.7453686556735281,0.5430766976763863,0.7022521851605029,0.9274157548148948,0.9822999759747064
15,2.0,127,3,0.1,-0.7453686556735281,0.6721329267771582,0.7397100445384525,0.933029603138237,0.9799325644985524
15,2.0,128,1,0.01,-0.8706231265505969,0.7691753035528253,0.9711208669885548,0.956283947237476,0.904273654388716
15,2.0,128,2,0.01,-0.8706231265505969,0.9004355547527125,0.9105023635590814,0.98098667093703,0.9780085833997902
15,2.0,128,3,0.01,-0.8706231265505969,0.7470621978971338,0.8989075121255944,0.9816113650515252,0.7492262216581996
15,2.0,129,1,0.1,-0.8316956645839378,0.0442173457580246,0.0247421161798397,0.9743055334879138,0.9737382897170772
15,2.0,129,2,0.1,-0.8316956645839378,0.6679056858912706,0.8501877227669346,0.8530426058343195,0.9688835756516464
15,2.0,129,3,0.1,-0.8316956645839378,0.7972209292504546,0.8635615860907505,0.958003568783614,0.9673475041257888
15,2.0,130,1,0.01,-0.7822621125629518,0.1838869443863755,0.913383422915244,0.979757527509322,0.5638326807599808
15,2.0,130,2,0.01,-0.7822621125629518,0.88487839636943,0.92494790458109,0.9884249059564324,0.9809670973311936
15,2.0,130,3,0.01,-0.7822621125629518,0.7407717876999645,0.9088564710587658,0.988969753639416,0.7127308060280694
15,2.0,131,1,0.1,-0.7977667159636405,0.2770321296489332,0.4655505480391015,0.8902572595758828,0.9672511628946924
15,2.0,131,2,0.1,-0.7977667159636405,0.5171122941273062,0.842218891837567,0.6843441428316781,0.9066910404508312
15,2.0,131,3,0.1,-0.7977667159636405,0.6761696852500653,0.685570839418634,0.9487975369279013,0.9698835653591584
15,2.0,132,1,1.0,-0.8188186256551152,0.0037644115891408,0.002256525808216,0.0035355034241321,0.019217088854809
15,2.0,132,2,1.0,-0.8188186256551152,0.4432509692714239,0.4548696578744979,0.857664248236041,0.8709453947768431
15,2.0,132,3,1.0,-0.8188186256551152,0.7645163807094209,0.7814229030953789,0.8923281491539047,0.9071870185381672
15,2.0,133,1,0.1,-0.8358479828468259,0.2884043103489072,0.1697813550313203,0.4782125727916811,0.9826923134958624
15,2.0,133,2,0.1,-0.8358479828468259,0.6204493962361513,0.7445908444927526,0.9354483130663284,0.9842814019422363
15,2.0,133,3,0.1,-0.8358479828468259,0.70929516007889,0.736981559976276,0.9411063176666832,0.9635173360976972
15,2.0,134,1,1.0,-0.822194974410129,0.4613229935388913,0.4913329846292765,0.8300622574532348,0.8623026809143008
15,2.0,134,2,1.0,-0.822194974410129,0.3161457358310078,0.3529886823245141,0.8428163776513065,0.8783458329829474
15,2.0,134,3,1.0,-0.822194974410129,0.6378219284077061,0.637588483313715,0.9705693120866612,0.9726123197836865
15,2.0,135,1,0.1,-0.726177514731329,0.0925984354252836,0.5242894175698296,0.529025516330678,0.8013281448178181
15,2.0,135,2,0.1,-0.726177514731329,0.4440870564728729,0.4965071226299049,0.9530975010008346,0.989889738024526
15,2.0,135,3,0.1,-0.726177514731329,0.7760069228494157,0.8503070643922225,0.9501330770900064,0.9821439733630478
15,2.0,136,1,0.01,-0.784243151273684,0.9266875861248018,0.980139833660416,0.984433536916012,0.8774419687518621
15,2.0,136,2,0.01,-0.784243151273684,0.7634773687040955,0.9766753159543566,0.994824334348546,0.79046410651051
15,2.0,136,3,0.01,-0.784243151273684,0.9151057028867624,0.947009200848119,0.9934670940147484,0.917903670488235
15,2.0,137,1,0.1,-0.8836681465319672,0.2364104520920306,0.4909746969418198,0.9238568588772942,0.9907970582486568
15,2.0,137,2,0.1,-0.8836681465319672,0.5167461122107531,0.5986243941206209,0.967768893606798,0.9635168427717904
15,2.0,137,3,0.1,-0.8836681465319672,0.7708983004815875,0.8170922556551355,0.9378946328099196,0.9616916754886924
15,2.0,138,1,0.1,-0.7162886279875187,0.5629285840770676,0.6537478577925459,0.9182207086190514,0.95739874921059
15,2.0,138,2,0.1,-0.7162886279875187,0.708190073220899,0.7863295176379315,0.9341480642184944,0.9749908695519768
15,2.0,138,3,0.1,-0.7162886279875187,0.6635389074218159,0.6614597094453657,0.9758363766984272,0.980490388950343
15,2.0,139,1,0.1,-0.8158078233601074,0.0416778000914494,0.0649665086289824,0.9454933942773251,0.9679808686344282
15,2.0,139,2,0.1,-0.8158078233601074,0.5074487250338258,0.726015489560331,0.7975227342182759,0.9485002372234578
15,2.0,139,3,0.1,-0.8158078233601074,0.6421797534126971,0.6374607093058087,0.877603018812557,0.9309955833452642
15,2.0,140,1,0.1,-0.7673475679237104,0.3221538153011726,0.0155808658400256,0.0048339862084947,0.8883659846308973
15,2.0,140,2,0.1,-0.7673475679237104,0.6267112144583867,0.7624152613208586,0.910184374166982,0.9688615608208844
15,2.0,140,3,0.1,-0.7673475679237104,0.8037234316517168,0.9070834311927426,0.9111439157037338,0.974204564099586
15,2.0,141,1,0.1,-0.8377536838337446,0.6781994203689921,0.7453534894323,0.9115346463234252,0.956310357270184
15,2.0,141,2,0.1,-0.8377536838337446,0.5975627975726633,0.6915600062798641,0.8928903528096728,0.946138785551896
15,2.0,141,3,0.1,-0.8377536838337446,0.6817637102165951,0.6851004523233435,0.9579968492970884,0.9715706710064222
15,2.0,142,1,0.01,-0.7512406722654454,0.303202350371618,0.7259253390846159,0.9842443356028224,0.8442476756861611
15,2.0,142,2,0.01,-0.7512406722654454,0.8391075885357984,0.9489116942774054,0.9879787929971456,0.9384605686492522
15,2.0,142,3,0.01,-0.7512406722654454,0.8372275777444013,0.9363642253268744,0.9645023486901064,0.8518346115979322
15,2.0,143,1,0.1,-0.7570304767967431,0.3819706840511608,0.6861137380281709,0.7923089781690775,0.9771570453916624
15,2.0,143,2,0.1,-0.7570304767967431,0.5013511806899493,0.5114435964852858,0.9743115550185332,0.9848129355983948
15,2.0,143,3,0.1,-0.7570304767967431,0.8202234055823179,0.928759100788624,0.8969881348839189,0.9642676023967272
15,2.0,144,1,0.1,-0.7969798065202085,0.0874124945054223,0.256613722530247,0.9506595384154772,0.9739059802120305
15,2.0,144,2,0.1,-0.7969798065202085,0.2952181761345442,0.3739603279840296,0.9457817387375465,0.9725232552550696
15,2.0,144,3,0.1,-0.7969798065202085,0.6515949272810289,0.7970034184215757,0.7404622649390552,0.9614431402795272
15,2.0,145,1,1.0,-0.8588055223163577,0.1126138893387651,0.4198339629826083,0.1834809363815104,0.7871089779625383
15,2.0,145,2,1.0,-0.8588055223163577,0.572552409416859,0.5921546941663125,0.8607517038374353,0.875004184238191
15,2.0,145,3,1.0,-0.8588055223163577,0.785649955660987,0.818095465722099,0.8857718988051565,0.9110219053691248
15,2.0,146,1,10.0,-0.801616567050179,0.0293128216800918,0.0175079208928841,0.6681249175529359,0.6227513278191155
15,2.0,146,2,10.0,-0.801616567050179,0.57954291109273,0.5950981617836939,0.8380054193504354,0.8535743473193116
15,2.0,146,3,10.0,-0.801616567050179,0.7230179462197571,0.7368044555132153,0.8703426084740992,0.8835679717157272
15,2.0,147,1,0.1,-0.8072929534602974,0.1953690687063539,0.4167831119049345,0.5151941729959721,0.8226438448904766
15,2.0,147,2,0.1,-0.8072929534602974,0.5382161749605219,0.6320047600377197,0.9126225357366826,0.9707919199122412
15,2.0,147,3,0.1,-0.8072929534602974,0.6731394253565672,0.9090268858173371,0.7675105924916874,0.9754167825745852
15,2.0,148,1,0.1,-0.790244754178109,0.6399254420144386,0.7599806470359572,0.9365626502905782,0.9769421184733544
15,2.0,148,2,0.1,-0.790244754178109,0.431356676748813,0.4583082234115481,0.9671838015430648,0.9794601012739036
15,2.0,148,3,0.1,-0.790244754178109,0.6847713879830328,0.752407347726975,0.9045145857622569,0.9577457555197528
15,2.0,149,1,10.0,-0.8157362860742602,0.2945513625118944,0.3235577532194571,0.6467799305471705,0.6844018608609078
15,2.0,149,2,10.0,-0.8157362860742602,0.4252358554273564,0.4581979336538871,0.7925013821825075,0.8077570656373692
15,2.0,149,3,10.0,-0.8157362860742602,0.7119680957220056,0.7140021326648717,0.938110894668073,0.939865089418014
15,2.0,150,1,0.01,-0.7236777368284927,0.6904545941100281,0.8889338117962707,0.9708192732400284,0.9023335179251226
15,2.0,150,2,0.01,-0.7236777368284927,0.7165010302470598,0.9222482878228364,0.9834326258687852,0.9110414303569678
15,2.0,150,3,0.01,-0.7236777368284927,0.8579553332010503,0.9476200624195068,0.9727280171848406,0.8871237956936291
15,2.0,151,1,1.0,-0.7543409929613176,0.274467714331485,0.2370336379457097,0.8534310542119252,0.8655275270586182
15,2.0,151,2,1.0,-0.7543409929613176,0.6264440718748463,0.7038672074590699,0.820600280779248,0.8759366631392331
15,2.0,151,3,1.0,-0.7543409929613176,0.7307871461739598,0.7361109633795726,0.948128652350104,0.9519978180540476
15,2.0,152,1,0.01,-0.7399010148047886,0.4838279475317589,0.8916401862899782,0.963807453688468,0.3936283243374529
15,2.0,152,2,0.01,-0.7399010148047886,0.7448592434720047,0.9335531829599868,0.9902512075260016,0.9301363245781392
15,2.0,152,3,0.01,-0.7399010148047886,0.8250777285183005,0.949483336698489,0.989670576767694,0.955646380443723
15,2.0,153,1,0.01,-0.8765154100249217,0.0722198330659607,0.2314231396462033,0.5691467835201715,0.44975963690242
15,2.0,153,2,0.01,-0.8765154100249217,0.7745226219365491,0.9184061448155753,0.9910856862699996,0.9478960295787272
15,2.0,153,3,0.01,-0.8765154100249217,0.9222385526276744,0.9297835165312268,0.9888373668619688,0.9504738643047208
15,2.0,154,1,0.01,-0.8610235065940456,0.582878015525944,0.8813025668723063,0.9608690618939472,0.957979841932192
15,2.0,154,2,0.01,-0.8610235065940456,0.8188627440285003,0.969917093603379,0.9315478308977592,0.943615216153175
15,2.0,154,3,0.01,-0.8610235065940456,0.6912296678384693,0.6536589307978729,0.9913395684684913,0.9283201591688812
15,2.0,155,1,100.0,-0.8095122566093423,0.2952536781406873,0.3272079348025243,0.7702207544871066,0.8360723371810271
15,2.0,155,2,100.0,-0.8095122566093423,0.3652201969179027,0.3826473425441165,0.8194260015687648,0.8259587415076193
15,2.0,155,3,100.0,-0.8095122566093423,0.632977149057041,0.632908919261721,0.7704848648323775,0.7744266370346939
15,2.0,156,1,0.01,-0.8759157011928184,0.8948573835563961,0.9814995830292956,0.9915904212702942,0.9210950710100424
15,2.0,156,2,0.01,-0.8759157011928184,0.943295674233852,0.984699287045218,0.9941881644050812,0.9554965237640648
15,2.0,156,3,0.01,-0.8759157011928184,0.9569367527957122,0.975384227402102,0.9955334234584235,0.9830372804645302
15,2.0,157,1,0.1,-0.8219096399151204,0.660582082572935,0.7854760387892055,0.9415367222480332,0.9779685351507144
15,2.0,157,2,0.1,-0.8219096399151204,0.5568684281594071,0.6999339133680482,0.9135580595355748,0.9806870952435088
15,2.0,157,3,0.1,-0.8219096399151204,0.6588840826159894,0.6545409076280393,0.9788359046955216,0.9851129608664714
15,2.0,158,1,0.1,-0.7718727186207776,0.0146441687427428,3.243655100444895e-05,0.9483669171027276,0.9815586346031484
15,2.0,158,2,0.1,-0.7718727186207776,0.7251249465023488,0.8390527088673586,0.912960420576836,0.9748044840070206
15,2.0,158,3,0.1,-0.7718727186207776,0.6844132997889897,0.8383132817453562,0.9274978027372364,0.9778032583132292
15,2.0,159,1,0.1,-0.8267142536825475,0.3217594195824091,0.7321447819596993,0.8929323338538766,0.9575201694533788
15,2.0,159,2,0.1,-0.8267142536825475,0.6408562139092961,0.8978441744588814,0.8210028309850552,0.971071560330256
15,2.0,159,3,0.1,-0.8267142536825475,0.6652488476291895,0.6788581336524125,0.9849791565427588,0.984303606256766
15,2.0,160,1,0.1,-0.7535591055529093,0.6438000852270415,0.5016709147298698,0.9437950224299616,0.6624030463569899
15,2.0,160,2,0.1,-0.7535591055529093,0.762492803196015,0.8078621502979619,0.9612465288128704,0.9766973459201652
15,2.0,160,3,0.1,-0.7535591055529093,0.6632787541770563,0.6578884788996475,0.9881847520274372,0.9892727534136307
15,2.0,161,1,0.01,-0.7589511166360767,0.7920310268222486,0.9153072461047068,0.9717717666481168,0.9826658186510188
15,2.0,161,2,0.01,-0.7589511166360767,0.6761831021518427,0.9517804934649444,0.9776002025776538,0.935278629325362
15,2.0,161,3,0.01,-0.7589511166360767,0.9006390102438796,0.9678638358351812,0.9915209036764064,0.8755970691640597
15,2.0,162,1,0.1,-0.7827832593942666,0.1889221664968667,0.2092874008184248,0.5802652443211709,0.8914188747574296
15,2.0,162,2,0.1,-0.7827832593942666,0.5801396398299801,0.7266647802344092,0.8739790552695668,0.9606044959825776
15,2.0,162,3,0.1,-0.7827832593942666,0.6464586028886433,0.6450124463606407,0.9542958762779716,0.9750486200093644
15,2.0,163,1,0.1,-0.7933991743025046,0.6814494888135236,0.7115947460199841,0.9392232852546416,0.95845214051642
15,2.0,163,2,0.1,-0.7933991743025046,0.4819757133312056,0.5165116583612399,0.9677891285827934,0.9809683981576864
15,2.0,163,3,0.1,-0.7933991743025046,0.666758899606578,0.8570308109129402,0.9604441645070207,0.7559656943637898
15,2.0,164,1,0.1,-0.7994524283572944,0.304239618865176,0.5787190719861873,0.8722923309427508,0.9602033684874908
15,2.0,164,2,0.1,-0.7994524283572944,0.5153632435441794,0.6336616695724943,0.9190866900214524,0.9770561885135488
15,2.0,164,3,0.1,-0.7994524283572944,0.6507432419982518,0.6587326463861182,0.9313384840101444,0.9511213597065976
15,2.0,165,1,0.01,-0.7827932963340225,0.865698544460578,0.9659658554784764,0.9798193318043132,0.762194887312015
15,2.0,165,2,0.01,-0.7827932963340225,0.8980627436337605,0.9367941463264702,0.9913988953435589,0.9772367746784294
15,2.0,165,3,0.01,-0.7827932963340225,0.6512011561366438,0.9202870118984778,0.9316184523774922,0.66386128630048
15,2.0,166,1,0.1,-0.8203688399764217,0.5482763356831803,0.7901547550961124,0.8827561802478637,0.9479401355460148
15,2.0,166,2,0.1,-0.8203688399764217,0.8126268440206628,0.8807700848575268,0.942993657398198,0.9795467089067582
15,2.0,166,3,0.1,-0.8203688399764217,0.6938395732796371,0.7109065179182056,0.980100081216868,0.9857433807717296
15,2.0,167,1,0.1,-0.722741116445365,0.0275927478080781,0.5719488424539941,0.7235698354589072,0.8646251399546505
15,2.0,167,2,0.1,-0.722741116445365,0.6959307590176786,0.7204081405046855,0.9568544425660636,0.9711799893049136
15,2.0,167,3,0.1,-0.722741116445365,0.6785092246460404,0.9056726779524495,0.6797695116755031,0.90460250540813
15,2.0,168,1,0.1,-0.74632381882813,0.6441104392636119,0.7555869699443993,0.9178660743072258,0.9654969242760832
15,2.0,168,2,0.1,-0.74632381882813,0.596647180987141,0.6906216238210474,0.9255647832700462,0.9711181060106436
15,2.0,168,3,0.1,-0.74632381882813,0.8335162805458977,0.8926485932477921,0.957005796629396,0.9830310970587212
15,2.0,169,1,0.1,-0.7836473132260515,0.5532700328207608,0.7047646623864462,0.9358632895620248,0.9774610613292334
15,2.0,169,2,0.1,-0.7836473132260515,0.5773989730898725,0.6793037959847852,0.929785570932268,0.979954852601408
15,2.0,169,3,0.1,-0.7836473132260515,0.6549796899100567,0.6800438392384645,0.9740687481731348,0.987294192591461
15,2.0,170,1,0.01,-0.8137613083285881,0.0010010816533227,0.973678870278096,0.9464932233755236,0.054003308678334
15,2.0,170,2,0.01,-0.8137613083285881,0.6764953840797765,0.8944390508284419,0.993552738968518,0.8905712228819798
15,2.0,170,3,0.01,-0.8137613083285881,0.8814634511567666,0.9767425557131388,0.994864173742028,0.9223844980564628
15,2.0,171,1,0.01,-0.7635676769170191,0.3979774145984204,0.9502889725675115,0.868230716041935,0.782383672234624
15,2.0,171,2,0.01,-0.7635676769170191,0.723057933654915,0.9004886968359415,0.9809820298203862,0.775618469224947
15,2.0,171,3,0.01,-0.7635676769170191,0.8250517196432069,0.9138969451838106,0.981268451467924,0.8652853577209919
15,2.0,172,1,0.1,-0.8153810757143023,0.5886640384489694,0.7536557587306806,0.9291118837026952,0.980006451854604
15,2.0,172,2,0.1,-0.8153810757143023,0.7992672521164348,0.874475770145536,0.9378371280164576,0.9782023712194676
15,2.0,172,3,0.1,-0.8153810757143023,0.8078938014299379,0.8316676021756034,0.975998341345814,0.9822897122395152
15,2.0,173,1,0.1,-0.8425456877352928,0.4107232775730884,0.4722564635526542,0.5908766701124378,0.9538918792145926
15,2.0,173,2,0.1,-0.8425456877352928,0.6207771585003288,0.6897697451604131,0.9472493183526478,0.975784766248626
15,2.0,173,3,0.1,-0.8425456877352928,0.6531541159731827,0.6619605447858766,0.8819740270716391,0.9092341946906995
15,2.0,174,1,0.1,-0.7774687544208512,0.5319186062318997,0.6388942088968167,0.9522627133783496,0.9878735113093092
15,2.0,174,2,0.1,-0.7774687544208512,0.505704889842261,0.7401061037348988,0.9156381038506788,0.9914646788049604
15,2.0,174,3,0.1,-0.7774687544208512,0.7636035845874437,0.7665651573570621,0.9887150102366432,0.9908466909898525
15,2.0,175,1,0.01,-0.7428480507152583,0.7950358717512878,0.9335872561020868,0.9809700381508302,0.932765046469737
15,2.0,175,2,0.01,-0.7428480507152583,0.6859168214483551,0.8874025994445844,0.9911753038196404,0.9108976510302343
15,2.0,175,3,0.01,-0.7428480507152583,0.8481361690652687,0.9081351239728108,0.9761372592230017,0.9885890762563936
15,2.0,176,1,0.1,-0.8372950137746513,0.1989157240505882,0.3362603425336646,0.7260961697806594,0.9223044503680758
15,2.0,176,2,0.1,-0.8372950137746513,0.4890825316819518,0.4868828419365205,0.952986870785687,0.9772623626062906
15,2.0,176,3,0.1,-0.8372950137746513,0.897143269704107,0.9197014332290392,0.9372180922497476,0.9548514821718268
15,2.0,177,1,0.01,-0.8276703450608082,0.4585468280483938,0.8939978704866409,0.9907410235487536,0.2976788697175044
15,2.0,177,2,0.01,-0.8276703450608082,0.8756783070837015,0.9409536841696702,0.9920180475385968,0.9771035340576316
15,2.0,177,3,0.01,-0.8276703450608082,0.7927576034521208,0.8289122684460529,0.9710167928004472,0.9892209970771496
15,2.0,178,1,1000.0,-0.78531413021087,0.205335577929569,0.4157331528216122,0.3345348178114096,0.7079754918801403
15,2.0,178,2,1000.0,-0.78531413021087,0.5355087710603732,0.5543268628147937,0.8838721498260695,0.8937823028701561
15,2.0,178,3,1000.0,-0.78531413021087,0.7419945169434627,0.7504484725971627,0.919430679899352,0.925202340136092
15,2.0,179,1,0.01,-0.7619980993906068,0.1107766346598601,0.8875552912162671,0.9838292231328636,0.5216352140219371
15,2.0,179,2,0.01,-0.7619980993906068,0.6650887472197977,0.9569525925151168,0.9753819536815356,0.7725278308597111
15,2.0,179,3,0.01,-0.7619980993906068,0.8565749924884299,0.9135725028253022,0.9858886335481176,0.9764560908721476
15,2.0,180,1,0.1,-0.8549633764302064,0.5005056433572111,0.5866331324848123,0.9146759061187156,0.9079010799171908
15,2.0,180,2,0.1,-0.8549633764302064,0.556110976973463,0.7020244395861551,0.9614653067227212,0.9625749994605092
15,2.0,180,3,0.1,-0.8549633764302064,0.6870243963042931,0.7209277054150199,0.9535847994594684,0.9786041288560764
15,2.0,181,1,0.1,-0.8047155332383811,0.2621029293115174,0.5605121790303892,0.8555563639061722,0.9645270980580364
15,2.0,181,2,0.1,-0.8047155332383811,0.2996404780611574,0.5197335257605952,0.907453633221853,0.6821167114206097
15,2.0,181,3,0.1,-0.8047155332383811,0.6847227662996458,0.7339276134183764,0.9659323521823028,0.9870083893841556
15,2.0,182,1,1.0,-0.806593844172071,0.1771434241733343,0.1867389866526273,0.8047076506291521,0.8084946434479332
15,2.0,182,2,1.0,-0.806593844172071,0.6117526010476799,0.6483095913701281,0.8711802915696101,0.894019667497435
15,2.0,182,3,1.0,-0.806593844172071,0.7310075515396238,0.7395850879370928,0.9083523651748474,0.9153350884301602
15,2.0,183,1,0.01,-0.706176279254932,0.8720312146900288,0.941670841751118,0.9885576823530432,0.9638656821706092
15,2.0,183,2,0.01,-0.706176279254932,0.8604144709570491,0.9032858302015104,0.9899665329517467,0.9664651028855958
15,2.0,183,3,0.01,-0.706176279254932,0.7013613860617466,0.9135030852685064,0.9921764011188916,0.7679920719932123
15,2.0,184,1,0.1,-0.8049149841385316,0.0213933823618025,0.7837750137855055,0.3703117551345209,0.762353429459456
15,2.0,184,2,0.1,-0.8049149841385316,0.8132682935591113,0.8717800700008673,0.927822144051866,0.9665326288455596
15,2.0,184,3,0.1,-0.8049149841385316,0.6758726094189572,0.7229015401234729,0.9737622278333196,0.9819846626469434
15,2.0,185,1,0.1,-0.7883435745043366,0.6133651392767308,0.6276874063685101,0.8884505327618861,0.9215796988973278
15,2.0,185,2,0.1,-0.7883435745043366,0.5738389655736886,0.6513386649336506,0.9006224975524214,0.9415657895718488
15,2.0,185,3,0.1,-0.7883435745043366,0.7207386081015125,0.8982202243001812,0.7944679366924913,0.9543785157271276
15,2.0,186,1,0.01,-0.816189572417026,0.329453259823449,0.9752315199815929,0.9728434018689478,0.4352464321610875
15,2.0,186,2,0.01,-0.816189572417026,0.8763313040474769,0.9732158482517484,0.955131490377691,0.958759885119854
15,2.0,186,3,0.01,-0.816189572417026,0.7651141985795297,0.9774305415913136,0.9910394726172106,0.8259656353133207
15,2.0,187,1,0.01,-0.8223526258203553,0.6285191185725147,0.9555611629153874,0.983934853351746,0.7946939626814584
15,2.0,187,2,0.01,-0.8223526258203553,0.8549973210950977,0.9290852790104293,0.9849643921233172,0.9492313986884662
15,2.0,187,3,0.01,-0.8223526258203553,0.8375674781791429,0.9255633965959804,0.976256093463431,0.949024611239894
15,2.0,188,1,0.01,-0.7894284901250094,0.4866366416045685,0.8438542598239498,0.9723198069903636,0.9419253817777724
15,2.0,188,2,0.01,-0.7894284901250094,0.6873884723147206,0.9579674359779172,0.9699889360049516,0.8896276800668205
15,2.0,188,3,0.01,-0.7894284901250094,0.9562809336136646,0.967258143793892,0.9909752650243866,0.992699109194001
15,2.0,189,1,1.0,-0.7985457973962324,0.002040012403521,0.1657432554103569,0.0094091699629768,0.2413946482636811
15,2.0,189,2,1.0,-0.7985457973962324,0.5468292254901176,0.620689923574032,0.8171966704729854,0.8868054109459025
15,2.0,189,3,1.0,-0.7985457973962324,0.7246343654972418,0.7280848519789869,0.9669090181602864,0.968652779177386
15,2.0,190,1,0.01,-0.8319734161909307,0.7417469287050811,0.9672182229432768,0.9894068720420058,0.819482693321292
15,2.0,190,2,0.01,-0.8319734161909307,0.8179062386908496,0.9135235273924102,0.992067829525952,0.9563407676881004
15,2.0,190,3,0.01,-0.8319734161909307,0.6996431865899915,0.8835068232328421,0.9075969497566622,0.8875565735975665
15,2.0,191,1,0.1,-0.860053188078253,0.0514441498178332,0.2201777782215679,0.1032250639572488,0.6810464742932488
15,2.0,191,2,0.1,-0.860053188078253,0.4705336705298301,0.581804115992318,0.9464398585824868,0.9890027292492992
15,2.0,191,3,0.1,-0.860053188078253,0.72543649914784,0.8214939560024866,0.9027633130857752,0.9653611402330868
15,2.0,192,1,0.1,-0.8711260211454525,0.4802244632645793,0.8931096344882197,0.7320781039531896,0.979290886889154
15,2.0,192,2,0.1,-0.8711260211454525,0.6788150225209602,0.7109154465074458,0.974425138066432,0.9874158103520656
15,2.0,192,3,0.1,-0.8711260211454525,0.7825832134224106,0.7902477474187776,0.9730653865540888,0.976288963838129
15,2.0,193,1,1.0,-0.8050277731467496,0.428546188679393,0.5748733606176687,0.6321885929509188,0.807395427022571
15,2.0,193,2,1.0,-0.8050277731467496,0.3026021928273212,0.3714104821029309,0.8184933805049823,0.8694554392269779
15,2.0,193,3,1.0,-0.8050277731467496,0.6336388887448161,0.6336736627332685,0.964828371509424,0.9655065689302416
15,2.0,194,1,0.1,-0.7180878812837589,0.0869026074492031,0.2728966558708082,0.8395531882912781,0.9875824190244186
15,2.0,194,2,0.1,-0.7180878812837589,0.4508027075054134,0.4740526125601821,0.9729412069050424,0.9904398562449184
15,2.0,194,3,0.1,-0.7180878812837589,0.8430990443470998,0.8964928123251706,0.9439540991430004,0.9753842590723631
15,2.0,195,1,0.01,-0.7948865431291762,0.8613518405969445,0.9597153302198432,0.992949924274228,0.9783376325875432
15,2.0,195,2,0.01,-0.7948865431291762,0.5869531352989649,0.9480245008823464,0.9927422476961004,0.7407878175685878
15,2.0,195,3,0.01,-0.7948865431291762,0.8973641783921317,0.9361668673873648,0.9703092181995506,0.9896774134822977
15,2.0,196,1,0.1,-0.6649170830508947,0.3731806913709732,0.4272214277475537,0.8760151669315994,0.9311506845245824
15,2.0,196,2,0.1,-0.6649170830508947,0.3634369470927938,0.4678958455778762,0.922783750986918,0.9685749233848624
15,2.0,196,3,0.1,-0.6649170830508947,0.6539165535391229,0.6676706286916826,0.957260695239992,0.9798862721906864
15,2.0,197,1,0.1,-0.7952278977024975,0.3235093033381239,0.7299123817783366,0.4315611840373964,0.9579960718578204
15,2.0,197,2,0.1,-0.7952278977024975,0.691468460430525,0.8333462487413539,0.9015511532127698,0.979194170362146
15,2.0,197,3,0.1,-0.7952278977024975,0.8127480836917386,0.8545169680878667,0.9493696014881424,0.9690539020200362
15,2.0,198,1,0.1,-0.8002087175417273,0.3151827750231992,0.4539658272008208,0.8131589713843694,0.938362544807669
15,2.0,198,2,0.1,-0.8002087175417273,0.4440622502741206,0.5536379818789912,0.955019480262832,0.9830780871913382
15,2.0,198,3,0.1,-0.8002087175417273,0.6663990574747428,0.6887160039297652,0.9873379572643032,0.983836177228988
15,2.0,199,1,0.01,-0.7801458676642405,0.2970865265989725,0.9549487269386736,0.93494258132311,0.4836933539581191
15,2.0,199,2,0.01,-0.7801458676642405,0.7263128391835483,0.9613300603563352,0.9695660835705638,0.7651426999554125
15,2.0,199,3,0.01,-0.7801458676642405,0.957998405847112,0.9634819036133888,0.969577768795316,0.9665763887132118
30,0.5,0,1,1.0,-1.222464541912767,0.2617545674231457,0.3310902118838177,0.7560035857126586,0.8160466746101904
30,0.5,0,2,1.0,-1.222464541912767,0.2568029010368243,0.2882102726915994,0.8694938619155534,0.8825705061248807
30,0.5,0,3,1.0,-1.222464541912767,0.6456068330451589,0.6452194251481186,0.903555968467284,0.9057793240859604
30,0.5,1,1,1.0,-1.1985658589824884,0.1679898128974623,0.2804132686734606,0.0858139906950742,0.1893248032141383
30,0.5,1,2,1.0,-1.1985658589824884,0.5316662400258553,0.5736623826684777,0.8335617035049725,0.867408241392245
30,0.5,1,3,1.0,-1.1985658589824884,0.6542661090733597,0.6541039755261185,0.9649758038585072,0.966356888144412
30,0.5,2,1,10.0,-1.168638806186454,0.2489794886017172,0.2575001174491786,0.7403397719932016,0.7361751124081045
30,0.5,2,2,10.0,-1.168638806186454,0.4626166266132785,0.4880632773251698,0.813608032451852,0.823393491171454
30,0.5,2,3,10.0,-1.168638806186454,0.6439094901189157,0.643702137345711,0.9196933434349294,0.9207523103493386
30,0.5,3,1,0.1,-1.2688200493476272,0.2141632573469661,0.3651883201914896,0.7773941102554112,0.8857714888001033
30,0.5,3,2,0.1,-1.2688200493476272,0.5740177026150781,0.7912803664886461,0.8211177222606376,0.9185137795965406
30,0.5,3,3,0.1,-1.2688200493476272,0.6991497052904195,0.7183230021870045,0.9281335141712188,0.9513737567670888
30,0.5,4,1,0.1,-1.2313644555832028,0.5716068190116579,0.6509952012981304,0.9837593199782596,0.9436604450112688
30,0.5,4,2,0.1,-1.2313644555832028,0.5028015986648432,0.5411733637962653,0.8344948478318978,0.93537492142322
30,0.5,4,3,0.1,-1.2313644555832028,0.6549710501554101,0.7532482803122598,0.8616362609321992,0.9481259300259284
30,0.5,5,1,0.1,-1.2546085582385411,0.3325679166320527,0.688981646215592,0.7025850075155501,0.9576969849303056
30,0.5,5,2,0.1,-1.2546085582385411,0.7344024727671219,0.7875370536299262,0.9661274713028332,0.9815576010669328
30,0.5,5,3,0.1,-1.2546085582385411,0.6532115589933054,0.8370468392130107,0.7251812646530018,0.6882172994444149
30,0.5,6,1,1000.0,-1.2276740553355672,0.1807310305463201,0.214150218859087,0.6940128703256929,0.6566712788230739
30,0.5,6,2,1000.0,-1.2276740553355672,0.3167893385600452,0.3276390297313304,0.8177813126775055,0.8197097915948193
30,0.5,6,3,1000.0,-1.2276740553355672,0.6513726643058262,0.65208319186344,0.9288715113164032,0.9359792768103622
30,0.5,7,1,1000.0,-1.209046129488369,0.0033368513225403,7.663258402038021e-05,0.0872704370016136,0.0208650612661315
30,0.5,7,2,1000.0,-1.209046129488369,0.4473474632896125,0.4513321051082807,0.8876853356561767,0.8885785719469521
30,0.5,7,3,1000.0,-1.209046129488369,0.8099914512167672,0.8310115937900581,0.9005126764897419,0.9157535210782198
30,0.5,8,1,1.0,-1.283073565397783,0.159027137154578,0.1844757257965926,0.5144997775305161,0.5439378406909515
30,0.5,8,2,1.0,-1.283073565397783,0.2795013622088906,0.3154666581565659,0.6290590721191137,0.631395533093664
30,0.5,8,3,1.0,-1.283073565397783,0.6351759517736646,0.6331127244927295,0.8693931317624566,0.8718424241176175
30,0.5,9,1,1.0,-1.2650716549552958,0.0043021454486437,0.0001799678762968,0.9024822282360596,0.93594455704234
30,0.5,9,2,1.0,-1.2650716549552958,0.3264325797252402,0.4017518538628685,0.6143713623980648,0.6801533774450843
30,0.5,9,3,1.0,-1.2650716549552958,0.6428841235050199,0.6417008161571477,0.7535334051600152,0.7574222961357524
30,0.5,10,1,1000.0,-1.3342454885589583,0.2717325312751525,0.2946480767715009,0.6290870768272134,0.6645033742993901
30,0.5,10,2,1000.0,-1.3342454885589583,0.4943247493038597,0.4981694042710366,0.8481199905181205,0.8557463966599257
30,0.5,10,3,1000.0,-1.3342454885589583,0.706655390960452,0.7294177179767898,0.8649453670163791,0.8936758643028351
30,0.5,11,1,0.1,-1.2050828919730885,0.0552960206661148,0.0031017921036843,0.0774905560137187,0.0181770643463247
30,0.5,11,2,0.1,-1.2050828919730885,0.5863492258938012,0.6344118490673154,0.9599719151026582,0.9352331592957082
30,0.5,11,3,0.1,-1.2050828919730885,0.6553541873160288,0.858515229062526,0.7040878623780481,0.9259191028135852
30,0.5,12,1,1.0,-1.2063420623821082,0.1910550492385589,0.2282295126909707,0.508278872989801,0.7814781435929145
30,0.5,12,2,1.0,-1.2063420623821082,0.2956075841281882,0.3496642984921662,0.7395222861080966,0.7694051982161123
30,0.5,12,3,1.0,-1.2063420623821082,0.6592618135949414,0.6592380699476273,0.967145051359568,0.9691689025426036
30,0.5,13,1,0.0001,-1.2870986549910808,0.0743744202620538,0.0005123342056908,0.1839757468997014,0.0299823160002464
30,0.5,13,2,0.0001,-1.2870986549910808,0.0704505395598273,0.0009217207876433,0.8931320690959428,0.2021627649332111
30,0.5,13,3,0.0001,-1.2870986549910808,0.0576935010079896,0.0042403845104821,0.8783244577640007,0.3655422498916081
30,0.5,14,1,1.0,-1.261222789440089,0.0577777250595862,0.046074163468274,0.4616695832065112,0.4030822396422481
30,0.5,14,2,1.0,-1.261222789440089,0.4327235951928978,0.4985979459583883,0.7547039273707664,0.7998984931737891
30,0.5,14,3,1.0,-1.261222789440089,0.7119039296630819,0.7476374148305037,0.9360880244799932,0.9526382419403738
30,0.5,15,1,0.1,-1.2822290259144848,0.2397101394394579,0.6580276663265995,0.7921788812439171,0.8656230004594597
30,0.5,15,2,0.1,-1.2822290259144848,0.31865529376315,0.5354975550459931,0.8604847714972998,0.6467252084543077
30,0.5,15,3,0.1,-1.2822290259144848,0.6677735373878927,0.6951262149575678,0.9319351601079108,0.9214812624988098
30,0.5,16,1,0.01,-1.254545423408873,0.8125656706005749,0.499611180977601,0.9280331988138628,0.4663509779849309
30,0.5,16,2,0.01,-1.254545423408873,0.7058164412234815,0.5189706545168851,0.9685779115518124,0.8004220399534923
30,0.5,16,3,0.01,-1.254545423408873,0.6379739224255606,0.4139907363385755,0.9281544314753446,0.6313415853603415
30,0.5,17,1,1000.0,-1.2775468131480197,0.3490336373277574,0.3819202889929186,0.6991797482735452,0.7258410330628552
30,0.5,17,2,1000.0,-1.2775468131480197,0.3594992535869895,0.380784889466298,0.8240646718763995,0.8365164798352136
30,0.5,17,3,1000.0,-1.2775468131480197,0.6434017044661694,0.6429189495081516,0.9624048911245828,0.9630666374098328
30,0.5,18,1,0.1,-1.2736439419479573,0.5327372093163464,0.5665949955313853,0.7779688700318664,0.6898782220961929
30,0.5,18,2,0.1,-1.2736439419479573,0.6373604328822395,0.7479919221757887,0.8694987388016947,0.9202017944212209
30,0.5,18,3,0.1,-1.2736439419479573,0.6521665830887826,0.7214462611412995,0.8603304010756929,0.7469664083591921
30,0.5,19,1,10.0,-1.3094764423450596,0.0137007773326087,0.0152344918931069,0.2861679860336497,0.2908536213570811
30,0.5,19,2,10.0,-1.3094764423450596,0.3852304686212794,0.4164141075882026,0.9231893916652532,0.9330912605956304
30,0.5,19,3,10.0,-1.3094764423450596,0.6655954563250096,0.6681227757220333,0.8537094672958908,0.8573717092374432
30,0.5,20,1,1000.0,-1.271419842783281,0.0883876610298723,0.0995066939318923,0.3415350376662545,0.3514409158518947
30,0.5,20,2,1000.0,-1.271419842783281,0.5743453904407304,0.5963963160919866,0.7623874060945304,0.781739794589209
30,0.5,20,3,1000.0,-1.271419842783281,0.7025662448175152,0.6995484800783585,0.9518485198980752,0.9544380241813656
30,0.5,21,1,1000.0,-1.2286931162852328,0.0222274250394561,0.0206572489047803,0.0321073932469322,0.0818105157601462
30,0.5,21,2,1000.0,-1.2286931162852328,0.4480667433668209,0.5107105944339629,0.7975902989875095,0.8458600737327597
30,0.5,21,3,1000.0,-1.2286931162852328,0.6508394935826346,0.6498431796004001,0.7548861414140581,0.75331422352247
30,0.5,22,1,0.1,-1.2641065054302627,0.0618782333448282,0.1505341439295233,0.914663573839722,0.8028637291260492
30,0.5,22,2,0.1,-1.2641065054302627,0.3040080724011368,0.669168865214717,0.6876583119696628,0.6803328610980085
30,0.5,22,3,0.1,-1.2641065054302627,0.7739549712753256,0.9277831495144367,0.9681059673295777,0.9595387955156336
30,0.5,23,1,0.1,-1.2500313261744938,0.3220776389191794,0.5013997420340397,0.8413974368437649,0.9426558793534447
30,0.5,23,2,0.1,-1.2500313261744938,0.487348225450622,0.6283842910130892,0.8809756093336492,0.9680725064689164
30,0.5,23,3,0.1,-1.2500313261744938,0.6551735582201825,0.6789523999473821,0.8831129318759738,0.9095622923418764
30,0.5,24,1,0.1,-1.2463722480763388,0.1762325289466001,0.4245533863404158,0.0040941601608855,0.0554772192440077
30,0.5,24,2,0.1,-1.2463722480763388,0.5163720334112152,0.6558765172941973,0.7824085623703678,0.8037114007091011
30,0.5,24,3,0.1,-1.2463722480763388,0.7850161277552132,0.6998267157523577,0.857148727896735,0.7105189218650785
30,0.5,25,1,10.0,-1.2188679208590227,0.3253150090409603,0.3640802999817302,0.5833270881506719,0.6273410440635411
30,0.5,25,2,10.0,-1.2188679208590227,0.5354492827732908,0.5572662197434466,0.7971512212671081,0.8096473304086308
30,0.5,25,3,10.0,-1.2188679208590227,0.7152564421840379,0.7193761458168222,0.9525444511578908,0.9516270577611624
30,0.5,26,1,1000.0,-1.277513128445368,0.0302217876387435,0.0045140935081788,0.8352483749204458,0.6822532340850387
30,0.5,26,2,1000.0,-1.277513128445368,0.5682293091369801,0.586100995336855,0.8773308150496449,0.8892455400856204
30,0.5,26,3,1000.0,-1.277513128445368,0.6419557941542151,0.640893578419154,0.8199911625240235,0.8216356637942807
30,0.5,27,1,0.01,-1.2190725067134769,0.7024238157841904,0.8647277673132552,0.948109170392203,0.6133143028769111
30,0.5,27,2,0.01,-1.2190725067134769,0.4716531073222541,0.4627170343483488,0.8814819251745405,0.621919126885011
30,0.5,27,3,0.01,-1.2190725067134769,0.7367356673001687,0.3912002958313093,0.9712395440798698,0.6963388005058154
30,0.5,28,1,0.01,-1.2707349477479648,0.6046977827348842,0.576245195722124,0.6032227080498852,0.748402265227695
30,0.5,28,2,0.01,-1.2707349477479648,0.4284167953193775,0.4831756499596829,0.8825679243112701,0.3884678718948549
30,0.5,28,3,0.01,-1.2707349477479648,0.583236519151371,0.5067486159659762,0.9584353909255228,0.4905362025409056
30,0.5,29,1,1000.0,-1.2273066996351496,0.3316357596326261,0.3437286011833756,0.7903512172797252,0.835237239266233
30,0.5,29,2,1000.0,-1.2273066996351496,0.4194023800586121,0.4342968263467324,0.8535261706137163,0.8613953182204892
30,0.5,29,3,1000.0,-1.2273066996351496,0.7225074109415007,0.7271563458413192,0.9216248740426072,0.9255582302120448
30,0.5,30,1,1000.0,-1.2381253211966976,0.2083774979145564,0.2260504574918659,0.7760843226960381,0.8181756897849162
30,0.5,30,2,1000.0,-1.2381253211966976,0.395293143745107,0.409970887232152,0.8565743804844284,0.8651887111719343
30,0.5,30,3,1000.0,-1.2381253211966976,0.6756239173323942,0.6855385016790546,0.8617087788875416,0.8768826327084476
30,0.5,31,1,0.1,-1.202213171436111,0.0607419176632686,0.461672239901101,0.224614489116215,0.643953601956481
30,0.5,31,2,0.1,-1.202213171436111,0.7546636707772922,0.8679894287251877,0.9502338130032064,0.8682428472105821
30,0.5,31,3,0.1,-1.202213171436111,0.8930238986250935,0.7490615456846959,0.9814896430324836,0.8634460683068822
30,0.5,32,1,0.1,-1.2191541163001989,0.1153541320068877,0.0311192260905923,0.6840198612706268,0.829817941730765
30,0.5,32,2,0.1,-1.2191541163001989,0.4772886947100533,0.5898708677339974,0.8939417787055222,0.919425935820735
30,0.5,32,3,0.1,-1.2191541163001989,0.6508933332807331,0.8970852168686995,0.7860533324275935,0.8852252895261117
30,0.5,33,1,0.1,-1.337065555305063,0.1226317373300367,0.0952691465482701,0.1513709841942761,0.470230402114254
30,0.5,33,2,0.1,-1.337065555305063,0.5317801601605807,0.7102267336579016,0.9062013511524384,0.9512370386263224
30,0.5,33,3,0.1,-1.337065555305063,0.6736210959007813,0.8041151246988508,0.7985020158272301,0.7049000376798582
30,0.5,34,1,0.1,-1.2401370776560263,0.0111095810053703,0.0279056424724193,0.0229890233382618,0.2808323221403284
30,0.5,34,2,0.1,-1.2401370776560263,0.3778202908663835,0.5304747127973628,0.9154704820657724,0.9521425645227752
30,0.5,34,3,0.1,-1.2401370776560263,0.6590045524232391,0.6781633338732287,0.7465187222284673,0.6874428513340538
30,0.5,35,1,1000.0,-1.2194540654549413,0.2043963999786328,0.2216791887413385,0.7460998628724286,0.7852431040699293
30,0.5,35,2,1000.0,-1.2194540654549413,0.5187983367934071,0.5319462345790579,0.8897250257313389,0.8968975220994395
30,0.5,35,3,1000.0,-1.2194540654549413,0.775688684731334,0.7909233450456042,0.8903176179759642,0.90284479615683
30,0.5,36,1,0.1,-1.2368608213330914,0.3907295755038125,0.6909014390416566,0.6310228913620299,0.9075901915905776
30,0.5,36,2,0.1,-1.2368608213330914,0.7186027751161096,0.7413848267730525,0.968133854888864,0.942426724840607
30,0.5,36,3,0.1,-1.2368608213330914,0.7967286413343971,0.8370413133489353,0.938620454929629,0.9570271821575966
30,0.5,37,1,1.0,-1.286570300603996,0.0006707224865141,0.008250425115909,0.6609065105909268,0.054398628974768
30,0.5,37,2,1.0,-1.286570300603996,0.1539391667416159,0.2344634148409669,0.5804383425705256,0.6219092958667202
30,0.5,37,3,1.0,-1.286570300603996,0.6672072658529441,0.6709532733751279,0.8497506844935652,0.8608812979164001
30,0.5,38,1,0.1,-1.213202190494015,0.3500195790717134,0.8456571275807185,0.4234881726813378,0.880188710395657
30,0.5,38,2,0.1,-1.213202190494015,0.4490907045396948,0.4987968317933945,0.9786841915195744,0.9817400908778322
30,0.5,38,3,0.1,-1.213202190494015,0.6573627791890045,0.6918572310277208,0.9719796001593398,0.9909180071633266
30,0.5,39,1,1000.0,-1.257667757391832,0.4705015930363651,0.523782965203306,0.7307178517533731,0.7774782640706642
30,0.5,39,2,1000.0,-1.257667757391832,0.3540153814976194,0.3702198892847322,0.7856263951664681,0.8012165280865041
30,0.5,39,3,1000.0,-1.257667757391832,0.6851314915934531,0.6930937482400746,0.8693901145836843,0.8770329018527473
30,0.5,40,1,1.0,-1.287682446678679,0.3235933073228428,0.4336928186374693,0.643278722274169,0.7412231866197427
30,0.5,40,2,1.0,-1.287682446678679,0.6117890452386663,0.6295888166484856,0.9008877418137562,0.907881363576687
30,0.5,40,3,1.0,-1.287682446678679,0.6478592926380798,0.6465174686812597,0.9197288667096584,0.9137763358753748
30,0.5,41,1,1.0,-1.2176579337313669,0.1949723920052596,0.3024614872925135,0.5986417655490942,0.7377378173777879
30,0.5,41,2,1.0,-1.2176579337313669,0.323308871410498,0.3608321363142829,0.8115817667984925,0.8260027457255648
30,0.5,41,3,1.0,-1.2176579337313669,0.6524143046422999,0.6616049204492566,0.804846206150004,0.834910438217687
30,0.5,42,1,1000.0,-1.323813636696514,5.6070652217744e-06,0.0033500945754863,0.0056210965755333,0.0474731707122539
30,0.5,42,2,1000.0,-1.323813636696514,0.3619250298398029,0.381391492214639,0.7680187763908393,0.7692192441971255
30,0.5,42,3,1000.0,-1.323813636696514,0.6412034865572067,0.6409092884176032,0.9177424739985938,0.9200287191629682
30,0.5,43,1,0.01,-1.204890176158914,0.3627085841464623,0.719682218516106,0.7519629884897461,0.6821013341916653
30,0.5,43,2,0.01,-1.204890176158914,0.7932418480307656,0.4100310384507327,0.9804171789495256,0.4089734548532766
30,0.5,43,3,0.01,-1.204890176158914,0.876069990579187,0.5133204489875182,0.970346036984396,0.7303908747779745
30,0.5,44,1,0.01,-1.3087301290310074,0.8370678835483794,0.6674504163734775,0.7706285612680961,0.8096684189264267
30,0.5,44,2,0.01,-1.3087301290310074,0.8680433960159095,0.5355729060845046,0.962035325456131,0.7735018886759263
30,0.5,44,3,0.01,-1.3087301290310074,0.8808686836314864,0.5701684041041565,0.9684126301964832,0.5947082137326872
30,0.5,45,1,1.0,-1.2955833276817756,0.1298233212197101,0.6935859733037454,0.2147749457455479,0.7617647514793326
30,0.5,45,2,1.0,-1.2955833276817756,0.4218593337334279,0.4720803337503059,0.9496389752489602,0.9769914216843816
30,0.5,45,3,1.0,-1.2955833276817756,0.6567854879517828,0.6586034869375098,0.9694780100703122,0.9712401377428552
30,0.5,46,1,0.1,-1.261007650226602,0.1790846125542079,0.2848616796788055,0.0455569281170048,4.343180313868108e-05
30,0.5,46,2,0.1,-1.261007650226602,0.3868452368928721,0.464945589490524,0.8494454653730736,0.87527754639933
30,0.5,46,3,0.1,-1.261007650226602,0.6502683591229528,0.656089902740426,0.9632145109375704,0.98258640158398
30,0.5,47,1,1.0,-1.3234607053665366,0.0590695433899354,0.0320885091544459,0.6420891605942495,0.6703319988531375
30,0.5,47,2,1.0,-1.3234607053665366,0.4418981478514176,0.4476372594001413,0.8096808753113158,0.809202234374743
30,0.5,47,3,1.0,-1.3234607053665366,0.7562031307583049,0.7577045321741728,0.9118681964897468,0.9138107919029748
30,0.5,48,1,0.0001,-1.271766267444966,0.020030714961539,9.799103311501516e-05,0.95055240753896,0.0702271690426253
30,0.5,48,2,0.0001,-1.271766267444966,0.1220703529362533,6.629964031564698e-05,0.8563892556460997,0.1205541839299079
30,0.5,48,3,0.0001,-1.271766267444966,0.1269876929179197,0.0019765060078141,0.755319050610011,0.3915857659509464
30,0.5,49,1,0.1,-1.249616994543261,0.0753184949606554,0.3828075916452302,0.0819144659978128,0.4061356276688263
30,0.5,49,2,0.1,-1.249616994543261,0.4715738484196175,0.6143502764551951,0.92655204353118,0.9012091093132726
30,0.5,49,3,0.1,-1.249616994543261,0.8126926947919603,0.927543365572913,0.9490418465464504,0.955025527944897
30,0.5,50,1,0.1,-1.191098794079688,0.0002365850600175,0.3282799701578525,0.1470640314679442,0.6058105012558131
30,0.5,50,2,0.1,-1.191098794079688,0.4141073401343553,0.4774240356815954,0.9568240719107568,0.8640031221390732
30,0.5,50,3,0.1,-1.191098794079688,0.6400928211738625,0.757937172764497,0.7874863373601416,0.688013906325262
30,0.5,51,1,0.1,-1.310182884023025,0.2140764648323137,0.5450155081231363,0.7126813850725167,0.907615923794576
30,0.5,51,2,0.1,-1.310182884023025,0.3371653872962361,0.6443037181855689,0.8836622574631985,0.5231533798734411
30,0.5,51,3,0.1,-1.310182884023025,0.72868852619303,0.7709140492646722,0.9330743875290164,0.9575597648021826
30,0.5,52,1,1.0,-1.2890944831517148,0.0059714997354535,7.489026557676743e-06,0.0004182579754435,0.0281879724748757
30,0.5,52,2,1.0,-1.2890944831517148,0.4316597183333755,0.4732237985869976,0.7062562556852823,0.7362516208872277
30,0.5,52,3,1.0,-1.2890944831517148,0.6375681568536499,0.6358643594171326,0.8614013451503809,0.866172984444788
30,0.5,53,1,0.1,-1.2635048634363628,0.0023826728621345,0.007235500745855,0.990228570807822,0.9680974010254478
30,0.5,53,2,0.1,-1.2635048634363628,0.4743384869689305,0.5087670789708364,0.9523214130615892,0.948814222726349
30,0.5,53,3,0.1,-1.2635048634363628,0.6491583701322694,0.6459999478508779,0.95826591241968,0.9585016157086832
30,0.5,54,1,1000.0,-1.2580177211589303,0.1291202142372237,0.168768897649794,0.5537178763588222,0.610663096754709
30,0.5,54,2,1000.0,-1.2580177211589303,0.4027665501369781,0.4335498747550503,0.8859618599184775,0.9045259151204016
30,0.5,54,3,1000.0,-1.2580177211589303,0.6636230577616608,0.667028174857165,0.8020550362502368,0.8085461415060898
30,0.5,55,1,0.1,-1.2480298246815271,0.0245257410675081,0.1123920713496404,0.4007448741913966,0.6479140914061581
30,0.5,55,2,0.1,-1.2480298246815271,0.546719828200688,0.6624576184959454,0.9000959093334414,0.9819392446917694
30,0.5,55,3,0.1,-1.2480298246815271,0.6590489426976458,0.8714465726667359,0.7903490687591402,0.7624365059006252
30,0.5,56,1,1.0,-1.283619707147828,0.1445755910444511,0.3274900529018916,0.3665380401041382,0.9356824061043624
30,0.5,56,2,1.0,-1.283619707147828,0.4856975945347648,0.4914043116578868,0.6672875016614697,0.6306960100980358
30,0.5,56,3,1.0,-1.283619707147828,0.6674231741372,0.6676220900579275,0.9284680406055852,0.9280767484675309
30,0.5,57,1,0.01,-1.2126232654628182,0.0330924587762737,0.6879657592709971,0.8882103767299181,1.5363807937444464e-05
30,0.5,57,2,0.01,-1.2126232654628182,0.5908583341564193,0.4998660852173775,0.9422863394205264,0.6196764736009999
30,0.5,57,3,0.01,-1.2126232654628182,0.7662252178137697,0.604855263260612,0.9412066548269178,0.8838649677193461
30,0.5,58,1,1.0,-1.2162264567511458,0.1323841081669487,0.1182921467424657,0.5511940601550915,0.5018712501500157
30,0.5,58,2,1.0,-1.2162264567511458,0.6268198977222602,0.6667816396627314,0.8892729144823663,0.9124495843503482
30,0.5,58,3,1.0,-1.2162264567511458,0.6566904312187217,0.6498194172914792,0.9423031408868296,0.9504598734351508
30,0.5,59,1,1000.0,-1.257724224243846,0.3165192835524234,0.3780905741401457,0.750277650808383,0.7964957386178314
30,0.5,59,2,1000.0,-1.257724224243846,0.5790802962861432,0.6088370594005659,0.8673841794536179,0.8873641856267085
30,0.5,59,3,1000.0,-1.257724224243846,0.7484555503484067,0.7607777741009407,0.9218425112407596,0.9290751015789276
30,0.5,60,1,0.1,-1.3164567289320022,0.2318391947434556,0.1830439439071127,0.2229431102829192,0.0004421541714123
30,0.5,60,2,0.1,-1.3164567289320022,0.3224655475424571,0.5160040258678391,0.8078121144227008,0.8460640493476399
30,0.5,60,3,0.1,-1.3164567289320022,0.7070097027500579,0.7720866262066525,0.9648503216081552,0.9283809209750876
30,0.5,61,1,0.1,-1.265726004265766,0.2630095783849311,0.5215646518794302,0.4648438303000332,0.7353282392303009
30,0.5,61,2,0.1,-1.265726004265766,0.3081003297726395,0.3945440421862451,0.904549619510553,0.9397172467344648
30,0.5,61,3,0.1,-1.265726004265766,0.6755625413099455,0.6960116352502466,0.9821308181705756,0.9762208551500552
30,0.5,62,1,10.0,-1.27105096271621,0.0659040444423115,0.0939950795410239,0.289722094536813,0.4538726483626703
30,0.5,62,2,10.0,-1.27105096271621,0.374319455245038,0.3903473790056451,0.7182918300176666,0.7258523169682887
30,0.5,62,3,10.0,-1.27105096271621,0.6469027884532881,0.6448093069344495,0.6866106978780152,0.6996683929501502
30,0.5,63,1,100.0,-1.259636973638984,0.3326601520998627,0.3967569360246957,0.6783710810865169,0.6685174636787347
30,0.5,63,2,100.0,-1.259636973638984,0.5827723148146893,0.6010090675832096,0.7777783975716104,0.7911909324718772
30,0.5,63,3,100.0,-1.259636973638984,0.6335247052844172,0.6211822928157481,0.8569331993734028,0.8841516129508539
30,0.5,64,1,10.0,-1.2844274144223349,0.0020052803428368,0.0152503420020102,0.7202661926599996,0.7758247997240006
30,0.5,64,2,10.0,-1.2844274144223349,0.4070951906468293,0.5275619742981134,0.5853222951130844,0.6792369759404306
30,0.5,64,3,10.0,-1.2844274144223349,0.6725512915718173,0.6730698591616875,0.7525226839139592,0.7541404813991176
30,0.5,65,1,0.01,-1.261010635910338,0.1271371917019933,0.3856950260363628,0.6546320156277126,0.0611423439314349
30,0.5,65,2,0.01,-1.261010635910338,0.3553508530963823,0.429115675047008,0.8987964991411432,0.4716680099307459
30,0.5,65,3,0.01,-1.261010635910338,0.773575818551561,0.4021425674197497,0.9322315069062324,0.6597101474505562
30,0.5,66,1,1.0,-1.2637509246964778,0.0377585887062506,0.1776047499233909,0.3796125737481466,0.6312941115677301
30,0.5,66,2,1.0,-1.2637509246964778,0.3732443681608779,0.4371930013622762,0.7355007431600018,0.8085228059705593
30,0.5,66,3,1.0,-1.2637509246964778,0.7390030360574538,0.7496259355482295,0.8614387639921537,0.8712710734207638
30,0.5,67,1,1.0,-1.2335169778712798,0.2772111869346458,0.2972944204453007,0.8525715476927721,0.854919286384178
30,0.5,67,2,1.0,-1.2335169778712798,0.3556631324424674,0.3771114951207991,0.7102890123582525,0.6981279248953076
30,0.5,67,3,1.0,-1.2335169778712798,0.6603410054484891,0.661237006232059,0.9216790700219674,0.9296366912701453
30,0.5,68,1,10.0,-1.2123609625422491,0.4150395509842259,0.4500254562761197,0.9118830878560176,0.9565168386979468
30,0.5,68,2,10.0,-1.2123609625422491,0.6254516528681782,0.6637109243020534,0.9232165228593464,0.9403900707979658
30,0.5,68,3,10.0,-1.2123609625422491,0.7013700935322918,0.7045102188860194,0.930257731662246,0.933771009379725
30,0.5,69,1,0.01,-1.2803161676442771,0.5133784225671305,0.8145365663227382,0.8234565479242275,0.6530876179874205
30,0.5,69,2,0.01,-1.2803161676442771,0.7144731840003581,0.7007389650194251,0.527043335519742,0.4967945446494467
30,0.5,69,3,0.01,-1.2803161676442771,0.8066957661728132,0.4802160113183649,0.9308473730833834,0.6172684736743638
30,0.5,70,1,0.1,-1.2808545408964582,0.4170742761143571,0.5549717684101175,0.96932680927139,0.9680678746073136
30,0.5,70,2,0.1,-1.2808545408964582,0.4911798173323001,0.7594949658189909,0.9465957783921344,0.498209556142405
30,0.5,70,3,0.1,-1.2808545408964582,0.7060409602224599,0.731258751575191,0.820368482554411,0.8532584284636934
30,0.5,71,1,0.1,-1.248229705671715,0.4434696364715184,0.8897120027155365,0.3227399727976682,0.5787057325504904
30,0.5,71,2,0.1,-1.248229705671715,0.6290721152975267,0.8353222435350092,0.8071448591293813,0.9546643985060268
30,0.5,71,3,0.1,-1.248229705671715,0.7923202574862392,0.8028236465155948,0.954475486603941,0.962568724464167
30,0.5,72,1,0.1,-1.2819407087721906,0.2151521251673114,0.0972455993872142,0.362691315584745,0.225423572697857
30,0.5,72,2,0.1,-1.2819407087721906,0.5690540119310492,0.7190250921953931,0.8397652643639164,0.9325900055368116
30,0.5,72,3,0.1,-1.2819407087721906,0.6588795705885774,0.663551291732497,0.9565822544830592,0.972177445705434
30,0.5,73,1,0.01,-1.241378783450744,0.3128808981251188,0.6133883713211293,0.9373741633291508,0.7473907804850879
30,0.5,73,2,0.01,-1.241378783450744,0.4106796332643296,0.6224879170817778,0.9381838249411868,0.5512904218724028
30,0.5,73,3,0.01,-1.241378783450744,0.8387739770681862,0.5153366090908109,0.9771458878940712,0.7480788217898698
30,0.5,74,1,1.0,-1.2128340206864352,0.2219393232334864,0.2869934024296581,0.5390781286137578,0.5236802744005746
30,0.5,74,2,1.0,-1.2128340206864352,0.4505698774993726,0.5471035296384855,0.7540916014950679,0.8056328837986291
30,0.5,74,3,1.0,-1.2128340206864352,0.7255854158412558,0.7345766236953044,0.9354065578936476,0.941183491933318
30,0.5,75,1,1000.0,-1.1848769057809514,0.2240170039289883,0.2297711640717842,0.7025917253104894,0.7126766134819129
30,0.5,75,2,1000.0,-1.1848769057809514,0.5307405162138584,0.5457601281667521,0.8132352154670406,0.8206680502631498
30,0.5,75,3,1000.0,-1.1848769057809514,0.6475055079454358,0.646058313696065,0.9310945873625016,0.9370723236797276
30,0.5,76,1,1.0,-1.2333261536650488,0.0060587523934306,0.0069033531384839,0.1111168672657594,0.3129194810338727
30,0.5,76,2,1.0,-1.2333261536650488,0.3572119087581037,0.3975160778496124,0.8658365571331308,0.8811327186095393
30,0.5,76,3,1.0,-1.2333261536650488,0.6713168883532039,0.6815092113117945,0.7973788124546827,0.8103662498860871
30,0.5,77,1,0.1,-1.207994309361876,0.1359013592806126,0.1382437568216911,0.6521007978350841,0.6294020732090745
30,0.5,77,2,0.1,-1.207994309361876,0.5213565660268868,0.5550525195130742,0.8929273406787679,0.9104792963710118
30,0.5,77,3,0.1,-1.207994309361876,0.6984406279751231,0.7321202376811743,0.8826818445535883,0.9192587890943844
30,0.5,78,1,0.01,-1.2748546060634829,0.4116078646736634,0.885456405895272,0.9090208611140004,0.5103627914934253
30,0.5,78,2,0.01,-1.2748546060634829,0.6397690932944041,0.7749017270873155,0.931074054797554,0.741926965909506
30,0.5,78,3,0.01,-1.2748546060634829,0.8807567927544583,0.6472133921785489,0.9797895180885816,0.8880830786714696
30,0.5,79,1,0.1,-1.1908293015316327,0.0007287415166963,0.3773976181018581,0.4692077612898533,0.7845915709529752
30,0.5,79,2,0.1,-1.1908293015316327,0.3275107145206488,0.6098343449012162,0.5696427893323002,0.7479610403852615
30,0.5,79,3,0.1,-1.1908293015316327,0.6984765446693203,0.7807812444106922,0.8880375788202586,0.9369534638092668
30,0.5,80,1,10.0,-1.2561757487746323,0.3064915414440726,0.3791347344671031,0.5236332033229437,0.638452327555107
30,0.5,80,2,10.0,-1.2561757487746323,0.5162709466724396,0.5441142065858323,0.8449613141795962,0.861988804134061
30,0.5,80,3,10.0,-1.2561757487746323,0.7256652304189327,0.7297775649354445,0.9215702293948396,0.926181218370376
30,0.5,81,1,1.0,-1.2789410335481772,0.3169951959128945,0.4155388792705827,0.4705770718327198,0.615000342232446
30,0.5,81,2,1.0,-1.2789410335481772,0.4829591707936056,0.5386513847310304,0.7294926484427593,0.7765316096232746
30,0.5,81,3,1.0,-1.2789410335481772,0.6449908426757399,0.6489653356049813,0.74399402266066,0.7771587102564106
30,0.5,82,1,1.0,-1.217944617715245,0.2498713005746068,0.3701314181096375,0.5329489298128104,0.6872425228835827
30,0.5,82,2,1.0,-1.217944617715245,0.4537358520625385,0.4794609556912057,0.8248609124682209,0.8418486879231308
30,0.5,82,3,1.0,-1.217944617715245,0.7023479534465918,0.710982338356406,0.914656626148064,0.9251942845054612
30,0.5,83,1,0.1,-1.2482149873753046,0.1097114858365438,0.3649315984120134,0.949473748861984,0.7862747115591924
30,0.5,83,2,0.1,-1.2482149873753046,0.8025256569084107,0.8986352448610035,0.9070388600935644,0.9796891737975926
30,0.5,83,3,0.1,-1.2482149873753046,0.9390799704961847,0.9371153514039096,0.98331245554234,0.9635298492513156
30,0.5,84,1,0.1,-1.253320005996868,0.5192126633367121,0.5658476316278507,0.7478129804177248,0.6843411439445222
30,0.5,84,2,0.1,-1.253320005996868,0.4414560219148485,0.4850233704250799,0.978464114524946,0.9860898336223374
30,0.5,84,3,0.1,-1.253320005996868,0.646410337801217,0.7533629871966675,0.8505293035313916,0.6858188169019384
30,0.5,85,1,1.0,-1.1990261646453992,0.370436835068879,0.3712740830723374,0.94006949891233,0.9419726863003324
30,0.5,85,2,1.0,-1.1990261646453992,0.4662397903404875,0.462840529947336,0.683526954689983,0.662570124338635
30,0.5,85,3,1.0,-1.1990261646453992,0.6473055150119734,0.6468908852830423,0.8011881805550668,0.8089094422418635
30,0.5,86,1,0.0001,-1.302581047753152,0.057298697940905,0.0054559056271811,0.8614864799365027,0.4759380984938336
30,0.5,86,2,0.0001,-1.302581047753152,0.0444999369024624,0.0031836878439315,0.8419983678476715,0.2606606947761255
30,0.5,86,3,0.0001,-1.302581047753152,0.0603572994270764,0.0067920200743455,0.7096125879760508,0.3735373400950277
30,0.5,87,1,1000.0,-1.2628716492601082,0.0560532090698651,0.0798531933833828,0.451638013215889,0.5118848550623375
30,0.5,87,2,1000.0,-1.2628716492601082,0.345135137211745,0.3740863685958647,0.8586029115518996,0.8706006179235504
30,0.5,87,3,1000.0,-1.2628716492601082,0.6491923421040341,0.6513668310383891,0.6990789199538754,0.7082160709256718
30,0.5,88,1,1.0,-1.251195913290161,0.0070602628747646,0.0075656670123915,0.7966585978082082,0.8387277233180741
30,0.5,88,2,1.0,-1.251195913290161,0.3382827113557623,0.3607219085046503,0.892819764163066,0.9017611221562232
30,0.5,88,3,1.0,-1.251195913290161,0.6497446478176206,0.6477628367483458,0.6774407179764785,0.664129936228166
30,0.5,89,1,0.1,-1.2521183236962496,0.1825393367491296,0.1414430019898987,0.7936987076887386,0.9767812365274948
30,0.5,89,2,0.1,-1.2521183236962496,0.6101812300754016,0.7163030370447774,0.942536057223727,0.9722679158784155
30,0.5,89,3,0.1,-1.2521183236962496,0.6665928118958476,0.6689751149489608,0.9256091187409587,0.9366679952398296
30,0.5,90,1,0.1,-1.2822962531774753,0.018620128100279,0.3842582943757927,0.1144071650565221,0.6324260281340566
30,0.5,90,2,0.1,-1.2822962531774753,0.1622251537884347,0.4455854296065128,0.6366675336605663,0.8391856364107144
30,0.5,90,3,0.1,-1.2822962531774753,0.6564548098822042,0.6906648997513916,0.8290279670981929,0.8572028680835775
30,0.5,91,1,10.0,-1.298903925064645,0.2661787290525114,0.3017210777282629,0.5789183051071487,0.6126275876264431
30,0.5,91,2,10.0,-1.298903925064645,0.6333949362322766,0.6484052604626782,0.8551865860301573,0.8657840136087118
30,0.5,91,3,10.0,-1.298903925064645,0.7726231034320367,0.8085683612094702,0.90531085329554,0.9298394234178636
30,0.5,92,1,1000.0,-1.2707194395757304,0.1521005249800138,0.1677178463247849,0.5094196862193215,0.5221955723447198
30,0.5,92,2,1000.0,-1.2707194395757304,0.5125765423321267,0.5204788848374031,0.7698214448481019,0.7721643377785696
30,0.5,92,3,1000.0,-1.2707194395757304,0.7535226481096441,0.768622468348365,0.9236689297064344,0.9325746249457036
30,0.5,93,1,0.01,-1.2500385656385855,0.1618476706928876,0.8244529607829739,0.6937555470060184,0.0106460687085916
30,0.5,93,2,0.01,-1.2500385656385855,0.6289220319196511,0.6255174494723472,0.9081112538866338,0.7693756676475229
30,0.5,93,3,0.01,-1.2500385656385855,0.8710276976305193,0.432026563169372,0.961752839477242,0.6979312382046695
30,0.5,94,1,1.0,-1.2684963254309287,0.926603035588634,0.9268742696507234,0.931889789915092,0.9237363416268882
30,0.5,94,2,1.0,-1.2684963254309287,0.4879731852964717,0.4940573768236153,0.9082682643584123,0.915179206205936
30,0.5,94,3,1.0,-1.2684963254309287,0.6570845901020993,0.6608385238128378,0.9765115942493822,0.9770854455957482
30,0.5,95,1,1000.0,-1.202796741328889,0.5896247077892078,0.6384753308766768,0.7950736964396563,0.835059665847798
30,0.5,95,2,1000.0,-1.202796741328889,0.6480326981127184,0.6684671027649669,0.8739042082261278,0.887816117106236
30,0.5,95,3,1000.0,-1.202796741328889,0.7194900268606781,0.7284801909662798,0.8785045824360092,0.8863405909473405
30,0.5,96,1,0.01,-1.2776404644004868,0.8811063980425857,0.845911167293972,0.8673973952600124,0.6193959675886866
30,0.5,96,2,0.01,-1.2776404644004868,0.4939594662908237,0.4291018344940421,0.490638781133495,0.4580126852917588
30,0.5,96,3,0.01,-1.2776404644004868,0.6288462107124301,0.3277202329731599,0.8900682197920947,0.4586811620621727
30,0.5,97,1,0.1,-1.2693619161207523,0.4934301891843845,0.5702974071779643,0.7692197740126356,0.8390302301131572
30,0.5,97,2,0.1,-1.2693619161207523,0.6446969545789929,0.7530659017198817,0.8950879859647493,0.9432357984575714
30,0.5,97,3,0.1,-1.2693619161207523,0.6539853565894853,0.6781681219883656,0.7858369544723672,0.8685115992489228
30,0.5,98,1,10.0,-1.2063633763556914,0.1028991046738074,0.2548448031563234,0.3834494123462276,0.6491025958105313
30,0.5,98,2,10.0,-1.2063633763556914,0.538591187248094,0.5813948123767937,0.8253676500190432,0.8585592334437078
30,0.5,98,3,10.0,-1.2063633763556914,0.6538448078200477,0.6551051107458353,0.8638971328979874,0.8671093054675421
30,0.5,99,1,0.1,-1.2562239624381022,0.0942158854341086,0.1496996273854007,0.3329723262780802,0.499543190434612
30,0.5,99,2,0.1,-1.2562239624381022,0.5376682969955867,0.51799407547559,0.9520411783837548,0.9371663364243156
30,0.5,99,3,0.1,-1.2562239624381022,0.6664463483490457,0.8612293554949804,0.6758348606740531,0.919813861810752
30,0.5,100,1,1000.0,-1.273636881667533,0.0024899299527985,0.0051254658182447,0.0138041263400888,0.0217814224479375
30,0.5,100,2,1000.0,-1.273636881667533,0.0919368744035206,0.0959625998336321,0.5618602104617922,0.5579708896343728
30,0.5,100,3,1000.0,-1.273636881667533,0.6562106093110369,0.6556844529787326,0.910615597677342,0.9154599592505422
30,0.5,101,1,1.0,-1.264025269793332,0.3434971953218006,0.6288677026913176,0.6934688454120593,0.8728348137798415
30,0.5,101,2,1.0,-1.264025269793332,0.6356747584861786,0.7075565175515478,0.8525953463376649,0.9162407891141412
30,0.5,101,3,1.0,-1.264025269793332,0.650455648499087,0.6500951672824088,0.9147263827627812,0.9172175505648218
30,0.5,102,1,1.0,-1.2893187757080675,0.3326357010932409,0.4533689787589716,0.7507454551273738,0.8531864017160058
30,0.5,102,2,1.0,-1.2893187757080675,0.5276650889872612,0.5642711695505893,0.880291901782646,0.896935400621724
30,0.5,102,3,1.0,-1.2893187757080675,0.7342336281501294,0.7399571063353121,0.9480725623147198,0.9509012713186454
30,0.5,103,1,0.1,-1.2893885488757382,0.005897134657588,0.4630384074600054,0.9896321752298488,0.152020210226727
30,0.5,103,2,0.1,-1.2893885488757382,0.5621147396791538,0.7602863851135397,0.969437918450572,0.8622050767146268
30,0.5,103,3,0.1,-1.2893885488757382,0.7801499675712701,0.9169372851887077,0.7426628922128545,0.9300379355070932
30,0.5,104,1,1.0,-1.2484741710637028,0.2579812127262054,0.3376034787933268,0.6756679596130006,0.7729455721377275
30,0.5,104,2,1.0,-1.2484741710637028,0.3276362597089317,0.412570059333416,0.689149918395065,0.7356254853982533
30,0.5,104,3,1.0,-1.2484741710637028,0.6385960804492603,0.6377914997999292,0.806685212208088,0.808010981262368
30,0.5,105,1,0.01,-1.2222001997161973,0.0945347414734695,0.4201095823459229,0.0582040598195632,0.0623416268542674
30,0.5,105,2,0.01,-1.2222001997161973,0.5573413234346561,0.4025691667558307,0.8405312713740181,0.44974958960424
30,0.5,105,3,0.01,-1.2222001997161973,0.6837227676956116,0.5684037337713729,0.9350158074614286,0.6794235498292301
30,0.5,106,1,10.0,-1.2468155250695483,0.0389682577100549,0.0198924806281919,0.3732936231812265,0.287770587548908
30,0.5,106,2,10.0,-1.2468155250695483,0.4574439615923067,0.5621331312619172,0.7886716049323939,0.871271500561791
30,0.5,106,3,10.0,-1.2468155250695483,0.6513080457366677,0.6536855570799577,0.8446115425151252,0.8520829772151964
30,0.5,107,1,1.0,-1.2524538440628616,0.0195791355754856,0.0180305615727755,0.0073827695676334,0.1685626984341961
30,0.5,107,2,1.0,-1.2524538440628616,0.4400401267876799,0.448877581427352,0.8857173480717537,0.8868596685329184
30,0.5,107,3,1.0,-1.2524538440628616,0.7705140515677943,0.7792181326738609,0.9014124715662032,0.9084466597727824
30,0.5,108,1,1.0,-1.2449032906899855,0.483150743799925,0.7884012313981548,0.4973774867872864,0.8452382921005723
30,0.5,108,2,1.0,-1.2449032906899855,0.4874735100500729,0.5181424390903802,0.8900819736790817,0.9150901902222034
30,0.5,108,3,1.0,-1.2449032906899855,0.6553156461823969,0.6550867314798986,0.7387802701070713,0.7368131900414533
30,0.5,109,1,1.0,-1.2127104105271762,0.2216914999197137,0.301927658427927,0.5792790142091979,0.7146388289005332
30,0.5,109,2,1.0,-1.2127104105271762,0.3202863178674934,0.3372166930054226,0.8708595516622215,0.8757535262976354
30,0.5,109,3,1.0,-1.2127104105271762,0.6443109169808882,0.6434429360328312,0.9250778468802734,0.9165437416088168
30,0.5,110,1,0.001,-1.2806161503311435,0.0287556026786836,0.0026364893057855,0.8451423094942617,0.3188266201393125
30,0.5,110,2,0.001,-1.2806161503311435,0.3409472904921223,0.0067705432015131,0.9359832154041904,0.2408466227134596
30,0.5,110,3,0.001,-1.2806161503311435,0.4607932096739606,0.046471893669017,0.9346446813435751,0.3555158778114811
30,0.5,111,1,0.1,-1.278764452823766,0.0755056275773129,0.1182301311177892,0.7602099454284809,0.850394218472827
30,0.5,111,2,0.1,-1.278764452823766,0.4948423852298792,0.6539626289549155,0.6309757200607147,0.49800654634752
30,0.5,111,3,0.1,-1.278764452823766,0.6520832638398161,0.6510671192914215,0.8051804995490084,0.7518814107946253
30,0.5,112,1,1000.0,-1.243215341157764,0.0043209594168189,0.0710328709089679,0.0026238703130802,0.0724402555673393
30,0.5,112,2,1000.0,-1.243215341157764,0.6118604935133489,0.6195001149174842,0.8049555755348032,0.8147723839277281
30,0.5,112,3,1000.0,-1.243215341157764,0.6562797457166213,0.6531665127001146,0.9363658951761034,0.9306135581428236
30,0.5,113,1,0.1,-1.2546091607387708,0.3386921369316297,0.5370093798439849,0.5051522297919023,0.8621106331749121
30,0.5,113,2,0.1,-1.2546091607387708,0.5500455974767124,0.8138737898068,0.7239610835276005,0.8730223702615562
30,0.5,113,3,0.1,-1.2546091607387708,0.6973727172207077,0.7338699568037569,0.8793802213398557,0.9389548566905678
30,0.5,114,1,0.01,-1.2614459036046632,0.2950362256954384,0.3035117915771347,0.3961555807740526,0.009080774257909
30,0.5,114,2,0.01,-1.2614459036046632,0.4552394084079521,0.5814953328223055,0.9385473136457912,0.4126377821067884
30,0.5,114,3,0.01,-1.2614459036046632,0.7975014477549217,0.4551866165856459,0.8848065990020079,0.6369077493223331
30,0.5,115,1,1.0,-1.264214361636936,0.0648613988502804,0.0180374917264878,0.2402687137515277,0.0033030061342744
30,0.5,115,2,1.0,-1.264214361636936,0.4300945604659199,0.4501369934434769,0.7591581707485575,0.7793538030977447
30,0.5,115,3,1.0,-1.264214361636936,0.6501407086519958,0.6512034322224537,0.792961125618502,0.7990515995057249
30,0.5,116,1,0.1,-1.307167909231504,0.1906667436553686,0.3067664004054136,0.5259127511483599,0.6759260489780262
30,0.5,116,2,0.1,-1.307167909231504,0.3440582653871405,0.4953726592985685,0.8792500976590159,0.7299034859968894
30,0.5,116,3,0.1,-1.307167909231504,0.6797247920902817,0.6569577338377276,0.7474590113975963,0.7147237023656242
30,0.5,117,1,1000.0,-1.3033660625811596,0.3356116789658036,0.4110493755195731,0.3968690202580853,0.482712858018389
30,0.5,117,2,1000.0,-1.3033660625811596,0.4835826802440314,0.5018082422473126,0.7098992809954654,0.7164757928837295
30,0.5,117,3,1000.0,-1.3033660625811596,0.6630660307128841,0.6664553121769677,0.875708379493143,0.8717149688204345
30,0.5,118,1,0.1,-1.2312106435815406,0.4320884827726237,0.8569586326697274,0.8450185927774589,0.8995308038266218
30,0.5,118,2,0.1,-1.2312106435815406,0.7736773378528027,0.8957041306397913,0.9594988410370348,0.961366916715918
30,0.5,118,3,0.1,-1.2312106435815406,0.7164933791567222,0.8392238943396834,0.7323410293070259,0.8782471819818349
30,0.5,119,1,1.0,-1.2737935556730626,0.1039547377954253,0.1055337239921209,0.5110858800648188,0.5063738163077569
30,0.5,119,2,1.0,-1.2737935556730626,0.0772760066136891,0.1181811598166455,0.7556308940545439,0.7486468697290617
30,0.5,119,3,1.0,-1.2737935556730626,0.6551591810106551,0.6548424008863489,0.954503521018053,0.956089800671652
30,0.5,120,1,0.1,-1.309344244502033,0.1045385904240017,0.1441492925713403,0.9558889115756724,0.982449608697813
30,0.5,120,2,0.1,-1.309344244502033,0.5492477862729124,0.6372315123742031,0.9268274987533148,0.9812839011742116
30,0.5,120,3,0.1,-1.309344244502033,0.718894386339079,0.8578785900209785,0.7757390280207804,0.8978098818034407
30,0.5,121,1,0.1,-1.2985076742967148,0.0110018510281333,0.2009801219662681,0.7840667773323162,0.9352934370474644
30,0.5,121,2,0.1,-1.2985076742967148,0.6604270313878058,0.7462323585024233,0.8620543528391693,0.9307143047560988
30,0.5,121,3,0.1,-1.2985076742967148,0.6461451109331983,0.6803877086395785,0.8997351179963388,0.8548557470861214
30,0.5,122,1,1.0,-1.231974035110024,0.4007326956251744,0.4689515168690609,0.6805801158283791,0.72007624423467
30,0.5,122,2,1.0,-1.231974035110024,0.4047281289690191,0.4674663710500517,0.7653571140925555,0.8012220806621668
30,0.5,122,3,1.0,-1.231974035110024,0.6452337018125339,0.6447183894335642,0.9408798362726756,0.9444667872536442
30,0.5,123,1,0.01,-1.265215616023341,0.7502483789362371,0.0101129509615726,0.9438176365391908,0.2305715969530439
30,0.5,123,2,0.01,-1.265215616023341,0.6103465743831418,0.4165233285380929,0.9412788289744696,0.5483125872962455
30,0.5,123,3,0.01,-1.265215616023341,0.6909273932161389,0.4236456873977008,0.8858055831951052,0.5141409203551697
30,0.5,124,1,0.1,-1.280685381501235,0.0324432565199484,0.0462129243150226,0.9587077289457064,0.9646009736169548
30,0.5,124,2,0.1,-1.280685381501235,0.4525544550343102,0.7528929195130531,0.9643926584246612,0.7721787887401871
30,0.5,124,3,0.1,-1.280685381501235,0.7017337881717841,0.8333276343362416,0.7929037743817787,0.948161097542616
30,0.5,125,1,1000.0,-1.263661155636643,0.1579706812788364,0.1251728820651735,0.4923600009341043,0.6841247059178707
30,0.5,125,2,1000.0,-1.263661155636643,0.4548767147905473,0.4803280665268701,0.7794050723335855,0.7958073011348477
30,0.5,125,3,1000.0,-1.263661155636643,0.6455510474018599,0.6450979217611742,0.7792428079717436,0.7787670078975815
30,0.5,126,1,0.1,-1.2313784327297097,0.2252384217068648,0.7849678920469327,0.3034534742688863,0.867297660602667
30,0.5,126,2,0.1,-1.2313784327297097,0.7328489443445949,0.7432883770113533,0.8838848226149228,0.9127904424704952
30,0.5,126,3,0.1,-1.2313784327297097,0.6913361326346087,0.890754161130531,0.8992509338909337,0.8583933068309507
30,0.5,127,1,0.1,-1.2524110454795383,0.1724793510342393,0.4231935149528743,0.6946713394033509,0.938202133224621
30,0.5,127,2,0.1,-1.2524110454795383,0.440477868111726,0.733587907669665,0.8591069740373511,0.6004266224161078
30,0.5,127,3,0.1,-1.2524110454795383,0.7899615255145473,0.8224833047964726,0.941335550903594,0.958345213489562
30,0.5,128,1,1000.0,-1.2610970715938208,0.064062007390072,0.068737601531197,0.7515666860117334,0.7545641284976338
30,0.5,128,2,1000.0,-1.2610970715938208,0.4058970746076028,0.4274890084636285,0.822308797746899,0.8333436202903727
30,0.5,128,3,1000.0,-1.2610970715938208,0.7511727223776415,0.7679761331402785,0.9092347896033016,0.9219419411914463
30,0.5,129,1,0.01,-1.2869636138680738,0.8009028254979439,0.2920199677180341,0.7696015049389118,0.2790115375925578
30,0.5,129,2,0.01,-1.2869636138680738,0.5816549788515,0.4236985760746603,0.9201894481265018,0.3825297404071017
30,0.5,129,3,0.01,-1.2869636138680738,0.7823063348028549,0.4384136246654773,0.9359648355746336,0.5954378202469665
30,0.5,130,1,0.1,-1.2109483666071077,0.2962041682544432,0.3449884401422824,0.8557455149990578,0.8980591645019715
30,0.5,130,2,0.1,-1.2109483666071077,0.5599279689852794,0.8481462318708525,0.5952297608733804,0.9430169229570556
30,0.5,130,3,0.1,-1.2109483666071077,0.6329296790198679,0.6323777971728192,0.9790767705576732,0.9868207350450912
30,0.5,131,1,0.01,-1.267654654797855,0.1500626121451737,0.4860015724066133,0.6086224137142868,0.4869702290653545
30,0.5,131,2,0.01,-1.267654654797855,0.6072207936981217,0.4512924557542973,0.8945334949707369,0.5518393621769991
30,0.5,131,3,0.01,-1.267654654797855,0.7196566471334318,0.3852756541951463,0.934387061813126,0.7360269253164252
30,0.5,132,1,1000.0,-1.2215797496880536,0.4604880915825129,0.5470672996515233,0.6304501651805405,0.701494716261688
30,0.5,132,2,1000.0,-1.2215797496880536,0.4324580859135749,0.4596413711724444,0.8947803038669486,0.9125855107184118
30,0.5,132,3,1000.0,-1.2215797496880536,0.6560886635526179,0.65447959532351,0.7968480915532069,0.7963379874778944
30,0.5,133,1,1.0,-1.269380770097303,0.0650797743177409,0.0737877164441963,0.4601417670359004,0.4667911516764995
30,0.5,133,2,1.0,-1.269380770097303,0.3531828097392537,0.4016425139111985,0.6560412389431993,0.6948197235472267
30,0.5,133,3,1.0,-1.269380770097303,0.6475232565553491,0.6470709749153579,0.8988485028486032,0.9009877536608516
30,0.5,134,1,1.0,-1.2912882867458393,0.1157822355542377,0.298777141244933,0.0024295213637443,0.1776870088131397
30,0.5,134,2,1.0,-1.2912882867458393,0.5208979546144651,0.5419852189586442,0.837289470663347,0.8577740513413892
30,0.5,134,3,1.0,-1.2912882867458393,0.6712778662052185,0.6829700057821136,0.8142884272979858,0.836623624374162
30,0.5,135,1,1000.0,-1.2541532530397117,0.1718576324944248,0.1759423156206927,0.5958328154648607,0.5931680032337138
30,0.5,135,2,1000.0,-1.2541532530397117,0.4523826563630811,0.4734901064155541,0.7625701626766772,0.7768877046964111
30,0.5,135,3,1000.0,-1.2541532530397117,0.6737715259841379,0.6750251433050405,0.8508751613207926,0.8535448554726234
30,0.5,136,1,0.1,-1.2651146102693327,0.2435493680924491,0.2447622289087044,0.8892802804822514,0.7987833271945096
30,0.5,136,2,0.1,-1.2651146102693327,0.5948024087169842,0.5878223514133067,0.931360700436751,0.9279826005106891
30,0.5,136,3,0.1,-1.2651146102693327,0.6898132284151721,0.9309512324351368,0.7915338627276006,0.9493167000629632
30,0.5,137,1,1.0,-1.3067572213631642,0.0102672478089952,0.0006945539234376,0.3146952934089829,0.2077929947180728
30,0.5,137,2,1.0,-1.3067572213631642,0.3583474958049139,0.3780366986802648,0.7260356993602859,0.7409173241457815
30,0.5,137,3,1.0,-1.3067572213631642,0.6753412470191208,0.6774286177930317,0.9285217043957806,0.9349395133880676
30,0.5,138,1,10.0,-1.2834960581912396,0.399324517073329,0.423416426553663,0.8331572140459943,0.883857934736925
30,0.5,138,2,10.0,-1.2834960581912396,0.5610986730858059,0.5877641545718257,0.8864788562059214,0.8979863313266641
30,0.5,138,3,10.0,-1.2834960581912396,0.6511014151552617,0.6512136899270456,0.8251471758604992,0.826295978495642
30,0.5,139,1,1000.0,-1.2452103971216173,0.4509923387834205,0.534509796439561,0.6374809298055765,0.7294229009009409
30,0.5,139,2,1000.0,-1.2452103971216173,0.3335998786818289,0.3445545860063307,0.830800476482578,0.8367590230850138
30,0.5,139,3,1000.0,-1.2452103971216173,0.6999162008912724,0.6996873422041906,0.8781481400649077,0.8777962269549359
30,0.5,140,1,1000.0,-1.317083834687741,0.1896313000654698,0.1828754348355238,0.4846848005139111,0.745076936869311
30,0.5,140,2,1000.0,-1.317083834687741,0.4255401348410268,0.444376950253485,0.7379306565455207,0.7478470495971832
30,0.5,140,3,1000.0,-1.317083834687741,0.65918736548823,0.6614095215543949,0.8941180085416592,0.8963817886327888
30,0.5,141,1,0.01,-1.244768817059361,0.2440454414890253,0.4585069611861627,0.3326823163907088,0.5077568667772885
30,0.5,141,2,0.01,-1.244768817059361,0.5779241751929745,0.3277668284468745,0.7535094377070897,0.3788215700046565
30,0.5,141,3,0.01,-1.244768817059361,0.6099908855669381,0.4187107025102745,0.7883731947713603,0.4732000075212397
30,0.5,142,1,1.0,-1.3144035042915485,0.0057855537919798,0.1253794515699161,0.1409231354507731,0.3857294340026559
30,0.5,142,2,1.0,-1.3144035042915485,0.4295289434458355,0.4521402357130183,0.9295434055761934,0.9378568004971144
30,0.5,142,3,1.0,-1.3144035042915485,0.7291945713595114,0.7451548147608965,0.9632963872213116,0.9675456099898516
30,0.5,143,1,1.0,-1.292846984170113,0.1639755788005378,0.0988755947644614,0.747049389279123,0.8195896938127667
30,0.5,143,2,1.0,-1.292846984170113,0.4499150119648371,0.4693028770321222,0.8374391183714638,0.8556206233855659
30,0.5,143,3,1.0,-1.292846984170113,0.6965421499566639,0.7173483905499194,0.8580847113653954,0.8814758011167564
30,0.5,144,1,1000.0,-1.2960567628082558,0.1619182708700019,0.182825643703802,0.4599730032165045,0.4840988967592143
30,0.5,144,2,1000.0,-1.2960567628082558,0.2202485251263365,0.2476538468731437,0.6997022606639054,0.7047481130893104
30,0.5,144,3,1000.0,-1.2960567628082558,0.6443301091470354,0.6445405592851116,0.9231876537861124,0.9251752904567496
30,0.5,145,1,1.0,-1.239297574255817,0.1337840285631602,0.1890176918982954,0.3104201317676159,0.3907391641259216
30,0.5,145,2,1.0,-1.239297574255817,0.2778135717911695,0.3262514909868744,0.7995571467673004,0.8289502661254475
30,0.5,145,3,1.0,-1.239297574255817,0.645702585959317,0.6454174326939073,0.934903247338298,0.9382000527116664
30,0.5,146,1,1000.0,-1.268046544972323,0.2278114921733612,0.2482801912913675,0.5537068167208798,0.5615739424135479
30,0.5,146,2,1000.0,-1.268046544972323,0.5440483503514082,0.5676437713752414,0.755374630513139,0.7680033589733635
30,0.5,146,3,1000.0,-1.268046544972323,0.65099346005053,0.6507240955193362,0.9237507909149072,0.9253527285457238
30,0.5,147,1,1000.0,-1.2516287761788272,0.0013716452388695,0.0020061234958574,0.7392273894320873,0.8625473788459371
30,0.5,147,2,1000.0,-1.2516287761788272,0.4369009174795222,0.5624389497526736,0.7315429883593073,0.8453824684740796
30,0.5,147,3,1000.0,-1.2516287761788272,0.6425524207802465,0.6418723045073152,0.9297594327489012,0.933270903037784
30,0.5,148,1,0.01,-1.298273993201171,0.6929712521469239,0.0297734695871225,0.9802768128647666,0.1992614590039941
30,0.5,148,2,0.01,-1.298273993201171,0.5240082111513178,0.0595055092276578,0.8872339795817042,0.175197937473069
30,0.5,148,3,0.01,-1.298273993201171,0.6217324755164054,0.3806333211115112,0.8570629009500325,0.4242134076950775
30,0.5,149,1,1000.0,-1.2850639394936585,0.0342116977455317,0.001213637954488,0.4809982424732957,0.8298897563863411
30,0.5,149,2,1000.0,-1.2850639394936585,0.3606737947245395,0.3689319688072898,0.7871612513923775,0.7925693831993448
30,0.5,149,3,1000.0,-1.2850639394936585,0.6808644628677302,0.6811593268040874,0.9117987815972448,0.9125104868821023
30,0.5,150,1,1000.0,-1.31869193619884,0.026843231300892,0.036941593685448,0.1504186506547072,0.1555483768950837
30,0.5,150,2,1000.0,-1.31869193619884,0.1977076820886747,0.2232319207698281,0.4577783846348346,0.4777901281892848
30,0.5,150,3,1000.0,-1.31869193619884,0.7315193172154496,0.7510344903893801,0.8877286138946099,0.9061725171961816
30,0.5,151,1,0.01,-1.2305908054975747,0.0002576419120166,0.8079235452304622,0.0115825406964454,0.6129294740957135
30,0.5,151,2,0.01,-1.2305908054975747,0.7970446659379069,0.5353168154016008,0.9735340714704024,0.7233441881408673
30,0.5,151,3,0.01,-1.2305908054975747,0.8106990529223164,0.6031794300630329,0.9654536035016016,0.7321127501429596
30,0.5,152,1,1000.0,-1.2635926963903314,0.1940423154181795,0.2320185697231479,0.0301543775536078,0.0007446958717073
30,0.5,152,2,1000.0,-1.2635926963903314,0.5462496699342236,0.5641587689098386,0.7088104738659741,0.7188046619118738
30,0.5,152,3,1000.0,-1.2635926963903314,0.6734452143097527,0.6742633169469535,0.9332689318495522,0.9355262754209416
30,0.5,153,1,1.0,-1.2446301922116827,0.2346601922711014,0.2615311923692788,0.7757652233598687,0.8285160178382981
30,0.5,153,2,1.0,-1.2446301922116827,0.4899271446954042,0.5149679277332683,0.8924874869816148,0.90090484995393
30,0.5,153,3,1.0,-1.2446301922116827,0.6650588082011848,0.6641965016648722,0.8699727702857615,0.8697586817078422
30,0.5,154,1,0.01,-1.2562343769099056,0.7941440854988611,0.640270790069606,0.9171413604019188,0.8997944481528087
30,0.5,154,2,0.01,-1.2562343769099056,0.8156444335358571,0.3992794893224431,0.9807068053216028,0.498063826491275
30,0.5,154,3,0.01,-1.2562343769099056,0.5856106814848399,0.3675919545310568,0.8135896374628442,0.5926339185829865
30,0.5,155,1,10.0,-1.2067845072207228,0.1206352303627325,0.1385679691207816,0.8280104975557079,0.8642097757873497
30,0.5,155,2,10.0,-1.2067845072207228,0.3678116556967554,0.5314502653479899,0.7642566733056111,0.8808026310478303
30,0.5,155,3,10.0,-1.2067845072207228,0.6431183761479096,0.6428280212974178,0.9298734870732224,0.9322264595770694
30,0.5,156,1,1.0,-1.245918827364722,0.2702020588996251,0.3659334194955716,0.6601414112080823,0.7133088150393501
30,0.5,156,2,1.0,-1.245918827364722,0.4667686136297378,0.5018066194086384,0.7887637842775723,0.8149343643185397
30,0.5,156,3,1.0,-1.245918827364722,0.6891093561655833,0.6979656097132877,0.9161529673593396,0.9184503607823632
30,0.5,157,1,1000.0,-1.2519387004978102,0.227270644862376,0.2373818810181045,0.6673792847095158,0.6606185387946167
30,0.5,157,2,1000.0,-1.2519387004978102,0.2231993066786528,0.2505453100382894,0.7667684905622472,0.7844328284100477
30,0.5,157,3,1000.0,-1.2519387004978102,0.674827751499797,0.6783292411984561,0.8246250091817139,0.8289026260697804
30,0.5,158,1,0.1,-1.2812960827850863,0.0021224437143277,0.00279262620998,0.9224615855003996,0.9165880079102966
30,0.5,158,2,0.1,-1.2812960827850863,0.3983426963750133,0.7633032885056199,0.5179266597813031,0.9319748487517104
30,0.5,158,3,0.1,-1.2812960827850863,0.6652638244781697,0.663392870383655,0.9570516216107192,0.9705454654911888
30,0.5,159,1,0.01,-1.240391558185095,0.696740072478626,0.8661352393701116,0.965300344555454,0.7439811072123085
30,0.5,159,2,0.01,-1.240391558185095,0.7626069222140751,0.5043270576037788,0.8468695294087867,0.5167691028303448
30,0.5,159,3,0.01,-1.240391558185095,0.7950643122408915,0.6175121239591471,0.9735650463630876,0.779048143506038
30,0.5,160,1,1.0,-1.2885607152014866,0.148225050155672,0.1687088352095343,0.7283021898550888,0.7317430225846775
30,0.5,160,2,1.0,-1.2885607152014866,0.5287521861390991,0.5510320162147269,0.8554784217159641,0.8678365413756624
30,0.5,160,3,1.0,-1.2885607152014866,0.6512462147445821,0.6510823594881814,0.8692052239506861,0.8724894223932269
30,0.5,161,1,0.1,-1.2886525760106486,0.287561263118809,0.2000129399042765,0.7676996132812842,0.794870228733143
30,0.5,161,2,0.1,-1.2886525760106486,0.473775388341323,0.8288286951766158,0.954838272840328,0.673331078368314
30,0.5,161,3,0.1,-1.2886525760106486,0.6488940195695344,0.8688048428654334,0.6939146029532961,0.9427288344793228
30,0.5,162,1,1.0,-1.235363091265696,0.3674941214217512,0.4132687115422011,0.766851003522514,0.7835534678197433
30,0.5,162,2,1.0,-1.235363091265696,0.6529041495292913,0.672566820985379,0.8649806944312011,0.8761563020559187
30,0.5,162,3,1.0,-1.235363091265696,0.7512836829360429,0.7804372181024642,0.9183297062913276,0.939631347516948
30,0.5,163,1,0.1,-1.2560730365495911,0.0111571771770105,0.0001237806162717,0.6677375957254039,0.5740492158539573
30,0.5,163,2,0.1,-1.2560730365495911,0.5898250434743658,0.6634874879139345,0.8741067344990658,0.8977218074636468
30,0.5,163,3,0.1,-1.2560730365495911,0.6645828047569552,0.7523182130384313,0.8416912924696586,0.8017866209315119
30,0.5,164,1,0.1,-1.213761058887605,0.3436590624495816,0.7732507127522505,0.5483448457731424,0.8629260916301318
30,0.5,164,2,0.1,-1.213761058887605,0.4197494937726687,0.6370360591321513,0.8746571536594544,0.956082502655354
30,0.5,164,3,0.1,-1.213761058887605,0.6475379387723659,0.6404183229306831,0.8945992139729153,0.9297982676941592
30,0.5,165,1,0.01,-1.2281362814410548,0.5427210655491491,0.4686011272169864,0.8434866725162289,0.4475710721307202
30,0.5,165,2,0.01,-1.2281362814410548,0.3921290928399192,0.371645163591456,0.8146050209216399,0.7080379549624276
30,0.5,165,3,0.01,-1.2281362814410548,0.5738717072461396,0.3326082143904417,0.9154682625594536,0.6594730317575513
30,0.5,166,1,1.0,-1.258861523416665,0.0731825179465751,0.0382768804156348,0.5955271241458121,0.9379309755158024
30,0.5,166,2,1.0,-1.258861523416665,0.4277326502267994,0.448230062022179,0.7541432622347299,0.768628808330017
30,0.5,166,3,1.0,-1.258861523416665,0.651825230346311,0.6546313144035629,0.8479276378934534,0.867624179534651
30,0.5,167,1,0.1,-1.251227827541388,0.0775417629619541,0.3422147526018342,0.6698733960617409,0.8356612554030928
30,0.5,167,2,0.1,-1.251227827541388,0.4837915489012866,0.4997514254331886,0.931249010678404,0.8919298728570708
30,0.5,167,3,0.1,-1.251227827541388,0.7400419433557041,0.7992476224049255,0.8996329616516915,0.9290460999268156
30,0.5,168,1,1000.0,-1.2453988035050123,0.0687455004435248,0.0856096216821857,0.6901149356531169,0.8027050658879292
30,0.5,168,2,1000.0,-1.2453988035050123,0.4456187402779711,0.4547781815647297,0.6583544194429439,0.6855585136566077
30,0.5,168,3,1000.0,-1.2453988035050123,0.6801411411886819,0.6932962126039559,0.7510994336212501,0.772372636443305
30,0.5,169,1,0.1,-1.2379450301867465,0.569329045184676,0.6688517940508661,0.9213569929033112,0.9479803030575468
30,0.5,169,2,0.1,-1.2379450301867465,0.7616390744120904,0.8173235211758006,0.9476398510262188,0.9666558483360534
30,0.5,169,3,0.1,-1.2379450301867465,0.7274402171625254,0.7689540751165825,0.9199694874704702,0.9465681922478772
30,0.5,170,1,10.0,-1.2941030989658444,0.1108978310207168,0.144477781499868,0.393129443450449,0.4513140988064598
30,0.5,170,2,10.0,-1.2941030989658444,0.3416324407729987,0.3620147375056781,0.8167345873345768,0.8311179403313447
30,0.5,170,3,10.0,-1.2941030989658444,0.6601735306818484,0.6606226916951422,0.8319756644513099,0.8353227495780017
30,0.5,171,1,0.1,-1.2577823523710658,0.3536109454678862,0.5732160810172539,0.8391948070728009,0.8908211325191953
30,0.5,171,2,0.1,-1.2577823523710658,0.4013591650255393,0.7693952570713916,0.9435885557536534,0.7350730610098937
30,0.5,171,3,0.1,-1.2577823523710658,0.802106945358242,0.9059652143332736,0.8067438584520964,0.9649179440693528
30,0.5,172,1,1000.0,-1.2438178918469838,0.1552852673103799,0.2288264691131057,0.1020026075345868,0.1453787296799387
30,0.5,172,2,1000.0,-1.2438178918469838,0.4854052346166391,0.5294548370030813,0.8594583820800403,0.8713467829280405
30,0.5,172,3,1000.0,-1.2438178918469838,0.6462267939233386,0.6457607997934912,0.9531264037877328,0.9542889461453714
30,0.5,173,1,1.0,-1.2343970869593357,0.1028844798598149,0.1557653944000701,0.5601291456396268,0.6343779850632355
30,0.5,173,2,1.0,-1.2343970869593357,0.4475384014232437,0.6363134307168231,0.6960367450416369,0.7691275345548276
30,0.5,173,3,1.0,-1.2343970869593357,0.7935851303134784,0.8044717681674464,0.901394615137933,0.9091858748331326
30,0.5,174,1,0.01,-1.3025465159605718,0.6612612143473037,0.000199312114408,0.8413822380355831,0.0051538001081187
30,0.5,174,2,0.01,-1.3025465159605718,0.4215505257609007,0.2487809711860809,0.8750140326252043,0.5044413287325441
30,0.5,174,3,0.01,-1.3025465159605718,0.5715151993306475,0.3236754498495719,0.8899237754829467,0.5264216804862079
30,0.5,175,1,1.0,-1.2320018439199736,0.5355227363031979,0.5415508299668294,0.8314699997208967,0.813632305402263
30,0.5,175,2,1.0,-1.2320018439199736,0.6592195818016117,0.7142141868438081,0.9075258426029872,0.9293624138813296
30,0.5,175,3,1.0,-1.2320018439199736,0.7440521360903345,0.7925361594099503,0.9512475948340708,0.9582260854192036
30,0.5,176,1,0.01,-1.2511890558274137,0.0481900735718909,0.8072254485902243,0.9743099719293143,0.028830826269034
30,0.5,176,2,0.01,-1.2511890558274137,0.8895993013417467,0.6959327639194819,0.994548701823884,0.8800465822014986
30,0.5,176,3,0.01,-1.2511890558274137,0.907150807139558,0.5622726986280046,0.9919379671982814,0.6615424602085461
30,0.5,177,1,1000.0,-1.263545926435062,0.1597403783221513,0.4526894260888978,0.1641358904719724,0.5183813348204331
30,0.5,177,2,1000.0,-1.263545926435062,0.6059133219467232,0.6188073203217291,0.8709594088549959,0.8814161702643704
30,0.5,177,3,1000.0,-1.263545926435062,0.8841418168454176,0.8927639987975503,0.9666075594570246,0.9673215339859572
30,0.5,178,1,1000.0,-1.286778301553761,0.1722362314290063,0.1768540465180946,0.7500309117868706,0.7543859456675426
30,0.5,178,2,1000.0,-1.286778301553761,0.3581877296707232,0.3740193418228276,0.8749421803441106,0.8783987157787603
30,0.5,178,3,1000.0,-1.286778301553761,0.646342345918498,0.6475785368778632,0.7145920834220622,0.7192592210528704
30,0.5,179,1,0.1,-1.2391056952114388,0.0933987886849619,0.0736318875756791,7.833255923508608e-05,0.8578838193698385
30,0.5,179,2,0.1,-1.2391056952114388,0.4136281524468861,0.4761729703985391,0.8916485010954242,0.9260164259454574
30,0.5,179,3,0.1,-1.2391056952114388,0.6381733995853036,0.702360193562575,0.6727677542906615,0.7409625013643312
30,0.5,180,1,0.1,-1.282293205462408,0.2270580876274632,0.465192743834091,0.4151693419707534,0.8485493440325744
30,0.5,180,2,0.1,-1.282293205462408,0.5075884479389947,0.7152875651940964,0.9243996473473812,0.9796259554118396
30,0.5,180,3,0.1,-1.282293205462408,0.7856837534542502,0.908192277853276,0.9018255773882644,0.9602532357835044
30,0.5,181,1,1000.0,-1.2122346271335682,0.1460816060625684,0.2054907631753837,0.4472518575739788,0.6121975554234727
30,0.5,181,2,1000.0,-1.2122346271335682,0.536631611787254,0.5679841551775382,0.8179249527476065,0.8473035519349956
30,0.5,181,3,1000.0,-1.2122346271335682,0.6795112692377631,0.6952373129589189,0.8038730339656635,0.824474187893618
30,0.5,182,1,0.1,-1.290374698499877,0.2009550829156001,0.5471625074999262,0.3651383067703458,0.7466275371193085
30,0.5,182,2,0.1,-1.290374698499877,0.3358441835127465,0.4130509536025113,0.9319905077785056,0.976485390886252
30,0.5,182,3,0.1,-1.290374698499877,0.7380984234208587,0.8256152573791389,0.9736245884365096,0.9397567524505877
30,0.5,183,1,0.1,-1.2917241336811955,0.1896550935853919,0.0858724925558765,0.0018581492290584,0.3004636030605914
30,0.5,183,2,0.1,-1.2917241336811955,0.6068223361274023,0.7147962527324188,0.928208508979234,0.981747454819459
30,0.5,183,3,0.1,-1.2917241336811955,0.6481412142388565,0.649004800610041,0.8496876310233361,0.8241493235563598
30,0.5,184,1,0.01,-1.2677781582668084,0.1777219301371478,0.1810805463047007,0.0556541216442279,0.1322361082220987
30,0.5,184,2,0.01,-1.2677781582668084,0.6001397994732232,0.2525985750584046,0.8135121554596801,0.3947457175600753
30,0.5,184,3,0.01,-1.2677781582668084,0.5960536031619502,0.3401456529485955,0.8427102023622696,0.4845963218771584
30,0.5,185,1,1.0,-1.2409342175122242,0.1136981644702437,0.1283860210413825,0.1035441757596481,0.0702337700341557
30,0.5,185,2,1.0,-1.2409342175122242,0.4467829363197915,0.4717117489023226,0.7946784023810111,0.810207503878779
30,0.5,185,3,1.0,-1.2409342175122242,0.6379019892044454,0.6362637102865675,0.8242616005412371,0.8510465688872432
30,0.5,186,1,1000.0,-1.2368787340952874,0.4516336150325935,0.5348964992413597,0.6788107282481863,0.7831362157180694
30,0.5,186,2,1000.0,-1.2368787340952874,0.6107436356969432,0.6469521729674969,0.8395740760512911,0.8623840891745475
30,0.5,186,3,1000.0,-1.2368787340952874,0.6626885517927324,0.6609733261333736,0.9412253758973852,0.9448249159183844
30,0.5,187,1,10.0,-1.2471935173839712,0.2492409561911995,0.3514994183053241,0.5244388409515982,0.6257877671431575
30,0.5,187,2,10.0,-1.2471935173839712,0.3616196341025404,0.4320816719444199,0.7785592569153316,0.7807334087303828
30,0.5,187,3,10.0,-1.2471935173839712,0.6433753086955042,0.6443196932165205,0.6602090117969827,0.6621853781905357
30,0.5,188,1,0.0001,-1.2530623361650448,0.1295750125662512,0.0041299215521006,0.9127383606449704,0.3695685284330925
30,0.5,188,2,0.0001,-1.2530623361650448,0.1258540115111526,0.0064642053469592,0.8932400607106483,0.3378677663341348
30,0.5,188,3,0.0001,-1.2530623361650448,0.1474860123207232,0.004936408573688,0.7784936623835709,0.3529534725053713
30,0.5,189,1,1.0,-1.3234470908544873,0.055433606535473,0.1967624861662449,0.0289441643083413,0.2603352970265515
30,0.5,189,2,1.0,-1.3234470908544873,0.3617680227794938,0.3907533357004442,0.8993442697661294,0.9185133874113254
30,0.5,189,3,1.0,-1.3234470908544873,0.6460503706175372,0.6505269800223532,0.6919500891091265,0.6825327764565086
30,0.5,190,1,0.1,-1.26181135748939,0.2407286723961217,0.0195028843340403,0.3031069546149091,0.3888180073464041
30,0.5,190,2,0.1,-1.26181135748939,0.5393926530902566,0.6947981274968221,0.8110515260311472,0.9075232970066376
30,0.5,190,3,0.1,-1.26181135748939,0.6801659646871001,0.7369294581073427,0.9013961868707828,0.9613976961937452
30,0.5,191,1,1.0,-1.2740845028028005,0.0343268619411025,0.0237168296676853,0.5554473347490866,0.5322693747897005
30,0.5,191,2,1.0,-1.2740845028028005,0.2706602692131752,0.2997067791313625,0.6876391613967088,0.7263642977192033
30,0.5,191,3,1.0,-1.2740845028028005,0.7349198121800522,0.7385733641009177,0.9159609643863306,0.9198642586598345
30,0.5,192,1,1000.0,-1.2649688066653384,0.0880690445187278,0.0963963026786017,0.1066672804046456,0.1037279391927967
30,0.5,192,2,1000.0,-1.2649688066653384,0.4323049122269221,0.4648810337110481,0.7482246989435881,0.7656406219863436
30,0.5,192,3,1000.0,-1.2649688066653384,0.7734849251120747,0.7962299505398974,0.8687867782582983,0.886699901322431
30,0.5,193,1,0.01,-1.299847311620099,0.3469744439054791,0.0991067280575213,0.4874745274581707,0.0061735885487711
30,0.5,193,2,0.01,-1.299847311620099,0.5301438685873257,0.3705270871196195,0.8619342702933366,0.4517876590692746
30,0.5,193,3,0.01,-1.299847311620099,0.8336790975803225,0.4161697741514229,0.9331138271784152,0.6655872237666193
30,0.5,194,1,1.0,-1.1811568444683958,0.0104207692919212,1.46540883334198e-05,0.1745746666813373,0.0523944385832702
30,0.5,194,2,1.0,-1.1811568444683958,0.5639398006774053,0.6097199478404889,0.8842595958665554,0.9067991346903266
30,0.5,194,3,1.0,-1.1811568444683958,0.6565507962090862,0.6517021090013564,0.8789132550709936,0.8758806328562132
30,0.5,195,1,0.1,-1.2213659919973006,0.1352076844513346,0.5852654409387495,0.5761505347614898,0.9729852039512792
30,0.5,195,2,0.1,-1.2213659919973006,0.5375140619393375,0.6613236157504859,0.9847932213115316,0.9627606041889464
30,0.5,195,3,0.1,-1.2213659919973006,0.7792885997014385,0.8024986603152402,0.9799707540050476,0.981281206515017
30,0.5,196,1,1000.0,-1.2674562965246208,0.2794963808715301,0.4140419226571434,0.4234415919568683,0.5837521176768498
30,0.5,196,2,1000.0,-1.2674562965246208,0.4499557050158255,0.4838140715505432,0.7330398203345714,0.758407476819863
30,0.5,196,3,1000.0,-1.2674562965246208,0.6441314405867767,0.6451836854721221,0.8601549502074094,0.8678306349171026
30,0.5,197,1,1000.0,-1.22893893952253,0.0424629905490511,0.0674360986230272,0.015182808762963,0.0289603960433059
30,0.5,197,2,1000.0,-1.22893893952253,0.5254828308972065,0.5422463665846913,0.8259979870442103,0.8341248709047376
30,0.5,197,3,1000.0,-1.22893893952253,0.6580186101383771,0.6601893430002065,0.6593510497933458,0.6606692546779306
30,0.5,198,1,1000.0,-1.254566828306101,0.0924333916485644,0.0727718155887964,0.2000903483222941,0.1669979753434828
30,0.5,198,2,1000.0,-1.254566828306101,0.4638546382025698,0.4855284547174796,0.8535903250764664,0.8678012728983122
30,0.5,198,3,1000.0,-1.254566828306101,0.6778261710578182,0.6810567431764435,0.8744144594678126,0.8770859719241967
30,0.5,199,1,0.0001,-1.286947730535339,0.0056917730154307,0.0001360492378616,0.903433738360824,0.0342834603641506
30,0.5,199,2,0.0001,-1.286947730535339,0.1547767488894201,0.000694712534222,0.9393797622297952,0.2432705832718774
30,0.5,199,3,0.0001,-1.286947730535339,0.1323611313242232,0.0007671115045861,0.6567511011819633,0.2740534484456265
30,1.0,0,1,0.1,-1.067757570288771,0.4680775034392532,0.5824241227130798,0.9110198492248922,0.9644935136707536
30,1.0,0,2,0.1,-1.067757570288771,0.6497593752130117,0.7176198890869674,0.9486997887465638,0.9770011391999828
30,1.0,0,3,0.1,-1.067757570288771,0.7529779575881009,0.8792504478711028,0.8508481001370711,0.9512798000729475
30,1.0,1,1,0.01,-1.0872392216165032,0.8740619044657406,0.9294506526154972,0.9814385679491668,0.930735100031609
30,1.0,1,2,0.01,-1.0872392216165032,0.689491736407288,0.8322562632999995,0.9796523999365,0.9298053971731184
30,1.0,1,3,0.01,-1.0872392216165032,0.8421736467475173,0.8220811305129931,0.9581770189084574,0.9598126414765664
30,1.0,2,1,0.01,-1.1218168196124694,0.1753066221687042,0.9589922663657092,0.3706457307342203,0.3621947324096612
30,1.0,2,2,0.01,-1.1218168196124694,0.6017722677747257,0.9569858251632224,0.9772620410780264,0.7026253692008265
30,1.0,2,3,0.01,-1.1218168196124694,0.9442168506363304,0.908737316990548,0.9951128270255052,0.9810647398234492
30,1.0,3,1,0.1,-1.1023127222873983,0.5726663085035627,0.6709150578323955,0.9290735741551394,0.959929542221515
30,1.0,3,2,0.1,-1.1023127222873983,0.5849142191537258,0.7356754305170197,0.9164159425593584,0.9769232483331644
30,1.0,3,3,0.1,-1.1023127222873983,0.7487456823867952,0.8189085105836499,0.886475081384945,0.9415190646503848
30,1.0,4,1,1000.0,-1.142889009700932,0.0968941689528105,0.2803941566945866,0.1284342319144895,0.7109124024022383
30,1.0,4,2,1000.0,-1.142889009700932,0.3801178338649266,0.400542243090432,0.803319262479661,0.8216291272176753
30,1.0,4,3,1000.0,-1.142889009700932,0.6467526853718165,0.6473832209580822,0.7620642918617713,0.765243559392136
30,1.0,5,1,0.1,-1.1032684240710935,0.5154124517289091,0.6169108151427753,0.9325822380383962,0.9677615883055924
30,1.0,5,2,0.1,-1.1032684240710935,0.5840572462668796,0.7068573286475134,0.8908404357944857,0.9651684200791996
30,1.0,5,3,0.1,-1.1032684240710935,0.6572320919160755,0.7015181271617732,0.748063252870342,0.7107163271453579
30,1.0,6,1,0.1,-1.1382199480929247,0.588928627583181,0.7843984325574426,0.8472713968726742,0.9766192148694136
30,1.0,6,2,0.1,-1.1382199480929247,0.6459988295598355,0.82805912085797,0.8195143406889438,0.967703027584647
30,1.0,6,3,0.1,-1.1382199480929247,0.673557494618172,0.7012383393423894,0.9453614833853816,0.9754940960353676
30,1.0,7,1,0.1,-1.1085991469082406,0.0091588295904288,0.247709866811466,0.3554642874530629,0.8953462347099276
30,1.0,7,2,0.1,-1.1085991469082406,0.5592499682536217,0.715018320802538,0.8944215131621593,0.9821309342536306
30,1.0,7,3,0.1,-1.1085991469082406,0.7349835784987621,0.8068777586111269,0.8962727545438364,0.9452151920629864
30,1.0,8,1,0.1,-1.1141697214820294,0.4323988454127468,0.6363143981647987,0.8954291771733212,0.970203200233396
30,1.0,8,2,0.1,-1.1141697214820294,0.6396143829205041,0.7084599691426074,0.9441078223625192,0.9616117705360432
30,1.0,8,3,0.1,-1.1141697214820294,0.6954765889089812,0.8129776342367251,0.955037763176772,0.982865861205696
30,1.0,9,1,0.01,-1.1520401365925033,0.3697289546679776,0.94651270327945,0.9708844202830244,0.4503657911177793
30,1.0,9,2,0.01,-1.1520401365925033,0.6162175407010939,0.9178190347587312,0.9765874902025392,0.6908261022728875
30,1.0,9,3,0.01,-1.1520401365925033,0.8843101253016589,0.929758407336499,0.9898931952259096,0.9647866596786976
30,1.0,10,1,0.01,-1.1635391620490134,0.6552255529708972,0.9043063838828406,0.8809767556272121,0.9845154154882424
30,1.0,10,2,0.01,-1.1635391620490134,0.70373518101935,0.8799287861734226,0.9540414741550904,0.8930037629379861
30,1.0,10,3,0.01,-1.1635391620490134,0.6527154328878216,0.9115411136170296,0.9364899871740636,0.6815077666625714
30,1.0,11,1,0.01,-1.1260136745923754,0.5938533151654029,0.7994493804072621,0.9414235124930664,0.956593108433586
30,1.0,11,2,0.01,-1.1260136745923754,0.6313735276430286,0.5673180462387587,0.9724226060828882,0.8691839331570561
30,1.0,11,3,0.01,-1.1260136745923754,0.6382630676279398,0.7831867814826117,0.9754337622376617,0.6596204949125865
30,1.0,12,1,0.1,-1.1302163130307727,0.1222524312951409,0.6167181670759356,0.030438895842007,0.4659840093332552
30,1.0,12,2,0.1,-1.1302163130307727,0.6881067594433777,0.7740307743115884,0.9026129197899276,0.9555014721674424
30,1.0,12,3,0.1,-1.1302163130307727,0.6465377442573186,0.6487852001910227,0.9363508120551408,0.9520283648795383
30,1.0,13,1,0.1,-1.1518620122988872,0.8469662672994722,0.9092992698052,0.9428477751138816,0.9641213457551614
30,1.0,13,2,0.1,-1.1518620122988872,0.5354307967161145,0.6115557025777781,0.8732184953776203,0.8885061353111114
30,1.0,13,3,0.1,-1.1518620122988872,0.6937348346970937,0.6979548929548454,0.9877137000447588,0.9728333977770038
30,1.0,14,1,0.01,-1.121789358350458,0.8895065825736513,0.951709004503172,0.965907206784732,0.9260862657924864
30,1.0,14,2,0.01,-1.121789358350458,0.4944336579077622,0.8595566818393992,0.98558285859718,0.6626210844333942
30,1.0,14,3,0.01,-1.121789358350458,0.7370378154019894,0.942501073847397,0.7037549195046201,0.9312344000253676
30,1.0,15,1,0.1,-1.1049487041661272,0.1788901714667977,0.6165875088446101,0.8286638395498258,0.8608409327854608
30,1.0,15,2,0.1,-1.1049487041661272,0.4446366262795356,0.5410140259862627,0.9277074175174432,0.9731728366376398
30,1.0,15,3,0.1,-1.1049487041661272,0.7554533055484282,0.8573080681985016,0.9324417926669902,0.97891311662172
30,1.0,16,1,1000.0,-1.0813755244330712,0.0358124898592006,0.0366305997003193,0.1972160383034401,0.8663106261677501
30,1.0,16,2,1000.0,-1.0813755244330712,0.4498819749047993,0.460369125879001,0.6572278129514144,0.6667319005036882
30,1.0,16,3,1000.0,-1.0813755244330712,0.6806785211720151,0.687296622889654,0.8626038067362122,0.8751885528409722
30,1.0,17,1,0.01,-1.0961390596405327,0.6906016599366526,0.9619587302504968,0.825028900399459,0.9515934925217376
30,1.0,17,2,0.01,-1.0961390596405327,0.7368002848232698,0.6411895024865174,0.9809752496474172,0.9528869832432668
30,1.0,17,3,0.01,-1.0961390596405327,0.79771633742922,0.8718035041692538,0.9863530121723616,0.9535172917720096
30,1.0,18,1,0.1,-1.1374813826150452,0.2741653746132166,0.4604059011056514,0.6855900830636087,0.8735596925208872
30,1.0,18,2,0.1,-1.1374813826150452,0.6076532170814264,0.7978419240405057,0.8599220004945336,0.9358425499603724
30,1.0,18,3,0.1,-1.1374813826150452,0.660368772101552,0.6516421241325526,0.918835393845768,0.966520291857304
30,1.0,19,1,0.1,-1.0766144013522183,0.2217622731981009,0.4740396974762198,0.5744848705164443,0.8378192684459445
30,1.0,19,2,0.1,-1.0766144013522183,0.6640723977673562,0.7279337805419388,0.9326492194641088,0.9606947463846384
30,1.0,19,3,0.1,-1.0766144013522183,0.6609516104224408,0.884877303518906,0.7686507311419687,0.927264093314356
30,1.0,20,1,0.01,-1.0921389542943174,0.8932289754817723,0.9494658352342764,0.9760471598946654,0.8580236369214848
30,1.0,20,2,0.01,-1.0921389542943174,0.5505001174409083,0.7038148227169517,0.9615094995131868,0.8679314103578375
30,1.0,20,3,0.01,-1.0921389542943174,0.6381237849681393,0.8045677080569092,0.8769102278866735,0.7923643153807389
30,1.0,21,1,1.0,-1.134213544051507,0.2575831729976544,0.3369475391494235,0.7245736872657174,0.7844585882373952
30,1.0,21,2,1.0,-1.134213544051507,0.6308509517713449,0.6603241742461112,0.8780208667449738,0.8987045106311033
30,1.0,21,3,1.0,-1.134213544051507,0.802738897801345,0.8217106583432332,0.940499709537618,0.9506330250865316
30,1.0,22,1,0.01,-1.1895031003684575,0.3408593736386877,0.9283474120257248,0.8547340799433472,0.805951187769567
30,1.0,22,2,0.01,-1.1895031003684575,0.7953360409128976,0.9100073285520982,0.9650224322616244,0.9499474991792478
30,1.0,22,3,0.01,-1.1895031003684575,0.8986216420703732,0.934417442137888,0.9759142318287783,0.8526351437956476
30,1.0,23,1,0.01,-1.108388026478125,0.244618475452911,0.9258477156435728,0.8822665217312888,0.0215748353453885
30,1.0,23,2,0.01,-1.108388026478125,0.8111881280058284,0.9204913664327364,0.9849279050114604,0.8852244113127221
30,1.0,23,3,0.01,-1.108388026478125,0.7394929212063833,0.8705170550994966,0.985680675910773,0.6732504262119106
30,1.0,24,1,0.1,-1.1527542563489603,0.396262371263297,0.7276797029720479,0.6006730274217642,0.9376778447145664
30,1.0,24,2,0.1,-1.1527542563489603,0.5216698802120173,0.6135923262230092,0.9179526149737472,0.960520288232
30,1.0,24,3,0.1,-1.1527542563489603,0.6522039317436009,0.6510731760953831,0.942813519148237,0.9613948714501904
30,1.0,25,1,0.1,-1.1055482195640836,0.2295079292041049,0.2618536871049285,0.9422544310082764,0.9746611181706072
30,1.0,25,2,0.1,-1.1055482195640836,0.5640703282145367,0.6595756331868118,0.9090590988359804,0.9667985227399764
30,1.0,25,3,0.1,-1.1055482195640836,0.6777374376123437,0.7590551548805938,0.8699927635646693,0.9461731670822444
30,1.0,26,1,0.01,-1.1453369390712036,0.6802918355260916,0.9467865779845008,0.9560645788530298,0.826456817928219
30,1.0,26,2,0.01,-1.1453369390712036,0.4771391388654695,0.9444929772451488,0.997110893119474,0.5170058610323235
30,1.0,26,3,0.01,-1.1453369390712036,0.7455801530440183,0.8863932863109468,0.9938328254207306,0.8440230290675143
30,1.0,27,1,0.01,-1.106322945809115,0.8424058327991826,0.973414015136867,0.987234746796498,0.9018089178121091
30,1.0,27,2,0.01,-1.106322945809115,0.494090362816032,0.9665032737076548,0.9560005822722648,0.5197917056875665
30,1.0,27,3,0.01,-1.106322945809115,0.8092824069977401,0.8233098160188176,0.99724391592536,0.805141213401424
30,1.0,28,1,0.1,-1.134674716503398,0.1003263437368643,0.6053452876123728,0.7431284395338045,0.912323721372973
30,1.0,28,2,0.1,-1.134674716503398,0.6058847193572521,0.7749137045353207,0.9195904945238134,0.9910791634860658
30,1.0,28,3,0.1,-1.134674716503398,0.750820141161176,0.8063775535350061,0.9477636730572164,0.9741355958631824
30,1.0,29,1,0.1,-1.0923572660614624,0.142489029526387,0.1943974462779241,0.4733940152908026,0.3181914526106801
30,1.0,29,2,0.1,-1.0923572660614624,0.6196867910625524,0.8191378476831561,0.8815225456936744,0.9763631065452129
30,1.0,29,3,0.1,-1.0923572660614624,0.8900791756853391,0.9229837859828796,0.96486177629527,0.965646117938642
30,1.0,30,1,0.1,-1.1221659010649088,0.5158429156586593,0.5626625011193133,0.606228662272001,0.9033572454748984
30,1.0,30,2,0.1,-1.1221659010649088,0.6800220648556055,0.7667115707256376,0.9353443041553304,0.971926828608506
30,1.0,30,3,0.1,-1.1221659010649088,0.6536570407586104,0.6625877151136995,0.9447157994376126,0.9647486961853148
30,1.0,31,1,0.1,-1.1615171547021328,0.5762241351976867,0.628960260374232,0.8878516042413226,0.9708716623581398
30,1.0,31,2,0.1,-1.1615171547021328,0.4944801726020471,0.5555780572999407,0.9163192551400804,0.9396307242714664
30,1.0,31,3,0.1,-1.1615171547021328,0.6875574234492206,0.8983683991022181,0.7281035671584807,0.9481410198325774
30,1.0,32,1,1.0,-1.1500543083294337,0.4521295547115321,0.4848602147877823,0.6700606485454579,0.7931643616193227
30,1.0,32,2,1.0,-1.1500543083294337,0.5208952411764012,0.5549805824536291,0.8366318129303437,0.8609833286236231
30,1.0,32,3,1.0,-1.1500543083294337,0.6444651024960668,0.6428262179719629,0.7223399975058907,0.7353653416558316
30,1.0,33,1,0.1,-1.106428982032026,0.145065568155619,0.607101566023158,0.4530373472265039,0.7811123764652009
30,1.0,33,2,0.1,-1.106428982032026,0.5498899323040303,0.7711166362029581,0.8820506252303889,0.9782586215183944
30,1.0,33,3,0.1,-1.106428982032026,0.8256225941188807,0.8546659682594759,0.92913347442335,0.9489777404918452
30,1.0,34,1,0.1,-1.0630945758929442,0.1954268642498697,0.3263725424254318,0.9481700590828488,0.9839875620911034
30,1.0,34,2,0.1,-1.0630945758929442,0.3693191376490427,0.4346744562087971,0.9351049382659138,0.9553542645902598
30,1.0,34,3,0.1,-1.0630945758929442,0.7319044565254583,0.7864432691733638,0.9375570435002883,0.9701646972197984
30,1.0,35,1,1.0,-1.1276566687335785,0.1865677568718996,0.2500921593851531,0.5446919738982933,0.6414093743235447
30,1.0,35,2,1.0,-1.1276566687335785,0.3419724468968335,0.3662575724066406,0.7355972033063103,0.7500868292470289
30,1.0,35,3,1.0,-1.1276566687335785,0.6608157692232767,0.6654223573211949,0.8315125880760071,0.8479475863092939
30,1.0,36,1,0.1,-1.1190429082350075,0.468456563290526,0.497767683988695,0.980798254709366,0.9887773436307976
30,1.0,36,2,0.1,-1.1190429082350075,0.635610769484382,0.7178645637952288,0.974209838479188,0.9920364034251892
30,1.0,36,3,0.1,-1.1190429082350075,0.7219416330846401,0.8731600586896316,0.8914983212219162,0.9815723170205534
30,1.0,37,1,0.1,-1.090413620898239,0.5712258222083882,0.6586535327238108,0.8887081766111085,0.8943112989438178
30,1.0,37,2,0.1,-1.090413620898239,0.6407265067741843,0.7277935359060503,0.9384863910014328,0.9743228378384736
30,1.0,37,3,0.1,-1.090413620898239,0.817204724243188,0.8715896607544612,0.9743903323137896,0.9907561165647452
30,1.0,38,1,1.0,-1.1339859381120494,0.2006516420901617,0.1351042983102577,0.8635475756858396,0.8668419732615498
30,1.0,38,2,1.0,-1.1339859381120494,0.6116700279221284,0.6521514900197178,0.8351972769942589,0.86025600657119
30,1.0,38,3,1.0,-1.1339859381120494,0.8843904223565359,0.8883880301701529,0.9471423826621448,0.9495477118246024
30,1.0,39,1,0.1,-1.1333926983370235,0.1099630524186376,0.6753473461945646,0.4787947876281413,0.9559764683818386
30,1.0,39,2,0.1,-1.1333926983370235,0.587587157130738,0.6871747717675457,0.9282707302119668,0.97016580928599
30,1.0,39,3,0.1,-1.1333926983370235,0.7433946074249683,0.8801872023045533,0.9172365465539196,0.9844820972235924
30,1.0,40,1,0.1,-1.1682512198958686,0.0348047135797,0.1254876069397016,0.8446615956407082,0.9897224162602736
30,1.0,40,2,0.1,-1.1682512198958686,0.3778443730968495,0.4570226281868192,0.9376881589337952,0.9144123322000316
30,1.0,40,3,0.1,-1.1682512198958686,0.6543992305479854,0.6636251493681801,0.9377435068297836,0.965407288582314
30,1.0,41,1,1000.0,-1.106574255061184,0.3251764290327016,0.3563692636039401,0.8410011664446122,0.8673218087644156
30,1.0,41,2,1000.0,-1.106574255061184,0.4992308383339993,0.5221904623420816,0.8543635287259431,0.8664256193059893
30,1.0,41,3,1000.0,-1.106574255061184,0.754634138680578,0.7647873081502867,0.9248993661667414,0.931087175197551
30,1.0,42,1,0.1,-1.1320144815518087,0.4360471453667089,0.6428502380831695,0.8252565695267186,0.9717381559417092
30,1.0,42,2,0.1,-1.1320144815518087,0.48012618186466,0.5053127796167977,0.9544757032210922,0.982622024943457
30,1.0,42,3,0.1,-1.1320144815518087,0.7904460505115583,0.8582295076664415,0.9256419845778352,0.9696577438575668
30,1.0,43,1,0.1,-1.0790045396492416,0.4562815736424149,0.5167405397080539,0.924672914578814,0.9826831070491896
30,1.0,43,2,0.1,-1.0790045396492416,0.6634927019517747,0.7367345115550821,0.9584740482875334,0.9782968578613722
30,1.0,43,3,0.1,-1.0790045396492416,0.7900527129909456,0.91287365855236,0.8117634096881123,0.9711296645890158
30,1.0,44,1,0.1,-1.130437191962332,0.6924232751369149,0.7464755818341936,0.95152436185551,0.9817337982057333
30,1.0,44,2,0.1,-1.130437191962332,0.5859368156561601,0.6568990174990077,0.9205691687048532,0.9561045803008412
30,1.0,44,3,0.1,-1.130437191962332,0.7141584410268075,0.8610384040741351,0.9029811331542432,0.9760455769681176
30,1.0,45,1,0.01,-1.122316901126292,0.0826394803470617,0.8369491051704789,0.9661654193557496,0.0090780178833402
30,1.0,45,2,0.01,-1.122316901126292,0.8352961961081904,0.8833792297194858,0.9800937441048518,0.918685899890672
30,1.0,45,3,0.01,-1.122316901126292,0.6611367085265721,0.8537112310629796,0.9330512401013588,0.6683586219488583
30,1.0,46,1,0.1,-1.1381073315488377,0.4527614003631394,0.6066786238891448,0.9058016945926642,0.9843821980468572
30,1.0,46,2,0.1,-1.1381073315488377,0.5691377903469529,0.604688217381811,0.9588261650926077,0.9751947937884085
30,1.0,46,3,0.1,-1.1381073315488377,0.8299772350031626,0.8643271630156081,0.958386839846616,0.9757267139158442
30,1.0,47,1,0.1,-1.1628417067822243,0.4565527238833579,0.6190733369052169,0.820819307967465,0.9342226873850534
30,1.0,47,2,0.1,-1.1628417067822243,0.5656339091309407,0.7684473523885444,0.9511774731428564,0.9783485393587628
30,1.0,47,3,0.1,-1.1628417067822243,0.7424640690468514,0.755664564966847,0.9743409061469052,0.9804857274062498
30,1.0,48,1,0.01,-1.1076894291170112,0.0679138674723308,0.8180831137694006,0.874093436739788,0.2714650129338566
30,1.0,48,2,0.01,-1.1076894291170112,0.7194967112006369,0.8533497073089845,0.9855188609726288,0.907049796064654
30,1.0,48,3,0.01,-1.1076894291170112,0.7246680760187011,0.8494935074331679,0.9490333331740348,0.7140471911731613
30,1.0,49,1,0.01,-1.1058900727307135,0.8383717646043896,0.973385589030718,0.978869113197226,0.8994086794835454
30,1.0,49,2,0.01,-1.1058900727307135,0.8167113890221775,0.9320809798112404,0.9875999455483636,0.881601008979906
30,1.0,49,3,0.01,-1.1058900727307135,0.7627634551692276,0.7067806681579717,0.9949173144273958,0.9736806852601214
30,1.0,50,1,0.01,-1.1287003088128604,0.4108865104517452,0.8531902569298537,0.8278558618939716,0.3344742631697336
30,1.0,50,2,0.01,-1.1287003088128604,0.4700243204803158,0.9294886153473356,0.951109471900124,0.4934816868645797
30,1.0,50,3,0.01,-1.1287003088128604,0.9144305247462396,0.8615605523188422,0.9913164328902444,0.9801098207180332
30,1.0,51,1,0.1,-1.0883583620262192,0.0377674528007464,0.2133872539254828,0.7651165152775845,0.1228302369565335
30,1.0,51,2,0.1,-1.0883583620262192,0.6906385208608405,0.8501397444444567,0.9246528468922756,0.9792368462062492
30,1.0,51,3,0.1,-1.0883583620262192,0.8131663918348471,0.8624723478100534,0.9647252668314068,0.9820547441059112
30,1.0,52,1,0.1,-1.1082056849924549,0.8740994646800436,0.9299990870294088,0.9918018743371848,0.9933968677984928
30,1.0,52,2,0.1,-1.1082056849924549,0.6883128468371568,0.7951678369697547,0.9686201741909884,0.9967084310589598
30,1.0,52,3,0.1,-1.1082056849924549,0.7601978130340242,0.8419227930400114,0.9280389015820956,0.9783692915458267
30,1.0,53,1,0.1,-1.1405523976068312,0.129576694454356,0.5402119505529579,0.5934371230108592,0.8991142839180596
30,1.0,53,2,0.1,-1.1405523976068312,0.4144525873946727,0.5866849278665408,0.5402893013900533,0.5150927140241183
30,1.0,53,3,0.1,-1.1405523976068312,0.8273479511860661,0.8868089276584127,0.9176823502932664,0.956411440294622
30,1.0,54,1,0.01,-1.136610515269978,0.8374991545627181,0.9132581219481438,0.9697435682918149,0.9545748628549898
30,1.0,54,2,0.01,-1.136610515269978,0.688401787613206,0.7871236565982735,0.990688817392855,0.9715114986132564
30,1.0,54,3,0.01,-1.136610515269978,0.6920263432492332,0.666270294275562,0.9706214358623414,0.6646763012643447
30,1.0,55,1,1000.0,-1.1812491439608848,0.0159691299520486,0.0044843716757916,0.5282102963645434,0.4746384353702163
30,1.0,55,2,1000.0,-1.1812491439608848,0.6033348895853132,0.6672953189502216,0.7171679861789462,0.7772947469168766
30,1.0,55,3,1000.0,-1.1812491439608848,0.6608523654636916,0.6631486302885542,0.930570061976033,0.9341160163176956
30,1.0,56,1,0.1,-1.1455163838535138,0.4894195741307842,0.5206490074670402,0.711449667275076,0.6614435420330661
30,1.0,56,2,0.1,-1.1455163838535138,0.7485057147976018,0.8479888521066858,0.9318311101610748,0.966730755586554
30,1.0,56,3,0.1,-1.1455163838535138,0.7866991991476664,0.8680036050006245,0.9101167524034608,0.9573268408749346
30,1.0,57,1,1.0,-1.1387672427749491,0.3538031530682048,0.4113820511934538,0.7022038630160916,0.7811060977815747
30,1.0,57,2,1.0,-1.1387672427749491,0.3826208865939906,0.4043153706616139,0.8953273690073082,0.9063928787622328
30,1.0,57,3,1.0,-1.1387672427749491,0.6556882053253504,0.6657659853009156,0.6834140700549945,0.7010561574310862
30,1.0,58,1,0.1,-1.1599631371257646,0.6771096312849593,0.7553871307049383,0.7639629710351269,0.8598842444053676
30,1.0,58,2,0.1,-1.1599631371257646,0.7156783500306607,0.8124366975771238,0.9764541333019942,0.9950887252548418
30,1.0,58,3,0.1,-1.1599631371257646,0.6705188319063905,0.6863899884191315,0.9863783378962792,0.9836207042016744
30,1.0,59,1,0.1,-1.0994841550763714,0.6138478247517783,0.7462122598912387,0.7987094856182282,0.9380723913331592
30,1.0,59,2,0.1,-1.0994841550763714,0.7702940648197829,0.8460355012078433,0.9102980862141552,0.9655454120770371
30,1.0,59,3,0.1,-1.0994841550763714,0.6878114052175835,0.7063408739992599,0.929119933879443,0.945613397314986
30,1.0,60,1,0.1,-1.163096249060115,0.763582650991423,0.823164783442172,0.9391261779518688,0.9813119032370168
30,1.0,60,2,0.1,-1.163096249060115,0.6387761099505181,0.6963421264889735,0.9676712712321468,0.9883024306584716
30,1.0,60,3,0.1,-1.163096249060115,0.644719099595425,0.6416239463741972,0.9150649626093896,0.918987822517269
30,1.0,61,1,0.1,-1.0927508617066723,0.3427504117847812,0.585447809499605,0.8712592806944236,0.9637376726873188
30,1.0,61,2,0.1,-1.0927508617066723,0.7277373893538754,0.8647008754216929,0.8823195898161507,0.9754977656641493
30,1.0,61,3,0.1,-1.0927508617066723,0.6780780191138746,0.6967173749941927,0.9488714266825676,0.9676063577033585
30,1.0,62,1,0.1,-1.1214453739710908,0.0077022187036922,0.0215177259553332,0.8267225959565077,0.8423242824406337
30,1.0,62,2,0.1,-1.1214453739710908,0.4442764067555261,0.6565310732164615,0.825543344466388,0.9781644714957256
30,1.0,62,3,0.1,-1.1214453739710908,0.762054927866294,0.8563104390851967,0.8933092094922214,0.9615344237963124
30,1.0,63,1,0.01,-1.1159761439543114,0.6686295323345878,0.9542997977541412,0.9556153501448988,0.8616278063163437
30,1.0,63,2,0.01,-1.1159761439543114,0.7401777792630094,0.9321722397813844,0.9737881133402688,0.757281559536692
30,1.0,63,3,0.01,-1.1159761439543114,0.9364438993371266,0.9311847114975622,0.9890189353891662,0.95471376878536
30,1.0,64,1,0.01,-1.1319446901249943,0.75924076552201,0.9624347838782412,0.971034226740811,0.755790915876515
30,1.0,64,2,0.01,-1.1319446901249943,0.8822027959406278,0.730648871485713,0.9928128912545744,0.7094936420650813
30,1.0,64,3,0.01,-1.1319446901249943,0.8684880031227219,0.7310248119806059,0.9850671815851636,0.9679868053758612
30,1.0,65,1,0.1,-1.1157149757616485,0.0445242961865522,0.26294206628181,0.8037952682403207,0.9585217997530122
30,1.0,65,2,0.1,-1.1157149757616485,0.3531726382204222,0.4668506152976281,0.7001529976551417,0.7671090134918273
30,1.0,65,3,0.1,-1.1157149757616485,0.7773315078661365,0.8178546973232925,0.9464592338194704,0.9719958919729916
30,1.0,66,1,0.01,-1.1384191488663726,0.8206506207447347,0.965898155634786,0.9533384416594206,0.8259869521353166
30,1.0,66,2,0.01,-1.1384191488663726,0.6050138008191921,0.8969078365690796,0.9716900654666872,0.6991717058098609
30,1.0,66,3,0.01,-1.1384191488663726,0.6582377367069233,0.8436666284317278,0.9845779879243864,0.6986651984897133
30,1.0,67,1,1.0,-1.1387427660492968,0.5014707360132347,0.5553667208879324,0.8322987414158791,0.895819934542615
30,1.0,67,2,1.0,-1.1387427660492968,0.504298953159738,0.5176147677473197,0.8767061103845324,0.8831207077381947
30,1.0,67,3,1.0,-1.1387427660492968,0.704877454378873,0.7091342073114159,0.944894448225501,0.9517609973741687
30,1.0,68,1,10.0,-1.104518149573806,0.0347204078588533,0.0338058265886519,0.6103201824721654,0.8647581876578614
30,1.0,68,2,10.0,-1.104518149573806,0.4818954032370502,0.4867875667752879,0.556396023524509,0.562541503739378
30,1.0,68,3,10.0,-1.104518149573806,0.8445923249343972,0.8520226817584368,0.9302146194732264,0.9353046576587056
30,1.0,69,1,0.01,-1.0733246987164315,0.3351305973488329,0.7893251885118346,0.9630820277403592,0.6029677037343685
30,1.0,69,2,0.01,-1.0733246987164315,0.650588758780516,0.806136452058318,0.977334131534656,0.7788671873404923
30,1.0,69,3,0.01,-1.0733246987164315,0.8289427376005626,0.817882168477604,0.9647093206333838,0.9663228798943932
30,1.0,70,1,1000.0,-1.1170375815951932,0.2337014268282648,0.1725366931702102,0.1776884067220259,0.8719851485035248
30,1.0,70,2,1000.0,-1.1170375815951932,0.5467255498060295,0.5751669675186727,0.7256586349293338,0.7489747706197227
30,1.0,70,3,1000.0,-1.1170375815951932,0.7658629689766925,0.7664245987174962,0.953602976023512,0.9558249759493788
30,1.0,71,1,0.1,-1.1091817852561063,0.5114862809590969,0.5717851767458741,0.919720817362894,0.9399109207059896
30,1.0,71,2,0.1,-1.1091817852561063,0.7723797797148697,0.8058835027917816,0.9345520616620224,0.9501629749032684
30,1.0,71,3,0.1,-1.1091817852561063,0.6623758023028768,0.7737541689928648,0.9797100157842272,0.9339860274238628
30,1.0,72,1,0.01,-1.1170797184729826,0.2692682812599729,0.8872000027192241,0.1945915548019519,0.2726565544618967
30,1.0,72,2,0.01,-1.1170797184729826,0.7580195895471868,0.559653856775792,0.9383286078211656,0.4679126433229691
30,1.0,72,3,0.01,-1.1170797184729826,0.6409568096289913,0.8365114697913493,0.968895020721655,0.6738936743286049
30,1.0,73,1,0.01,-1.131515379266755,0.8755277223475202,0.8920649321851009,0.9852149659701224,0.8837337143146357
30,1.0,73,2,0.01,-1.131515379266755,0.7517971473846583,0.8197997502117959,0.9876431422663424,0.8795593384341787
30,1.0,73,3,0.01,-1.131515379266755,0.8300976516018292,0.8595633094514223,0.9644505346163617,0.8712060164766119
30,1.0,74,1,0.1,-1.145705646813438,0.626095961795852,0.7315264995835176,0.8991470252615038,0.9145711177638244
30,1.0,74,2,0.1,-1.145705646813438,0.7217042847944628,0.7668792445043218,0.9482016648531448,0.9744073834242076
30,1.0,74,3,0.1,-1.145705646813438,0.6705365897097667,0.6928585920830136,0.9750454591853028,0.9673582769000688
30,1.0,75,1,0.1,-1.1792887292456882,0.0057410414742387,0.3298672948706586,0.130154653289599,0.0683129658829269
30,1.0,75,2,0.1,-1.1792887292456882,0.7877643865147724,0.862295175186157,0.9612012129857912,0.9877975860790784
30,1.0,75,3,0.1,-1.1792887292456882,0.7467737764441273,0.7874893944004627,0.920690849807228,0.9472458149424784
30,1.0,76,1,1.0,-1.1504271336042726,0.0968260880347642,0.1249237364456939,0.6457127146736187,0.6774596427188401
30,1.0,76,2,1.0,-1.1504271336042726,0.4253707145208544,0.4595326644358894,0.8277195772906601,0.8882103178328747
30,1.0,76,3,1.0,-1.1504271336042726,0.8030205888205938,0.812871141665855,0.9194441010510808,0.9255442394939634
30,1.0,77,1,0.1,-1.1341822538215267,0.3529823594100531,0.766365619264761,0.6633389506256163,0.989621601844886
30,1.0,77,2,0.1,-1.1341822538215267,0.4723453918676579,0.5382952513079885,0.9524506396872084,0.986270436209558
30,1.0,77,3,0.1,-1.1341822538215267,0.6701989048461233,0.733804424802538,0.9311702664030104,0.9777093740033348
30,1.0,78,1,1.0,-1.1220417244253906,0.0492774719887806,0.0048954845491083,0.0095036947479344,0.920497386784681
30,1.0,78,2,1.0,-1.1220417244253906,0.4327627251311747,0.4542291625120215,0.8431579908052173,0.8625484603798694
30,1.0,78,3,1.0,-1.1220417244253906,0.7279673337683706,0.7459675647358136,0.8897525698286901,0.9079028648953256
30,1.0,79,1,0.01,-1.1470429970634466,0.6324315725922578,0.9286283791976752,0.8943035213859875,0.8705091182747383
30,1.0,79,2,0.01,-1.1470429970634466,0.5559087090037623,0.845683640294354,0.979169983376359,0.5426993276688351
30,1.0,79,3,0.01,-1.1470429970634466,0.8780865627003043,0.8634684556284652,0.9864951642935436,0.9749824564365712
30,1.0,80,1,0.1,-1.1602675275891847,0.5094088916670777,0.6378643040471627,0.8676920301904525,0.9480729207818556
30,1.0,80,2,0.1,-1.1602675275891847,0.5052125640923265,0.5367928386006976,0.967120658641868,0.9815533345444144
30,1.0,80,3,0.1,-1.1602675275891847,0.7210973468479912,0.7709980716230671,0.9319462283709142,0.9667356298571244
30,1.0,81,1,0.01,-1.093114639906928,0.9124370643891336,0.9459470822040504,0.9903024590756444,0.8733611781122111
30,1.0,81,2,0.01,-1.093114639906928,0.8716192762734127,0.8992187900489618,0.9898368046896971,0.8132418812001065
30,1.0,81,3,0.01,-1.093114639906928,0.855375665251092,0.8894736031748062,0.9927700891536008,0.8036233998637549
30,1.0,82,1,0.01,-1.1423302118451273,0.2625475978066041,0.9205766855605146,0.9849515826932478,0.2937955689633545
30,1.0,82,2,0.01,-1.1423302118451273,0.8495489953462305,0.8300810590046188,0.9908558448760594,0.9577269715064444
30,1.0,82,3,0.01,-1.1423302118451273,0.6002445076511315,0.7097659308712135,0.955642777726448,0.6562656929417909
30,1.0,83,1,0.1,-1.159665336782482,0.0736844338269835,0.0212036487475518,0.9838695918289704,0.964257159069344
30,1.0,83,2,0.1,-1.159665336782482,0.6517897716995507,0.8042467702511483,0.8660536867160126,0.9691163366278308
30,1.0,83,3,0.1,-1.159665336782482,0.741320741899041,0.7788639745350228,0.9762513998109692,0.9822348423353882
30,1.0,84,1,1.0,-1.1743385025317377,0.2913571913050622,0.3438103983876217,0.7293898912033753,0.7665346700396375
30,1.0,84,2,1.0,-1.1743385025317377,0.5205336541389534,0.558040453637641,0.8524463411096488,0.8727098521202825
30,1.0,84,3,1.0,-1.1743385025317377,0.6540118354348743,0.6480731330305404,0.953803097568891,0.9602435191393548
30,1.0,85,1,0.1,-1.103798664433672,0.2310429186905271,0.3984451789692431,0.884657285554552,0.9407772642943646
30,1.0,85,2,0.1,-1.103798664433672,0.5653798569135426,0.8118737348329585,0.764644151123048,0.9652330627187148
30,1.0,85,3,0.1,-1.103798664433672,0.7332244794393503,0.765662560516997,0.9457247046990012,0.9666331844679958
30,1.0,86,1,1.0,-1.1770620893416586,0.3859770488534613,0.6343436844544205,0.3078062034845036,0.8442987311927269
30,1.0,86,2,1.0,-1.1770620893416586,0.5378583883712894,0.5488813245741463,0.93405833758419,0.940597570280118
30,1.0,86,3,1.0,-1.1770620893416586,0.7736460151992368,0.7809086160919736,0.9540721967314104,0.9580099797396108
30,1.0,87,1,0.01,-1.1176813349788086,0.2547244124953921,0.6755736022495181,0.7129905169084355,0.8435599727579358
30,1.0,87,2,0.01,-1.1176813349788086,0.5470288534042862,0.6892482285091691,0.9671141409555783,0.9385395270909354
30,1.0,87,3,0.01,-1.1176813349788086,0.7951054312805916,0.9015797429225748,0.9759560443856335,0.9306117229749232
30,1.0,88,1,0.1,-1.0784980256982142,0.1395726957384392,0.7140359184684915,0.4160006537387433,0.9258178715004468
30,1.0,88,2,0.1,-1.0784980256982142,0.459583618570008,0.7210901213506065,0.7690107221053694,0.977310094319029
30,1.0,88,3,0.1,-1.0784980256982142,0.7542065360282447,0.7966524958753286,0.9846568060923704,0.9889044772956284
30,1.0,89,1,0.1,-1.1046685917838703,0.6230744272626826,0.7220201671001815,0.8797915082613235,0.9529695787631084
30,1.0,89,2,0.1,-1.1046685917838703,0.717487740606652,0.803831679541468,0.9241019823310108,0.9625256944442936
30,1.0,89,3,0.1,-1.1046685917838703,0.8659604548486418,0.8867551646494641,0.9648278888388896,0.9708315656021232
30,1.0,90,1,0.1,-1.0618101165645426,0.6508013992036081,0.7993908779275793,0.9797022369266744,0.934079035095467
30,1.0,90,2,0.1,-1.0618101165645426,0.5191834637767386,0.6148395184296283,0.96853351269374,0.9420438092138212
30,1.0,90,3,0.1,-1.0618101165645426,0.6496007051841353,0.6499342289501293,0.956398850421372,0.9635747134206638
30,1.0,91,1,1000.0,-1.102995862312529,0.0404722030853697,0.0263504769853638,0.4986633374071633,0.6932267338466364
30,1.0,91,2,1000.0,-1.102995862312529,0.5064536124568679,0.5137014958887469,0.6726989814206786,0.680734340478798
30,1.0,91,3,1000.0,-1.102995862312529,0.7723114861840047,0.7726830653650499,0.959538197459496,0.9613111607259384
30,1.0,92,1,0.1,-1.0923014120646544,0.7767056415430258,0.8236359338207314,0.9284089856850374,0.9588343442247228
30,1.0,92,2,0.1,-1.0923014120646544,0.6083183577720298,0.6591318547390551,0.953235877357408,0.9758730240378548
30,1.0,92,3,0.1,-1.0923014120646544,0.6436172095615964,0.9063168976828956,0.7097795570578272,0.898310262766413
30,1.0,93,1,0.1,-1.099506846452426,0.0129188439018607,0.0254225322785818,0.924883662877356,0.9841490653215584
30,1.0,93,2,0.1,-1.099506846452426,0.4805360811104863,0.7557291282568591,0.8102288560944242,0.9546093737862305
30,1.0,93,3,0.1,-1.099506846452426,0.6642722433215772,0.9048842204207578,0.7882759667149494,0.8061211512664612
30,1.0,94,1,0.1,-1.1364369747646288,0.6655000701718062,0.749184039385839,0.9538350018695524,0.98243200457989
30,1.0,94,2,0.1,-1.1364369747646288,0.4926931557881148,0.5433568453822873,0.9824156454810976,0.960958380188169
30,1.0,94,3,0.1,-1.1364369747646288,0.7143407402091752,0.8241112098444625,0.8548955195340658,0.9378991118918334
30,1.0,95,1,1000.0,-1.1878410421391774,0.2173470413214666,0.2692035002151292,0.6300830338390773,0.6697864251304291
30,1.0,95,2,1000.0,-1.1878410421391774,0.5788012530351517,0.6127989835219928,0.7768933453479263,0.8038557924531705
30,1.0,95,3,1000.0,-1.1878410421391774,0.7587482510703202,0.76077473230426,0.9373972727429788,0.9388048257252892
30,1.0,96,1,0.01,-1.113928300999716,0.8048014878014612,0.8026487777228579,0.9847133265515136,0.8938992945720661
30,1.0,96,2,0.01,-1.113928300999716,0.8546879947393192,0.8452369473608029,0.9871716329317538,0.9725063472380432
30,1.0,96,3,0.01,-1.113928300999716,0.8711061533907191,0.8666016375174035,0.9232198758961556,0.8445158379209311
30,1.0,97,1,0.01,-1.104743566726755,0.5561786248594778,0.9531370203164562,0.9327513673216355,0.6897772995774893
30,1.0,97,2,0.01,-1.104743566726755,0.8359448786996664,0.9311141156929554,0.9625672091190504,0.7613385109128519
30,1.0,97,3,0.01,-1.104743566726755,0.8942051087540701,0.7290465473448805,0.982217886986846,0.8886925626558703
30,1.0,98,1,0.01,-1.128122775468266,0.3076020159771728,0.9443633545974712,0.9592006709669008,0.4221573470742638
30,1.0,98,2,0.01,-1.128122775468266,0.8725855512974051,0.9346524492367072,0.9632325860403106,0.9744331830889604
30,1.0,98,3,0.01,-1.128122775468266,0.8077718433232534,0.904016424862839,0.9070054895169944,0.6729688244030051
30,1.0,99,1,0.1,-1.1592445343283373,0.3606254551645003,0.5277076441100155,0.9202334021131744,0.8544880828801313
30,1.0,99,2,0.1,-1.1592445343283373,0.5523787693273168,0.6272402357526434,0.9538195585436652,0.9787637337556396
30,1.0,99,3,0.1,-1.1592445343283373,0.7895650308953018,0.8429220737064386,0.9772211968554948,0.983186623524158
30,1.0,100,1,0.1,-1.0821103918438235,0.5409074532396615,0.7728380172496091,0.8801313842017684,0.9847591744540614
30,1.0,100,2,0.1,-1.0821103918438235,0.4704320311237749,0.8483818733222661,0.9509723903745684,0.5452086733664491
30,1.0,100,3,0.1,-1.0821103918438235,0.8314763617984106,0.8606230712465727,0.9876523204213008,0.9928210541214972
30,1.0,101,1,0.1,-1.1399759877597868,0.2278163418638697,0.098939491510499,0.6563102931610927,0.9642419146490848
30,1.0,101,2,0.1,-1.1399759877597868,0.6057863530404173,0.7372365462400987,0.9153584696312094,0.9621087149231724
30,1.0,101,3,0.1,-1.1399759877597868,0.7342894772151163,0.865896193656586,0.7480123361376751,0.8669464334018047
30,1.0,102,1,1000.0,-1.12890799425499,0.1766503909791283,0.1150612097999644,0.7371072748629878,0.9080612481682874
30,1.0,102,2,1000.0,-1.12890799425499,0.5770630082206889,0.5823948431280819,0.9109229682851108,0.914155389811636
30,1.0,102,3,1000.0,-1.12890799425499,0.6516149007346973,0.6539998196774534,0.7933397052881647,0.8058841956241324
30,1.0,103,1,0.1,-1.1285832568323824,0.5742235478864054,0.5282604564086727,0.9074650405165344,0.777150427731851
30,1.0,103,2,0.1,-1.1285832568323824,0.6426504064932743,0.7360879256897962,0.9639700857697386,0.9928431350852274
30,1.0,103,3,0.1,-1.1285832568323824,0.6681525820008184,0.670228299528104,0.9499693861790288,0.955659673628936
30,1.0,104,1,1.0,-1.1175515958978195,0.4865112341984882,0.4870112988437658,0.7291169263128459,0.7766395318817506
30,1.0,104,2,1.0,-1.1175515958978195,0.6291861382885717,0.6647973107146643,0.8195086955841637,0.8487849254075281
30,1.0,104,3,1.0,-1.1175515958978195,0.6410168025112041,0.6395607372433577,0.8483969221815745,0.8552583600449819
30,1.0,105,1,1.0,-1.1218176298802611,0.0158750470258363,0.1142334781418178,0.05160352645859,0.3795659915392679
30,1.0,105,2,1.0,-1.1218176298802611,0.4931351188002991,0.5044185415424892,0.8204188091300528,0.8379066273323379
30,1.0,105,3,1.0,-1.1218176298802611,0.7497549958093762,0.7555796000032647,0.9367391646175754,0.9412246319496004
30,1.0,106,1,0.1,-1.1485827158408115,0.2767859843337319,0.5516611725410198,0.8027473649395734,0.9651425524929708
30,1.0,106,2,0.1,-1.1485827158408115,0.1920627363475779,0.2865109327293834,0.8735214262174218,0.9235585805595468
30,1.0,106,3,0.1,-1.1485827158408115,0.6567068339824533,0.6519329244166475,0.982132994221202,0.982509829225337
30,1.0,107,1,1000.0,-1.153607393967914,0.0407082167527361,0.0005345491301368,0.0215681887004396,0.734024574025938
30,1.0,107,2,1000.0,-1.153607393967914,0.490545225544261,0.4958555031105875,0.8257861978090101,0.8324749493866387
30,1.0,107,3,1000.0,-1.153607393967914,0.705792551803461,0.7193728073023843,0.8821732459412678,0.8971734550778661
30,1.0,108,1,1000.0,-1.143768332396445,0.2963011218292368,0.4215539685016035,0.457098767772512,0.6226202911471184
30,1.0,108,2,1000.0,-1.143768332396445,0.5986518158606035,0.6180946065844792,0.8241623938737809,0.840596476751889
30,1.0,108,3,1000.0,-1.143768332396445,0.6594178404825274,0.6601946074954118,0.9226122047416254,0.9250771259112996
30,1.0,109,1,0.1,-1.1190626026516055,0.2333173239304861,0.4467347424990176,0.9844577622307183,0.9205895995795764
30,1.0,109,2,0.1,-1.1190626026516055,0.5570138198339061,0.6913145092629672,0.955500397789188,0.9896999225721356
30,1.0,109,3,0.1,-1.1190626026516055,0.8423788233352912,0.8742567173372525,0.9861078094011888,0.9901294300777568
30,1.0,110,1,10.0,-1.111369529154688,0.1865420121628551,0.2569380101101898,0.5229355480269114,0.6040686961594903
30,1.0,110,2,10.0,-1.111369529154688,0.4145027963962181,0.4331936792166979,0.8639968409196166,0.8839618855784833
30,1.0,110,3,10.0,-1.111369529154688,0.7324043222004771,0.7432080301176808,0.885600399543164,0.8947633610315501
30,1.0,111,1,0.1,-1.1150717659839826,0.1172275939609347,0.2720248594561923,0.978396365069901,0.990319690039174
30,1.0,111,2,0.1,-1.1150717659839826,0.453965738444746,0.4935594544258083,0.9914219065117952,0.9849417174188434
30,1.0,111,3,0.1,-1.1150717659839826,0.8053944827226355,0.8650339680254566,0.9422474568778206,0.9707231678903104
30,1.0,112,1,1000.0,-1.108756028677297,0.0078662912107304,0.0016809075145503,0.0595989444276315,0.0980811012277945
30,1.0,112,2,1000.0,-1.108756028677297,0.4415556186848759,0.4756650467714062,0.7618011249868339,0.7903113545137708
30,1.0,112,3,1000.0,-1.108756028677297,0.6539200648869418,0.6568164760719118,0.8560155297898535,0.8661718268163102
30,1.0,113,1,1.0,-1.165698494767313,0.289183939513121,0.3541027071986715,0.7476416142761861,0.7949278401420424
30,1.0,113,2,1.0,-1.165698494767313,0.4276451440261201,0.4885003624828075,0.8297865215071742,0.8637390752895197
30,1.0,113,3,1.0,-1.165698494767313,0.6581987941349691,0.6577182032540013,0.9535269954549216,0.9562077339991808
30,1.0,114,1,0.01,-1.1166249410110636,0.615015597052741,0.8962029687827088,0.914126183680708,0.8403008634175986
30,1.0,114,2,0.01,-1.1166249410110636,0.7516519231326093,0.7429492164400482,0.947885596853834,0.9623080292737598
30,1.0,114,3,0.01,-1.1166249410110636,0.90135766017652,0.8504683660358389,0.9834918027011296,0.9614825987458756
30,1.0,115,1,0.1,-1.1507930776573512,0.0206190519785087,0.0010155936345659,0.9466957829900872,0.9772032980773416
30,1.0,115,2,0.1,-1.1507930776573512,0.5754627379531942,0.7756807367094042,0.882555534277708,0.98440709979913
30,1.0,115,3,0.1,-1.1507930776573512,0.8747168306271402,0.8949191903235878,0.9699168171413148,0.9778252906291888
30,1.0,116,1,1.0,-1.162854177427705,0.1257506307525068,0.1287018442974378,0.8895330487244695,0.9531150010353934
30,1.0,116,2,1.0,-1.162854177427705,0.4362963859240912,0.4612423504603675,0.900480981144284,0.9170302232642792
30,1.0,116,3,1.0,-1.162854177427705,0.6666140977174803,0.6975332814073897,0.6886885507927957,0.7202325286519701
30,1.0,117,1,0.01,-1.1349791861927676,0.7939251716389825,0.9053553722331916,0.985078836861666,0.919618302874364
30,1.0,117,2,0.01,-1.1349791861927676,0.6412898328334543,0.8625730628434012,0.965396964554878,0.7607592718808254
30,1.0,117,3,0.01,-1.1349791861927676,0.8481334735984635,0.8064136527876479,0.9857994411001222,0.9124367385164184
30,1.0,118,1,0.01,-1.2052041351740754,0.8151014260493219,0.9761266931175628,0.91569194983562,0.9839587240575832
30,1.0,118,2,0.01,-1.2052041351740754,0.8741415322692729,0.852065157255365,0.9896193170644592,0.9853387553467065
30,1.0,118,3,0.01,-1.2052041351740754,0.7807205516027832,0.6359907668342218,0.9714785297695552,0.8584525964938732
30,1.0,119,1,0.1,-1.128422705047765,0.4490207362309275,0.7425977377363085,0.8700209901397877,0.959164466186496
30,1.0,119,2,0.1,-1.128422705047765,0.4021457704179869,0.6280800674552448,0.9328055401064268,0.988155714671448
30,1.0,119,3,0.1,-1.128422705047765,0.6544837942686089,0.7407349338913124,0.986253597113618,0.840713331006408
30,1.0,120,1,0.01,-1.1696683383403286,0.7072851541631163,0.8370942070539861,0.9705723353242444,0.9690688612502107
30,1.0,120,2,0.01,-1.1696683383403286,0.7391312173339689,0.963106582811536,0.9759422549950432,0.7047071449205246
30,1.0,120,3,0.01,-1.1696683383403286,0.9306956251427222,0.810068497953746,0.9926528673033096,0.8844014883384235
30,1.0,121,1,0.1,-1.144931645640925,0.860894397325295,0.9333844307430806,0.8979310863589526,0.9779846627796996
30,1.0,121,2,0.1,-1.144931645640925,0.6164131841413467,0.692139219881067,0.9669594377359418,0.9833135584532536
30,1.0,121,3,0.1,-1.144931645640925,0.7479945547988347,0.8066978184823318,0.9768280803929252,0.983299515335836
30,1.0,122,1,1.0,-1.150320215167451,0.0382623088967249,0.0711143067557008,0.825075645670598,0.8916471612441619
30,1.0,122,2,1.0,-1.150320215167451,0.5836217876700249,0.6003509688878312,0.8582463790911566,0.8702978160928835
30,1.0,122,3,1.0,-1.150320215167451,0.7785965375364347,0.808641039297754,0.8748018641808467,0.9032501548914392
30,1.0,123,1,0.01,-1.1670770939141046,0.8421577391042461,0.92369499701454,0.981860387744774,0.8801751399442103
30,1.0,123,2,0.01,-1.1670770939141046,0.907361329916044,0.8886061857771931,0.986145724303942,0.90529802850876
30,1.0,123,3,0.01,-1.1670770939141046,0.9098300769413968,0.8153263060690582,0.9895807461611988,0.970439278722651
30,1.0,124,1,0.1,-1.100662927194542,0.1416580668344878,0.2641683809902003,0.6519877164354189,0.9318892364563556
30,1.0,124,2,0.1,-1.100662927194542,0.4966733827764258,0.7276118112689558,0.9299293848930696,0.9572925924278362
30,1.0,124,3,0.1,-1.100662927194542,0.7604609097770781,0.8081849240196765,0.9610352152726852,0.9792855086303772
30,1.0,125,1,0.01,-1.1706501695132572,0.3298902305461566,0.9674014639481509,0.9663994177394192,0.4497191773284761
30,1.0,125,2,0.01,-1.1706501695132572,0.5437767868565373,0.8676708334075243,0.927272360275904,0.6285011492327621
30,1.0,125,3,0.01,-1.1706501695132572,0.8187780613064229,0.8401995197549533,0.9941578360372106,0.9528891059249776
30,1.0,126,1,0.1,-1.1483313123005785,0.2741881308068506,0.4840221614109371,0.3980961035698624,0.7532572963746648
30,1.0,126,2,0.1,-1.1483313123005785,0.4198808780457853,0.4758398840567339,0.9527685403616052,0.9893331003938408
30,1.0,126,3,0.1,-1.1483313123005785,0.6522139994777221,0.7399669062979193,0.7070031255028172,0.6638344376532946
30,1.0,127,1,10.0,-1.153553688407876,0.0959119033553566,0.2296571872402601,0.3490535951644439,0.6479758399969314
30,1.0,127,2,10.0,-1.153553688407876,0.4782279314540446,0.4984304820635099,0.8004693861935246,0.8227734437753671
30,1.0,127,3,10.0,-1.153553688407876,0.6571894345783352,0.6647617209960371,0.849773585121048,0.8680092687081548
30,1.0,128,1,0.1,-1.100113894514731,0.0698067607931515,0.3922883552207599,0.2549568949919265,0.7133688201837606
30,1.0,128,2,0.1,-1.100113894514731,0.622656884109058,0.7753062022082613,0.9461404473488596,0.9897266068138372
30,1.0,128,3,0.1,-1.100113894514731,0.7123836540684424,0.7336501694446814,0.9627117391792966,0.9745235617076684
30,1.0,129,1,0.01,-1.1505638378259049,0.181008210655176,0.7728054223864772,0.8990075442407013,0.8465689919713579
30,1.0,129,2,0.01,-1.1505638378259049,0.7762248644128712,0.9035021357396668,0.9888094433863454,0.8921462395481236
30,1.0,129,3,0.01,-1.1505638378259049,0.7855926285214817,0.9280132903999574,0.9672652992415562,0.8444420727416747
30,1.0,130,1,1000.0,-1.2084081791894494,0.2845582253975217,0.3007172755043051,0.8088046078554862,0.8258636008793833
30,1.0,130,2,1000.0,-1.2084081791894494,0.5087699656531129,0.522203558832728,0.8929875062497037,0.900606966490723
30,1.0,130,3,1000.0,-1.2084081791894494,0.7177382528763739,0.7350665214477287,0.8412027722524095,0.857696003680292
30,1.0,131,1,0.01,-1.1390139368750294,0.3651095521729738,0.1491158016303805,0.9593428254647683,0.8683918489819357
30,1.0,131,2,0.01,-1.1390139368750294,0.6255884332873669,0.7697999849408851,0.9768988606296384,0.6036095614300605
30,1.0,131,3,0.01,-1.1390139368750294,0.8038272731868711,0.65896894105619,0.983598806351384,0.8427466682102489
30,1.0,132,1,0.1,-1.0471539422013734,0.5026122918740153,0.6357937850664089,0.8253817646667024,0.9256573702468864
30,1.0,132,2,0.1,-1.0471539422013734,0.6870641701944937,0.8283163366537971,0.8592619233519774,0.9559844920526992
30,1.0,132,3,0.1,-1.0471539422013734,0.8306311311396763,0.8790148098814979,0.938233704725684,0.9696127161737088
30,1.0,133,1,0.01,-1.0974245239899632,0.3329197401671696,0.9286825849337278,0.9685925316559532,0.7265436248445802
30,1.0,133,2,0.01,-1.0974245239899632,0.8157134739620542,0.9396875430739824,0.9698907847513164,0.9235442006068516
30,1.0,133,3,0.01,-1.0974245239899632,0.8682605884547433,0.6621486332278564,0.9854403569672608,0.917080282153644
30,1.0,134,1,0.1,-1.159870533560836,0.2709387528994678,0.7162031842095213,0.4272839135150221,0.9522567367940346
30,1.0,134,2,0.1,-1.159870533560836,0.4739862737621131,0.4972274650132474,0.8773486741302101,0.86885943832898
30,1.0,134,3,0.1,-1.159870533560836,0.8603498251927267,0.8676806335064523,0.9730272192949052,0.9767856013670148
30,1.0,135,1,0.1,-1.116327116782341,0.0207232701781986,0.0083085010932102,0.8144840743635621,0.885201688469184
30,1.0,135,2,0.1,-1.116327116782341,0.5075824271703897,0.6491029224832638,0.9502209477723452,0.9835226803973004
30,1.0,135,3,0.1,-1.116327116782341,0.8253254621363869,0.8969868610357034,0.9091337162438836,0.9670289967800108
30,1.0,136,1,0.1,-1.144218559205757,0.0023755466606005,0.0782590109745674,0.3307267072340049,0.7222055917583383
30,1.0,136,2,0.1,-1.144218559205757,0.7209630932282369,0.8276685454388715,0.9204488964529888,0.9713787630592065
30,1.0,136,3,0.1,-1.144218559205757,0.745678903627947,0.8788408800676611,0.8981872911598431,0.9797249381022916
30,1.0,137,1,0.01,-1.1316171727881843,0.4221638842919419,0.8537024024812714,0.9803165509358712,0.7739028865888079
30,1.0,137,2,0.01,-1.1316171727881843,0.5227498498157988,0.9422079468803752,0.9275003635949908,0.7285598019362989
30,1.0,137,3,0.01,-1.1316171727881843,0.8357798796834146,0.8177491957354582,0.9811316413813136,0.9390652057935032
30,1.0,138,1,0.1,-1.1098234550054296,0.861612883696501,0.893504083059554,0.950861246315208,0.9735868840818968
30,1.0,138,2,0.1,-1.1098234550054296,0.7643131501270013,0.7974161580874418,0.9462244178834592,0.9727193993249736
30,1.0,138,3,0.1,-1.1098234550054296,0.701564711804648,0.7957871667529665,0.9751609506890854,0.9390666899747416
30,1.0,139,1,1000.0,-1.1369739288566554,0.0451427123296985,0.0146753850572711,0.3127950490497989,0.7242648208095098
30,1.0,139,2,1000.0,-1.1369739288566554,0.4777902607232724,0.4885816889992963,0.8297911167138381,0.8410003047411934
30,1.0,139,3,1000.0,-1.1369739288566554,0.6561154250892792,0.6595210739845737,0.9112238492939932,0.9204867637070192
30,1.0,140,1,1.0,-1.0874053025419583,0.5057500952191739,0.5968406970850415,0.7173359714109105,0.796039657624524
30,1.0,140,2,1.0,-1.0874053025419583,0.5428095236872704,0.5635259456889276,0.8816160810103241,0.8954259105103378
30,1.0,140,3,1.0,-1.0874053025419583,0.647965967403072,0.649279744064158,0.8279406255738418,0.8398708540379123
30,1.0,141,1,1000.0,-1.104792363366546,0.1950093824117927,0.2384324709082874,0.2547185696993061,0.304692550326733
30,1.0,141,2,1000.0,-1.104792363366546,0.5400583472378991,0.5576059041692472,0.8579211739112877,0.8692369655095658
30,1.0,141,3,1000.0,-1.104792363366546,0.6494945192874696,0.6531267797006275,0.9096635321061198,0.9209012591887586
30,1.0,142,1,1.0,-1.1130629481834344,0.1357503089762246,0.2589143295444937,0.1629083193323384,0.3358129734389902
30,1.0,142,2,1.0,-1.1130629481834344,0.4471488243157164,0.4659023394847286,0.8602048074714619,0.8718346420006646
30,1.0,142,3,1.0,-1.1130629481834344,0.6501252842398172,0.6478220151506201,0.9653277080240704,0.9687574637525652
30,1.0,143,1,0.01,-1.141449576663868,0.5765291409614767,0.891843237686179,0.9675161842339768,0.8986371569309842
30,1.0,143,2,0.01,-1.141449576663868,0.4980590924023897,0.9243818416842589,0.9348127062777184,0.4875036210905379
30,1.0,143,3,0.01,-1.141449576663868,0.9154150579916068,0.7053299225761203,0.9894561658516532,0.8998824697831925
30,1.0,144,1,1000.0,-1.124850487523393,0.561913571590266,0.6098655380964811,0.7492727031440977,0.8252515661056539
30,1.0,144,2,1000.0,-1.124850487523393,0.4024973368733887,0.4139536180851318,0.8843834727446152,0.8926847386977239
30,1.0,144,3,1000.0,-1.124850487523393,0.6722087595995228,0.6759836357242669,0.8182369035215981,0.8232537205431573
30,1.0,145,1,0.01,-1.1704946715498434,0.5219134510434085,0.9310012549784178,0.973804809550558,0.802617904203303
30,1.0,145,2,0.01,-1.1704946715498434,0.8517087038825563,0.94002442271912,0.9951878964090416,0.9097756489783112
30,1.0,145,3,0.01,-1.1704946715498434,0.6665156174616602,0.6733978430677753,0.8779224936722555,0.7448041456810116
30,1.0,146,1,1.0,-1.1499835928449913,0.1154863694858287,0.2364598858884037,0.4201668641083182,0.5610564120000598
30,1.0,146,2,1.0,-1.1499835928449913,0.4017060894204541,0.43289990610042,0.8948201202275485,0.9201791256599507
30,1.0,146,3,1.0,-1.1499835928449913,0.6620549520677724,0.6645351817691151,0.8586314361762758,0.8633055914454112
30,1.0,147,1,0.1,-1.0981423025016546,0.2645173102578431,0.3695657772938492,0.992736981793463,0.9852948700753186
30,1.0,147,2,0.1,-1.0981423025016546,0.7647568354117165,0.8467526260924245,0.9219124963568224,0.9741398580820576
30,1.0,147,3,0.1,-1.0981423025016546,0.6661250916837551,0.6578266449211311,0.9810114254142484,0.9828999284494534
30,1.0,148,1,0.1,-1.1065744762702936,8.640615070583724e-05,0.001258473465322,0.9698256112549538,0.9382765625444612
30,1.0,148,2,0.1,-1.1065744762702936,0.4564706260646088,0.479447875906195,0.6876157047484772,0.7226660586589685
30,1.0,148,3,0.1,-1.1065744762702936,0.6733199164401705,0.7782707471510677,0.7486976468958552,0.92214595463164
30,1.0,149,1,0.01,-1.1459398043921174,0.1493746856731204,0.8349514169376713,0.828992831352726,0.0423056005387113
30,1.0,149,2,0.01,-1.1459398043921174,0.5391076973537117,0.953310220299222,0.9213610741309282,0.6245775952905921
30,1.0,149,3,0.01,-1.1459398043921174,0.9340404092868628,0.9601330726147272,0.93586756858123,0.9522306872692766
30,1.0,150,1,0.1,-1.126678557106778,0.5910991279880864,0.6603187714747824,0.9116624799050664,0.9335564073126356
30,1.0,150,2,0.1,-1.126678557106778,0.7366663149316546,0.7827383629416004,0.9397081246839708,0.9545166192330008
30,1.0,150,3,0.1,-1.126678557106778,0.659069405811621,0.75014025036054,0.9301699675924484,0.983711376261196
30,1.0,151,1,0.1,-1.1395416437981094,0.3332313654877193,0.4023472493778642,0.8511914746548273,0.8807859931101328
30,1.0,151,2,0.1,-1.1395416437981094,0.7121318710116435,0.7838788259099227,0.9320409833193432,0.9579702651523438
30,1.0,151,3,0.1,-1.1395416437981094,0.8278257097676184,0.8775635435213148,0.9797409490618786,0.9797612384910912
30,1.0,152,1,0.1,-1.0906872568936172,0.31234345316217,0.378823339609892,0.9384856871156558,0.9663255261957368
30,1.0,152,2,0.1,-1.0906872568936172,0.6582926763183674,0.8000155426820169,0.89769295782077,0.9766942879664546
30,1.0,152,3,0.1,-1.0906872568936172,0.6905001200984008,0.7323971642648918,0.8034474830417858,0.8554821764346623
30,1.0,153,1,0.1,-1.0826394265429735,0.7121345772380628,0.7806040705706988,0.880173101371656,0.9539571289911266
30,1.0,153,2,0.1,-1.0826394265429735,0.5890587207276167,0.6954633633130578,0.9481110944365976,0.976583948149674
30,1.0,153,3,0.1,-1.0826394265429735,0.7219481767195443,0.7792585381358615,0.9663325044639004,0.9535166149456216
30,1.0,154,1,10.0,-1.1669686664213168,0.0311884679753611,0.0197256345396024,0.5359813079319202,0.5782308524484453
30,1.0,154,2,10.0,-1.1669686664213168,0.2857320085178355,0.3867626831656106,0.5609902182634029,0.6429639951798202
30,1.0,154,3,10.0,-1.1669686664213168,0.6891874782339832,0.6922759577130941,0.8960184388127771,0.8990915121920566
30,1.0,155,1,1000.0,-1.157305683754868,0.277920805165278,0.2907450899020602,0.8447194744594804,0.8487623941020704
30,1.0,155,2,1000.0,-1.157305683754868,0.552865328798965,0.567215771316399,0.8970804402299094,0.9043736722865892
30,1.0,155,3,1000.0,-1.157305683754868,0.6536344509941205,0.6559124516573825,0.9114670150961623,0.9181398315906266
30,1.0,156,1,100.0,-1.0801536329385577,0.0154252214792563,0.4186756816518849,0.0717503856590768,0.8899721806592054
30,1.0,156,2,100.0,-1.0801536329385577,0.4072912162178947,0.4391759584297182,0.832389412183776,0.8491884515345427
30,1.0,156,3,100.0,-1.0801536329385577,0.647948172173847,0.6482738074122386,0.9423378783631564,0.9432695655535788
30,1.0,157,1,0.1,-1.1614646285314287,0.4257601191803925,0.5861886463190048,0.8445418602133026,0.9500303258719291
30,1.0,157,2,0.1,-1.1614646285314287,0.4146430661292341,0.4638084555596323,0.9037739762568704,0.925698539277776
30,1.0,157,3,0.1,-1.1614646285314287,0.6900474546962542,0.702522774976376,0.9282797443105136,0.9429665786396064
30,1.0,158,1,0.1,-1.1257588035597788,0.0214470379777915,0.1018490309822562,0.1056512789315694,0.0348559560591239
30,1.0,158,2,0.1,-1.1257588035597788,0.3795268331982465,0.6189351457600621,0.8834205630427707,0.9830410625377416
30,1.0,158,3,0.1,-1.1257588035597788,0.6465340492215135,0.8187369132409849,0.8798605553604969,0.7134117544846706
30,1.0,159,1,0.1,-1.1524515903154562,0.1641676752311062,0.1252673267721704,0.5403486174388317,0.337731180184651
30,1.0,159,2,0.1,-1.1524515903154562,0.5145394969112673,0.6812325381918183,0.9136100748388544,0.9753086713651682
30,1.0,159,3,0.1,-1.1524515903154562,0.6607505646253233,0.6563934606785874,0.8332646662946813,0.8191684809133815
30,1.0,160,1,0.1,-1.0920497632183297,0.0386806864830306,0.0424902268451595,0.8363764571030465,0.8991527951271714
30,1.0,160,2,0.1,-1.0920497632183297,0.5369476906426279,0.6464955360553709,0.9235207172616742,0.9868331140257212
30,1.0,160,3,0.1,-1.0920497632183297,0.6489461077453068,0.6624824409732427,0.9854674780901572,0.9645933215682652
30,1.0,161,1,0.1,-1.0586889405131004,0.0069515420034946,0.2081502891280436,0.2127420243677338,0.8587531749421122
30,1.0,161,2,0.1,-1.0586889405131004,0.5441363643923347,0.5980427742186606,0.879962517070582,0.924780548702718
30,1.0,161,3,0.1,-1.0586889405131004,0.7767146614490482,0.8933893075513768,0.8875886115842438,0.9814920368172998
30,1.0,162,1,1.0,-1.1058551118662263,0.2906341265053014,0.3343422916665253,0.5837905887960626,0.6273390075945798
30,1.0,162,2,1.0,-1.1058551118662263,0.5537911253571579,0.6195250759519886,0.739594101898752,0.7991294683377521
30,1.0,162,3,1.0,-1.1058551118662263,0.7559207467082745,0.7635049528024364,0.952508223060312,0.956361208318663
30,1.0,163,1,1000.0,-1.0975888213724276,0.1883625940452626,0.1430998283360006,0.5530695419963522,0.4607014491856644
30,1.0,163,2,1000.0,-1.0975888213724276,0.4774338061654411,0.5192850365036759,0.7579427013342732,0.786314488513991
30,1.0,163,3,1000.0,-1.0975888213724276,0.6426216948701489,0.6423266306608945,0.8621240404133049,0.87762841646558
30,1.0,164,1,0.1,-1.0810218314348587,0.195037670649285,0.1366385949260526,0.3411008644072844,0.5645194846575096
30,1.0,164,2,0.1,-1.0810218314348587,0.7250012062136546,0.8070320356991281,0.9442440136336632,0.973064118573414
30,1.0,164,3,0.1,-1.0810218314348587,0.7077991218657562,0.8227060018258263,0.8686455734318796,0.967866479153598
30,1.0,165,1,0.01,-1.1256319314688104,0.8305992594612212,0.9043994071044874,0.9824211770857934,0.9701789650020924
30,1.0,165,2,0.01,-1.1256319314688104,0.8799961461117258,0.7855335751244295,0.98709913756289,0.9765201886049586
30,1.0,165,3,0.01,-1.1256319314688104,0.693430801871664,0.6666894871193687,0.9619504497189398,0.677078991795454
30,1.0,166,1,0.1,-1.123583544202109,0.5152701019464586,0.583627341332529,0.9303162468602004,0.9567798373662072
30,1.0,166,2,0.1,-1.123583544202109,0.6801180779276171,0.7430407629023965,0.9514946737255215,0.9755000043205992
30,1.0,166,3,0.1,-1.123583544202109,0.6593101792962525,0.8590420385983405,0.7977561742402973,0.9767297605980186
30,1.0,167,1,0.01,-1.1019937726548017,0.8596557112285124,0.9709339130400464,0.9878019746228444,0.907880688397735
30,1.0,167,2,0.01,-1.1019937726548017,0.8856364900037063,0.9087366210789024,0.9923670234684666,0.972627254081917
30,1.0,167,3,0.01,-1.1019937726548017,0.6482779220568405,0.9125259473723434,0.9953816072194088,0.6662631480561677
30,1.0,168,1,10.0,-1.1761003761468145,0.0082951149414972,0.0006351522131754,0.6371875536943531,0.7883343549832683
30,1.0,168,2,10.0,-1.1761003761468145,0.5855080233906744,0.6054052506162747,0.8138212786946677,0.8304199704186218
30,1.0,168,3,10.0,-1.1761003761468145,0.6416603155935657,0.6410445168638818,0.8443948064796292,0.8610356727984928
30,1.0,169,1,0.1,-1.1238980919470525,0.5835799789242131,0.7325995220873208,0.7465785765935122,0.9764929021102392
30,1.0,169,2,0.1,-1.1238980919470525,0.5506086005321527,0.6889916112801373,0.9038302725197012,0.8462007393363293
30,1.0,169,3,0.1,-1.1238980919470525,0.6677584299163994,0.7018987811001017,0.8408184790613399,0.8298440368966546
30,1.0,170,1,0.1,-1.1523472839859976,0.445302248133392,0.4985228571267414,0.9084990281776196,0.972176721851814
30,1.0,170,2,0.1,-1.1523472839859976,0.6491678919612773,0.7733272156656006,0.9203254188792346,0.9693743289313346
30,1.0,170,3,0.1,-1.1523472839859976,0.6470994444629846,0.9280504844163032,0.8074985486257641,0.7765163259130481
30,1.0,171,1,0.1,-1.109734763538196,0.501751832075989,0.7057211471030499,0.7283890737876351,0.9293457079427506
30,1.0,171,2,0.1,-1.109734763538196,0.6310234921790205,0.7042717655933979,0.9201663409368932,0.9638954935005482
30,1.0,171,3,0.1,-1.109734763538196,0.7444478112426562,0.8628607788177236,0.8987524763559831,0.9700081174005416
30,1.0,172,1,1.0,-1.0862604259778257,0.0847022979316764,0.1570084783153937,0.3795959827890455,0.3246631311409655
30,1.0,172,2,1.0,-1.0862604259778257,0.4363871092175668,0.4622225625526763,0.8610864198731194,0.8828347623779882
30,1.0,172,3,1.0,-1.0862604259778257,0.7082221671213427,0.7607934122378327,0.8095308430240168,0.8670952648723835
30,1.0,173,1,0.1,-1.1357027398956765,0.2818658452417352,0.6259198950455215,0.8752107888443726,0.9907547083468108
30,1.0,173,2,0.1,-1.1357027398956765,0.4746860874128558,0.4877416978197011,0.880110030092315,0.9791584383940242
30,1.0,173,3,0.1,-1.1357027398956765,0.8330601274714234,0.8820264268267799,0.9346902051072185,0.9651442132325212
30,1.0,174,1,0.1,-1.1228670982937612,0.3747985741762522,0.5733266145266989,0.8672708832415457,0.9713177915086364
30,1.0,174,2,0.1,-1.1228670982937612,0.5787393609741587,0.7075291787687705,0.9506927458755854,0.9914640359779552
30,1.0,174,3,0.1,-1.1228670982937612,0.6823886644462807,0.7781719174097518,0.9510764525713022,0.991536609969601
30,1.0,175,1,0.1,-1.1290145910355918,0.5695433478032675,0.7910854149257639,0.8292490190127892,0.9581935989832016
30,1.0,175,2,0.1,-1.1290145910355918,0.7083165053130338,0.8480042022854919,0.8998488748888533,0.9762834662599572
30,1.0,175,3,0.1,-1.1290145910355918,0.6723050626683452,0.6601280755380663,0.9699815254859931,0.9859323913914242
30,1.0,176,1,0.001,-1.151067077618276,0.6379361607294441,0.003009725769523,0.9722995391135378,0.0237604286976001
30,1.0,176,2,0.001,-1.151067077618276,0.368166558547044,0.1008184122596836,0.9880314879721664,0.8089034228264578
30,1.0,176,3,0.001,-1.151067077618276,0.5716793094310487,0.1759224602841348,0.9798165252183128,0.6061176240007873
30,1.0,177,1,0.01,-1.1218634927192128,0.5372026996705662,0.9886058490513052,0.9580549090514436,0.6450094630775396
30,1.0,177,2,0.01,-1.1218634927192128,0.7263263349956723,0.5102803657561569,0.9722296833273985,0.523444696242869
30,1.0,177,3,0.01,-1.1218634927192128,0.8859364302073837,0.8844749805212689,0.9734754540912816,0.9877352953006118
30,1.0,178,1,1000.0,-1.1715308459332403,0.3371086251149037,0.4131644707174071,0.472610783049467,0.5479197254603023
30,1.0,178,2,1000.0,-1.1715308459332403,0.3919793427962473,0.4151980462888012,0.8656927995334555,0.8808806064159334
30,1.0,178,3,1000.0,-1.1715308459332403,0.664441003904981,0.673254905810078,0.7967295510845201,0.8113852646042736
30,1.0,179,1,1000.0,-1.0956420541696985,0.2749986173468255,0.2706964359717987,0.7557999124523122,0.7519445072938786
30,1.0,179,2,1000.0,-1.0956420541696985,0.5674680189721765,0.6020508728445074,0.8422694383569682,0.8690922957270548
30,1.0,179,3,1000.0,-1.0956420541696985,0.8025329045949153,0.806943142558128,0.9307500674122808,0.9333402207445496
30,1.0,180,1,1.0,-1.1644976438015917,0.2524978153003763,0.460268095904475,0.1434966282947214,0.8006884092967844
30,1.0,180,2,1.0,-1.1644976438015917,0.6554969645334553,0.6851901068432122,0.8230025007492929,0.8449342678756148
30,1.0,180,3,1.0,-1.1644976438015917,0.6458525421517186,0.6431659578825032,0.660460345790634,0.6657148101160514
30,1.0,181,1,0.1,-1.15983318241662,0.2512033409085684,0.2819477598680776,0.9220459834863144,0.9167520794411154
30,1.0,181,2,0.1,-1.15983318241662,0.6748820031348394,0.8062171321697116,0.8520629639463189,0.9379479496296832
30,1.0,181,3,0.1,-1.15983318241662,0.709166137050604,0.7055707365958392,0.9537084804250904,0.96988552112754
30,1.0,182,1,0.1,-1.124522289324581,0.3705708998608884,0.7436424848982022,0.1780817484970368,0.919517621275016
30,1.0,182,2,0.1,-1.124522289324581,0.6864562076158941,0.7754655064649377,0.9266316294862876,0.9847434277351216
30,1.0,182,3,0.1,-1.124522289324581,0.6323924429574495,0.6295323382230914,0.8987649013634665,0.8989865590545033
30,1.0,183,1,0.01,-1.119965705639253,0.6335256508302345,0.9570824261925434,0.944228386000147,0.8865854214415021
30,1.0,183,2,0.01,-1.119965705639253,0.9013325890715962,0.9742774423803456,0.9850075474373094,0.9807445672370476
30,1.0,183,3,0.01,-1.119965705639253,0.7780327735962841,0.7096413017156732,0.9823822232027584,0.971029945471943
30,1.0,184,1,0.1,-1.1312668051887302,0.0675136918155747,0.0509504249912065,0.9139365162028174,0.9606592281014282
30,1.0,184,2,0.1,-1.1312668051887302,0.7364055902992976,0.8702700259068895,0.8934528261432058,0.971217950436578
30,1.0,184,3,0.1,-1.1312668051887302,0.67118216796952,0.6687409877477539,0.9889176112402578,0.9915861224400296
30,1.0,185,1,0.1,-1.124347644867194,0.5176537742791073,0.616604810529925,0.938827117415034,0.9530359001890948
30,1.0,185,2,0.1,-1.124347644867194,0.6831361798529411,0.7120755118757782,0.9353520432202168,0.9537849097796804
30,1.0,185,3,0.1,-1.124347644867194,0.7159076849344873,0.921492675990741,0.7940449740815216,0.96767944721404
30,1.0,186,1,0.1,-1.150141961180983,0.4265180180988922,0.5739198190457078,0.9433499823024388,0.9641794403157724
30,1.0,186,2,0.1,-1.150141961180983,0.721233833704958,0.773182493538028,0.9178815460346496,0.9480832770070482
30,1.0,186,3,0.1,-1.150141961180983,0.6667220029635267,0.6943484153379825,0.948426117302834,0.9757715325626396
30,1.0,187,1,1.0,-1.1661590017774526,0.1180045498406247,0.150570144778637,0.8021014728317442,0.8017995617293634
30,1.0,187,2,1.0,-1.1661590017774526,0.5494663546343906,0.5702251358183652,0.7624164739081138,0.7863934531546688
30,1.0,187,3,1.0,-1.1661590017774526,0.6516668090895991,0.6536202368348722,0.920746879665592,0.929650977480062
30,1.0,188,1,0.01,-1.1431702841379905,0.6455287780648665,0.9817291748730104,0.979007298630833,0.8015705354097947
30,1.0,188,2,0.01,-1.1431702841379905,0.7142896712181837,0.9831213490836292,0.98930427545058,0.7100407229412145
30,1.0,188,3,0.01,-1.1431702841379905,0.952157159026462,0.9343988697914948,0.992412281116124,0.9825264698135722
30,1.0,189,1,1000.0,-1.1426515718050498,0.2438016536289207,0.4090446993552901,0.4334642314068956,0.7569346731873544
30,1.0,189,2,1000.0,-1.1426515718050498,0.3923055389983113,0.4091072301341358,0.8380370872726791,0.8527143268230661
30,1.0,189,3,1000.0,-1.1426515718050498,0.6481987300710821,0.6506735410342742,0.7374927278325841,0.7435792607247028
30,1.0,190,1,0.1,-1.106598601211254,0.6211120579270529,0.7293572289764557,0.925240568989465,0.9467104061381664
30,1.0,190,2,0.1,-1.106598601211254,0.4540006916357641,0.4867551185959125,0.955506446522484,0.9572333429421525
30,1.0,190,3,0.1,-1.106598601211254,0.6659767146244174,0.6721334078635057,0.949664871420808,0.962127177543692
30,1.0,191,1,0.1,-1.1119191791585177,0.3633100392275085,0.438666182741544,0.8990703479188511,0.948316254478952
30,1.0,191,2,0.1,-1.1119191791585177,0.7046203238146849,0.8134858694116837,0.9320388694280684,0.9809526172609244
30,1.0,191,3,0.1,-1.1119191791585177,0.7880563285482762,0.8705702130316345,0.9334913767080196,0.976899050417563
30,1.0,192,1,0.1,-1.1005911590528936,0.5248078140319343,0.5651916797647342,0.8264268880596568,0.9536839769641496
30,1.0,192,2,0.1,-1.1005911590528936,0.6281811661939516,0.7177315719895703,0.9295003845484564,0.962546951818022
30,1.0,192,3,0.1,-1.1005911590528936,0.6928090150569841,0.7584946851913563,0.9848252340980542,0.9722582397885584
30,1.0,193,1,1.0,-1.193360421356613,0.1133675198966416,0.1136425152608724,0.0816862881669388,0.554888047054056
30,1.0,193,2,1.0,-1.193360421356613,0.5490173603207936,0.5785551418439816,0.7758755992906312,0.8000574477893303
30,1.0,193,3,1.0,-1.193360421356613,0.6825500844742031,0.7041846208543281,0.8498973526191206,0.8805689029323119
30,1.0,194,1,0.1,-1.1457025610951568,0.2468650947376356,0.3782978182782238,0.8158839873962412,0.9417018192718952
30,1.0,194,2,0.1,-1.1457025610951568,0.3678271965369329,0.4321338463234679,0.8989039387849249,0.9385473878323796
30,1.0,194,3,0.1,-1.1457025610951568,0.6891669891397091,0.7417711860484593,0.8917093615655602,0.9343690347578658
30,1.0,195,1,0.01,-1.1116050458810836,0.2122987297900724,0.6662302149594685,0.9809326885802768,0.7125781461154391
30,1.0,195,2,0.01,-1.1116050458810836,0.7168864088031384,0.8946913631867865,0.8354718674004745,0.5091979562662976
30,1.0,195,3,0.01,-1.1116050458810836,0.8659099336869702,0.8268520230538231,0.919408271238401,0.8533381228210252
30,1.0,196,1,0.01,-1.1130238070818754,0.7755243494037779,0.876843396501213,0.8669561175537138,0.8520211837716345
30,1.0,196,2,0.01,-1.1130238070818754,0.798552243149357,0.795332117615665,0.957709599225815,0.8037030177380573
30,1.0,196,3,0.01,-1.1130238070818754,0.8496700836060187,0.5921183107136844,0.9804991646688032,0.8779560333948856
30,1.0,197,1,0.1,-1.1270814984500424,0.5538439407686826,0.653935595506573,0.912319317173006,0.9894387165898272
30,1.0,197,2,0.1,-1.1270814984500424,0.4481549883026348,0.474255142120332,0.962553368546483,0.9896158977810856
30,1.0,197,3,0.1,-1.1270814984500424,0.6708458473564933,0.6856650923294705,0.7955566591154736,0.8208480312634543
30,1.0,198,1,1000.0,-1.1155375759376005,0.3414689298344635,0.3458552923639155,0.7989686568671566,0.8165263049161723
30,1.0,198,2,1000.0,-1.1155375759376005,0.5736645881661188,0.5898770754186791,0.8351807859357041,0.8439142393354329
30,1.0,198,3,1000.0,-1.1155375759376005,0.7674780415489978,0.7836990124574759,0.9009064825213828,0.9119778780039268
30,1.0,199,1,0.1,-1.1008055821794347,0.4882150859063496,0.8739825576090371,0.3459005341311627,0.9445865573726476
30,1.0,199,2,0.1,-1.1008055821794347,0.4584061136554559,0.5060988672527735,0.9634057635718616,0.9849945735442326
30,1.0,199,3,0.1,-1.1008055821794347,0.6998967080342761,0.7661306079164424,0.966304644589814,0.9877822309087848
30,2.0,0,1,0.01,-0.8649544025343016,0.1873511981176302,0.733542051363038,0.9935191984211852,0.7634288139063343
30,2.0,0,2,0.01,-0.8649544025343016,0.8874911311198059,0.9598112485646844,0.9798313747856522,0.9694462494052944
30,2.0,0,3,0.01,-0.8649544025343016,0.6690931697000742,0.9663621966915996,0.9930090691792977,0.7020506968841388
30,2.0,1,1,0.01,-0.9312642202377498,0.95423027914013,0.9684408502565348,0.9902595418501502,0.9924616387486572
30,2.0,1,2,0.01,-0.9312642202377498,0.7892027460076323,0.9433017630232448,0.9941170269788516,0.9817182097912172
30,2.0,1,3,0.01,-0.9312642202377498,0.8069404146008591,0.9866945056657452,0.9903015811084094,0.8586936609511592
30,2.0,2,1,0.01,-0.924256871918438,0.0698933549011819,0.177690466094403,0.9938586966881724,0.9807025084370264
30,2.0,2,2,0.01,-0.924256871918438,0.5116005050371839,0.9900354094830586,0.9943229385019844,0.5690865915828172
30,2.0,2,3,0.01,-0.924256871918438,0.8596160635656593,0.9769883761900529,0.9610436921322856,0.9820809495547814
30,2.0,3,1,0.01,-0.9080215286650616,0.2482201115384757,0.8893388376289248,0.9192406902091496,0.7714363928424052
30,2.0,3,2,0.01,-0.9080215286650616,0.5920969788474931,0.953122214447642,0.9916848902950915,0.7742798797552042
30,2.0,3,3,0.01,-0.9080215286650616,0.895234072178026,0.9558506349425054,0.991386549393918,0.98458427330397
30,2.0,4,1,0.01,-0.8638499692190309,0.6944260012202241,0.9718979454078296,0.9890224853242048,0.7999787364800816
30,2.0,4,2,0.01,-0.8638499692190309,0.9131576895988136,0.97431385892806,0.9945077965684156,0.9681462897279594
30,2.0,4,3,0.01,-0.8638499692190309,0.9054289962004622,0.9532102274553664,0.9947933737530388,0.994845051914052
30,2.0,5,1,0.01,-0.9064186025182024,0.9448039765219456,0.981414058942967,0.9943358467530744,0.9889459200980212
30,2.0,5,2,0.01,-0.9064186025182024,0.9183797659719876,0.9717947654514554,0.9935850000848598,0.9939694662951464
30,2.0,5,3,0.01,-0.9064186025182024,0.7735663760539949,0.9506693439553708,0.9935320619502424,0.9425908462188426
30,2.0,6,1,0.01,-0.9198157940508762,0.0005632741103685,0.9488494669075253,0.9873901167028653,5.4964601396819325e-05
30,2.0,6,2,0.01,-0.9198157940508762,0.5558926790152358,0.9522475566794798,0.9542722353118336,0.6745046558388557
30,2.0,6,3,0.01,-0.9198157940508762,0.9043670554811598,0.971149061250423,0.9919636438771888,0.963130457356673
30,2.0,7,1,0.1,-0.8588228535159084,0.3024665023783837,0.1995461377380717,0.7919501730039088,0.8435318414759869
30,2.0,7,2,0.1,-0.8588228535159084,0.5181966624857752,0.6213562020505412,0.9438850092395156,0.9840709916127424
30,2.0,7,3,0.1,-0.8588228535159084,0.6737507106152861,0.8653599981800717,0.694491901359239,0.8586723404035443
30,2.0,8,1,0.01,-0.8911981801764682,0.8565992006459666,0.9566573524824946,0.9947496298422328,0.9500211149732646
30,2.0,8,2,0.01,-0.8911981801764682,0.9253474227731306,0.9692733182097768,0.9923300143790544,0.9792722492665836
30,2.0,8,3,0.01,-0.8911981801764682,0.6848476611785937,0.9145786322034892,0.9933243389936376,0.8910255123991702
30,2.0,9,1,0.01,-0.901340854859463,0.8995406764006281,0.9181155766301756,0.9936360425218896,0.995738965397834
30,2.0,9,2,0.01,-0.901340854859463,0.737678039307655,0.931208386681023,0.994669604789266,0.9598272507087674
30,2.0,9,3,0.01,-0.901340854859463,0.765891295451557,0.9539146248360773,0.6717330272772721,0.8971030954670792
30,2.0,10,1,0.1,-0.8532692059916147,0.5046816367021841,0.6657423381219195,0.9189388218605308,0.8564864457270241
30,2.0,10,2,0.1,-0.8532692059916147,0.745710094174336,0.8034822508036162,0.9570966557074224,0.9792840976139172
30,2.0,10,3,0.1,-0.8532692059916147,0.8821302175914139,0.9067227791247237,0.9708344544156876,0.9821438187405128
30,2.0,11,1,0.1,-0.9496802584533948,0.2013116634040413,0.4291257766036843,0.953235751661542,0.9829016388777332
30,2.0,11,2,0.1,-0.9496802584533948,0.7520742071858164,0.8176130038309664,0.9672588179182634,0.9889910769082824
30,2.0,11,3,0.1,-0.9496802584533948,0.6734580286661288,0.6683589087027454,0.9885922699118274,0.9861007940935836
30,2.0,12,1,0.1,-0.9144147568684744,0.2624504070684169,0.7356772372147607,0.4338140351732182,0.9158997033574356
30,2.0,12,2,0.1,-0.9144147568684744,0.6932791702156083,0.738483896675788,0.9615482641778874,0.9785023540127458
30,2.0,12,3,0.1,-0.9144147568684744,0.7944896323704369,0.8128287933600485,0.9733611341368388,0.9705699950558752
30,2.0,13,1,0.1,-0.9700759544649608,0.0055714458452203,0.0037275635203471,0.5719286635164643,0.9754042427327646
30,2.0,13,2,0.1,-0.9700759544649608,0.4847736824871205,0.5053396784898132,0.9632122036998064,0.981560796562322
30,2.0,13,3,0.1,-0.9700759544649608,0.8839686679925544,0.9256035708870076,0.934073561526166,0.970300801409076
30,2.0,14,1,0.01,-0.8583777411168179,0.7858073663328239,0.9594511366243034,0.9909149332903135,0.8907507264145589
30,2.0,14,2,0.01,-0.8583777411168179,0.8821884919549144,0.9662439721947836,0.9915488972027906,0.9558136022381982
30,2.0,14,3,0.01,-0.8583777411168179,0.9341681595660865,0.960488143318166,0.9906044296793488,0.9888704518982508
30,2.0,15,1,0.01,-0.9583103875332142,0.0498531813985451,0.9717394360068308,0.6515965831340624,0.6530215811485465
30,2.0,15,2,0.01,-0.9583103875332142,0.9017257446766778,0.9761735923873336,0.9878439777969884,0.9750748585718476
30,2.0,15,3,0.01,-0.9583103875332142,0.8506885734180809,0.9122897598453386,0.9924130871559552,0.9968009083083396
30,2.0,16,1,0.1,-1.0147657749293877,0.0745361286522716,0.1053517652663235,0.4145036936194653,0.9851439148919324
30,2.0,16,2,0.1,-1.0147657749293877,0.6560082216178578,0.7416988765091784,0.9679507906162792,0.9898004131806716
30,2.0,16,3,0.1,-1.0147657749293877,0.8538495210747103,0.8855086695523533,0.9457869774841908,0.9658320162513016
30,2.0,17,1,0.1,-0.909131221002752,0.5083848150878979,0.7326923653941674,0.7634733681534789,0.9478013790409636
30,2.0,17,2,0.1,-0.909131221002752,0.774593859008293,0.834311458819406,0.948037533940712,0.9773029593333048
30,2.0,17,3,0.1,-0.909131221002752,0.7540276847085686,0.8219016875604872,0.9389900073901396,0.9733864849984488
30,2.0,18,1,0.1,-0.934155870707452,0.4552092083777988,0.6070461160827226,0.9062203947352878,0.9640451414334998
30,2.0,18,2,0.1,-0.934155870707452,0.4187530749957198,0.4713391174640883,0.953854225736038,0.979677435369502
30,2.0,18,3,0.1,-0.934155870707452,0.6831283396271314,0.7161762946756288,0.9165260539782416,0.9461215166095004
30,2.0,19,1,0.01,-0.946476458005377,0.7489952861893427,0.8990743460235121,0.993161700594139,0.893606863290129
30,2.0,19,2,0.01,-0.946476458005377,0.6651979174835534,0.921845242997112,0.9945983874440404,0.9340233160889932
30,2.0,19,3,0.01,-0.946476458005377,0.8119179246513589,0.964310213542951,0.994763038531684,0.9526929738391652
30,2.0,20,1,0.1,-0.935968030842378,0.2827427379153344,0.2900957191658074,0.8179389105120421,0.9606084715721528
30,2.0,20,2,0.1,-0.935968030842378,0.5396724383292646,0.5748290331556863,0.9706051509455618,0.9823811658503732
30,2.0,20,3,0.1,-0.935968030842378,0.8763325070119669,0.9271754102206252,0.9267150767016352,0.9776382301921788
30,2.0,21,1,0.01,-0.9069747342873916,0.6718165235798229,0.9318342767049363,0.9982851500731243,0.9119935151477648
30,2.0,21,2,0.01,-0.9069747342873916,0.8288679242574153,0.9612513053441384,0.9983526651700652,0.954333825107304
30,2.0,21,3,0.01,-0.9069747342873916,0.9137557858990936,0.9677854115661498,0.9834239997142988,0.9956060354095698
30,2.0,22,1,0.01,-0.93003219488938,0.7695147282321201,0.9835881627224868,0.9864420309139026,0.8894121242067664
30,2.0,22,2,0.01,-0.93003219488938,0.6141179108838792,0.9242030582899384,0.9910220012464492,0.8623784613074728
30,2.0,22,3,0.01,-0.93003219488938,0.655963783696221,0.9702962616888882,0.9978178606512306,0.6765662309434538
30,2.0,23,1,0.1,-0.909548592856293,0.4280699164887189,0.7074737656477595,0.8796442448371156,0.9836938340203072
30,2.0,23,2,0.1,-0.909548592856293,0.5206127306074473,0.805874923238985,0.8560777388032907,0.9418306319754564
30,2.0,23,3,0.1,-0.909548592856293,0.7744724513955942,0.8338103050670069,0.9767399060801416,0.9888479075363718
30,2.0,24,1,0.01,-0.8860667860549892,0.795441458936102,0.9702269162864544,0.9945587424069672,0.9120702807626866
30,2.0,24,2,0.01,-0.8860667860549892,0.8178967967779254,0.962080552467476,0.9922053381458308,0.9576782270091438
30,2.0,24,3,0.01,-0.8860667860549892,0.6552982974625875,0.9528300648511226,0.9802991934046992,0.666904956736689
30,2.0,25,1,0.01,-0.93472269246319,0.5837454659618249,0.8321551821582593,0.9652364667284224,0.9261028674635464
30,2.0,25,2,0.01,-0.93472269246319,0.4960134825463969,0.9773964175980648,0.9965711222571324,0.5077433544926037
30,2.0,25,3,0.01,-0.93472269246319,0.8864433266586255,0.9772683671711048,0.9700197933824408,0.9041060428298184
30,2.0,26,1,0.01,-0.8841848782309203,0.8597007245812596,0.9651873950615044,0.9922202392822036,0.962696588791762
30,2.0,26,2,0.01,-0.8841848782309203,0.4785172549735876,0.5331022891300625,0.9804437987726417,0.9083213453135566
30,2.0,26,3,0.01,-0.8841848782309203,0.7335892541232095,0.9654755512524528,0.9944756717073142,0.8305462832711615
30,2.0,27,1,0.01,-0.867145227879955,0.1726094374317641,0.9560925124349724,0.9028728145326466,0.4461104031016598
30,2.0,27,2,0.01,-0.867145227879955,0.72246180339882,0.9507061697187608,0.9846274970564636,0.8955178916900496
30,2.0,27,3,0.01,-0.867145227879955,0.9624710479401962,0.969092860211442,0.988722332830272,0.9859810871384
30,2.0,28,1,1.0,-0.933718807319062,0.3334740040288485,0.3234431977144731,0.7996622582237394,0.8177225768963997
30,2.0,28,2,1.0,-0.933718807319062,0.5538609507141237,0.6102740699830418,0.8012613360242203,0.8506396156041578
30,2.0,28,3,1.0,-0.933718807319062,0.6529927237899332,0.6545603398577688,0.9371290931662084,0.9421374442833166
30,2.0,29,1,0.1,-0.898725402086785,0.5624345129531222,0.6322983639046657,0.8692126634495345,0.9548226417442132
30,2.0,29,2,0.1,-0.898725402086785,0.6056753384584905,0.7044288792708814,0.938295563478072,0.97630598760003
30,2.0,29,3,0.1,-0.898725402086785,0.6828926623042623,0.6843684001379811,0.981277589621096,0.9903919739712306
30,2.0,30,1,0.1,-0.9116342639347932,0.7023080901637575,0.7615187332967925,0.9475395529524292,0.9712520965608988
30,2.0,30,2,0.1,-0.9116342639347932,0.7631991660949791,0.8219517834758104,0.9568942149891372,0.979277987848206
30,2.0,30,3,0.1,-0.9116342639347932,0.8033560498834419,0.9298463502135276,0.9396103798453298,0.9752729962418756
30,2.0,31,1,0.01,-0.9442085142824372,0.4596774511423772,0.8643749160779788,0.9576285321089336,0.759754167604343
30,2.0,31,2,0.01,-0.9442085142824372,0.587527901717706,0.9291770357969328,0.9925325573533824,0.8133949710165476
30,2.0,31,3,0.01,-0.9442085142824372,0.7538747008046814,0.9438664236692772,0.994116038263144,0.852498910518969
30,2.0,32,1,0.01,-0.8709563209540916,0.8466930770012999,0.9710716032669652,0.9851615940597728,0.929907297274564
30,2.0,32,2,0.01,-0.8709563209540916,0.6951802315519651,0.95340837475781,0.9890896323133916,0.882646634506671
30,2.0,32,3,0.01,-0.8709563209540916,0.6646774638963787,0.9439588428254948,0.995077670122554,0.7693756357814907
30,2.0,33,1,0.01,-0.8967088601642179,0.5094438256746107,0.8867310083135336,0.9893520562772086,0.9226638601770614
30,2.0,33,2,0.01,-0.8967088601642179,0.6794151715551893,0.9732428691567364,0.9723014512877916,0.8098840713546922
30,2.0,33,3,0.01,-0.8967088601642179,0.6827263930856883,0.8721108148520197,0.9695127783457204,0.9515692651847786
30,2.0,34,1,0.01,-0.8894630862560374,0.8901928874117293,0.9548803580818512,0.9832283808954092,0.9873433676874572
30,2.0,34,2,0.01,-0.8894630862560374,0.8308831686669175,0.9474123237328876,0.988741792215716,0.9117524503811733
30,2.0,34,3,0.01,-0.8894630862560374,0.8260724745032272,0.9560382556920984,0.9917398621992276,0.9193950266007844
30,2.0,35,1,0.01,-0.9307181053616448,0.1410874754452709,0.8001181300177282,0.9920223429597996,0.615160143096217
30,2.0,35,2,0.01,-0.9307181053616448,0.4688283381870597,0.8769175563537033,0.985926633894266,0.6797456649207761
30,2.0,35,3,0.01,-0.9307181053616448,0.875204472330689,0.9643161756427292,0.9536330565153088,0.9701896085363876
30,2.0,36,1,0.1,-0.8660534584466366,0.3788051938749497,0.6872083032606796,0.7675117285580627,0.9484991696955029
30,2.0,36,2,0.1,-0.8660534584466366,0.7461479894887091,0.9010180695988848,0.8444664091265722,0.9769547004057052
30,2.0,36,3,0.1,-0.8660534584466366,0.7897404275410708,0.8166117071423008,0.969566731599326,0.979497146298158
30,2.0,37,1,0.01,-0.9180351586413902,0.7548055933972313,0.9635286967591088,0.968832980884226,0.9527024330202722
30,2.0,37,2,0.01,-0.9180351586413902,0.4840967618948022,0.93925454690126,0.9883259966536538,0.5299493186828542
30,2.0,37,3,0.01,-0.9180351586413902,0.9058025752057586,0.980813407567064,0.9941111405765928,0.937246327722586
30,2.0,38,1,0.01,-0.9114142674222254,0.4208467452626345,0.9252184027726386,0.9316312746490184,0.4767086261261378
30,2.0,38,2,0.01,-0.9114142674222254,0.6954944619705755,0.9622583715315898,0.9860142597285628,0.8437259109870516
30,2.0,38,3,0.01,-0.9114142674222254,0.7464906273641443,0.9751941644111372,0.9754146032489652,0.8259610554515261
30,2.0,39,1,0.1,-0.9407858450805388,0.2054111740407917,0.6117670463597694,0.6972832240110246,0.9853295335209072
30,2.0,39,2,0.1,-0.9407858450805388,0.386069611095894,0.4758018858978706,0.9247924548683204,0.9877665356573152
30,2.0,39,3,0.1,-0.9407858450805388,0.7104306909970596,0.7665048957242072,0.947004714747568,0.9769260696054348
30,2.0,40,1,0.01,-0.8897252850096686,0.2469649815773805,0.7702429751744579,0.982526183835658,0.6657165716913805
30,2.0,40,2,0.01,-0.8897252850096686,0.6106564676293788,0.7352641471896243,0.9976335629542004,0.9382572649682276
30,2.0,40,3,0.01,-0.8897252850096686,0.948246710494642,0.969960709130416,0.992396908986018,0.9874556290160516
30,2.0,41,1,0.01,-0.9261749588216752,0.4737921493568115,0.9705262381146847,0.9968705447420316,0.6017684971996576
30,2.0,41,2,0.01,-0.9261749588216752,0.4936465757620705,0.9800320561392184,0.9936822585230592,0.5006259617905049
30,2.0,41,3,0.01,-0.9261749588216752,0.9568425970390664,0.9739761514686917,0.996155463211348,0.997659095595092
30,2.0,42,1,0.01,-0.8833228821907899,0.6961014228308234,0.967142253884154,0.9983447329161432,0.8597709486715313
30,2.0,42,2,0.01,-0.8833228821907899,0.7165810826630664,0.9721566810778284,0.9962539049133936,0.8946373624063293
30,2.0,42,3,0.01,-0.8833228821907899,0.867962172562204,0.9736694918398384,0.9972949196358422,0.9476050616909348
30,2.0,43,1,0.01,-0.8911515040086369,0.8617592169224749,0.9667612814112748,0.9968439547715848,0.9524069494945758
30,2.0,43,2,0.01,-0.8911515040086369,0.5619015814871431,0.9693298809572372,0.9939505265841728,0.6976929297890702
30,2.0,43,3,0.01,-0.8911515040086369,0.648748278177897,0.9672802160232756,0.9959481027746976,0.6680068058889597
30,2.0,44,1,0.1,-0.959720901080922,0.2250805434743018,0.7586223086358697,0.3384702700945212,0.9277672742665148
30,2.0,44,2,0.1,-0.959720901080922,0.7277422401349553,0.789435782256311,0.9297860789601378,0.9703803493738072
30,2.0,44,3,0.1,-0.959720901080922,0.7763462052095907,0.8362685892620004,0.9624040025808162,0.9843073694060032
30,2.0,45,1,0.01,-0.8944844857720405,0.7388879715114128,0.9609855843300024,0.9466319232828944,0.8656341298620045
30,2.0,45,2,0.01,-0.8944844857720405,0.8890773936873984,0.9692106519561606,0.9785490108509236,0.976666294304002
30,2.0,45,3,0.01,-0.8944844857720405,0.89023547584426,0.9603861009424038,0.9923418691337804,0.9744758821958902
30,2.0,46,1,0.01,-0.871179014112724,0.1908667171799167,0.9496017151302372,0.981232027303744,0.4187900076862302
30,2.0,46,2,0.01,-0.871179014112724,0.8734947573996973,0.9815701507236922,0.9944714145504864,0.8039248565936561
30,2.0,46,3,0.01,-0.871179014112724,0.9757808271474856,0.9867398671801704,0.994544274997056,0.9978457391851884
30,2.0,47,1,1.0,-0.929464188701794,0.1209620146468898,0.0836814993466894,0.0166145357176894,0.3884717547433062
30,2.0,47,2,1.0,-0.929464188701794,0.5501315779267754,0.5692908005147739,0.9194688774489854,0.9312217740862472
30,2.0,47,3,1.0,-0.929464188701794,0.6481085165733677,0.6503643258467646,0.7496305643375619,0.7648286009809673
30,2.0,48,1,0.01,-0.8968031236244677,0.5655611565578456,0.9505054317599362,0.994066871487649,0.7901488004347507
30,2.0,48,2,0.01,-0.8968031236244677,0.8753648758105976,0.9825412444540078,0.9963193148805444,0.9608209376684632
30,2.0,48,3,0.01,-0.8968031236244677,0.7450486135968909,0.985255052491262,0.9940928672222666,0.7425601685362965
30,2.0,49,1,0.01,-0.8825015867837823,0.5012301536236675,0.9008287317115352,0.9848432279212198,0.8755344255795191
30,2.0,49,2,0.01,-0.8825015867837823,0.8199221629759148,0.9687613972150476,0.9923042266876612,0.9064073321571076
30,2.0,49,3,0.01,-0.8825015867837823,0.8078224455402075,0.9654979762560584,0.9921444034457928,0.9223435476867192
30,2.0,50,1,0.01,-0.9426944042783124,0.4728825375755622,0.9103368750627212,0.9402483686611544,0.3830772235373913
30,2.0,50,2,0.01,-0.9426944042783124,0.5487503285213039,0.8073561412765491,0.9924975322544108,0.8710643363413993
30,2.0,50,3,0.01,-0.9426944042783124,0.7562820677449439,0.9526822230905366,0.9929872190867504,0.8990311894650947
30,2.0,51,1,0.1,-0.9147002976646484,0.7594964441837369,0.8579884311352817,0.9251150064019203,0.9862829604449744
30,2.0,51,2,0.1,-0.9147002976646484,0.575927709248081,0.6800741397639437,0.9391393231270913,0.9841709344221244
30,2.0,51,3,0.1,-0.9147002976646484,0.651805114831487,0.651211906785946,0.9846104098327032,0.9902114250231664
30,2.0,52,1,0.01,-0.9366737050751232,0.8844871084522623,0.942394610923211,0.9945084800255956,0.9533652708361606
30,2.0,52,2,0.01,-0.9366737050751232,0.9097366323932314,0.9436446215322024,0.9959712153481756,0.973414585657014
30,2.0,52,3,0.01,-0.9366737050751232,0.8107321428444373,0.95698466081204,0.9879038021534357,0.8281134855263953
30,2.0,53,1,0.1,-0.8776717460846631,0.5104454106796912,0.714455789037545,0.8667271343636058,0.9569770058745516
30,2.0,53,2,0.1,-0.8776717460846631,0.6503988565087981,0.7102228621366706,0.9648671346320092,0.9861444615039754
30,2.0,53,3,0.1,-0.8776717460846631,0.7416526812826002,0.9145234595419156,0.848291466625818,0.9816101609511336
30,2.0,54,1,0.1,-0.9091885826441144,0.0075500071855713,0.0066486348595487,0.9602507726338732,0.8367810600784333
30,2.0,54,2,0.1,-0.9091885826441144,0.5032822395923966,0.5804648611150922,0.935930661446372,0.9822686331648844
30,2.0,54,3,0.1,-0.9091885826441144,0.8406355537101372,0.8889075611708916,0.9268820853648596,0.9682067661508488
30,2.0,55,1,0.01,-0.9275492952571364,0.8461155977839817,0.9075462630212948,0.9933867360605656,0.9796984942620592
30,2.0,55,2,0.01,-0.9275492952571364,0.6113935255975251,0.8177422664802633,0.9939486319761266,0.9816312481500576
30,2.0,55,3,0.01,-0.9275492952571364,0.7284106203688543,0.9689725484875682,0.9590193783296618,0.8569534253006003
30,2.0,56,1,0.01,-0.9139673514641584,0.7842566172482383,0.9678230581076992,0.9659676037124008,0.9504874427010744
30,2.0,56,2,0.01,-0.9139673514641584,0.7307692835997169,0.9436157339251848,0.9896578160235744,0.942150273088599
30,2.0,56,3,0.01,-0.9139673514641584,0.9012014037771564,0.9674821106764644,0.9924850378233976,0.9766179808023004
30,2.0,57,1,0.01,-0.8775604921349935,0.80702757307434,0.96904638943796,0.938219189374495,0.88610274657195
30,2.0,57,2,0.01,-0.8775604921349935,0.8655613851792379,0.9830490817878406,0.9943117232616748,0.9471514346491918
30,2.0,57,3,0.01,-0.8775604921349935,0.940147661863204,0.9635878709370967,0.9857876539981586,0.9935076492285844
30,2.0,58,1,0.1,-0.9610378098168906,0.4447101008247192,0.5857423742198432,0.8874914260473218,0.9685153699761432
30,2.0,58,2,0.1,-0.9610378098168906,0.3517455942519594,0.4840101152747614,0.9069550924598848,0.9817495666539576
30,2.0,58,3,0.1,-0.9610378098168906,0.6549205921657243,0.6608318234649782,0.9722431785929526,0.9807080836171383
30,2.0,59,1,1.0,-0.9475158662767524,0.198848295470551,0.2635289176653146,0.7971500651677357,0.9001083318000866
30,2.0,59,2,1.0,-0.9475158662767524,0.4303834689724745,0.4453610685759897,0.9037643013398238,0.9187757505550048
30,2.0,59,3,1.0,-0.9475158662767524,0.6779333430866491,0.6847508301226172,0.8092060344777964,0.8195404138647407
30,2.0,60,1,0.01,-0.9700486405507684,0.8651822114076556,0.9295797265574118,0.9903493979410886,0.9832483817516527
30,2.0,60,2,0.01,-0.9700486405507684,0.8544975368648842,0.9281678588706714,0.9941801537577828,0.981985901014346
30,2.0,60,3,0.01,-0.9700486405507684,0.6619847446710908,0.9459229005044798,0.9804679955846372,0.6813349568047925
30,2.0,61,1,0.01,-0.8680562001146762,0.888001739123074,0.9733552883778448,0.9921236455667468,0.9761379291785603
30,2.0,61,2,0.01,-0.8680562001146762,0.7848609671733213,0.9686957168153174,0.9707406896303314,0.7253807212201204
30,2.0,61,3,0.01,-0.8680562001146762,0.8260565982025381,0.9568722998331416,0.9960417535797133,0.9104938649170204
30,2.0,62,1,0.01,-0.915606346832762,0.763732275305059,0.947324208977289,0.9834880354380148,0.9161910360169828
30,2.0,62,2,0.01,-0.915606346832762,0.873541968988539,0.9688674163283926,0.9927501323731432,0.965753570797928
30,2.0,62,3,0.01,-0.915606346832762,0.6619180240254915,0.9791754137256984,0.9914131749429596,0.7227097343704667
30,2.0,63,1,0.01,-0.9160654743341484,0.7187426262537414,0.9390998429806964,0.9838603004466012,0.9608991320352662
30,2.0,63,2,0.01,-0.9160654743341484,0.4895111924576839,0.980110410668794,0.9929203425238728,0.5084012688138188
30,2.0,63,3,0.01,-0.9160654743341484,0.9775372995443444,0.9828508929317749,0.9972705031967491,0.9926540665244832
30,2.0,64,1,0.01,-0.9068862379608668,0.7713068028099173,0.94698688666722,0.9306264180684216,0.952628043326456
30,2.0,64,2,0.01,-0.9068862379608668,0.831506718426231,0.9507681474234146,0.980511994385715,0.9780610267791786
30,2.0,64,3,0.01,-0.9068862379608668,0.8912192859522127,0.9704277614709472,0.9943844209195492,0.9332681332715422
30,2.0,65,1,0.01,-0.9231991520699064,0.357368349255202,0.7461109675170057,0.9929892879473484,0.8986647213667518
30,2.0,65,2,0.01,-0.9231991520699064,0.5944162400271655,0.9615840210491728,0.994896358201335,0.6616824664349323
30,2.0,65,3,0.01,-0.9231991520699064,0.9462133605467132,0.9661042744906592,0.9913095545129827,0.97639138555659
30,2.0,66,1,0.01,-0.8745264353807051,0.7246003101283495,0.9541227816542576,0.8940766129319877,0.9718099655607204
30,2.0,66,2,0.01,-0.8745264353807051,0.796332679570944,0.9451750244635851,0.9812995273222218,0.9694256959114343
30,2.0,66,3,0.01,-0.8745264353807051,0.8239125566709672,0.9708175029518452,0.9704967876226572,0.915733557899846
30,2.0,67,1,0.01,-0.855043022150777,0.0831927020658176,0.9322413513863947,0.990045741834232,0.2112737934090045
30,2.0,67,2,0.01,-0.855043022150777,0.9081080576500244,0.9632197407276004,0.9874912588310344,0.9875036759654297
30,2.0,67,3,0.01,-0.855043022150777,0.6462870938192399,0.9588371476949732,0.9796895778113214,0.6718800871927191
30,2.0,68,1,0.1,-0.8877688872485654,0.0985888744590696,0.0765923286735671,0.9619889605084172,0.9823705237863064
30,2.0,68,2,0.1,-0.8877688872485654,0.58996231576643,0.6717851142022049,0.9336126182874888,0.9668026053301844
30,2.0,68,3,0.1,-0.8877688872485654,0.6641961847832601,0.9318951441733616,0.6668586251234004,0.9555476931807072
30,2.0,69,1,0.1,-0.9230344586749708,0.513656282310298,0.6221209532512616,0.9031072347251748,0.9740371818991568
30,2.0,69,2,0.1,-0.9230344586749708,0.6229304769880143,0.6619237896015082,0.9660473792033232,0.9803837069647257
30,2.0,69,3,0.1,-0.9230344586749708,0.6692053369820546,0.938582156177638,0.7094696714122927,0.9818167104716312
30,2.0,70,1,0.1,-0.9263378616779436,0.4451446276394205,0.848552072340779,0.5178797836814596,0.938446337821489
30,2.0,70,2,0.1,-0.9263378616779436,0.5800830386020341,0.6426535952044878,0.9734001530112018,0.9887931501920404
30,2.0,70,3,0.1,-0.9263378616779436,0.7725866014648526,0.8249401949661346,0.9262469178374024,0.9616751768376992
30,2.0,71,1,0.01,-0.8825646709769353,0.2874267071662774,0.9636140630206816,0.9778365117207122,0.5216835939712304
30,2.0,71,2,0.01,-0.8825646709769353,0.7477262046615292,0.9601190910777406,0.976069204738877,0.7647544392636224
30,2.0,71,3,0.01,-0.8825646709769353,0.9756165341590238,0.98142013306272,0.9935247574681424,0.9960070712207136
30,2.0,72,1,0.01,-0.9069814293094812,0.8934844911296422,0.9210725439982442,0.923898782518322,0.9784058778817952
30,2.0,72,2,0.01,-0.9069814293094812,0.6752138911649638,0.9529625788393296,0.9905378748833727,0.8711605929636642
30,2.0,72,3,0.01,-0.9069814293094812,0.8488372998513675,0.9645725768745436,0.9817497619921536,0.9653435988785244
30,2.0,73,1,0.1,-0.94771022016628,0.1552897759464785,0.8303716836611797,0.5421667896494264,0.9802730522186162
30,2.0,73,2,0.1,-0.94771022016628,0.8611918587086987,0.8928465132887357,0.9793655898688616,0.9892916512808708
30,2.0,73,3,0.1,-0.94771022016628,0.7303792570322035,0.7680772940604411,0.9561678441700092,0.9730265788669752
30,2.0,74,1,0.1,-0.955562389672574,0.1364476644476305,0.0650325391010671,0.9678080133471004,0.9498259849490291
30,2.0,74,2,0.1,-0.955562389672574,0.6060992248788578,0.8088342206055368,0.9458119394758464,0.990795267608598
30,2.0,74,3,0.1,-0.955562389672574,0.7414960666414298,0.7578417744934484,0.9805436445605764,0.9873591992632024
30,2.0,75,1,0.01,-0.9589775291753192,0.0551548992526648,0.6849509213734064,0.991980022528429,0.5373472856307098
30,2.0,75,2,0.01,-0.9589775291753192,0.7539686305114092,0.9558849434443716,0.9722230262531476,0.9119752400082324
30,2.0,75,3,0.01,-0.9589775291753192,0.7357095794614174,0.9632033252708316,0.9732518801658286,0.8001915941001233
30,2.0,76,1,0.01,-0.9684839688218592,0.7929200057841338,0.923545820035137,0.977764548383333,0.9850505516302386
30,2.0,76,2,0.01,-0.9684839688218592,0.7738475853382742,0.9749735236097012,0.9832425238258052,0.9268858287268704
30,2.0,76,3,0.01,-0.9684839688218592,0.9124991879322604,0.9773038368652824,0.9900196822663788,0.9711829415989558
30,2.0,77,1,0.1,-0.934706778715298,0.3913696300861126,0.6791911146678701,0.864177996869497,0.9792406127503211
30,2.0,77,2,0.1,-0.934706778715298,0.6300722157938387,0.8394333164098446,0.7841877675559599,0.9759011103596512
30,2.0,77,3,0.1,-0.934706778715298,0.8962488058526473,0.9098120422218594,0.9741219313150856,0.9801776156313186
30,2.0,78,1,0.01,-0.9386403128476336,0.46963976559957,0.9522754676510728,0.9881526301549276,0.8836930342444009
30,2.0,78,2,0.01,-0.9386403128476336,0.6054562793867219,0.9923874276368064,0.9841272227197728,0.6627628173443658
30,2.0,78,3,0.01,-0.9386403128476336,0.9128656970458316,0.9776662853956694,0.9868341860296632,0.8163714687036502
30,2.0,79,1,0.1,-0.9800477679081502,0.479054668105428,0.858446859699627,0.5557834032451863,0.9654745121877152
30,2.0,79,2,0.1,-0.9800477679081502,0.7559380121838599,0.8129074647886215,0.9433284701748116,0.977611427510981
30,2.0,79,3,0.1,-0.9800477679081502,0.7117610386513283,0.7143406287306355,0.9918542194670352,0.9928651598291984
30,2.0,80,1,0.1,-0.9142522282037164,0.5843350285419223,0.7574961825357283,0.9010896551961064,0.981783533841442
30,2.0,80,2,0.1,-0.9142522282037164,0.5147500563614456,0.5548931831747618,0.9556072513108496,0.981877040553794
30,2.0,80,3,0.1,-0.9142522282037164,0.7284975021584584,0.7743036710569627,0.9513335768222846,0.9740221763250542
30,2.0,81,1,0.1,-0.902001004054618,0.3386837610075982,0.4852111044421756,0.8769957100741963,0.9594134824149282
30,2.0,81,2,0.1,-0.902001004054618,0.5065905397121528,0.6831646578278516,0.8657987917887817,0.9571799298991784
30,2.0,81,3,0.1,-0.902001004054618,0.6510807555198781,0.6437577382372964,0.8480233390667795,0.9182942027177288
30,2.0,82,1,0.01,-0.8901165264285595,0.196212841478436,0.9296802753320632,0.8941835219535533,0.565591957450489
30,2.0,82,2,0.01,-0.8901165264285595,0.729803254156224,0.9538394376512246,0.99585497186378,0.8562046765225271
30,2.0,82,3,0.01,-0.8901165264285595,0.8824006453218072,0.9420318819411344,0.9931810499080196,0.971844896629228
30,2.0,83,1,0.01,-0.8896337522651898,0.6896776101829744,0.9702873552044652,0.9812109119464348,0.8959021839134915
30,2.0,83,2,0.01,-0.8896337522651898,0.8102516072022968,0.9188604673209326,0.9903583124227872,0.9350391319768372
30,2.0,83,3,0.01,-0.8896337522651898,0.9184429190386608,0.9643669132772154,0.9889974886468768,0.9794341813490592
30,2.0,84,1,0.01,-0.9129165601142074,0.5265423717856575,0.93322099951853,0.996535978752762,0.8347959807223558
30,2.0,84,2,0.01,-0.9129165601142074,0.796938532262215,0.9635796061945175,0.9934960527034556,0.9079393005451964
30,2.0,84,3,0.01,-0.9129165601142074,0.953524559386968,0.9712571457580604,0.9790473166901954,0.9914926462318157
30,2.0,85,1,0.01,-0.8832849182160833,0.7949162518418535,0.9741589618774998,0.9579507747467714,0.9047334550832222
30,2.0,85,2,0.01,-0.8832849182160833,0.8566430562020908,0.9770860398184606,0.9880680933181876,0.9092411909518808
30,2.0,85,3,0.01,-0.8832849182160833,0.6561314034599873,0.9188153294932286,0.9966144130226045,0.7188864615523166
30,2.0,86,1,0.1,-0.9622079418011634,0.5361567871408993,0.6165593909930723,0.6331819572588682,0.840218020910718
30,2.0,86,2,0.1,-0.9622079418011634,0.7224049085988039,0.7656602634653185,0.9507135582522604,0.9728589248633293
30,2.0,86,3,0.1,-0.9622079418011634,0.6861201615094811,0.6942696126537363,0.9811338634414912,0.9823088630697469
30,2.0,87,1,0.01,-0.9637900614214748,0.728133647553084,0.9461150194402856,0.9921613561514916,0.935486125126973
30,2.0,87,2,0.01,-0.9637900614214748,0.7065770061420296,0.9580867224748502,0.9884591008956448,0.868813650713147
30,2.0,87,3,0.01,-0.9637900614214748,0.8912866306373953,0.9697934286915024,0.9470815805955172,0.9926769060186384
30,2.0,88,1,0.01,-0.9267370899792852,0.7651990844942613,0.9642407302715492,0.9949438739010568,0.9373915618862272
30,2.0,88,2,0.01,-0.9267370899792852,0.4893113557031407,0.9716451272763216,0.9854507133368852,0.528020758301139
30,2.0,88,3,0.01,-0.9267370899792852,0.6818244334968918,0.8917708736388631,0.9872246138027804,0.9051650653770184
30,2.0,89,1,0.1,-0.8712549513195461,0.6834122408431323,0.776415751554614,0.935830733836372,0.9744127140258454
30,2.0,89,2,0.1,-0.8712549513195461,0.667815622635828,0.7412066742491156,0.945655536195076,0.9813954275374008
30,2.0,89,3,0.1,-0.8712549513195461,0.6526280791980191,0.657715804772501,0.972949633130041,0.9830943576523308
30,2.0,90,1,0.01,-0.9397234608400756,0.675880497358877,0.9295810174670658,0.99687965919321,0.9207605951021086
30,2.0,90,2,0.01,-0.9397234608400756,0.5671305318418915,0.95240994106331,0.9975526709395964,0.7084720992482157
30,2.0,90,3,0.01,-0.9397234608400756,0.943928715557202,0.9642858386113669,0.9872498395788796,0.9901755614459536
30,2.0,91,1,0.01,-0.8944635185771578,0.7232392609058002,0.9672492170340632,0.974048460489205,0.958571301948528
30,2.0,91,2,0.01,-0.8944635185771578,0.958254123435976,0.951114164105396,0.9957116212926568,0.9801506018690124
30,2.0,91,3,0.01,-0.8944635185771578,0.8587879151174294,0.9599984984057852,0.9819292782950404,0.9492747684413888
30,2.0,92,1,0.1,-0.8702807375207605,0.1695316075264006,0.1991443549732462,0.8177671421329539,0.964079046532194
30,2.0,92,2,0.1,-0.8702807375207605,0.5551744478278444,0.6930366297148672,0.911776601753908,0.9677495023565558
30,2.0,92,3,0.1,-0.8702807375207605,0.6964440514533261,0.8162792366581441,0.8611157044593424,0.9764153011392592
30,2.0,93,1,0.01,-0.8581029314355793,0.9063537826665864,0.9702274751385144,0.9910393275456636,0.993963253647472
30,2.0,93,2,0.01,-0.8581029314355793,0.6130899633603373,0.9712031598615788,0.9897078576733964,0.6435987176849362
30,2.0,93,3,0.01,-0.8581029314355793,0.8799872453475901,0.9800011231765664,0.994243787320721,0.9520558022759532
30,2.0,94,1,0.1,-0.9406276574318464,0.2013987811384764,0.354815749788371,0.919004126158463,0.9736663759566876
30,2.0,94,2,0.1,-0.9406276574318464,0.4775715913115966,0.500622271698905,0.9568827600006564,0.9767987159039874
30,2.0,94,3,0.1,-0.9406276574318464,0.862893289622177,0.9008703339967354,0.9561943325700965,0.9766365256746656
30,2.0,95,1,0.01,-0.8649170727669584,0.761890249575133,0.958336969045928,0.9717709498363312,0.934397449483951
30,2.0,95,2,0.01,-0.8649170727669584,0.7328353190853625,0.956467233556265,0.9878230721758314,0.8895934093035559
30,2.0,95,3,0.01,-0.8649170727669584,0.9071839527383504,0.9631671898128534,0.9945859338699452,0.9063504900596888
30,2.0,96,1,0.01,-0.9002777596097834,0.8826818331294896,0.9794118173526724,0.9971184359820452,0.9171071385369052
30,2.0,96,2,0.01,-0.9002777596097834,0.8989173244660037,0.9536409876278028,0.997692248065878,0.9700269771154558
30,2.0,96,3,0.01,-0.9002777596097834,0.8286847417546209,0.9710593340123074,0.9910322706454984,0.952836603261576
30,2.0,97,1,0.01,-0.9168188044046406,0.7376909051709016,0.9687149073669544,0.9938345488981636,0.9288242689950632
30,2.0,97,2,0.01,-0.9168188044046406,0.6352130212296178,0.9847914839386388,0.984959074949488,0.7901656768862343
30,2.0,97,3,0.01,-0.9168188044046406,0.9468159714883768,0.9837577846097564,0.9964843451218452,0.9653720564067312
30,2.0,98,1,0.01,-0.9146060796497224,0.8605719946563676,0.972277939822032,0.9795487205482571,0.9500036692414222
30,2.0,98,2,0.01,-0.9146060796497224,0.95208066690185,0.9796957155448518,0.9901417968478003,0.9856618133498004
30,2.0,98,3,0.01,-0.9146060796497224,0.6661001785573549,0.9424228518204076,0.996483962022642,0.6677145517987909
30,2.0,99,1,0.01,-0.92464923231801,0.6870735919136826,0.9236506289394196,0.9946264573136568,0.9259546518732868
30,2.0,99,2,0.01,-0.92464923231801,0.4915009763030054,0.94624315723605,0.984031324357718,0.5588099922753018
30,2.0,99,3,0.01,-0.92464923231801,0.9512146469666763,0.9683601466718906,0.9850613847540256,0.9669212841110776
30,2.0,100,1,0.1,-0.9116902488634568,0.63978766008408,0.7435312427393804,0.9158838567603538,0.968336732074105
30,2.0,100,2,0.1,-0.9116902488634568,0.5818189288625373,0.6394616814613746,0.9619893943266344,0.9811110342107584
30,2.0,100,3,0.1,-0.9116902488634568,0.6706764857428354,0.8277533257493186,0.7699713539101075,0.9211468639498044
30,2.0,101,1,0.01,-0.9480049926442412,0.4979937707609432,0.8848965809793061,0.9623046797911464,0.9329181368404462
30,2.0,101,2,0.01,-0.9480049926442412,0.6712122544996333,0.9666853209353694,0.9670459544585484,0.8099032103696483
30,2.0,101,3,0.01,-0.9480049926442412,0.8992025650685499,0.9712823052553736,0.9862300665406424,0.9894139856786448
30,2.0,102,1,0.001,-0.925411743723814,0.2329463334779138,0.9421208019451276,0.9961204407065498,0.251685009880816
30,2.0,102,2,0.001,-0.925411743723814,0.5790365708792237,0.7875878041203624,0.9841802362984486,0.7085644211871587
30,2.0,102,3,0.001,-0.925411743723814,0.8457742488980927,0.6873683734373685,0.9981072612269278,0.8583614648811485
30,2.0,103,1,0.01,-0.920327226485933,0.2901020906439098,0.9514185507032288,0.9833570841838176,0.4150316481044187
30,2.0,103,2,0.01,-0.920327226485933,0.7574396947534524,0.8140219576992023,0.9873540896379724,0.945765679091978
30,2.0,103,3,0.01,-0.920327226485933,0.908219438206597,0.9741631791142562,0.9890267114722484,0.9810606539112762
30,2.0,104,1,0.1,-0.9482724243994768,0.2844079595777067,0.0324933139806647,0.5740425475132669,0.8083978093693833
30,2.0,104,2,0.1,-0.9482724243994768,0.6925754136842852,0.8518741113280663,0.9295362114607132,0.988724827019216
30,2.0,104,3,0.1,-0.9482724243994768,0.9199387272754328,0.9264446355736644,0.9863958699393874,0.989186915164768
30,2.0,105,1,0.1,-0.9187575055168432,0.1272254781304104,0.1156850870447034,0.9808487031433204,0.9789848016731428
30,2.0,105,2,0.1,-0.9187575055168432,0.7732105901671613,0.8479018253960175,0.9285934762948168,0.9756226901175252
30,2.0,105,3,0.1,-0.9187575055168432,0.6760755066776728,0.7535784018224637,0.960152689857204,0.9895056506769836
30,2.0,106,1,0.01,-0.885147686357145,0.8792336119622407,0.9700050703388224,0.9939474869004687,0.95108827244976
30,2.0,106,2,0.01,-0.885147686357145,0.9116035308887184,0.9761302230991472,0.9970524369880104,0.9593409032407876
30,2.0,106,3,0.01,-0.885147686357145,0.6969888001553747,0.9680313597751296,0.994803181968377,0.7747479762086438
30,2.0,107,1,0.01,-0.9219551525421192,0.2362622359633259,0.968206218046496,0.9175930082634076,0.4817259105164191
30,2.0,107,2,0.01,-0.9219551525421192,0.9292554871282934,0.9791020963864564,0.996704809775978,0.9664852055353544
30,2.0,107,3,0.01,-0.9219551525421192,0.7589697258517001,0.9463174117484632,0.9976706713008968,0.9281489444424644
30,2.0,108,1,0.1,-0.8826708427371479,0.1116895203797398,0.7055592980649301,0.4389749804468161,0.9716172424710624
30,2.0,108,2,0.1,-0.8826708427371479,0.6134677445959268,0.7698860450419867,0.8519588166843687,0.9602163773377408
30,2.0,108,3,0.1,-0.8826708427371479,0.7954989295184363,0.902594288785598,0.9096111196956336,0.978583399414908
30,2.0,109,1,0.1,-0.9010262934608968,0.5635729627459075,0.6954368519357295,0.866102273233074,0.9562246902886228
30,2.0,109,2,0.1,-0.9010262934608968,0.7173386289392523,0.7792724844291319,0.9431543983539348,0.9739825558451716
30,2.0,109,3,0.1,-0.9010262934608968,0.7599758454112645,0.8245940339191483,0.9331249052967574,0.9674107635975884
30,2.0,110,1,0.01,-0.8830454846770815,0.93812617352129,0.9851370224514634,0.9882354419271988,0.9839937986002552
30,2.0,110,2,0.01,-0.8830454846770815,0.7849922200964208,0.9081849608983514,0.9866821577818204,0.9760092173042184
30,2.0,110,3,0.01,-0.8830454846770815,0.6895889804465258,0.9591904631170406,0.9948386819587242,0.7476308863161182
30,2.0,111,1,1.0,-0.9288642483689896,0.2020047829321836,0.3741331074888568,0.1982666129673366,0.7504843186247937
30,2.0,111,2,1.0,-0.9288642483689896,0.5741666484431434,0.5986045916586519,0.8718549780715256,0.8862256766773695
30,2.0,111,3,1.0,-0.9288642483689896,0.6951729835082228,0.6951040823444288,0.9570138962278572,0.960522991964428
30,2.0,112,1,0.01,-0.8821384765351384,0.732608466868988,0.914725023270798,0.9745036766422124,0.9613356965722069
30,2.0,112,2,0.01,-0.8821384765351384,0.8715981307397012,0.9555386001198068,0.994639810162294,0.9786431086665042
30,2.0,112,3,0.01,-0.8821384765351384,0.8502361004606581,0.9668812054689871,0.9928466673619007,0.9315157603382468
30,2.0,113,1,0.01,-0.9311228289214206,0.5770213021744662,0.9603775993249828,0.9842183344982568,0.8438484483968339
30,2.0,113,2,0.01,-0.9311228289214206,0.6750581984418363,0.9760208994290368,0.9896879927804448,0.8303120550026339
30,2.0,113,3,0.01,-0.9311228289214206,0.9691771548056392,0.974724115880474,0.9948551815842978,0.9691239533576304
30,2.0,114,1,0.01,-0.889256102154107,0.7774037725572864,0.9246921433858593,0.9913796071303216,0.9601952110624072
30,2.0,114,2,0.01,-0.889256102154107,0.6028034688535597,0.8579593050283225,0.9879994545086744,0.9505876105025682
30,2.0,114,3,0.01,-0.889256102154107,0.7417692266436852,0.9536852076505262,0.9807661047917096,0.8828001162358365
30,2.0,115,1,0.1,-0.925239882991898,0.0823426278432272,0.275556734603697,0.9494028454502572,0.9980190979248176
30,2.0,115,2,0.1,-0.925239882991898,0.5491307037318569,0.7465327446128704,0.7506208298152675,0.948436312380502
30,2.0,115,3,0.1,-0.925239882991898,0.8442667896650446,0.8567829345956975,0.9632233357400054,0.9693534199990116
30,2.0,116,1,0.01,-0.9238554814901736,0.262731480329762,0.886761477664,0.9751105884785078,0.791841996118594
30,2.0,116,2,0.01,-0.9238554814901736,0.56641457810703,0.9756834651436976,0.982718661530245,0.621960331673826
30,2.0,116,3,0.01,-0.9238554814901736,0.7004322983222382,0.9500369271267872,0.9821524165599772,0.774597660384874
30,2.0,117,1,0.01,-0.8886909306327246,0.5196415897121953,0.7424491841200025,0.9782836980615954,0.948809394014286
30,2.0,117,2,0.01,-0.8886909306327246,0.7721614762113426,0.9160925251045604,0.9884860207419204,0.9764873935210828
30,2.0,117,3,0.01,-0.8886909306327246,0.9165728275950218,0.964400663135529,0.971694004832368,0.9913699108700498
30,2.0,118,1,0.1,-0.93744665057114,0.7856853448260771,0.8260359118400074,0.962448888123524,0.9736803926812369
30,2.0,118,2,0.1,-0.93744665057114,0.5971782051101883,0.6647074666515309,0.9697580593108682,0.9881706130386686
30,2.0,118,3,0.1,-0.93744665057114,0.7989461688617706,0.8218950751243314,0.9710863690662248,0.981190377185329
30,2.0,119,1,0.1,-0.8766162571969912,0.589931814672397,0.6981837881325571,0.8521447394941429,0.9604935535774274
30,2.0,119,2,0.1,-0.8766162571969912,0.5459205068871483,0.5820379647508495,0.95967287259928,0.9796567004729296
30,2.0,119,3,0.1,-0.8766162571969912,0.6692981102957524,0.876944467107397,0.7699191227626921,0.9691251580015052
30,2.0,120,1,0.1,-0.9455386938835816,0.7379180185813152,0.8595397158895695,0.9053633542695004,0.9762804655077872
30,2.0,120,2,0.1,-0.9455386938835816,0.4363736961663344,0.4644315310226116,0.9722294448835838,0.9874742939491984
30,2.0,120,3,0.1,-0.9455386938835816,0.7029572819083981,0.7242111358064647,0.9762802347260656,0.9863921386389848
30,2.0,121,1,0.01,-0.903124313108704,0.6743023191664694,0.9376416152532574,0.9499328349915468,0.9348738979913612
30,2.0,121,2,0.01,-0.903124313108704,0.8821395729202537,0.942158403329994,0.9917561035821414,0.9777205290568104
30,2.0,121,3,0.01,-0.903124313108704,0.8258756198992634,0.9514025954943572,0.9855040996097943,0.9745271320989584
30,2.0,122,1,0.01,-0.8557574792768015,0.6629607345292562,0.9487853190940758,0.9789283004691192,0.9258266555470108
30,2.0,122,2,0.01,-0.8557574792768015,0.6370560758100494,0.927263432413566,0.9822542988116186,0.8141740135810087
30,2.0,122,3,0.01,-0.8557574792768015,0.740152594602105,0.9239685339583422,0.9941657502203688,0.8091614229485381
30,2.0,123,1,0.01,-0.8963337639602976,0.6341810339494391,0.932611369231704,0.9967384891921064,0.8725877593115298
30,2.0,123,2,0.01,-0.8963337639602976,0.8905239739383992,0.9645668090673556,0.9948722162087296,0.9295720333194062
30,2.0,123,3,0.01,-0.8963337639602976,0.6561535304880828,0.9291811276210646,0.9944691773025396,0.7153928958838199
30,2.0,124,1,0.01,-0.972695318059628,0.7006063999462059,0.9380285499926376,0.9616152127180236,0.9683387531545562
30,2.0,124,2,0.01,-0.972695318059628,0.5401226460459053,0.886898709252762,0.992569241929602,0.8735634814670488
30,2.0,124,3,0.01,-0.972695318059628,0.7216447725846997,0.9792561170872108,0.8943025509467347,0.8965654679168167
30,2.0,125,1,0.01,-0.9427043104761044,0.7546753452344422,0.9758019977156288,0.9819496403169556,0.9301901023023128
30,2.0,125,2,0.01,-0.9427043104761044,0.4644215347670773,0.9145730768532864,0.5009540913596259,0.7401931942441513
30,2.0,125,3,0.01,-0.9427043104761044,0.6800001607641164,0.8403396715884188,0.9623566248818868,0.8280893185750712
30,2.0,126,1,0.01,-0.9182259703019766,0.5568307239166549,0.9197404128037155,0.9831912774469976,0.7739722950984753
30,2.0,126,2,0.01,-0.9182259703019766,0.5085237852987567,0.825764468164124,0.9884037248706244,0.8033775001508031
30,2.0,126,3,0.01,-0.9182259703019766,0.8815632219887717,0.9745016085150848,0.9638030225166117,0.9853123572142436
30,2.0,127,1,0.1,-0.9435072071579926,0.1995635589502408,0.3769069827824345,0.9193619223210516,0.980289106794718
30,2.0,127,2,0.1,-0.9435072071579926,0.6665056223978689,0.8282447865033549,0.8485620693075572,0.9588169733878832
30,2.0,127,3,0.1,-0.9435072071579926,0.8747465504334088,0.8962005547039005,0.9720825663098788,0.9810146793517636
30,2.0,128,1,0.1,-0.9251821020774806,0.5664001032436217,0.6353663731050329,0.9277037760842765,0.9791805122909232
30,2.0,128,2,0.1,-0.9251821020774806,0.6536806133086601,0.7558332286440985,0.9626401802447142,0.9877280797302131
30,2.0,128,3,0.1,-0.9251821020774806,0.7040292412334669,0.7255545122161386,0.9866388627983468,0.9900319366996234
30,2.0,129,1,0.1,-0.91585620505941,0.6210232546154232,0.6303319853783321,0.9313110504839897,0.9779010853825776
30,2.0,129,2,0.1,-0.91585620505941,0.6271086368262901,0.6950553970901827,0.9424959556382329,0.9680856074681876
30,2.0,129,3,0.1,-0.91585620505941,0.6562850792378788,0.7059416306476548,0.7868180384810493,0.9061483436628052
30,2.0,130,1,1.0,-0.9362455961874514,0.1660509275330736,0.2003172225953113,0.6928102280344024,0.7208538631052086
30,2.0,130,2,1.0,-0.9362455961874514,0.4709219163090746,0.5017554329202925,0.8769014078356068,0.9007012774989835
30,2.0,130,3,1.0,-0.9362455961874514,0.7165288371570903,0.7224114922886145,0.9156673089868614,0.9205905011696928
30,2.0,131,1,0.01,-0.9499667534520884,0.6778456730910786,0.9117075124578854,0.9917851008577516,0.9422173625730776
30,2.0,131,2,0.01,-0.9499667534520884,0.6897166429859611,0.9731431226178908,0.9932559097359166,0.8113598492574314
30,2.0,131,3,0.01,-0.9499667534520884,0.8926419335928458,0.9657228036370192,0.9980548586277522,0.9317944256375956
30,2.0,132,1,0.1,-0.9023366593711596,0.5434611563973745,0.6100800140015507,0.929862091890922,0.9565231585641832
30,2.0,132,2,0.1,-0.9023366593711596,0.6644672429172815,0.7377573252759904,0.9310782662409116,0.9688239698608296
30,2.0,132,3,0.1,-0.9023366593711596,0.7159459103321663,0.8491835490814017,0.8388953763820401,0.94943760673867
30,2.0,133,1,0.01,-0.9324462912332342,0.5836792599478493,0.9084534720462972,0.993052977782268,0.8629939224416527
30,2.0,133,2,0.01,-0.9324462912332342,0.5297745962351983,0.9614766703310128,0.9814823057108276,0.5681473442445364
30,2.0,133,3,0.01,-0.9324462912332342,0.7035115858367457,0.9092513860783072,0.9646066557580822,0.6698178935871515
30,2.0,134,1,0.01,-0.9084188604918798,0.3894829471536963,0.9687641135537368,0.9874333288176188,0.6177769554457224
30,2.0,134,2,0.01,-0.9084188604918798,0.7481647530151896,0.9683880765340132,0.9955853184739168,0.8778986173252794
30,2.0,134,3,0.01,-0.9084188604918798,0.9780631165443928,0.978121559703728,0.994646953174128,0.9735699382477652
30,2.0,135,1,0.1,-0.8782556459469217,0.5293151161288666,0.6882399556473979,0.854619182869385,0.9585710908575512
30,2.0,135,2,0.1,-0.8782556459469217,0.6383965181200714,0.7530066225316558,0.9174335064591546,0.9716391976320808
30,2.0,135,3,0.1,-0.8782556459469217,0.6700018709574809,0.7209792674610839,0.9529542382377462,0.9833075273993104
30,2.0,136,1,0.01,-0.935391755082678,0.9129859528653774,0.9782754864072964,0.9867854079653804,0.9906885475802226
30,2.0,136,2,0.01,-0.935391755082678,0.9353714995357968,0.980398286618232,0.99088404726293,0.9665823294188256
30,2.0,136,3,0.01,-0.935391755082678,0.6689086157192367,0.886076557621498,0.9984110737746476,0.8762032283115385
30,2.0,137,1,0.01,-0.8953793922983984,0.9065827653368472,0.9567271818803764,0.9918063548152533,0.9766914372246814
30,2.0,137,2,0.01,-0.8953793922983984,0.7214127740242522,0.9312574790850954,0.9958015628193706,0.9500827735205704
30,2.0,137,3,0.01,-0.8953793922983984,0.6999396023059767,0.9693111372166336,0.9649054922351704,0.674670699084439
30,2.0,138,1,0.01,-0.928275531746528,0.2465626048249251,0.9733832344784838,0.989026163550066,0.4062462043857202
30,2.0,138,2,0.01,-0.928275531746528,0.9600729221061456,0.9850521069327164,0.9933912345650852,0.9827994832289144
30,2.0,138,3,0.01,-0.928275531746528,0.9239290094224276,0.8775054111481158,0.9924516597485722,0.9833981096848148
30,2.0,139,1,0.01,-0.8864323834978302,0.5934505688895386,0.9510285516612677,0.9746988329954612,0.6905464650323163
30,2.0,139,2,0.01,-0.8864323834978302,0.8170178809465712,0.9616353168695212,0.9788507152732048,0.9178789284664896
30,2.0,139,3,0.01,-0.8864323834978302,0.875421541856825,0.9724091392655408,0.9903915505278702,0.9701750932824244
30,2.0,140,1,0.01,-0.8737181201259758,0.8292321261039037,0.951067034481472,0.9921297953264686,0.9618820503740636
30,2.0,140,2,0.01,-0.8737181201259758,0.7257687810207778,0.9412676143774704,0.994190039283522,0.9308358514528188
30,2.0,140,3,0.01,-0.8737181201259758,0.8253372622689131,0.9699091968945912,0.9812532055489914,0.9613605360323496
30,2.0,141,1,0.01,-0.891157531567662,0.0132881306007182,0.6688415434666776,0.8297394140827896,0.2562140206205122
30,2.0,141,2,0.01,-0.891157531567662,0.6854435935182241,0.9725604413900832,0.9922960187609606,0.8453560956297856
30,2.0,141,3,0.01,-0.891157531567662,0.9332876995612096,0.9615125058091448,0.9955256743105992,0.9850086430048796
30,2.0,142,1,0.01,-0.8980356591723004,0.1839209784356047,0.8601828654906816,0.9927435682481288,0.5216492071029889
30,2.0,142,2,0.01,-0.8980356591723004,0.747198857418242,0.9718758635544782,0.9758746135745524,0.9276711477497572
30,2.0,142,3,0.01,-0.8980356591723004,0.7859631994126374,0.9744389254731588,0.9803616859311644,0.9206492857132282
30,2.0,143,1,0.01,-0.9040540767258288,0.8181762544911787,0.9539762212587052,0.9622174157701544,0.9680695719059828
30,2.0,143,2,0.01,-0.9040540767258288,0.859990165369602,0.9472692436046086,0.9889706816019104,0.9888624463906626
30,2.0,143,3,0.01,-0.9040540767258288,0.7942560778014723,0.968169704469688,0.9909926129873492,0.8946630496994165
30,2.0,144,1,0.1,-0.9302293797696491,0.3713236767798316,0.4281719264532854,0.9916547856646502,0.9933353532509928
30,2.0,144,2,0.1,-0.9302293797696491,0.6108067882855457,0.7922183176354429,0.8200153225317618,0.9389574683772476
30,2.0,144,3,0.1,-0.9302293797696491,0.7281443626162214,0.7569712641794709,0.9849154387133672,0.9906720055451828
30,2.0,145,1,0.01,-0.904510080206602,0.362425596494447,0.8638228873857274,0.9958345449934158,0.7932584138588076
30,2.0,145,2,0.01,-0.904510080206602,0.4897712872950706,0.6353788417366104,0.9982101054410548,0.7486300851117671
30,2.0,145,3,0.01,-0.904510080206602,0.8988282282758214,0.9373136538876884,0.9887422237475256,0.9788016780267736
30,2.0,146,1,0.01,-0.9041624150099976,0.676098678803702,0.9606179021932008,0.9759624762795596,0.6493399000894264
30,2.0,146,2,0.01,-0.9041624150099976,0.9187771670878238,0.9757494000651968,0.9914544209386458,0.9867831966882968
30,2.0,146,3,0.01,-0.9041624150099976,0.8131790360841041,0.9706718449564876,0.9686726498270832,0.9008749960497536
30,2.0,147,1,0.01,-0.8999754048043564,0.3892833410104979,0.9020557706186066,0.9890760534701803,0.7416386749428199
30,2.0,147,2,0.01,-0.8999754048043564,0.8492540834536901,0.9633695114792022,0.9886400479093834,0.9282103946446691
30,2.0,147,3,0.01,-0.8999754048043564,0.7464108646602338,0.9553439366752732,0.9961578928293536,0.9077723620470688
30,2.0,148,1,0.1,-0.9416801958371324,0.4094137871063635,0.701398044986014,0.8290335542472701,0.9845841089721882
30,2.0,148,2,0.1,-0.9416801958371324,0.5960409881757655,0.7265803392468229,0.9413963188262384,0.9715264442096812
30,2.0,148,3,0.1,-0.9416801958371324,0.9195386911801404,0.9327329844919936,0.9761770372157969,0.9826145670947316
30,2.0,149,1,0.1,-0.9090754857838096,0.2038885847217898,0.2180049794609032,0.9161955473411628,0.988178203375478
30,2.0,149,2,0.1,-0.9090754857838096,0.5244414136778652,0.6372418567382291,0.9569608745845868,0.9911105748433336
30,2.0,149,3,0.1,-0.9090754857838096,0.6965820167966825,0.7220846713876611,0.949573212086353,0.9709670617691104
30,2.0,150,1,0.1,-0.9091713884657427,0.4583611317753817,0.4095340639085715,0.8712135728138375,0.7680834551373676
30,2.0,150,2,0.1,-0.9091713884657427,0.6786402394754543,0.7546102920804021,0.9644141104721144,0.9845484378022128
30,2.0,150,3,0.1,-0.9091713884657427,0.8382097384463654,0.9190333619543232,0.9360054314347512,0.9846350312624464
30,2.0,151,1,0.01,-0.92986864022587,0.9066225743168717,0.9463492942698032,0.9933416125913812,0.9783128594468488
30,2.0,151,2,0.01,-0.92986864022587,0.9042117891370852,0.9597293709534676,0.9959946963626638,0.9761110075524004
30,2.0,151,3,0.01,-0.92986864022587,0.8620773464741619,0.944657647478196,0.9959536812346278,0.986556529021036
30,2.0,152,1,0.01,-0.9016669268182672,0.7189615973385258,0.8927593410328015,0.7726431082131557,0.7371185736418568
30,2.0,152,2,0.01,-0.9016669268182672,0.7853325000773885,0.9090306497141238,0.985049962520638,0.9776821697178366
30,2.0,152,3,0.01,-0.9016669268182672,0.8650282861828802,0.9261633982734796,0.9858666254407988,0.991693615663108
30,2.0,153,1,0.01,-0.9240542791636012,0.6072158647110735,0.956020899215378,0.988873270617458,0.7995695562510239
30,2.0,153,2,0.01,-0.9240542791636012,0.6491835416455859,0.973892863742356,0.9915024417489976,0.6682795898392313
30,2.0,153,3,0.01,-0.9240542791636012,0.9562312552400216,0.9661786491592466,0.989257355978337,0.9652891845389604
30,2.0,154,1,0.01,-0.8458250392605815,0.8446499273954223,0.9554086111908824,0.988489446665487,0.9751362165184492
30,2.0,154,2,0.01,-0.8458250392605815,0.6802423317828238,0.8560906042013819,0.9903274163667556,0.9741602476682336
30,2.0,154,3,0.01,-0.8458250392605815,0.90433084695358,0.9733496611700648,0.9927387879204204,0.945319857071752
30,2.0,155,1,0.01,-0.9105696268787106,0.6125909198468673,0.9680460823411674,0.9874866204954292,0.8463330738631533
30,2.0,155,2,0.01,-0.9105696268787106,0.9116585808581978,0.9661158213058492,0.9946841240419688,0.9847953961546786
30,2.0,155,3,0.01,-0.9105696268787106,0.7245947846193742,0.960687080214382,0.993072890420962,0.7545029873512586
30,2.0,156,1,0.01,-0.9449503698954956,0.7861558351366573,0.9579651993977548,0.9852471751153687,0.8949000301772799
30,2.0,156,2,0.01,-0.9449503698954956,0.9161736640220958,0.9714337171055238,0.99108409439121,0.9878708230780622
30,2.0,156,3,0.01,-0.9449503698954956,0.6577092358725636,0.9584974128271836,0.9943783574654838,0.6669499410122225
30,2.0,157,1,0.01,-0.9290863217488174,0.8683797419462125,0.939451431576736,0.9835405356242628,0.983713500538751
30,2.0,157,2,0.01,-0.9290863217488174,0.8908711679783569,0.9640651979468426,0.9929258377857044,0.9847524537724964
30,2.0,157,3,0.01,-0.9290863217488174,0.7507703596076017,0.9474891406077336,0.982359652102492,0.930589968887762
30,2.0,158,1,0.01,-0.907268309032348,0.8055878299645185,0.9248497296499176,0.9315132485326246,0.960201342794311
30,2.0,158,2,0.01,-0.907268309032348,0.5731933329017367,0.613522816842881,0.9972452073696432,0.9675723299653252
30,2.0,158,3,0.01,-0.907268309032348,0.7555211805622869,0.8731167411063735,0.997655516372903,0.9760352278293672
30,2.0,159,1,0.01,-0.9036876007856848,0.355325872470613,0.9406134936403536,0.9897982974641668,0.6834491258178239
30,2.0,159,2,0.01,-0.9036876007856848,0.7892177804945157,0.971668820048342,0.9823680092234982,0.9385854852400116
30,2.0,159,3,0.01,-0.9036876007856848,0.8268442305165652,0.9631178123176422,0.9942283826852027,0.9251348432048924
30,2.0,160,1,0.01,-0.8738625499686251,0.6582759300844371,0.936369150881046,0.97833898566847,0.889417747809765
30,2.0,160,2,0.01,-0.8738625499686251,0.7380194030098277,0.9659916331263164,0.9762725694093188,0.8573725705881389
30,2.0,160,3,0.01,-0.8738625499686251,0.908063638902678,0.9664109532150864,0.9916784740727036,0.9651137524162856
30,2.0,161,1,0.01,-0.9290429168327272,0.9139383680385932,0.9895577308759644,0.994138502664746,0.9608539708929844
30,2.0,161,2,0.01,-0.9290429168327272,0.937018196813738,0.9843615133249136,0.997252298701462,0.9714342949689366
30,2.0,161,3,0.01,-0.9290429168327272,0.6703727097201179,0.976067767465402,0.9934413288743869,0.6918484496411826
30,2.0,162,1,0.01,-0.8909074323068656,0.7939894714713985,0.929455865123228,0.9812653138806984,0.975481017950113
30,2.0,162,2,0.01,-0.8909074323068656,0.8233073835073605,0.97077223892864,0.9867323927032964,0.9572650710501164
30,2.0,162,3,0.01,-0.8909074323068656,0.6726124892316422,0.9657747804782064,0.883904076834446,0.7200681818747402
30,2.0,163,1,0.1,-0.9113633552818876,0.4724654694270298,0.6333727709207359,0.8508847546660646,0.97479365894834
30,2.0,163,2,0.1,-0.9113633552818876,0.4156787092528455,0.493693645484014,0.9384226186365172,0.9802311162897144
30,2.0,163,3,0.1,-0.9113633552818876,0.660616612741927,0.7077544940044587,0.9434461228309786,0.9816016419991506
30,2.0,164,1,0.01,-0.9096459398749746,0.3951447735198711,0.9425914672810356,0.830969679527929,0.8807104792119332
30,2.0,164,2,0.01,-0.9096459398749746,0.955255503980908,0.9729864053174022,0.994931603373775,0.987123291797788
30,2.0,164,3,0.01,-0.9096459398749746,0.9153438353939066,0.9143720738091172,0.99386220128503,0.9926194233546116
30,2.0,165,1,1.0,-0.961138041406718,0.1328945229267207,0.374401354906839,0.5952424183040039,0.9057049161259928
30,2.0,165,2,1.0,-0.961138041406718,0.5798189707200052,0.608622099077857,0.8424032838757962,0.865784028014039
30,2.0,165,3,1.0,-0.961138041406718,0.7192021858680375,0.7300033905146553,0.9167295186221572,0.9253090430374492
30,2.0,166,1,0.1,-0.8968778423824392,0.5870601233655247,0.7038243831441146,0.914445167105012,0.9770634297623504
30,2.0,166,2,0.1,-0.8968778423824392,0.4432465114162511,0.4648160677368299,0.961081261366669,0.9778190065975508
30,2.0,166,3,0.1,-0.8968778423824392,0.70912269906009,0.8642567318547277,0.8312186007599829,0.953755080280794
30,2.0,167,1,0.1,-0.8760187915690534,0.1205792282652711,0.3847163074702199,0.8155660692304676,0.9057313671643884
30,2.0,167,2,0.1,-0.8760187915690534,0.5014046319523588,0.6440998194266964,0.9051587731037752,0.9636015987934704
30,2.0,167,3,0.1,-0.8760187915690534,0.8277629737335569,0.8638260159752962,0.938848619072306,0.959920047007548
30,2.0,168,1,0.1,-0.9295893146792916,0.0965986099743887,0.0667760495535285,0.8656164042603726,0.8074329085873878
30,2.0,168,2,0.1,-0.9295893146792916,0.7840536087323831,0.8424226945773172,0.932518814601947,0.9761630435854344
30,2.0,168,3,0.1,-0.9295893146792916,0.7074816736958854,0.8217680642418852,0.779306929444057,0.8700883611376122
30,2.0,169,1,100.0,-0.9468101967771811,0.0169432474532972,0.0112539388202094,0.928080096950482,0.9452601988616344
30,2.0,169,2,100.0,-0.9468101967771811,0.6261918492435432,0.6586950302734883,0.759997865861471,0.7898968932838154
30,2.0,169,3,100.0,-0.9468101967771811,0.6691236698164529,0.666928817520208,0.947770441548954,0.9492565917084218
30,2.0,170,1,0.01,-0.9204266798759022,0.7246377814643391,0.9360235179662362,0.973825203455351,0.9053953516225532
30,2.0,170,2,0.01,-0.9204266798759022,0.6193025969988007,0.9683870766605602,0.9866138384990464,0.7193878443918807
30,2.0,170,3,0.01,-0.9204266798759022,0.8976145517990287,0.9742574415080196,0.9957794838191448,0.9490286564858224
30,2.0,171,1,0.01,-0.945184773258361,0.2553769747224428,0.959388158717576,0.9591446310468836,0.6176091587778313
30,2.0,171,2,0.01,-0.945184773258361,0.8096244312279388,0.9651156874130906,0.942851652779744,0.9176188779194951
30,2.0,171,3,0.01,-0.945184773258361,0.7818970467800918,0.8873432143670971,0.988141933047018,0.988129874193521
30,2.0,172,1,0.1,-0.9442807653236616,0.0305252273040273,0.3420469843286773,0.6630485860566034,0.9865976213930532
30,2.0,172,2,0.1,-0.9442807653236616,0.6814848546818114,0.7686353218533274,0.9363372718404056,0.9772709097317216
30,2.0,172,3,0.1,-0.9442807653236616,0.7637363501979032,0.7981544254178178,0.9584069250762824,0.9761397934611484
30,2.0,173,1,0.1,-0.8422117591052977,0.4329204432636023,0.5229077924248223,0.8082873481152267,0.9853246221943496
30,2.0,173,2,0.1,-0.8422117591052977,0.5085535386556054,0.6660210464738996,0.9474029877477668,0.9915871538011818
30,2.0,173,3,0.1,-0.8422117591052977,0.7314147947490293,0.8845120494521471,0.8840467306213401,0.9875168412166996
30,2.0,174,1,0.01,-0.9017435773736324,0.6344666414053313,0.9591837226246588,0.9875542706460376,0.7818558438396594
30,2.0,174,2,0.01,-0.9017435773736324,0.9141980241838484,0.9743567098906634,0.9918809853207516,0.9692205996449232
30,2.0,174,3,0.01,-0.9017435773736324,0.8415331247639543,0.9581230823804368,0.9874006146024767,0.9235968440763016
30,2.0,175,1,0.01,-0.9389109825000416,0.7027541590633505,0.9553439056119052,0.962195167821444,0.9494632677634272
30,2.0,175,2,0.01,-0.9389109825000416,0.9039033348248388,0.966370138693458,0.9967085621087932,0.9806487418266584
30,2.0,175,3,0.01,-0.9389109825000416,0.8941064926555798,0.9455446116117412,0.9854135801122684,0.9803760274177028
30,2.0,176,1,1.0,-0.9220647844009912,0.0500163358458453,0.1093923808762814,0.735714965096075,0.8441119294430582
30,2.0,176,2,1.0,-0.9220647844009912,0.3819936135190752,0.4081264868852143,0.8684843952611226,0.8824347198455993
30,2.0,176,3,1.0,-0.9220647844009912,0.7591977215726482,0.773054452860699,0.8927004791042167,0.9036384308098596
30,2.0,177,1,0.01,-0.9274309981185944,0.4086131783486,0.4950411452922539,0.9376283097789676,0.917946310334733
30,2.0,177,2,0.01,-0.9274309981185944,0.5260429997218887,0.9609519051301488,0.9976385523218476,0.6969297658016634
30,2.0,177,3,0.01,-0.9274309981185944,0.972638583356595,0.9781345873687984,0.9926485267819012,0.9910038692365456
30,2.0,178,1,0.01,-0.9083143531715556,0.4023788471488393,0.945521874863018,0.9762519778789124,0.7116538021587707
30,2.0,178,2,0.01,-0.9083143531715556,0.8123237159361174,0.9449908313179848,0.9832782751234012,0.9650644205082622
30,2.0,178,3,0.01,-0.9083143531715556,0.884607928451639,0.971905888321192,0.975063532243358,0.9695594107120328
30,2.0,179,1,0.1,-0.8720097528555513,0.0002043277653009,0.1417344734081262,0.5390346728315026,0.9091362769916556
30,2.0,179,2,0.1,-0.8720097528555513,0.5768425773117914,0.8116798264365421,0.8511447795312328,0.969968938909098
30,2.0,179,3,0.1,-0.8720097528555513,0.7629000918017838,0.813905140627723,0.9399650678639206,0.9683163772304916
30,2.0,180,1,0.01,-0.8908738070759732,0.7615506185544375,0.921145025731687,0.9700079643592968,0.9876875752825806
30,2.0,180,2,0.01,-0.8908738070759732,0.5089889011677879,0.9678189221518252,0.9953633335750752,0.6216971693985054
30,2.0,180,3,0.01,-0.8908738070759732,0.6558105327058724,0.9708553623065002,0.9970467302501062,0.6671013067925043
30,2.0,181,1,1.0,-0.893323493685427,0.6246023331266437,0.8212407101346194,0.5720088138322726,0.928813036353754
30,2.0,181,2,1.0,-0.893323493685427,0.5733832852341745,0.5961680121991222,0.8964074505734276,0.9097240150354644
30,2.0,181,3,1.0,-0.893323493685427,0.6568845033618774,0.6563976222125786,0.9687835631438784,0.9703149296131796
30,2.0,182,1,0.01,-0.9438570930770608,0.6589217022853828,0.9462395852110402,0.9886407314378766,0.8926204169426626
30,2.0,182,2,0.01,-0.9438570930770608,0.8001794572130382,0.9569847235255572,0.9937672295292442,0.9321423330324756
30,2.0,182,3,0.01,-0.9438570930770608,0.9608399601843765,0.9756081304939,0.995561791867285,0.9863303847634436
30,2.0,183,1,0.01,-0.9002567707723457,0.266345172675918,0.920525984213686,0.8111880308779359,0.5786876004812067
30,2.0,183,2,0.01,-0.9002567707723457,0.8785247825538033,0.9323963224693692,0.9928884719146942,0.985077257489585
30,2.0,183,3,0.01,-0.9002567707723457,0.6724051556314224,0.939077720499602,0.990670104045236,0.6733116734596735
30,2.0,184,1,0.01,-0.9021777250040972,0.828591613149353,0.942550290471443,0.9916581434437144,0.9769622708709784
30,2.0,184,2,0.01,-0.9021777250040972,0.9087047087893352,0.9536662656324022,0.9955084186735396,0.98427282204361
30,2.0,184,3,0.01,-0.9021777250040972,0.6658911572189797,0.970539473695537,0.9868144379469506,0.6697204694541908
30,2.0,185,1,0.01,-0.8777763721292714,0.7892622666837485,0.9334353142253374,0.9867992317958691,0.931781653186495
30,2.0,185,2,0.01,-0.8777763721292714,0.8907520379408376,0.9467738778742534,0.9921225692119844,0.9760546423400156
30,2.0,185,3,0.01,-0.8777763721292714,0.8868989950580551,0.96249478330595,0.9931769943612792,0.9176762704740524
30,2.0,186,1,0.1,-0.9130925478656527,0.270457429603563,0.4218093559017319,0.8801272561058101,0.9490885554576248
30,2.0,186,2,0.1,-0.9130925478656527,0.5864298308818492,0.6884781324390017,0.9030594062917104,0.9588050818888224
30,2.0,186,3,0.1,-0.9130925478656527,0.696219070404324,0.8063028629897202,0.8924152810616804,0.97192285576395
30,2.0,187,1,0.01,-0.9229894290504276,0.707505390085475,0.8699926925186502,0.990948299031402,0.94485549508761
30,2.0,187,2,0.01,-0.9229894290504276,0.865299822558595,0.9682975313737736,0.9910918823709676,0.9760148229537104
30,2.0,187,3,0.01,-0.9229894290504276,0.6888011812309608,0.9744826199854384,0.9875055516045314,0.7893327045034063
30,2.0,188,1,0.01,-0.8880622154973793,0.6174918434620144,0.9675209312589472,0.9220633191242192,0.8241304217649401
30,2.0,188,2,0.01,-0.8880622154973793,0.7357342364743237,0.9611355773124322,0.9534855653479152,0.9046454983153016
30,2.0,188,3,0.01,-0.8880622154973793,0.9594246130131806,0.973107990274377,0.9919837043781512,0.9963863562687454
30,2.0,189,1,0.01,-0.8985163942699281,0.817495937344388,0.9576187696974868,0.9930401110531863,0.9395261819518974
30,2.0,189,2,0.01,-0.8985163942699281,0.6600441081842774,0.9537813802394616,0.99315262098729,0.7561039816255664
30,2.0,189,3,0.01,-0.8985163942699281,0.759773999007583,0.9626044731486956,0.9917765330573576,0.7826393765774005
30,2.0,190,1,0.01,-0.9259453263625488,0.6574373278025265,0.8951801940433374,0.9850122642412076,0.8966879576912218
30,2.0,190,2,0.01,-0.9259453263625488,0.8134835212870715,0.9638048607848736,0.988467682761786,0.9490646014588936
30,2.0,190,3,0.01,-0.9259453263625488,0.942934290986768,0.9664590080856892,0.9956018376886364,0.9552768811132358
30,2.0,191,1,0.01,-0.8745425345819733,0.0631721948958905,0.9368473436871684,0.934059605381144,0.0107233208823382
30,2.0,191,2,0.01,-0.8745425345819733,0.8792907154858272,0.9393005218621764,0.9803023451949882,0.976601229454836
30,2.0,191,3,0.01,-0.8745425345819733,0.7669499403801154,0.9042624266167074,0.9952761313562384,0.9491257647406788
30,2.0,192,1,0.01,-0.984457174548501,0.7422340708609569,0.9452210982123868,0.9656887967102022,0.9709032540036806
30,2.0,192,2,0.01,-0.984457174548501,0.5929249609682496,0.9517371611199668,0.9634673065839814,0.6820438965043629
30,2.0,192,3,0.01,-0.984457174548501,0.7526829476429885,0.9584866936792056,0.9955275046917832,0.8345748010666093
30,2.0,193,1,0.01,-0.911198530655358,0.8047712935646134,0.950808600570127,0.988617979646854,0.9225504351530464
30,2.0,193,2,0.01,-0.911198530655358,0.9105747067278176,0.9585507255583696,0.9918999103488184,0.991840083447362
30,2.0,193,3,0.01,-0.911198530655358,0.8162007776150096,0.9769025618524626,0.9876923864073436,0.8357397886430821
30,2.0,194,1,0.1,-0.967807540421451,0.6317998165475929,0.6934816989678928,0.9164222698360835,0.9484958537329266
30,2.0,194,2,0.1,-0.967807540421451,0.4794714928802613,0.5447983493514204,0.8945935144321155,0.9497253353510337
30,2.0,194,3,0.1,-0.967807540421451,0.6491037722876346,0.6653090119532273,0.8268264731323742,0.9089869272556096
30,2.0,195,1,0.1,-0.9864954305340572,0.5712539264457286,0.5731431961706183,0.7684859456366622,0.961616248502007
30,2.0,195,2,0.1,-0.9864954305340572,0.7363177528313603,0.8235769707654734,0.9593375619792904,0.9895606396407204
30,2.0,195,3,0.1,-0.9864954305340572,0.6659376393452839,0.6647343656070145,0.992876788596293,0.993858890335128
30,2.0,196,1,0.1,-0.9088542204330432,0.651473138481741,0.7273590935483035,0.9551837008652138,0.9721998975208036
30,2.0,196,2,0.1,-0.9088542204330432,0.5589155708499165,0.6300528500824591,0.953289858265487,0.9874688530734844
30,2.0,196,3,0.1,-0.9088542204330432,0.7218247422102629,0.7817065710718726,0.955239865908378,0.983790998029107
30,2.0,197,1,0.1,-0.903463384665251,0.6113265540756064,0.6859638969439223,0.953443064500016,0.927974681532407
30,2.0,197,2,0.1,-0.903463384665251,0.7473030990506837,0.7991949179425486,0.972550729293882,0.9881028244295924
30,2.0,197,3,0.1,-0.903463384665251,0.6544762475187492,0.6542833621736147,0.9662657967868876,0.9697889897955146
30,2.0,198,1,0.01,-0.9025987737731694,0.4054879691472062,0.9516095427542668,0.9333167095240488,0.7513991401994081
30,2.0,198,2,0.01,-0.9025987737731694,0.5214009404232325,0.9586261500382384,0.8878919969261209,0.7421992348332506
30,2.0,198,3,0.01,-0.9025987737731694,0.8506643549840183,0.9693237013541182,0.9900241525486728,0.9383356711385404
30,2.0,199,1,0.01,-0.912124366408625,0.7217509789784047,0.9325968096789432,0.9983590108526504,0.950051195718468
30,2.0,199,2,0.01,-0.912124366408625,0.8632670358522201,0.9592611303617484,0.9955823580798888,0.9696704523172583
30,2.0,199,3,0.01,-0.912124366408625,0.9609687649616724,0.97306047877851,0.989763398798892,0.9968746498560056
50,0.5,0,1,0.1,-1.3034538341324895,0.2962684288146375,0.364769087646786,0.9323722000938316,0.8990366132643511
50,0.5,0,2,0.1,-1.3034538341324895,0.4952847741391925,0.6997908373763135,0.9221058407950766,0.9484347402220428
50,0.5,0,3,0.1,-1.3034538341324895,0.6799632412699316,0.6994519874482058,0.9427800861305614,0.9552044195912596
50,0.5,1,1,1.0,-1.2641826707487889,0.0510040291474927,0.0022648642707112,0.6354107308568638,0.3593560850237255
50,0.5,1,2,1.0,-1.2641826707487889,0.7469448315431375,0.8282488592757289,0.8387023459275199,0.9042304575574264
50,0.5,1,3,1.0,-1.2641826707487889,0.6520225829596505,0.652560421580196,0.9024548778201864,0.9012277269515058
50,0.5,2,1,0.1,-1.293686333253156,0.1732921538998069,0.3246436998207045,0.5993287667861453,0.2947627799498596
50,0.5,2,2,0.1,-1.293686333253156,0.3109269901983239,0.4373696037571883,0.9395058553858178,0.955710531849822
50,0.5,2,3,0.1,-1.293686333253156,0.6471685518416682,0.6526084461313197,0.970794696075167,0.9824616651101208
50,0.5,3,1,0.1,-1.293607834932429,0.2508057735343261,0.2873880085023953,0.4558302155749977,0.663107848339451
50,0.5,3,2,0.1,-1.293607834932429,0.5873241159878434,0.6750525771666556,0.947461892099886,0.9726578980245392
50,0.5,3,3,0.1,-1.293607834932429,0.7298734432662295,0.8434245746123539,0.9003839510224161,0.9833720520148233
50,0.5,4,1,0.1,-1.2784230861227206,0.4188146911683266,0.7255752429418778,0.755876823538128,0.9801227024061964
50,0.5,4,2,0.1,-1.2784230861227206,0.5369506405045364,0.5644067754989008,0.942541630928042,0.962769798964824
50,0.5,4,3,0.1,-1.2784230861227206,0.7329270290300011,0.8039999046235312,0.8862931290843744,0.9403768412113273
50,0.5,5,1,0.1,-1.2705779388288188,0.3260115795059677,0.4925757089764032,0.8041152269011386,0.8526688027549244
50,0.5,5,2,0.1,-1.2705779388288188,0.3943659067086636,0.522486877975857,0.8842776590949668,0.9125446953595572
50,0.5,5,3,0.1,-1.2705779388288188,0.6418542739961924,0.6242672446925436,0.7585703642316887,0.7199576856135038
50,0.5,6,1,1.0,-1.228873238271491,0.2766876681223063,0.287129946570216,0.5119646486668324,0.5171925275608587
50,0.5,6,2,1.0,-1.228873238271491,0.590381481497841,0.6511211123842313,0.7404848372525098,0.787462258926688
50,0.5,6,3,1.0,-1.228873238271491,0.7208022505861716,0.7257149797081127,0.9532998547889188,0.9575174098878736
50,0.5,7,1,0.1,-1.2635534339093726,0.49370860875373,0.918686017748964,0.753935152166142,0.975763314587968
50,0.5,7,2,0.1,-1.2635534339093726,0.4964026064581435,0.7053575654363824,0.8596808171475276,0.5998818098796236
50,0.5,7,3,0.1,-1.2635534339093726,0.6731634902772493,0.7137169260811705,0.9903923508754656,0.9850796922321048
50,0.5,8,1,1000.0,-1.267872894295211,0.2802449235094236,0.2942901035778955,0.7876240770316797,0.8058222804111547
50,0.5,8,2,1000.0,-1.267872894295211,0.5461921238524216,0.5565365030011784,0.877131259096962,0.8827649456393709
50,0.5,8,3,1000.0,-1.267872894295211,0.659571875570962,0.6604810521473258,0.7770359522499167,0.7801135087963763
50,0.5,9,1,10.0,-1.2911073407003557,0.0038605912075559,0.0034859239470129,0.9349967643355764,0.9431718855581024
50,0.5,9,2,10.0,-1.2911073407003557,0.3208071151692257,0.3412201079895429,0.8995323384682187,0.9104181503386602
50,0.5,9,3,10.0,-1.2911073407003557,0.6885956116852677,0.6966550270093664,0.7747895604368679,0.7847874149869979
50,0.5,10,1,1.0,-1.305222414260216,0.068987546062626,0.03758660163598,0.442350653167489,0.6549492521259147
50,0.5,10,2,1.0,-1.305222414260216,0.5109468109204433,0.5212943040503019,0.7951003127231693,0.8020627258535694
50,0.5,10,3,1.0,-1.305222414260216,0.7160026177211191,0.7320392010299379,0.913669460573492,0.9292324587218024
50,0.5,11,1,1.0,-1.2937209137959678,0.3361534635971623,0.3549401854104538,0.7874668774903704,0.8537317862338528
50,0.5,11,2,1.0,-1.2937209137959678,0.4200721031646262,0.4323809664675718,0.7982709141775546,0.8122678389321416
50,0.5,11,3,1.0,-1.2937209137959678,0.6567170355211607,0.6660771095514589,0.776663150823933,0.8018311655633307
50,0.5,12,1,1.0,-1.252800009261834,0.3065326943869049,0.2947832402234533,0.3846583976977574,0.5753230582526885
50,0.5,12,2,1.0,-1.252800009261834,0.4880046823587253,0.5267214533914715,0.8456580217674405,0.869143364438197
50,0.5,12,3,1.0,-1.252800009261834,0.6553756310843203,0.6573014529283435,0.8864533565632833,0.894155767070885
50,0.5,13,1,0.01,-1.2629310998223449,0.2141040491102629,0.7238342631732698,0.7276627086676769,0.2627776575948763
50,0.5,13,2,0.01,-1.2629310998223449,0.8058082770470238,0.8058739948006524,0.9677335894568556,0.8538664557056956
50,0.5,13,3,0.01,-1.2629310998223449,0.6427539280856911,0.6465637346523846,0.954272723845398,0.667348671843759
50,0.5,14,1,0.1,-1.301335725463313,0.1993982789548675,0.4636836966253693,0.880817507773316,0.9894835689304148
50,0.5,14,2,0.1,-1.301335725463313,0.465374902429745,0.5718407330526541,0.5745169186451513,0.6870218158613871
50,0.5,14,3,0.1,-1.301335725463313,0.7681952334238321,0.8359577812013729,0.8749637430198046,0.939596777862282
50,0.5,15,1,0.1,-1.2662548794679238,0.1056896472437451,0.1512862214951746,0.909658651878972,0.9721157049961784
50,0.5,15,2,0.1,-1.2662548794679238,0.6249629665887052,0.8088518085464275,0.8672802564720461,0.9744078595337612
50,0.5,15,3,0.1,-1.2662548794679238,0.6906329089577866,0.7244072518100165,0.7797721884997285,0.8318556920076027
50,0.5,16,1,1.0,-1.2445426930422787,0.1886715209032524,0.3782888961152661,0.2595689781746998,0.518741435878849
50,0.5,16,2,1.0,-1.2445426930422787,0.5632034076634456,0.5803727889797082,0.8791089899925025,0.8904186321039791
50,0.5,16,3,1.0,-1.2445426930422787,0.6532944059674776,0.6547742111499764,0.9027598807523431,0.9112398562735784
50,0.5,17,1,1.0,-1.278730290060068,0.1717757425909298,0.1613383989131961,0.7050254237557374,0.7768331567264007
50,0.5,17,2,1.0,-1.278730290060068,0.5387918247867125,0.5465554078039605,0.9286713062155592,0.9324026364913124
50,0.5,17,3,1.0,-1.278730290060068,0.703358714873049,0.7231597536036678,0.7814399627386687,0.8029154804151934
50,0.5,18,1,0.1,-1.287238034624014,0.3905968745098398,0.5198674043076277,0.7502930254203181,0.9575451825344587
50,0.5,18,2,0.1,-1.287238034624014,0.4731853963958692,0.4826243488131005,0.9040391148602636,0.8769448786643481
50,0.5,18,3,0.1,-1.287238034624014,0.6452927147252406,0.6760556769588656,0.8991972306261332,0.765214803328615
50,0.5,19,1,0.1,-1.2867564207857936,0.0232525359036645,0.8889966848607496,0.0027534419135779,0.8534269989557468
50,0.5,19,2,0.1,-1.2867564207857936,0.5918609111024257,0.7919276856784538,0.9300917314173054,0.9203522915004791
50,0.5,19,3,0.1,-1.2867564207857936,0.8309072188153098,0.8626009119298349,0.952746585219264,0.9696665313966868
50,0.5,20,1,1000.0,-1.2889171466552911,0.1044045872630265,0.1467605875513222,0.3535474645740927,0.423921786378981
50,0.5,20,2,1000.0,-1.2889171466552911,0.4037158766492098,0.4318152777963612,0.7611266729386965,0.770335808168918
50,0.5,20,3,1000.0,-1.2889171466552911,0.6629553124880452,0.6722537972234579,0.752513418311406,0.7702365838584254
50,0.5,21,1,1000.0,-1.2779045798715138,0.003254733886216,0.008505331465901,0.2126522449700412,0.6784343970520651
50,0.5,21,2,1000.0,-1.2779045798715138,0.4699586659492696,0.4705265612071325,0.9379355332717436,0.9371662628524302
50,0.5,21,3,1000.0,-1.2779045798715138,0.7735647541815484,0.7947705792896119,0.8436361668511322,0.8621232542082068
50,0.5,22,1,0.1,-1.284894741169382,0.0446489936160316,0.058165868909827,0.7325997155308294,0.6682586771299052
50,0.5,22,2,0.1,-1.284894741169382,0.4074710417855038,0.6219505596230898,0.6961921668282489,0.8570744109017016
50,0.5,22,3,0.1,-1.284894741169382,0.7968685400181729,0.8404825907164625,0.9390902647671214,0.977231006570794
50,0.5,23,1,0.1,-1.3272457800221935,0.1704025602209229,0.4218725344246152,0.7664488325821842,0.6511508558465461
50,0.5,23,2,0.1,-1.3272457800221935,0.3602721399435697,0.463398365446561,0.9427233262865748,0.9309891753829184
50,0.5,23,3,0.1,-1.3272457800221935,0.6761620740765443,0.6926910055261725,0.9694883805853796,0.9715874087086336
50,0.5,24,1,0.1,-1.258733258111018,0.7554413807488873,0.8006696583437829,0.9154732872723989,0.9728443276091074
50,0.5,24,2,0.1,-1.258733258111018,0.5931668629703777,0.6485883013200615,0.8986737221240197,0.9237742748523724
50,0.5,24,3,0.1,-1.258733258111018,0.6579857409807531,0.629150483434891,0.9619520880073132,0.9194825597521756
50,0.5,25,1,0.1,-1.298187208895808,0.0622017485050173,0.1229862842982408,0.2168616350127478,0.1764660242221462
50,0.5,25,2,0.1,-1.298187208895808,0.5488752782903494,0.665737211987586,0.9256413462443772,0.9744804656648164
50,0.5,25,3,0.1,-1.298187208895808,0.6832164963445645,0.8187268930471588,0.8441138188169783,0.953636161367076
50,0.5,26,1,0.1,-1.303348006547446,0.1842209974344288,0.0760071481131773,0.0175352218511579,0.1025869203210534
50,0.5,26,2,0.1,-1.303348006547446,0.5795830633729511,0.700470026411948,0.832233727869164,0.9079362494781648
50,0.5,26,3,0.1,-1.303348006547446,0.8665337071225965,0.8793171524059674,0.9577155039599085,0.9657634608423238
50,0.5,27,1,1000.0,-1.301202667616476,0.1223693781483149,0.1649816208020408,0.6381089188034872,0.7166883078160519
50,0.5,27,2,1000.0,-1.301202667616476,0.3519052338153972,0.3768881071196698,0.8303749752674268,0.8482082140698448
50,0.5,27,3,1000.0,-1.301202667616476,0.7351096898517989,0.7406202022042524,0.8919151962810101,0.8966185876693039
50,0.5,28,1,0.1,-1.284157017344852,0.388677657714701,0.6884203047219075,0.6944699755828981,0.8331086692385262
50,0.5,28,2,0.1,-1.284157017344852,0.5785597970112037,0.6421812537631157,0.868405476050175,0.9199579290633586
50,0.5,28,3,0.1,-1.284157017344852,0.7035103177971213,0.7660960970243028,0.954842718783047,0.9853978954320516
50,0.5,29,1,0.1,-1.2805868881069546,0.0578664813801612,0.52230097046287,0.4551860141457329,0.989405518977865
50,0.5,29,2,0.1,-1.2805868881069546,0.507625343128929,0.5519881084182517,0.906895003235716,0.9585122236164793
50,0.5,29,3,0.1,-1.2805868881069546,0.6654266693923666,0.8482650122367877,0.7183256708448794,0.9059216737245966
50,0.5,30,1,1.0,-1.2856865712891647,0.1234055518181339,0.0913426010830591,0.6032262237714374,0.5276200249521519
50,0.5,30,2,1.0,-1.2856865712891647,0.6090054407372383,0.6406709134266126,0.8325861317721529,0.8559698486710594
50,0.5,30,3,1.0,-1.2856865712891647,0.7746999016499886,0.7809518716563572,0.9205631343579448,0.925275156535785
50,0.5,31,1,10.0,-1.288411317268052,0.0028850894187955,0.0043332199420796,0.9190592186809322,0.9635172124293904
50,0.5,31,2,10.0,-1.288411317268052,0.4830382780213734,0.4887572274529148,0.5829887920134573,0.5957559557192161
50,0.5,31,3,10.0,-1.288411317268052,0.6466529977812557,0.6480648057327612,0.8470479196818216,0.8598357463696674
50,0.5,32,1,0.1,-1.269767485882023,0.5816867320975141,0.7208205211084847,0.8853899748645204,0.9513016037611476
50,0.5,32,2,0.1,-1.269767485882023,0.6369750828166153,0.6919113021027397,0.9355721888382688,0.9596560208442008
50,0.5,32,3,0.1,-1.269767485882023,0.7575284827979006,0.768217258841371,0.9100554372749744,0.9243390161091009
50,0.5,33,1,0.1,-1.269844575312771,0.195687081611898,0.5099504234049907,0.645531322350345,0.926280603633508
50,0.5,33,2,0.1,-1.269844575312771,0.6620680428193861,0.8030015336352005,0.8326757997278913,0.9443336916987406
50,0.5,33,3,0.1,-1.269844575312771,0.6451978861884068,0.6420044616449493,0.9457370897067005,0.9572425342622984
50,0.5,34,1,1000.0,-1.2819689342045948,0.0126256265990876,0.0181073308926392,0.3510342876183059,0.5232703062727806
50,0.5,34,2,1000.0,-1.2819689342045948,0.43051603819659,0.4437035403222042,0.7219497033488464,0.7426437098695139
50,0.5,34,3,1000.0,-1.2819689342045948,0.7203688402760231,0.7281030518428939,0.8244530956006138,0.8322728214654306
50,0.5,35,1,1.0,-1.2670309116348517,0.2325535549893525,0.3035307247092004,0.6797866574019719,0.7388886432281206
50,0.5,35,2,1.0,-1.2670309116348517,0.6238407230297427,0.6685081224553115,0.8341938721951646,0.873118683893259
50,0.5,35,3,1.0,-1.2670309116348517,0.6869216296644606,0.7114665998212671,0.8142931787256873,0.8406034186516983
50,0.5,36,1,0.1,-1.2644230609079814,0.0188242745619103,0.6703965437161787,0.8869759816141469,0.0048905845672547
50,0.5,36,2,0.1,-1.2644230609079814,0.7782049710925083,0.7937195199319289,0.9425555835380846,0.9356043187495224
50,0.5,36,3,0.1,-1.2644230609079814,0.6574132881361939,0.7303879314341971,0.9282205495782024,0.8432968793884271
50,0.5,37,1,0.01,-1.321371197484345,0.6709112206402981,0.9074548177056946,0.9653337110596883,0.7223214749454132
50,0.5,37,2,0.01,-1.321371197484345,0.4645352864781093,0.6434106565982014,0.9791560052676294,0.6641427813080288
50,0.5,37,3,0.01,-1.321371197484345,0.8656369336534432,0.6364330127037713,0.9843992602460018,0.878238073743156
50,0.5,38,1,10.0,-1.2871834342774835,0.0010073785271328,5.4444683463461576e-05,0.9374993143263796,0.9284499072453812
50,0.5,38,2,10.0,-1.2871834342774835,0.5435263923918466,0.5726301459497922,0.6768297499335488,0.706893007412294
50,0.5,38,3,10.0,-1.2871834342774835,0.6419560940501094,0.6419949444976508,0.9405325583210384,0.94338844458368
50,0.5,39,1,0.1,-1.250195290232834,0.0336511137817696,0.1190055279112453,0.7409960348805326,0.9168597192767796
50,0.5,39,2,0.1,-1.250195290232834,0.5050414192702196,0.820664285411848,0.6766847498473625,0.95428923180994
50,0.5,39,3,0.1,-1.250195290232834,0.8335384243291282,0.8697453456083227,0.945090094382921,0.9712767014641558
50,0.5,40,1,0.1,-1.2809110959657335,0.3308277793699569,0.6719827370620698,0.2809014914730278,0.7568115599390435
50,0.5,40,2,0.1,-1.2809110959657335,0.4389707433880067,0.4917723371489627,0.9011958510585456,0.8628753100656656
50,0.5,40,3,0.1,-1.2809110959657335,0.6723545489770126,0.6928979334291698,0.9318928431092606,0.9597943088864253
50,0.5,41,1,10.0,-1.3017642784775063,0.1326357839658148,0.135811436731502,0.7079074993887646,0.707332748551571
50,0.5,41,2,10.0,-1.3017642784775063,0.4871352528579113,0.5005089802294334,0.8386842463590716,0.8472487571838402
50,0.5,41,3,10.0,-1.3017642784775063,0.6756258949681572,0.6790696223809514,0.9187973661663714,0.9241051825095415
50,0.5,42,1,1.0,-1.2422328467824448,0.3136626335521089,0.361907071970741,0.6363133780482919,0.6853447427025844
50,0.5,42,2,1.0,-1.2422328467824448,0.5596534799787749,0.5861016619819432,0.8099669734627486,0.8277065422719025
50,0.5,42,3,1.0,-1.2422328467824448,0.7266876203326541,0.7429170529190782,0.9105832979499192,0.923565246110608
50,0.5,43,1,1.0,-1.2665038809831857,0.0385143829474326,0.0879462060570505,0.0002723052093853,0.2149224237348075
50,0.5,43,2,1.0,-1.2665038809831857,0.5444740074654287,0.5643117389350214,0.8864262664722142,0.9009917021169792
50,0.5,43,3,1.0,-1.2665038809831857,0.774392422953317,0.7874788325342298,0.919238627154622,0.9284677130287488
50,0.5,44,1,1000.0,-1.296487665986825,0.2904427994764256,0.4898411742642656,0.2883130546813294,0.6993484997729328
50,0.5,44,2,1000.0,-1.296487665986825,0.651950718849585,0.6721963913532158,0.8415602368477975,0.854541684607049
50,0.5,44,3,1000.0,-1.296487665986825,0.673295415799136,0.6785059794353475,0.9680942062053384,0.9687272852192668
50,0.5,45,1,1000.0,-1.2625421908729944,0.102895699694411,0.1239002158523656,0.2994676990185339,0.3283046514075651
50,0.5,45,2,1000.0,-1.2625421908729944,0.4494026918252382,0.4613180249485286,0.8060041782517253,0.8167672436330984
50,0.5,45,3,1000.0,-1.2625421908729944,0.79117002476097,0.809063649168836,0.9392733210216662,0.9482577275900524
50,0.5,46,1,1.0,-1.291623728704021,0.3600765677895839,0.4332331761647027,0.6484914821714883,0.7109834509166733
50,0.5,46,2,1.0,-1.291623728704021,0.5882730121221009,0.6283269567321528,0.8884787464111302,0.9102843582457494
50,0.5,46,3,1.0,-1.291623728704021,0.7810295160810098,0.8086298145646243,0.9461817305533596,0.9595210278988144
50,0.5,47,1,1.0,-1.2777133891641477,0.123464302228655,0.1513357358770341,0.4959933013139664,0.5409491721799574
50,0.5,47,2,1.0,-1.2777133891641477,0.5207943066686075,0.5316302675760911,0.8816236969578488,0.891320956489779
50,0.5,47,3,1.0,-1.2777133891641477,0.7314325073673373,0.7563646203780005,0.8980243569384004,0.9180826935352908
50,0.5,48,1,0.1,-1.3011421059229382,0.4719063257098767,0.5340318530798661,0.6404810919995448,0.8441076308819053
50,0.5,48,2,0.1,-1.3011421059229382,0.6153743381496996,0.673204790317166,0.9140342675953068,0.9349555303880912
50,0.5,48,3,0.1,-1.3011421059229382,0.6671045059817953,0.764757036931439,0.9421441057696084,0.8320344728399579
50,0.5,49,1,0.01,-1.232907452757028,0.5529374582737876,0.8616683432393545,0.6374540781404259,0.668352844260263
50,0.5,49,2,0.01,-1.232907452757028,0.692729349160083,0.7177220733621963,0.9729346966061952,0.7741069940830452
50,0.5,49,3,0.01,-1.232907452757028,0.8631428001279858,0.6163638785389844,0.9693376013190244,0.8134804432248064
50,0.5,50,1,1.0,-1.2373490851894,0.1340743556619458,0.1467152795759053,0.7360066645679644,0.839587995903309
50,0.5,50,2,1.0,-1.2373490851894,0.466368329634631,0.4726199953080396,0.8186582028857806,0.8249652839123164
50,0.5,50,3,1.0,-1.2373490851894,0.6911143236370383,0.6923344764051921,0.8846376540252496,0.8908681180236954
50,0.5,51,1,0.1,-1.25411803045053,0.5963750430161504,0.683004845871044,0.9584055416508148,0.981726551897829
50,0.5,51,2,0.1,-1.25411803045053,0.6425564251421237,0.827194911322226,0.9756728541804968,0.9643606019557616
50,0.5,51,3,0.1,-1.25411803045053,0.813319166819016,0.8707105849694524,0.9742383070450638,0.9912271018374726
50,0.5,52,1,0.1,-1.2763270557243076,0.3165067719133375,0.3851855552485517,0.970037180059668,0.9829968799885332
50,0.5,52,2,0.1,-1.2763270557243076,0.4751027295324566,0.8880365839660209,0.9063178186828088,0.5361631974703361
50,0.5,52,3,0.1,-1.2763270557243076,0.8159994818716463,0.8550142547529624,0.944524624641109,0.9748642679542842
50,0.5,53,1,1.0,-1.236403698092824,0.1460396591426171,0.2500184821953338,0.3923645413379927,0.5103757925342274
50,0.5,53,2,1.0,-1.236403698092824,0.4294660628033376,0.4834748324971225,0.859424787015658,0.90938988555272
50,0.5,53,3,1.0,-1.236403698092824,0.7021013367085255,0.7191738902193773,0.8380258086057637,0.8549056682268313
50,0.5,54,1,0.01,-1.2521527952361189,0.5728864160752772,0.9083026393659775,0.6773012087698373,0.9227655023609814
50,0.5,54,2,0.01,-1.2521527952361189,0.6140681398646718,0.5053692768087618,0.9669326885967716,0.8752724285139666
50,0.5,54,3,0.01,-1.2521527952361189,0.5864892475669435,0.4450281357072287,0.9570728960951548,0.822237573649705
50,0.5,55,1,0.1,-1.3084409547903957,0.3346779843759388,0.4644848873990261,0.8444679341645557,0.9524793955785636
50,0.5,55,2,0.1,-1.3084409547903957,0.5257990599949484,0.6995117006469724,0.8819129010537602,0.9501279301224062
50,0.5,55,3,0.1,-1.3084409547903957,0.7677541744397285,0.8634141162045164,0.8949633372537855,0.9629433136868748
50,0.5,56,1,0.01,-1.294103870996141,0.9245674636969474,0.9332941022199038,0.964572728893726,0.7783099333370286
50,0.5,56,2,0.01,-1.294103870996141,0.856006371265087,0.6043809711112607,0.9747780656436904,0.7929575200234635
50,0.5,56,3,0.01,-1.294103870996141,0.7591228317104805,0.4951799330598166,0.9909356483441364,0.6743210270867869
50,0.5,57,1,1.0,-1.2592047439289544,0.1172982359437175,0.0362598576040609,0.376911365199446,0.7291993552821786
50,0.5,57,2,1.0,-1.2592047439289544,0.573395333247563,0.5982242948169536,0.8398151379369715,0.8576807087944689
50,0.5,57,3,1.0,-1.2592047439289544,0.7596797416423525,0.804515195562327,0.8747283467465722,0.908926376363296
50,0.5,58,1,10.0,-1.2654571512457982,0.1786200004744436,0.1706624196213536,0.186325372119397,0.2219582123167731
50,0.5,58,2,10.0,-1.2654571512457982,0.5764407520618611,0.5974470529962357,0.801774677626004,0.8185295194074802
50,0.5,58,3,10.0,-1.2654571512457982,0.6901100040862521,0.7098856199873856,0.8110777338386934,0.8352749803656168
50,0.5,59,1,0.1,-1.2349589987248435,0.671460192917489,0.819466146183436,0.915299647316009,0.9834174203194496
50,0.5,59,2,0.1,-1.2349589987248435,0.4610883089291698,0.4996165256050859,0.973612238852886,0.991152972181066
50,0.5,59,3,0.1,-1.2349589987248435,0.6642137403927889,0.6738439560643052,0.9668561318763026,0.9847537521216926
50,0.5,60,1,0.01,-1.3134882985241638,0.5272183869731268,0.486074420933781,0.9692459917982628,0.2306922620341762
50,0.5,60,2,0.01,-1.3134882985241638,0.7806266118319226,0.5681023303586448,0.970636037077646,0.7680601070692774
50,0.5,60,3,0.01,-1.3134882985241638,0.9068714330057088,0.5292513943277107,0.9837016612581148,0.6986362747456002
50,0.5,61,1,0.1,-1.2912455261433935,0.3635898014357104,0.5182465977628326,0.6333506702557207,0.7181576245990481
50,0.5,61,2,0.1,-1.2912455261433935,0.3643029097439776,0.4956550026286672,0.8885863747684931,0.9394683676319124
50,0.5,61,3,0.1,-1.2912455261433935,0.6745290635840364,0.8039768873616552,0.6726629194830832,0.6991814778973834
50,0.5,62,1,0.1,-1.2803778329337054,0.5292075645900524,0.5682012685404749,0.8738669454283492,0.9890444830532664
50,0.5,62,2,0.1,-1.2803778329337054,0.6108224947726194,0.7098510668053631,0.9230571772033672,0.9562849945343044
50,0.5,62,3,0.1,-1.2803778329337054,0.752858725437208,0.8680707475916885,0.9366460266941524,0.9650362946805712
50,0.5,63,1,0.01,-1.2812628138571958,0.313762551995648,0.8616962401969105,0.7507859912405882,0.5504221446435069
50,0.5,63,2,0.01,-1.2812628138571958,0.489554214075744,0.5598865757446692,0.8299504183436073,0.7067115606858854
50,0.5,63,3,0.01,-1.2812628138571958,0.6321786429200121,0.5785666632097698,0.9785620092663884,0.6292683887213483
50,0.5,64,1,1000.0,-1.3004830760773758,0.0683207996140855,0.0622980735704259,0.5082849586037029,0.7963269344287741
50,0.5,64,2,1000.0,-1.3004830760773758,0.4341064273310185,0.446688505268334,0.913343850678402,0.9200585760259926
50,0.5,64,3,1000.0,-1.3004830760773758,0.757912499061098,0.7721862244646593,0.857639035949742,0.8697107318584002
50,0.5,65,1,1.0,-1.2913223854234734,0.2125738452268089,0.3388337700795482,0.3032835326566161,0.4602322945505518
50,0.5,65,2,1.0,-1.2913223854234734,0.555215654774255,0.5574068928177913,0.9075098656199264,0.909354524507176
50,0.5,65,3,1.0,-1.2913223854234734,0.7630946400923566,0.784901004259039,0.949417426863814,0.960017942754516
50,0.5,66,1,0.1,-1.2733648549958196,0.2299750822607331,0.4126483102128728,0.8519152701666602,0.931798597633812
50,0.5,66,2,0.1,-1.2733648549958196,0.4589863756970955,0.6830517426453206,0.6715881160568604,0.8925539600144579
50,0.5,66,3,0.1,-1.2733648549958196,0.7575448051468959,0.8175976869464859,0.88654772816412,0.9348142354342396
50,0.5,67,1,1000.0,-1.2625340738321222,0.1945660187102687,0.203215963249295,0.8844704836166577,0.8902157986291528
50,0.5,67,2,1000.0,-1.2625340738321222,0.3676532192636889,0.3808725718009447,0.9109165801270832,0.9158068586278922
50,0.5,67,3,1000.0,-1.2625340738321222,0.6570082768728424,0.6618219557941709,0.6775749711966492,0.6851741660113634
50,0.5,68,1,0.1,-1.2877715293635943,0.4658491519415886,0.7923764319861288,0.53350690647513,0.8599581150379672
50,0.5,68,2,0.1,-1.2877715293635943,0.7168039304131503,0.7812030707048548,0.8842929588894702,0.923105134634862
50,0.5,68,3,0.1,-1.2877715293635943,0.7488420012054893,0.7664349291464282,0.9739916950191052,0.9769475172167952
50,0.5,69,1,0.1,-1.2768265970916668,0.0330526458397666,0.4907079114224735,0.0822642717784142,0.8854307732627604
50,0.5,69,2,0.1,-1.2768265970916668,0.4514209796981661,0.4788763065637075,0.971227836455448,0.9126915477459469
50,0.5,69,3,0.1,-1.2768265970916668,0.6865923080963675,0.6898032944912437,0.9629588523907322,0.9789301276756656
50,0.5,70,1,1.0,-1.273971694425903,0.4695564461143642,0.4537648037874974,0.7731961777847655,0.8214594727217532
50,0.5,70,2,1.0,-1.273971694425903,0.6391503930113982,0.6747103803761023,0.8472100432276705,0.8692537411699213
50,0.5,70,3,1.0,-1.273971694425903,0.850037487608566,0.862233590262533,0.9314893220461142,0.9391358827109928
50,0.5,71,1,1.0,-1.2898434330521464,0.0509312549027504,0.0214487315336408,0.6743201116100538,0.7867446885383456
50,0.5,71,2,1.0,-1.2898434330521464,0.4054811583181995,0.4415655217561663,0.8557460001987115,0.8756758175025207
50,0.5,71,3,1.0,-1.2898434330521464,0.6829558942712537,0.6894849558564425,0.7585334169727251,0.7648872651859615
50,0.5,72,1,0.01,-1.2712450824086463,0.0490425403799701,0.7111282532609411,0.0195704983219593,0.6414668712104177
50,0.5,72,2,0.01,-1.2712450824086463,0.7874482604676853,0.9213637657789042,0.9647855504683138,0.9330753262830608
50,0.5,72,3,0.01,-1.2712450824086463,0.6215378576971241,0.7121380524151193,0.9853283124973352,0.6609886616333142
50,0.5,73,1,1.0,-1.2666159853758885,0.3675738072667242,0.4652079904637863,0.5878325121707128,0.7009184603104796
50,0.5,73,2,1.0,-1.2666159853758885,0.2264487778874652,0.2710242240032807,0.6870863604948908,0.7213876434894054
50,0.5,73,3,1.0,-1.2666159853758885,0.6447361993705388,0.6454535765635264,0.8397061243089227,0.8438323015116064
50,0.5,74,1,10.0,-1.3113245852942383,0.1163805056229695,0.1020269855438263,0.7853957474011808,0.824340383166329
50,0.5,74,2,10.0,-1.3113245852942383,0.6760701482958423,0.7095994914940571,0.8352971044388731,0.8584625794666421
50,0.5,74,3,10.0,-1.3113245852942383,0.9649148592753464,0.9668569730425856,0.9832529536281026,0.9835242472738002
50,0.5,75,1,10.0,-1.265161099515519,0.1281182097022784,0.1476374519794111,0.5560067866929699,0.6643947038860218
50,0.5,75,2,10.0,-1.265161099515519,0.426042326737366,0.4382177028370302,0.8093006858155214,0.8202157307835178
50,0.5,75,3,10.0,-1.265161099515519,0.6803132319988027,0.6847387331241506,0.8790416636659781,0.886616226442829
50,0.5,76,1,0.1,-1.2974547381204806,0.2323244895628663,0.4872573070407499,0.3729525310501598,0.7676360131990744
50,0.5,76,2,0.1,-1.2974547381204806,0.5533418221296005,0.5481008477026027,0.9352419232721756,0.9371929105753948
50,0.5,76,3,0.1,-1.2974547381204806,0.6593165512922515,0.6562014883592838,0.743687225552229,0.7050318274054809
50,0.5,77,1,10.0,-1.2983777693193406,0.0039298527108352,0.005767943438339,0.7935232345403035,0.7765419402719898
50,0.5,77,2,10.0,-1.2983777693193406,0.4639829965771556,0.4783800884917162,0.7109647950738325,0.7276338133475321
50,0.5,77,3,10.0,-1.2983777693193406,0.8209959808974071,0.8373403167020487,0.8931163056366112,0.9047870084281748
50,0.5,78,1,10.0,-1.2820427343748448,0.0745974275163983,0.0739053218338402,0.2905742500017457,0.2803595460517334
50,0.5,78,2,10.0,-1.2820427343748448,0.4155879671739094,0.4460915292099208,0.7041212631132735,0.7220237017952341
50,0.5,78,3,10.0,-1.2820427343748448,0.6723387181921411,0.6729506598380288,0.9436944639063612,0.9511938662614062
50,0.5,79,1,10.0,-1.2549260311857382,0.0924017975576303,0.062412203835335,0.0742779568721179,0.037908424402371
50,0.5,79,2,10.0,-1.2549260311857382,0.5815326965424514,0.6200690383033055,0.7867125828025519,0.8135519624769341
50,0.5,79,3,10.0,-1.2549260311857382,0.7043669046630466,0.7073926039153594,0.8979014764462723,0.899410045909522
50,0.5,80,1,0.01,-1.2841167248079688,0.1758127685470112,0.0042995462446084,0.5938176076011571,0.1231101143467563
50,0.5,80,2,0.01,-1.2841167248079688,0.6630286323034572,0.6091122657934838,0.9352606080950384,0.7409029540426209
50,0.5,80,3,0.01,-1.2841167248079688,0.6176391599234893,0.5215288276681044,0.8881325706333699,0.6708114519102842
50,0.5,81,1,0.1,-1.286911910062402,0.4384968201906221,0.5922073679228402,0.6834912649037833,0.8489009530497603
50,0.5,81,2,0.1,-1.286911910062402,0.5682434224593558,0.6754248297467933,0.8453662765626364,0.9071672816146954
50,0.5,81,3,0.1,-1.286911910062402,0.6568769908428135,0.7101919009957572,0.944758031929573,0.9354716590767524
50,0.5,82,1,1000.0,-1.2757187283453542,0.0439923217406315,0.2304631258195805,0.0066455946458439,0.8721314164182394
50,0.5,82,2,1000.0,-1.2757187283453542,0.528462354986106,0.5522078607820251,0.8023479394840534,0.8269541061697987
50,0.5,82,3,1000.0,-1.2757187283453542,0.7513187717927027,0.7671040035762055,0.8937715218898751,0.904180341078748
50,0.5,83,1,0.1,-1.2860103196438302,0.112848983546782,0.06381377724613,0.9009480609960814,0.9880950565102736
50,0.5,83,2,0.1,-1.2860103196438302,0.6023153337525348,0.7279373876044812,0.88850314852495,0.9536487012650068
50,0.5,83,3,0.1,-1.2860103196438302,0.6832179512604813,0.6642983424620715,0.9173244335185408,0.9005787935519921
50,0.5,84,1,0.1,-1.2744252976140615,0.1541008279382107,0.0431121912783126,0.2638423935001088,0.2918109407075858
50,0.5,84,2,0.1,-1.2744252976140615,0.5456134820524751,0.6682369386117326,0.9195578563164636,0.9671128039337707
50,0.5,84,3,0.1,-1.2744252976140615,0.6627955418261698,0.6802022482188813,0.9800787283158084,0.9939311937089172
50,0.5,85,1,1.0,-1.2738465449330472,0.0201801460306974,0.0059282951479626,0.7733909220277146,0.8035745815331078
50,0.5,85,2,1.0,-1.2738465449330472,0.3466684365162187,0.379618356207214,0.8191566528487608,0.8386109838026614
50,0.5,85,3,1.0,-1.2738465449330472,0.7260204772455672,0.7702643583812345,0.6946504305130089,0.800130016773541
50,0.5,86,1,1000.0,-1.2951864752509066,0.032213373372708,0.2357844233199228,0.1249196097004119,0.5844914004209694
50,0.5,86,2,1000.0,-1.2951864752509066,0.5511848231668959,0.5816867387577621,0.7196835114968194,0.7604992277782232
50,0.5,86,3,1000.0,-1.2951864752509066,0.6393635972454846,0.638357060666113,0.8445993593507053,0.8388234372385514
50,0.5,87,1,0.01,-1.2728553788479664,0.8088507738516971,0.8583504120014454,0.9356384492077712,0.852566437046388
50,0.5,87,2,0.01,-1.2728553788479664,0.6242190461692027,0.574527866532341,0.9677805301886948,0.5294971859733939
50,0.5,87,3,0.01,-1.2728553788479664,0.7851749143144947,0.5962354152842814,0.987749361385422,0.6279324624587704
50,0.5,88,1,0.1,-1.2504929750901157,0.076616342554184,0.4553801269635654,0.0899534860749543,0.9261969802895336
50,0.5,88,2,0.1,-1.2504929750901157,0.522989133768226,0.550616974708662,0.9387173571686984,0.9724430595396686
50,0.5,88,3,0.1,-1.2504929750901157,0.7342667284418747,0.8147134353906678,0.8774899344574504,0.9310209969476932
50,0.5,89,1,1.0,-1.2963648709868454,0.0019976776932595,0.0174570664424936,0.8580479211553659,0.8001233341726779
50,0.5,89,2,1.0,-1.2963648709868454,0.7550589992640477,0.7906686105489542,0.951054429107782,0.9703624544748256
50,0.5,89,3,1.0,-1.2963648709868454,0.6652976404995983,0.6673231253742014,0.9826489145677524,0.9814280466746886
50,0.5,90,1,1.0,-1.2396558148671335,0.686662370591358,0.7618005579850402,0.7500583755493381,0.8606110401418628
50,0.5,90,2,1.0,-1.2396558148671335,0.4273646496864102,0.4516564401204767,0.8492455612724683,0.8637389175726757
50,0.5,90,3,1.0,-1.2396558148671335,0.6674381174337872,0.6751622689151499,0.9084846541409104,0.9154172869949988
50,0.5,91,1,1.0,-1.288019132660129,0.0941141105474801,0.1272707764113832,0.5856706664058641,0.7067859030262388
50,0.5,91,2,1.0,-1.288019132660129,0.3550238982150451,0.3647993835509351,0.7365921124454647,0.7397903289981049
50,0.5,91,3,1.0,-1.288019132660129,0.6767983177507301,0.8086010077894844,0.7102589537569673,0.8753637902515142
50,0.5,92,1,0.01,-1.3014030930954543,0.6608786563997194,0.8410565103254299,0.9795936079911156,0.9087037858266416
50,0.5,92,2,0.01,-1.3014030930954543,0.6013386036521072,0.5545806342489257,0.8681435735011622,0.851188333680875
50,0.5,92,3,0.01,-1.3014030930954543,0.6278239338091086,0.6126810286612748,0.8471270528932348,0.6496066297696499
50,0.5,93,1,0.01,-1.270323215713845,0.1566814746018632,0.7570706767110679,0.9058746251531068,0.043071092747413
50,0.5,93,2,0.01,-1.270323215713845,0.7853597819244986,0.6167682264928016,0.9202745303004548,0.7759732809693825
50,0.5,93,3,0.01,-1.270323215713845,0.8020028641726165,0.5236916211471422,0.8494043528460166,0.6873363294658077
50,0.5,94,1,1.0,-1.2532567076489851,0.0193284184840782,0.0277428150952496,0.3318276553555748,0.7605643622109945
50,0.5,94,2,1.0,-1.2532567076489851,0.2779212576978498,0.3180869568805829,0.436469133402847,0.4604575652664009
50,0.5,94,3,1.0,-1.2532567076489851,0.6399291412912483,0.6393184511012274,0.6639775656886121,0.6643556192271901
50,0.5,95,1,1.0,-1.286176040175678,0.2167457904126752,0.265873992481107,0.2708501352406621,0.4491605471408108
50,0.5,95,2,1.0,-1.286176040175678,0.4960612140564784,0.5410406704170854,0.804801685656588,0.8342744934772701
50,0.5,95,3,1.0,-1.286176040175678,0.6508402228757728,0.6505768108736717,0.8911969134783752,0.8904211909714763
50,0.5,96,1,1000.0,-1.284941915691149,0.4160825001908966,0.4314386901415781,0.5797391042512994,0.7214272570576273
50,0.5,96,2,1000.0,-1.284941915691149,0.5152046959052479,0.5318698566494471,0.7852690243843298,0.7988236182853662
50,0.5,96,3,1000.0,-1.284941915691149,0.6409994398723661,0.6416488384942455,0.7362815396503294,0.7512950353113278
50,0.5,97,1,0.1,-1.2681508384523832,0.473174308189431,0.6292386265152738,0.8024571423609549,0.9728561224549782
50,0.5,97,2,0.1,-1.2681508384523832,0.6385012126434662,0.7476652335833938,0.9327406578335456,0.966826464017956
50,0.5,97,3,0.1,-1.2681508384523832,0.682488004906145,0.7065069750565142,0.8901305097206205,0.9217426933432868
50,0.5,98,1,1.0,-1.2680633573322833,0.1229962124547493,0.2015123987872725,0.3478575961987706,0.4487156856165778
50,0.5,98,2,1.0,-1.2680633573322833,0.4643965428513852,0.5030365748420426,0.8332128656617765,0.8650131604248825
50,0.5,98,3,1.0,-1.2680633573322833,0.6715463553269413,0.700530848998537,0.72542941039629,0.7608162318657032
50,0.5,99,1,1.0,-1.284289999143055,0.2255808388228834,0.2734756544402307,0.1345528835939161,0.8426784763293167
50,0.5,99,2,1.0,-1.284289999143055,0.5325417593693337,0.5693667136950779,0.7688174876941622,0.806437714269808
50,0.5,99,3,1.0,-1.284289999143055,0.6456307855594577,0.6450924889960875,0.8559496091995,0.8640541529886425
50,0.5,100,1,1000.0,-1.2579098963165498,0.0965851174731061,0.0940692175969663,0.3345890220365236,0.3142741659018869
50,0.5,100,2,1000.0,-1.2579098963165498,0.4567756309669346,0.4687594814746946,0.7782465636227467,0.784321781181373
50,0.5,100,3,1000.0,-1.2579098963165498,0.6456836724000101,0.6552280625638431,0.7964573158072635,0.8275436747975308
50,0.5,101,1,10.0,-1.2659696424553877,0.0052231023115953,0.0043069825285352,0.0186736783970842,0.1454989597318255
50,0.5,101,2,10.0,-1.2659696424553877,0.4366661800405164,0.4461472545189408,0.8770011373693323,0.8844705603668153
50,0.5,101,3,10.0,-1.2659696424553877,0.7514981942113502,0.7643472585350276,0.8818861778089917,0.8920733047381453
50,0.5,102,1,0.1,-1.31374480769512,0.5700041862218549,0.6831103403681442,0.7189044700109872,0.8638019414087692
50,0.5,102,2,0.1,-1.31374480769512,0.4904802576183954,0.5349607501196979,0.8851830214457121,0.9096647343193937
50,0.5,102,3,0.1,-1.31374480769512,0.8020324730589263,0.8149926272251765,0.9687250287475804,0.9698211006024486
50,0.5,103,1,0.01,-1.23201177225702,0.7812800181357431,0.7177451200873433,0.7159441260541125,0.3771758179556964
50,0.5,103,2,0.01,-1.23201177225702,0.7552934195124328,0.4187463027412454,0.9545622674508494,0.6575964894503243
50,0.5,103,3,0.01,-1.23201177225702,0.7930494718314162,0.5785040141220532,0.8882839268883892,0.7228937817029047
50,0.5,104,1,0.1,-1.266232709756438,0.5394456075321886,0.7085653122255928,0.8487108431934727,0.8993819030452799
50,0.5,104,2,0.1,-1.266232709756438,0.6678376663004987,0.8108323290889728,0.9310117326893564,0.9673332062139528
50,0.5,104,3,0.1,-1.266232709756438,0.8107076851819807,0.8262575980222572,0.9357096307585644,0.9453986397476176
50,0.5,105,1,10.0,-1.2923348941910104,0.0006608082631826,0.0845920645478797,0.0397219001205015,0.0487322304691727
50,0.5,105,2,10.0,-1.2923348941910104,0.4243113187288277,0.4322729657413728,0.9006971912636355,0.9067878528991736
50,0.5,105,3,10.0,-1.2923348941910104,0.6822220679220122,0.7273891689262052,0.8328652668267811,0.883347415640188
50,0.5,106,1,1000.0,-1.2662908312605157,0.0009162958118295,4.194202070327772e-05,0.7581182941801463,0.8872098289070032
50,0.5,106,2,1000.0,-1.2662908312605157,0.3080063221053827,0.3457015716690171,0.8067226705774305,0.8383459280091208
50,0.5,106,3,1000.0,-1.2662908312605157,0.663145675791381,0.6707324391433884,0.7178120969715661,0.7284854136820539
50,0.5,107,1,1000.0,-1.280691170715385,0.1098586374781496,0.1766805949103093,0.1973151717739741,0.3624141107201144
50,0.5,107,2,1000.0,-1.280691170715385,0.343447729712602,0.3625844332426327,0.8488547516532876,0.8605628992281432
50,0.5,107,3,1000.0,-1.280691170715385,0.6476748904360884,0.6479626409746111,0.7391203627590905,0.7439367337646217
50,0.5,108,1,1.0,-1.2812928687294232,0.4872483904435591,0.5191312513132403,0.8832345298406731,0.8941702403081851
50,0.5,108,2,1.0,-1.2812928687294232,0.5075359867125202,0.5260418326714027,0.7880958321984128,0.8041517347170968
50,0.5,108,3,1.0,-1.2812928687294232,0.7416546114183857,0.7493886709472303,0.9388069495947832,0.946108134395916
50,0.5,109,1,0.1,-1.3041217042948487,0.1028707867675878,0.078011495992975,0.9492372228987396,0.9713620663793762
50,0.5,109,2,0.1,-1.3041217042948487,0.5895586067738127,0.6971976950201504,0.966771248600538,0.9737622777344866
50,0.5,109,3,0.1,-1.3041217042948487,0.8315302245513093,0.8845065507053604,0.9526129506411244,0.9753544884653
50,0.5,110,1,0.1,-1.2713292476138096,0.2864371578369519,0.3708151466335079,0.8589534570294562,0.944142956040764
50,0.5,110,2,0.1,-1.2713292476138096,0.5174607033249974,0.5336565311374847,0.9395619337994116,0.9588224748623227
50,0.5,110,3,0.1,-1.2713292476138096,0.6764106660882252,0.714037286802471,0.8459113039769007,0.8962917926164184
50,0.5,111,1,0.1,-1.290166057313143,0.762334813890495,0.8632407323569169,0.9358806503740684,0.9900307561334653
50,0.5,111,2,0.1,-1.290166057313143,0.5532196059783224,0.5989650107576785,0.9484609892757564,0.9789945496764724
50,0.5,111,3,0.1,-1.290166057313143,0.7038495780612152,0.7492451032387114,0.9370581974402848,0.9689933525614102
50,0.5,112,1,0.1,-1.3015549523391148,0.5387712825905946,0.6899725888012996,0.7488504678294268,0.7835484614656959
50,0.5,112,2,0.1,-1.3015549523391148,0.7550294487152689,0.8588897616221322,0.8681102693021125,0.917384008351434
50,0.5,112,3,0.1,-1.3015549523391148,0.7084264930772451,0.7298096210540135,0.9594927165094888,0.9722715600511728
50,0.5,113,1,10.0,-1.2722261663345722,0.4132434014839161,0.4800999852588088,0.6900561336434509,0.7866536918050845
50,0.5,113,2,10.0,-1.2722261663345722,0.3906421081227003,0.4249949004653203,0.8286974215671805,0.845982301008988
50,0.5,113,3,10.0,-1.2722261663345722,0.6589807147575851,0.6610904971053427,0.9306276316425748,0.9292255652256886
50,0.5,114,1,0.1,-1.2571507534741682,0.0532511716119138,0.0496543428063121,0.1175064082478641,0.2499109330615182
50,0.5,114,2,0.1,-1.2571507534741682,0.4590396717683783,0.5341466006291575,0.8608327320619924,0.9299035413191972
50,0.5,114,3,0.1,-1.2571507534741682,0.761369275930143,0.8539862802954201,0.8843112587738,0.9549148656833398
50,0.5,115,1,1.0,-1.303138987460477,0.1345248244160337,0.2410328836672823,0.5098645892168344,0.8506863297574503
50,0.5,115,2,1.0,-1.303138987460477,0.4506644424725782,0.4579474596726698,0.6126584955797088,0.6123998721863488
50,0.5,115,3,1.0,-1.303138987460477,0.6679392021950651,0.6677364852563245,0.9693906602928308,0.9735660175935262
50,0.5,116,1,0.1,-1.260609202409417,0.523659712231907,0.681985402801736,0.8086707580063418,0.9199751695473158
50,0.5,116,2,0.1,-1.260609202409417,0.788276063433155,0.8419358375167347,0.931943108966844,0.9560510343621504
50,0.5,116,3,0.1,-1.260609202409417,0.6540814150237496,0.6653494584620302,0.98402040457709,0.980026748302269
50,0.5,117,1,0.01,-1.2704339917598,0.0078395568735037,0.1291497025843326,0.9663501555803024,0.6057566198935912
50,0.5,117,2,0.01,-1.2704339917598,0.4742035933540874,0.4541078898854204,0.970181930119704,0.6201160769034757
50,0.5,117,3,0.01,-1.2704339917598,0.6188916544619695,0.5234133275209625,0.6823174431529156,0.6649188978383467
50,0.5,118,1,0.1,-1.2595472473333174,0.4202311711269809,0.5241525835743298,0.8543055196305722,0.9347215132675372
50,0.5,118,2,0.1,-1.2595472473333174,0.6296807625431411,0.8035095437820157,0.9241229890817444,0.934645990093346
50,0.5,118,3,0.1,-1.2595472473333174,0.8513122704162589,0.8590276812558981,0.9829742509537086,0.9856506822741778
50,0.5,119,1,0.1,-1.2664468029535287,0.1451344460983345,0.3748720459524825,0.6350835338043763,0.843295050571392
50,0.5,119,2,0.1,-1.2664468029535287,0.4751327220252798,0.5293961676929848,0.9499438062959767,0.986940538036746
50,0.5,119,3,0.1,-1.2664468029535287,0.7358190009595167,0.8686847512461959,0.8643691624442575,0.9637612903931548
50,0.5,120,1,1000.0,-1.2819999235613344,0.0221730843166526,0.0428471454094608,0.5627316558108824,0.6963301050731927
50,0.5,120,2,1000.0,-1.2819999235613344,0.4745473322317224,0.4899765673015658,0.7202306570077006,0.7437772879803624
50,0.5,120,3,1000.0,-1.2819999235613344,0.6981259142069517,0.7055628654378503,0.8396849466459875,0.8488036376817926
50,0.5,121,1,1000.0,-1.2763192083268315,0.0837543587700482,0.1166384030728986,0.305570775523197,0.3591815247235596
50,0.5,121,2,1000.0,-1.2763192083268315,0.2946108225056366,0.3314391440666671,0.8159472406404388,0.8358659498264198
50,0.5,121,3,1000.0,-1.2763192083268315,0.6600074965183181,0.6643894720961135,0.8826767886577089,0.8934390903533961
50,0.5,122,1,1000.0,-1.2911074686025683,0.0612000956310609,0.0756095786848631,0.3545275778484875,0.3881209407477984
50,0.5,122,2,1000.0,-1.2911074686025683,0.4869454786419228,0.495318246906058,0.7454855107629768,0.7531948417429147
50,0.5,122,3,1000.0,-1.2911074686025683,0.6989948342944207,0.7100604667181528,0.8511180068647528,0.8675427828312324
50,0.5,123,1,10.0,-1.275324887910847,0.0190798099595033,0.0125935348369132,0.2696646927981719,0.2449997422793255
50,0.5,123,2,10.0,-1.275324887910847,0.4396795909753256,0.4683044994722338,0.923345637870228,0.9452497798389056
50,0.5,123,3,10.0,-1.275324887910847,0.6887506287254443,0.6974558123033882,0.8549459160614535,0.864536718960453
50,0.5,124,1,10.0,-1.241688236451494,0.2579244413355422,0.3105446338917985,0.4211345044862882,0.5479640193247437
50,0.5,124,2,10.0,-1.241688236451494,0.5131096035839277,0.5287162847315746,0.8665882463965731,0.8772045917313998
50,0.5,124,3,10.0,-1.241688236451494,0.7059928300509731,0.7094746966471982,0.8903644463113821,0.8947161426276745
50,0.5,125,1,1.0,-1.248168118561079,0.622219199522819,0.6852512126750444,0.7116093709273629,0.7931508429957624
50,0.5,125,2,1.0,-1.248168118561079,0.4537356821645865,0.4808901701737245,0.8887991238257427,0.9044060750985922
50,0.5,125,3,1.0,-1.248168118561079,0.6548839442065714,0.6546750660780495,0.6694031638677856,0.6687861070795321
50,0.5,126,1,0.1,-1.2712285778785315,0.0106108896311532,0.2018976875589662,0.4580562363183971,0.9407622219523148
50,0.5,126,2,0.1,-1.2712285778785315,0.6022547044120713,0.7213751251948723,0.9085636539909164,0.9604069612796804
50,0.5,126,3,0.1,-1.2712285778785315,0.825294181703267,0.8424484704594146,0.979597060978228,0.9840054413167594
50,0.5,127,1,1000.0,-1.2376427778487518,0.2779141037606175,0.2877639870951374,0.8229909564702486,0.8264452742395274
50,0.5,127,2,1000.0,-1.2376427778487518,0.5988218300820611,0.6091436199248917,0.8776823753396924,0.8843379673669304
50,0.5,127,3,1000.0,-1.2376427778487518,0.6575974269802946,0.6643113551224908,0.8127318371579587,0.8294985254609099
50,0.5,128,1,0.1,-1.2537868023438277,0.0578939771031466,0.0242714969514876,0.8921227378493026,0.8372172112154153
50,0.5,128,2,0.1,-1.2537868023438277,0.572287891591018,0.8006442841164655,0.8868857587554071,0.9586230775618226
50,0.5,128,3,0.1,-1.2537868023438277,0.8376915155753686,0.8502870487611185,0.9618528015689578,0.9709446975890882
50,0.5,129,1,1000.0,-1.2683306681050923,0.1207726972806614,0.5296942139293868,0.1945595782885633,0.6233973564191585
50,0.5,129,2,1000.0,-1.2683306681050923,0.387156256922346,0.3958721241303318,0.9192048590835692,0.9240829551302618
50,0.5,129,3,1000.0,-1.2683306681050923,0.6649650065564859,0.6763192811321933,0.6807135040177252,0.6934948779158225
50,0.5,130,1,0.1,-1.2600760161247502,0.3439675077734203,0.5846296745903731,0.8328419208614134,0.7855970167078499
50,0.5,130,2,0.1,-1.2600760161247502,0.4253727844782126,0.4735105529016165,0.9301366826965118,0.941864279339706
50,0.5,130,3,0.1,-1.2600760161247502,0.6652297835075123,0.7045369371844585,0.7117221472755765,0.7425038647446036
50,0.5,131,1,0.01,-1.2440666077490468,0.0708165301741752,0.4813812295040521,0.3131641787412696,0.4350476877096823
50,0.5,131,2,0.01,-1.2440666077490468,0.3124276957576395,0.36785073832704,0.9127079289160204,0.6062663151252858
50,0.5,131,3,0.01,-1.2440666077490468,0.5366325976984133,0.7048328648630932,0.9665480737040472,0.633945379028727
50,0.5,132,1,1000.0,-1.2869970460651194,0.03783720697337,0.049677447304225,0.4830501740343321,0.6265632466895364
50,0.5,132,2,1000.0,-1.2869970460651194,0.3620129054799129,0.3707726541717359,0.8428436184783628,0.8452575527421082
50,0.5,132,3,1000.0,-1.2869970460651194,0.6897409667931645,0.6995503274695332,0.8084631595754503,0.8242837359295777
50,0.5,133,1,0.01,-1.2611422821534222,0.8233753669314008,0.8225437282738429,0.9547456543493252,0.8247422385909561
50,0.5,133,2,0.01,-1.2611422821534222,0.8117357494281734,0.6166652531798011,0.9396039554992972,0.810771400499092
50,0.5,133,3,0.01,-1.2611422821534222,0.6052949102279801,0.5068771790617687,0.8796757916807777,0.7202724838169562
50,0.5,134,1,0.1,-1.3055305856773958,0.0078067538139927,0.0056957111405519,0.929548836997798,0.9037141237966496
50,0.5,134,2,0.1,-1.3055305856773958,0.6011778637957003,0.7341164689917812,0.9030479931795754,0.9181450922277204
50,0.5,134,3,0.1,-1.3055305856773958,0.7283127507690317,0.7975691790524495,0.9356146281081972,0.9636213348959002
50,0.5,135,1,1.0,-1.283957395884464,0.0044314972024538,8.920266831752248e-05,0.059783165549378,0.0998537555222418
50,0.5,135,2,1.0,-1.283957395884464,0.6137523633717948,0.6276663543284584,0.8714364204445142,0.8794837857822042
50,0.5,135,3,1.0,-1.283957395884464,0.6590587154976185,0.8167589542233168,0.7961506450284427,0.8432582260959379
50,0.5,136,1,1000.0,-1.329078394541649,0.0865902387831515,0.0856576870865719,0.0699403961522328,0.0565651180109633
50,0.5,136,2,1000.0,-1.329078394541649,0.2824822813811863,0.3283132119939716,0.8006850298920393,0.829297337297251
50,0.5,136,3,1000.0,-1.329078394541649,0.6470698214283677,0.6466198227323677,0.94548704972845,0.946200320201167
50,0.5,137,1,10.0,-1.3044508990666066,0.3321419780892874,0.4206429381927054,0.6699261206361496,0.7501588494116045
50,0.5,137,2,10.0,-1.3044508990666066,0.3340818025460759,0.3680786272426404,0.844488140330494,0.8618258433665639
50,0.5,137,3,10.0,-1.3044508990666066,0.6473553868088319,0.6474093358696756,0.7622207114540633,0.7636376439822707
50,0.5,138,1,1.0,-1.2764127967590082,0.0458473277578849,0.0016500176572421,0.0200253507312791,0.2402713236691094
50,0.5,138,2,1.0,-1.2764127967590082,0.5393283318605079,0.5636263297764896,0.8298218749746378,0.8478125714239981
50,0.5,138,3,1.0,-1.2764127967590082,0.6591598678507841,0.6666766691067411,0.7575849030437984,0.776782928879166
50,0.5,139,1,0.1,-1.261918927576268,0.4589246115065004,0.7275431808218003,0.4604811136161821,0.9755651428215432
50,0.5,139,2,0.1,-1.261918927576268,0.5665632374369213,0.6686245159678795,0.8943428779003202,0.9565097359207478
50,0.5,139,3,0.1,-1.261918927576268,0.6935061729749452,0.8573580513435459,0.8844437528412871,0.9821117428899392
50,0.5,140,1,0.1,-1.2933272749781852,0.0001814929263397,0.6688842222177422,4.171158705818213e-05,0.850719782149025
50,0.5,140,2,0.1,-1.2933272749781852,0.4665675889770998,0.5515902105460068,0.9616551963697392,0.9202255329038378
50,0.5,140,3,0.1,-1.2933272749781852,0.8154654974262711,0.8392486594042863,0.95983654348982,0.9767939241088924
50,0.5,141,1,10.0,-1.2363220569713884,0.3971122084176046,0.4105678745684346,0.7791267275260713,0.8002743221681322
50,0.5,141,2,10.0,-1.2363220569713884,0.4624180205186456,0.4729727185529216,0.8512724939035978,0.8571522615354652
50,0.5,141,3,10.0,-1.2363220569713884,0.6541454734251455,0.664279864494663,0.7541888788812376,0.7316268390473901
50,0.5,142,1,1000.0,-1.277781668017102,0.0740790043278219,0.0765785807132056,0.656807913980471,0.653967944321075
50,0.5,142,2,1000.0,-1.277781668017102,0.4098733068682533,0.4521689751085427,0.7226339744778775,0.7557110816302305
50,0.5,142,3,1000.0,-1.277781668017102,0.6431651616284381,0.6453249591174249,0.7129614060879201,0.723131892827174
50,0.5,143,1,0.1,-1.274565751799737,0.1776537150855181,0.2435412148727314,0.9045240524881156,0.9462215490502782
50,0.5,143,2,0.1,-1.274565751799737,0.4841374218241246,0.5081226586421954,0.8888948073560621,0.8913461165778351
50,0.5,143,3,0.1,-1.274565751799737,0.7930983688157595,0.8656133536343623,0.8960053508453826,0.953914425823663
50,0.5,144,1,0.01,-1.2804390247049071,0.7540024216371075,0.9165602650054332,0.8249810682357939,0.5829275214130482
50,0.5,144,2,0.01,-1.2804390247049071,0.7939661887751307,0.4869418529399406,0.973401586740212,0.4577645798694841
50,0.5,144,3,0.01,-1.2804390247049071,0.843411265012695,0.6187791935711984,0.981645852004026,0.6486680979157844
50,0.5,145,1,10.0,-1.2668717568542252,0.2313327806331894,0.2992650299539246,0.5824367543727439,0.6774765052519284
50,0.5,145,2,10.0,-1.2668717568542252,0.446001236546622,0.4605246134822062,0.842496447792159,0.8494274506347153
50,0.5,145,3,10.0,-1.2668717568542252,0.6591377158345552,0.6617513486988208,0.8947533775465727,0.901253981821735
50,0.5,146,1,0.01,-1.321686949622081,0.7382747380991024,0.8046311693427817,0.905243799327533,0.7421201893174703
50,0.5,146,2,0.01,-1.321686949622081,0.7934655913449509,0.5535847183157807,0.9595418495063914,0.716992834020442
50,0.5,146,3,0.01,-1.321686949622081,0.8527256534955584,0.5709725629419676,0.9703712764601962,0.61530791183683
50,0.5,147,1,0.1,-1.2668716818663692,0.2918732406637064,0.4286386539362588,0.7950302454385729,0.8790304847070065
50,0.5,147,2,0.1,-1.2668716818663692,0.4965302886368746,0.7153668908606018,0.8922602953408748,0.9376143060283888
50,0.5,147,3,0.1,-1.2668716818663692,0.6973739974928951,0.7831754927088713,0.8940921849431821,0.951538252860986
50,0.5,148,1,0.1,-1.3051999612034193,0.0008727313321562,0.8212536636296197,0.1233441243439491,0.8714426713823746
50,0.5,148,2,0.1,-1.3051999612034193,0.5603052525159318,0.7088708321027288,0.9393405265532448,0.9694988220502704
50,0.5,148,3,0.1,-1.3051999612034193,0.7792720328033376,0.9052596902208218,0.9102075068997424,0.9784515808607238
50,0.5,149,1,1.0,-1.282933149392254,0.0136710504947878,0.0013173689955216,0.1991313282852546,0.4090724533912107
50,0.5,149,2,1.0,-1.282933149392254,0.5482948105716616,0.5909514420560654,0.8170682069511029,0.850096071216135
50,0.5,149,3,1.0,-1.282933149392254,0.6984319208728033,0.7143315340436315,0.8831584721432583,0.8995350391382928
50,0.5,150,1,0.01,-1.256530018533329,0.8381177810937195,0.8145383545942414,0.9743505452734834,0.6649701493688487
50,0.5,150,2,0.01,-1.256530018533329,0.8585620218965,0.8182802707473631,0.949538719838538,0.7325103062018132
50,0.5,150,3,0.01,-1.256530018533329,0.8737493992743159,0.6335550636567345,0.9574571500064796,0.6522770160176757
50,0.5,151,1,0.1,-1.2477881747796389,0.1561830384086014,0.3543896380813,0.7514726334270693,0.8992867939923767
50,0.5,151,2,0.1,-1.2477881747796389,0.3830303083335741,0.5746193376882578,0.8658812009732595,0.8389597330521628
50,0.5,151,3,0.1,-1.2477881747796389,0.6609075170930528,0.6804355290014379,0.7631852539948483,0.7937872870525476
50,0.5,152,1,1.0,-1.276925509980434,0.1505881240968872,0.1688497645573929,0.7343602253010488,0.7556511031906313
50,0.5,152,2,1.0,-1.276925509980434,0.5419896653384446,0.6229666799233411,0.8050527378125856,0.8710670621910546
50,0.5,152,3,1.0,-1.276925509980434,0.6717011119792984,0.7170028992498803,0.8854530352711693,0.9239180269576756
50,0.5,153,1,1.0,-1.2591087671081571,0.2029635987773037,0.2147248581901422,0.7298350319487233,0.7431895028318752
50,0.5,153,2,1.0,-1.2591087671081571,0.3464680323153913,0.3678959786719404,0.8576212766965501,0.8705630339590353
50,0.5,153,3,1.0,-1.2591087671081571,0.6549340439913125,0.7692483402943727,0.6727661064155518,0.7966725722366851
50,0.5,154,1,10.0,-1.2648335835339732,0.152599427190439,0.1556577095197891,0.8416838714896511,0.8641656671339117
50,0.5,154,2,10.0,-1.2648335835339732,0.6337293247226655,0.6579474487335036,0.799780460677164,0.8219562532039719
50,0.5,154,3,10.0,-1.2648335835339732,0.6654214327917215,0.6689717154379161,0.8161930255938313,0.8110392117632967
50,0.5,155,1,0.1,-1.3007102110546318,0.1108850920991614,0.2799362620339969,0.4188596538653839,0.5392516889654081
50,0.5,155,2,0.1,-1.3007102110546318,0.5273221315088925,0.651197307958867,0.9474025309019508,0.8967546746996713
50,0.5,155,3,0.1,-1.3007102110546318,0.7117722740475925,0.7494768834300184,0.8832947157052322,0.895161065106845
50,0.5,156,1,0.01,-1.2738759675228568,0.7571794699854721,0.7698642733547708,0.9465316016407628,0.8826211769690291
50,0.5,156,2,0.01,-1.2738759675228568,0.8181544756527215,0.4637750040617277,0.9463587889788492,0.6151417303226272
50,0.5,156,3,0.01,-1.2738759675228568,0.6351658766603062,0.5811484515063331,0.9930923243435228,0.9163157338970644
50,0.5,157,1,1.0,-1.2434473819023624,0.0204542936624919,0.0315888679731549,0.7143663733539636,0.7933143595567476
50,0.5,157,2,1.0,-1.2434473819023624,0.3448587539125772,0.3696156028228413,0.8262607552695489,0.8420798540013353
50,0.5,157,3,1.0,-1.2434473819023624,0.7636979063247057,0.7714225146042285,0.9332408451392888,0.9391439851170552
50,0.5,158,1,0.1,-1.2530927616437266,0.015626775970279,0.5528755256567272,0.8403871113941195,0.562308711898864
50,0.5,158,2,0.1,-1.2530927616437266,0.7556124631592704,0.8336018386611388,0.969299546601648,0.9762496249590138
50,0.5,158,3,0.1,-1.2530927616437266,0.7529055368432997,0.8008760220378118,0.9245724030378146,0.9494695493301796
50,0.5,159,1,1.0,-1.3111163720188268,0.146355918228648,0.1654556261379713,0.8028871223695706,0.8118156837864549
50,0.5,159,2,1.0,-1.3111163720188268,0.5186877907606035,0.5347542070213562,0.7738376396573486,0.7872878793702187
50,0.5,159,3,1.0,-1.3111163720188268,0.7533385760960223,0.7799915995687542,0.9095782267384848,0.9309162574849053
50,0.5,160,1,0.1,-1.2607133670115132,0.3271275559087071,0.6275480763199346,0.6396999118167587,0.8981321035720476
50,0.5,160,2,0.1,-1.2607133670115132,0.3969011331854321,0.4797468582339205,0.8829792881430681,0.9344002019599772
50,0.5,160,3,0.1,-1.2607133670115132,0.7521358983574468,0.8568573732254027,0.8541999109311696,0.9381404737799978
50,0.5,161,1,1.0,-1.2718548013502118,0.0958408102288661,0.0836178162650973,0.1336587585866711,0.1051638009050413
50,0.5,161,2,1.0,-1.2718548013502118,0.6959796848476107,0.7392585025895195,0.9124262900243792,0.9399756498952584
50,0.5,161,3,1.0,-1.2718548013502118,0.6813450203752561,0.6854625633794694,0.9527159749066364,0.9568680263504789
50,0.5,162,1,1.0,-1.2480012299026464,0.1134291139175502,0.0476088412938186,0.7527999484929538,0.4857747394275857
50,0.5,162,2,1.0,-1.2480012299026464,0.580941739021448,0.5972495728682541,0.9015936210060624,0.9118140291348168
50,0.5,162,3,1.0,-1.2480012299026464,0.6577435931651324,0.8318385804440682,0.6624442648666004,0.8703860794518329
50,0.5,163,1,0.1,-1.2698741606603308,0.2489108996639743,0.6432114749688839,0.8513231358949039,0.687117900306311
50,0.5,163,2,0.1,-1.2698741606603308,0.5262277520549568,0.604768675798452,0.8633493990892849,0.8763921223157387
50,0.5,163,3,0.1,-1.2698741606603308,0.6695384156883631,0.7608427846933149,0.9485803251449192,0.938024654377248
50,0.5,164,1,0.01,-1.2886448200383382,0.872999133598845,0.8728396146169977,0.9359756932160502,0.8870181389589503
50,0.5,164,2,0.01,-1.2886448200383382,0.5027203845934425,0.5546523211975646,0.9497520972308258,0.6197689864946156
50,0.5,164,3,0.01,-1.2886448200383382,0.7918688063656095,0.6435175067845903,0.7316629279277852,0.7155755905423297
50,0.5,165,1,1.0,-1.31535877665027,0.2367097236500484,0.3348542536736331,0.6082878468291086,0.758377516847687
50,0.5,165,2,1.0,-1.31535877665027,0.3817479678639127,0.453590885876234,0.5853595923016246,0.5504029633368438
50,0.5,165,3,1.0,-1.31535877665027,0.6963706090083819,0.7015208484929464,0.9187980818915484,0.9227116507911158
50,0.5,166,1,1.0,-1.248230227353415,0.3018586195741725,0.262233089015653,0.8651558657974487,0.9057908233521564
50,0.5,166,2,1.0,-1.248230227353415,0.557676937966689,0.5724597115993683,0.8164249734237077,0.831804535192012
50,0.5,166,3,1.0,-1.248230227353415,0.6705030698040954,0.6714521821616901,0.8998611461496182,0.9011566865740614
50,0.5,167,1,0.1,-1.290176415322107,0.1912571775269431,0.5951937072621765,0.8406949572934772,0.9592543037175548
50,0.5,167,2,0.1,-1.290176415322107,0.533532380332252,0.6267445766681989,0.9553705858899376,0.94833672944249
50,0.5,167,3,0.1,-1.290176415322107,0.6654631083317616,0.9282763269105544,0.7542607118266801,0.8449924246277436
50,0.5,168,1,1000.0,-1.293938455044093,0.1809972719129667,0.2594603096524559,0.4810286042726113,0.5647884296671001
50,0.5,168,2,1000.0,-1.293938455044093,0.7155259026181077,0.725502945470801,0.8581581321086207,0.868717314528134
50,0.5,168,3,1000.0,-1.293938455044093,0.6714056116991394,0.6716276857052352,0.9602023070248772,0.960329420238008
50,0.5,169,1,100.0,-1.2755778165597524,0.0146908416186414,0.0520846632699704,0.0025376800869381,0.0909170887676066
50,0.5,169,2,100.0,-1.2755778165597524,0.3330811250551964,0.3887525193346697,0.8396511324089173,0.8840780940556381
50,0.5,169,3,100.0,-1.2755778165597524,0.6657538209480138,0.6680331648753701,0.8116169190471214,0.8146016852352144
50,0.5,170,1,0.1,-1.2594713560953177,0.1963316719052739,0.2591140366838544,0.8093214711314803,0.8210839637779235
50,0.5,170,2,0.1,-1.2594713560953177,0.684269160546369,0.7907824995138597,0.8745588033057674,0.9380891890700824
50,0.5,170,3,0.1,-1.2594713560953177,0.7535638061078203,0.8478703235400724,0.8742224994127353,0.953054582294916
50,0.5,171,1,0.1,-1.2706458726755792,0.326581330412873,0.5308441273904049,0.7160379670350364,0.8646348830052372
50,0.5,171,2,0.1,-1.2706458726755792,0.6646402276033121,0.7348755276133703,0.9143783913646752,0.9419365778512044
50,0.5,171,3,0.1,-1.2706458726755792,0.6563633347235022,0.6509400271626204,0.9528866672709831,0.9740481434977962
50,0.5,172,1,0.1,-1.2821351672716343,0.0879812179395142,0.1457197094711385,0.8496846933939313,0.8897735076832787
50,0.5,172,2,0.1,-1.2821351672716343,0.3816374380452114,0.4315671296113649,0.7905629054918488,0.8229578062475567
50,0.5,172,3,0.1,-1.2821351672716343,0.8120075769856903,0.8518353439409528,0.9775952044969252,0.9914521764341128
50,0.5,173,1,0.1,-1.2742836110884848,0.7679231758263868,0.7669997878705119,0.9830899973327196,0.940472771015982
50,0.5,173,2,0.1,-1.2742836110884848,0.6604687250510192,0.7576830411929074,0.943222801438666,0.9591799439849428
50,0.5,173,3,0.1,-1.2742836110884848,0.7169385283476806,0.7018965938347502,0.988076781567783,0.9797369627141662
50,0.5,174,1,1000.0,-1.2762545856162089,0.1788973361903533,0.2748994230451218,0.4388372198742153,0.5724375060776327
50,0.5,174,2,1000.0,-1.2762545856162089,0.5899406252533653,0.6665760823565351,0.7313943572916506,0.7983726657436978
50,0.5,174,3,1000.0,-1.2762545856162089,0.7210026895275062,0.7263356155614155,0.911742243867134,0.9160206565774855
50,0.5,175,1,0.1,-1.285434559973841,0.1113658147775514,0.5222511915660976,0.4641525833662711,0.960618076234084
50,0.5,175,2,0.1,-1.285434559973841,0.4732863875985626,0.50982112558676,0.9468644449759668,0.9785802102658724
50,0.5,175,3,0.1,-1.285434559973841,0.6611531184284896,0.7782432468796081,0.7591186812070753,0.8929697808128116
50,0.5,176,1,0.01,-1.2666498006609035,0.0138020551019569,0.0909919527277506,0.9805806276632344,0.8349497684628021
50,0.5,176,2,0.01,-1.2666498006609035,0.6538435989298803,0.8619725791363992,0.9163265671877574,0.6942349940968968
50,0.5,176,3,0.01,-1.2666498006609035,0.7085181716924036,0.6365489745526126,0.97562260700878,0.8826990995177431
50,0.5,177,1,1.0,-1.285176360187431,0.3205405844398648,0.3230870489472116,0.8698195968334049,0.8631386412028118
50,0.5,177,2,1.0,-1.285176360187431,0.4823536595027086,0.507541651032216,0.8916123253045259,0.9016464766293412
50,0.5,177,3,1.0,-1.285176360187431,0.6642219481334616,0.6615378954854775,0.9661273470667888,0.9700722040545142
50,0.5,178,1,1.0,-1.2608006134072456,0.3405568769698985,0.5231228188034589,0.4524825885995795,0.8205318186739695
50,0.5,178,2,1.0,-1.2608006134072456,0.5963480665463885,0.621130378077311,0.821399875026195,0.828786553486583
50,0.5,178,3,1.0,-1.2608006134072456,0.6570102138577384,0.6592741756046548,0.6715917520516781,0.6703922609147944
50,0.5,179,1,0.1,-1.2752374156859314,0.3631318264283195,0.4332702811013946,0.8696019047593525,0.909118986512383
50,0.5,179,2,0.1,-1.2752374156859314,0.6052266544940919,0.8205446132387443,0.8253122318156272,0.8940056369670671
50,0.5,179,3,0.1,-1.2752374156859314,0.6896772289767824,0.7381900491896011,0.9595155663575796,0.94622660751922
50,0.5,180,1,0.1,-1.2915760900474709,0.5100446793851647,0.64977263909555,0.417385292156763,0.9617249600424344
50,0.5,180,2,0.1,-1.2915760900474709,0.5607528681003372,0.6319708862526998,0.9432283264952528,0.9760214527297304
50,0.5,180,3,0.1,-1.2915760900474709,0.6797569465212409,0.7013814082974187,0.9359221662562914,0.9249342494852452
50,0.5,181,1,0.1,-1.2934585300485018,0.0885170208742724,0.3965864495993231,0.0855048123495242,0.467002141078453
50,0.5,181,2,0.1,-1.2934585300485018,0.6277391090383049,0.693127476016736,0.880051846297175,0.9120996321164352
50,0.5,181,3,0.1,-1.2934585300485018,0.6754869647639294,0.8977635281865086,0.919475969350513,0.7632398662773795
50,0.5,182,1,1.0,-1.2575619116796164,0.1385614663462991,0.1637582342982351,0.7811840025619168,0.802944838861249
50,0.5,182,2,1.0,-1.2575619116796164,0.5735957144042892,0.6112460358395136,0.8271448178687525,0.8569290729740087
50,0.5,182,3,1.0,-1.2575619116796164,0.8654438587725483,0.8710190403684535,0.9445582928621076,0.94792216131398
50,0.5,183,1,1.0,-1.27240327402745,0.3177511251488049,0.3752023396084059,0.8285320122592167,0.8791631060283644
50,0.5,183,2,1.0,-1.27240327402745,0.4442412166978612,0.4641591855106221,0.9148298352571744,0.9302996780737623
50,0.5,183,3,1.0,-1.27240327402745,0.7310825530188064,0.7732584648323608,0.8979819434194908,0.9290791205903316
50,0.5,184,1,0.1,-1.322652582222419,0.7592440054341216,0.8235001329137924,0.9335994199442708,0.9571505204281812
50,0.5,184,2,0.1,-1.322652582222419,0.514755069694213,0.5247923573138318,0.889151793352276,0.9222609887115798
50,0.5,184,3,0.1,-1.322652582222419,0.8028003377560463,0.8658030985754084,0.9615985848467736,0.9850494340610084
50,0.5,185,1,0.1,-1.2832912082412269,0.6356213336563273,0.8579949778113215,0.7883943906861961,0.8982664824683337
50,0.5,185,2,0.1,-1.2832912082412269,0.799569081172383,0.921931145541092,0.928972709508342,0.9805266911417178
50,0.5,185,3,0.1,-1.2832912082412269,0.7557247486741119,0.7758131688881752,0.9563871735585496,0.967709150973048
50,0.5,186,1,0.1,-1.2759667456972932,0.5484601045936688,0.8288281126196922,0.7921420660184859,0.8785347077245729
50,0.5,186,2,0.1,-1.2759667456972932,0.507375907709991,0.628563628511949,0.9344426722018736,0.9766610473527972
50,0.5,186,3,0.1,-1.2759667456972932,0.6991725622018246,0.7036829126156444,0.9227234264245788,0.9326292144407512
50,0.5,187,1,10.0,-1.2527551729067927,0.2090740488197618,0.2346253900234634,0.7023483152753828,0.7875071633957417
50,0.5,187,2,10.0,-1.2527551729067927,0.5340859823337234,0.5615346840225846,0.777732873176868,0.7983859267300776
50,0.5,187,3,10.0,-1.2527551729067927,0.8399308038952515,0.8537981589434634,0.9192956649494616,0.9287522665616827
50,0.5,188,1,10.0,-1.2687932780212592,0.2155420934286092,0.1781823964202399,0.4444301124424824,0.578550739349649
50,0.5,188,2,10.0,-1.2687932780212592,0.4099661871687455,0.4418005305793582,0.8139297367134941,0.8348682302095675
50,0.5,188,3,10.0,-1.2687932780212592,0.6567461281894749,0.6617657294684961,0.7493054022345508,0.7635337033458
50,0.5,189,1,0.1,-1.271726540676691,0.1545515480752952,0.0433751855747084,0.9052094518517152,0.5015003267773587
50,0.5,189,2,0.1,-1.271726540676691,0.4733483329875166,0.6895285610234946,0.9295271466252384,0.9294799011825176
50,0.5,189,3,0.1,-1.271726540676691,0.7927388599658283,0.8219693843672792,0.9057791030494264,0.9231234955274346
50,0.5,190,1,0.1,-1.270889457630686,0.1784486229761458,0.2824562987056012,0.8758467833475821,0.9398171423595304
50,0.5,190,2,0.1,-1.270889457630686,0.3820105330325887,0.4873917572783041,0.8589970063822407,0.9146002310287143
50,0.5,190,3,0.1,-1.270889457630686,0.7067247532085824,0.8960823372677585,0.7001148554663367,0.9638224019092508
50,0.5,191,1,0.1,-1.308291246619771,0.5175268257423065,0.7717245824292307,0.5992906417882691,0.9026303078118774
50,0.5,191,2,0.1,-1.308291246619771,0.4514988184040175,0.5829486608528929,0.8723685758336087,0.9525765950683108
50,0.5,191,3,0.1,-1.308291246619771,0.6779326342472306,0.6887099651715114,0.9720964478686344,0.9766573670364526
50,0.5,192,1,0.1,-1.29221623784139,0.0456250458333893,0.6199352268109869,0.4990176271454181,0.9319264067067584
50,0.5,192,2,0.1,-1.29221623784139,0.6109153603139443,0.746659862512197,0.8888445118791217,0.9306504079401025
50,0.5,192,3,0.1,-1.29221623784139,0.6425653696575004,0.6355121615733127,0.9561333944465554,0.9365195784239774
50,0.5,193,1,0.01,-1.2952048489105297,0.5236307068800605,0.7521425787412632,0.9621151165276915,0.5703252097961308
50,0.5,193,2,0.01,-1.2952048489105297,0.7526125638031772,0.4247698445262557,0.9447127622239788,0.6386977298345882
50,0.5,193,3,0.01,-1.2952048489105297,0.6849017626696043,0.5987025232601461,0.9489295110459204,0.7200417533459064
50,0.5,194,1,0.1,-1.246278636131057,0.3061729932722103,0.0378942044748085,0.8281094080384127,0.2115063885597524
50,0.5,194,2,0.1,-1.246278636131057,0.5648061015599779,0.6793349140450387,0.9047041174986192,0.9388612187998118
50,0.5,194,3,0.1,-1.246278636131057,0.8343986236584838,0.8617358140058561,0.9219284416677784,0.9426542377730536
50,0.5,195,1,0.01,-1.2282472507339954,0.9470602661975944,0.9334414931620048,0.9907526029059002,0.920587734717719
50,0.5,195,2,0.01,-1.2282472507339954,0.8816045788899594,0.625489943996348,0.9852221941166373,0.563023211123809
50,0.5,195,3,0.01,-1.2282472507339954,0.893343751559823,0.5667080296381887,0.8349194878818623,0.654823946221791
50,0.5,196,1,1000.0,-1.302765763155166,0.0049349645220268,0.0021602325380991,0.0098233965887222,0.0885370291367663
50,0.5,196,2,1000.0,-1.302765763155166,0.4814024600842385,0.4908684729158228,0.8209056983048523,0.8295057970998748
50,0.5,196,3,1000.0,-1.302765763155166,0.7660972871691606,0.7782488862679194,0.884474921992375,0.8939950631761606
50,0.5,197,1,0.1,-1.294461964914266,0.1200722830392152,0.1832927192927342,0.4940787787034891,0.6961474226540455
50,0.5,197,2,0.1,-1.294461964914266,0.4381381219685736,0.4783954697121904,0.9573386915638528,0.9712471053057092
50,0.5,197,3,0.1,-1.294461964914266,0.6676388220591697,0.904858511677578,0.6788010053795062,0.9721989879886962
50,0.5,198,1,1.0,-1.29773153362232,0.0223441184927899,0.0096074404642164,0.0117524682118019,0.0022991637747871
50,0.5,198,2,1.0,-1.29773153362232,0.6595200685161147,0.6726475559479361,0.8900637082588232,0.9033208957761252
50,0.5,198,3,1.0,-1.29773153362232,0.6506516381086249,0.6523728281238986,0.6981733518832112,0.691638539979675
50,0.5,199,1,0.1,-1.246466661047151,0.0533948932533148,0.0729853043084387,0.5858603227079276,0.785479173665506
50,0.5,199,2,0.1,-1.246466661047151,0.4956357967178285,0.5783543679540185,0.8531808250827977,0.9022588283687102
50,0.5,199,3,0.1,-1.246466661047151,0.8548904258282511,0.9116553418064518,0.9191452023691302,0.9705917376530482
50,1.0,0,1,0.1,-1.1249990248265216,0.6520506946401179,0.7213823021674447,0.8991673348275481,0.8091895818153428
50,1.0,0,2,0.1,-1.1249990248265216,0.8269146949628559,0.8621141592782317,0.946883917971376,0.963440377773192
50,1.0,0,3,0.1,-1.1249990248265216,0.8035809439621855,0.8749531333303332,0.9653257613938112,0.9232171453883544
50,1.0,1,1,1.0,-1.151732818563955,0.2656705264334469,0.3218603599744142,0.7279448276467777,0.7777008957816229
50,1.0,1,2,1.0,-1.151732818563955,0.2579455557586504,0.2990188406659541,0.8433332207881026,0.8652033604023076
50,1.0,1,3,1.0,-1.151732818563955,0.6509000608281912,0.6509492629576111,0.9804806634712095,0.9816378922697174
50,1.0,2,1,0.1,-1.115358203958812,0.3534189052321262,0.8057118071109396,0.3735466108241297,0.8547590777415505
50,1.0,2,2,0.1,-1.115358203958812,0.8207396573667411,0.853597040362731,0.93718165270565,0.9613982052919696
50,1.0,2,3,0.1,-1.115358203958812,0.7185049045332517,0.9001479574891539,0.9819862553424832,0.8746885415158334
50,1.0,3,1,0.01,-1.13154390190874,0.82661014976253,0.9743438248713944,0.9938433900249078,0.93113120259764
50,1.0,3,2,0.01,-1.13154390190874,0.8426985139605441,0.9802132136292142,0.9936890258000428,0.918631863730863
50,1.0,3,3,0.01,-1.13154390190874,0.939822112830252,0.94507800221404,0.995684043662555,0.9835521956324684
50,1.0,4,1,0.1,-1.1218818832337567,0.0304261115160188,0.1428659318451569,0.1241303376492322,0.212039816843125
50,1.0,4,2,0.1,-1.1218818832337567,0.4810843420449938,0.6893478819914023,0.8876646740491947,0.966636735345115
50,1.0,4,3,0.1,-1.1218818832337567,0.6740115701454047,0.6843445533166852,0.9372245695756768,0.9631756385336052
50,1.0,5,1,0.1,-1.1434410872593643,0.5417449015891999,0.847440760350623,0.6259324200459352,0.973930426597131
50,1.0,5,2,0.1,-1.1434410872593643,0.4764105920168119,0.5343303976434963,0.9721651028219244,0.969212873172802
50,1.0,5,3,0.1,-1.1434410872593643,0.6811492960520247,0.6929536162271565,0.9841653983607008,0.9843785569034356
50,1.0,6,1,0.01,-1.1395895291353646,0.614732021216668,0.8982696046531116,0.9842085386968964,0.8810981409440416
50,1.0,6,2,0.01,-1.1395895291353646,0.7866713293246048,0.909902694914042,0.977813613174456,0.9300454764025516
50,1.0,6,3,0.01,-1.1395895291353646,0.8005618642202014,0.9133836485507416,0.9889285950175024,0.8755629641230858
50,1.0,7,1,0.1,-1.1556594246551175,7.883131867775703e-05,6.181765876730595e-05,0.9143434075245962,0.9598764284445894
50,1.0,7,2,0.1,-1.1556594246551175,0.5127950524641121,0.588480017467972,0.9618096018922112,0.9841926165520368
50,1.0,7,3,0.1,-1.1556594246551175,0.6600672696009369,0.7619025484325821,0.8057279618529014,0.9756808896911512
50,1.0,8,1,0.01,-1.1954781874960902,0.618420305327366,0.7986285185875164,0.9814318278660964,0.9536396367365658
50,1.0,8,2,0.01,-1.1954781874960902,0.5753917328991252,0.9019984475142886,0.9940200683077612,0.8837218308933343
50,1.0,8,3,0.01,-1.1954781874960902,0.6961038468275182,0.9658106772505864,0.971951355826598,0.7466064973183687
50,1.0,9,1,0.1,-1.1256751839017156,0.0095557676619229,0.0098746548335328,0.9754250892518648,0.9867715898050904
50,1.0,9,2,0.1,-1.1256751839017156,0.6327302238461776,0.7087115125882946,0.9397234506792532,0.9618693228895344
50,1.0,9,3,0.1,-1.1256751839017156,0.6590315726471627,0.927295988024778,0.820858138543446,0.8465330724949295
50,1.0,10,1,0.01,-1.1517304486012927,0.9186431155241792,0.9794295130083212,0.9950270796163568,0.9552694344748583
50,1.0,10,2,0.01,-1.1517304486012927,0.6140187052711931,0.8899393873153756,0.9843131276407422,0.7593711687817815
50,1.0,10,3,0.01,-1.1517304486012927,0.7482303050983666,0.6254516569883949,0.9749250137548074,0.788439243063852
50,1.0,11,1,1.0,-1.1560685714059311,0.4722195657645025,0.4787104829383544,0.9120139277247572,0.9110910287722178
50,1.0,11,2,1.0,-1.1560685714059311,0.7062973127387568,0.7190371982887174,0.9327660680620128,0.9375936992718132
50,1.0,11,3,1.0,-1.1560685714059311,0.6528770970083707,0.6547586263369635,0.6999337453542746,0.7324263505858312
50,1.0,12,1,0.1,-1.142684958536711,0.332359928358143,0.7308047063042846,0.8677602278526239,0.6850850822749749
50,1.0,12,2,0.1,-1.142684958536711,0.7750375999546203,0.8321642931828277,0.9507951932259427,0.9786802310354524
50,1.0,12,3,0.1,-1.142684958536711,0.7841182631580642,0.8923847992551691,0.8764046012987784,0.9659504102510668
50,1.0,13,1,0.1,-1.2304468886366642,0.2012627107024032,0.5800191367809548,0.8146362027293751,0.8424120007681917
50,1.0,13,2,0.1,-1.2304468886366642,0.4433080873467742,0.463242042385441,0.9484234513770268,0.973746678740754
50,1.0,13,3,0.1,-1.2304468886366642,0.7500283516366705,0.8860734540669597,0.849783468385089,0.9730752343180654
50,1.0,14,1,0.1,-1.155562545010703,0.2637425644549293,0.3111511741517104,0.8831550921083511,0.887651455518041
50,1.0,14,2,0.1,-1.155562545010703,0.7622776689653066,0.8686732704088916,0.9280804674411726,0.970810597757466
50,1.0,14,3,0.1,-1.155562545010703,0.8054943542794666,0.9070099434109098,0.9484915115013064,0.9704752659649802
50,1.0,15,1,0.1,-1.1424220522281718,0.5291956776894157,0.7422230407032154,0.7954886212349962,0.9071463619895072
50,1.0,15,2,0.1,-1.1424220522281718,0.6440597771055087,0.783036699651191,0.8712644972420571,0.9467179780800192
50,1.0,15,3,0.1,-1.1424220522281718,0.6389521427368053,0.6555322107529452,0.9573436347375917,0.874504855558318
50,1.0,16,1,0.1,-1.1318792088484997,0.529922866511917,0.745981557269241,0.8421668330904433,0.9750850057901852
50,1.0,16,2,0.1,-1.1318792088484997,0.5045585537434871,0.5138592583230429,0.6588972636399342,0.6341207116312878
50,1.0,16,3,0.1,-1.1318792088484997,0.6612489222160952,0.6632641151161842,0.9750376952728844,0.9814018730189952
50,1.0,17,1,0.1,-1.1572885582497638,0.0024919631179037,0.3280237937197998,0.0447319635697679,0.7738092074782826
50,1.0,17,2,0.1,-1.1572885582497638,0.6844095897670688,0.7511318150493418,0.929250086316688,0.9723583171733216
50,1.0,17,3,0.1,-1.1572885582497638,0.6602977524824886,0.6997237335706411,0.8352488937951422,0.7888340589259571
50,1.0,18,1,0.1,-1.1388234351212192,0.2924095892301696,0.5430372711219889,0.8650668957227405,0.976658371812143
50,1.0,18,2,0.1,-1.1388234351212192,0.5728448802196076,0.7238497283881649,0.909930297288618,0.9779449808766468
50,1.0,18,3,0.1,-1.1388234351212192,0.7752019855246562,0.9037548224002044,0.9138321546133504,0.984819155088681
50,1.0,19,1,0.1,-1.1669067869934464,3.8443276574720574e-08,0.0273713516249912,0.9722629656004184,0.9769990530150644
50,1.0,19,2,0.1,-1.1669067869934464,0.5876798234432267,0.8453629639987743,0.7617262781139049,0.9604332631353644
50,1.0,19,3,0.1,-1.1669067869934464,0.8343430917083126,0.8755444222742764,0.9604254711122436,0.977372199450278
50,1.0,20,1,0.01,-1.131908002105392,0.6639566096575839,0.9445974111758632,0.9857286088540016,0.821888010511286
50,1.0,20,2,0.01,-1.131908002105392,0.856524842881202,0.9388726886767887,0.9946637411225804,0.96117813529064
50,1.0,20,3,0.01,-1.131908002105392,0.6388570733629726,0.9197885449344192,0.9536820949720968,0.6682763630764622
50,1.0,21,1,1.0,-1.1785909288785372,0.164285250084825,0.0693043974279771,0.7822128247685969,0.9387732512131712
50,1.0,21,2,1.0,-1.1785909288785372,0.5861035083598684,0.6330000144350464,0.8635731321318614,0.8960256612998725
50,1.0,21,3,1.0,-1.1785909288785372,0.6560691390987278,0.6618865356548969,0.8371069155103475,0.8538726190420488
50,1.0,22,1,0.1,-1.1600571370387498,0.4962821104758338,0.5858899269800868,0.9823403908731908,0.9936606490461088
50,1.0,22,2,0.1,-1.1600571370387498,0.6239456634063343,0.8005282423218093,0.936687363814413,0.9662072520866852
50,1.0,22,3,0.1,-1.1600571370387498,0.6900967980221155,0.7357763521286529,0.9276016555660492,0.9637075544795768
50,1.0,23,1,0.1,-1.155700508595569,0.3697925922560963,0.5760449779705344,0.6512050206665606,0.5286754568951714
50,1.0,23,2,0.1,-1.155700508595569,0.6068230028228041,0.7272817391688274,0.9196420091124764,0.9730162637660362
50,1.0,23,3,0.1,-1.155700508595569,0.6758208024514135,0.7178674956499674,0.9323232924952044,0.9738000936789938
50,1.0,24,1,0.1,-1.1768161807702655,0.2408847608545544,0.4787178232540093,0.6087677546502144,0.3446294089288196
50,1.0,24,2,0.1,-1.1768161807702655,0.7012492635420075,0.826905406471401,0.9229248756304596,0.9848476681401804
50,1.0,24,3,0.1,-1.1768161807702655,0.769664463287352,0.7974601177051536,0.954671580242108,0.9712860838651284
50,1.0,25,1,0.1,-1.172317686298411,0.0768282177119899,0.7181076003383361,0.246741491804329,0.7741530764782811
50,1.0,25,2,0.1,-1.172317686298411,0.5701926989951306,0.8286151154041105,0.8562953159841851,0.991530828829852
50,1.0,25,3,0.1,-1.172317686298411,0.8675433926030348,0.8857313393066731,0.9899447596778516,0.993791012150413
50,1.0,26,1,0.01,-1.1596910253601,0.6116096295406865,0.9491153843181832,0.9868054979220392,0.7493392804850718
50,1.0,26,2,0.01,-1.1596910253601,0.5142851488130884,0.9654108572867284,0.971767389684996,0.5370515389422905
50,1.0,26,3,0.01,-1.1596910253601,0.8591983090256315,0.9721815544291312,0.9940299871833046,0.8344895384914266
50,1.0,27,1,0.1,-1.1886210726721882,0.5390796612934486,0.8110368102156977,0.8731724929876981,0.983292841225465
50,1.0,27,2,0.1,-1.1886210726721882,0.8391164545769071,0.925187542909332,0.9226494595998768,0.98840532175763
50,1.0,27,3,0.1,-1.1886210726721882,0.9735771129502414,0.9748514271928054,0.9943206303936896,0.994663533240408
50,1.0,28,1,0.1,-1.132137881932293,0.163938546903143,0.312507834343075,0.5346631680851263,0.785810715171472
50,1.0,28,2,0.1,-1.132137881932293,0.4915583548399171,0.5757583893613962,0.9207409162464666,0.9696183580984924
50,1.0,28,3,0.1,-1.132137881932293,0.724604597740265,0.8769447173818706,0.8098328321029378,0.9642244775154096
50,1.0,29,1,0.01,-1.1512662025506193,0.8014307997426398,0.9774501980658776,0.8822019811411242,0.9641397714524028
50,1.0,29,2,0.01,-1.1512662025506193,0.8908066980560614,0.9304573896951556,0.9874456505009924,0.9264549737166756
50,1.0,29,3,0.01,-1.1512662025506193,0.736301043104811,0.8999643730375521,0.9273081489585472,0.6892298529891856
50,1.0,30,1,0.01,-1.1380010658699635,0.7055851834894847,0.9325944507069032,0.8719374678502158,0.8032046756487057
50,1.0,30,2,0.01,-1.1380010658699635,0.7360041629939126,0.9280447777196206,0.9907918209735268,0.6788903509659621
50,1.0,30,3,0.01,-1.1380010658699635,0.9489323819172284,0.9502723945530364,0.9937202860155792,0.9687818795259222
50,1.0,31,1,0.1,-1.1641893416686484,0.1326281381320423,0.1958473379292358,0.985875708179056,0.9952286989200052
50,1.0,31,2,0.1,-1.1641893416686484,0.7966639224688994,0.870109147592925,0.9289789122682276,0.9717470521314272
50,1.0,31,3,0.1,-1.1641893416686484,0.7009264985808409,0.7958970793204775,0.9188708681277596,0.9774043203706256
50,1.0,32,1,0.1,-1.1617407743702994,0.2982406329046895,0.3753112059100336,0.9523472767971308,0.9812314632630584
50,1.0,32,2,0.1,-1.1617407743702994,0.6024130372760625,0.8502512250876098,0.9062999387145284,0.9418474927269322
50,1.0,32,3,0.1,-1.1617407743702994,0.8747292158049239,0.8914860261589252,0.974569075060065,0.9819245020121756
50,1.0,33,1,0.1,-1.149689760541289,0.0238897422725702,0.0320698767449265,0.8648717169793004,0.929569557724692
50,1.0,33,2,0.1,-1.149689760541289,0.4647350024689405,0.5034141014563152,0.9678529536194758,0.9860056940424168
50,1.0,33,3,0.1,-1.149689760541289,0.8343011443290577,0.901798287642858,0.9013503663095968,0.9672064250322632
50,1.0,34,1,0.01,-1.1482370014850385,0.9265513562706176,0.9685647424432072,0.990788708440448,0.957198630482203
50,1.0,34,2,0.01,-1.1482370014850385,0.9334369166306046,0.963873406429742,0.9895132270255552,0.9590787975144
50,1.0,34,3,0.01,-1.1482370014850385,0.6660502838264313,0.9545477449756548,0.9560710306842304,0.6679966233711511
50,1.0,35,1,0.01,-1.1521924270437425,0.3747819732820695,0.3750728042699301,0.9843093885195374,0.985924356508312
50,1.0,35,2,0.01,-1.1521924270437425,0.5674104128415147,0.9612584703471432,0.9868146230641176,0.6572803773842406
50,1.0,35,3,0.01,-1.1521924270437425,0.7449825562627829,0.9645319543262164,0.8873960539171947,0.8844584162687864
50,1.0,36,1,0.1,-1.1689225733851076,0.5294399436949366,0.8941555289504725,0.5919017087937442,0.9747830990747716
50,1.0,36,2,0.1,-1.1689225733851076,0.8082771164753157,0.8276140574113683,0.9818488858526836,0.989100021517158
50,1.0,36,3,0.1,-1.1689225733851076,0.6577447367526954,0.6927620929354852,0.8063994777129734,0.7453447026939507
50,1.0,37,1,0.01,-1.140724039363485,0.4963978027427634,0.944250295231884,0.9291078010976012,0.8294911016261924
50,1.0,37,2,0.01,-1.140724039363485,0.8385179153035662,0.9182874163587283,0.9954286992839192,0.9267877568364556
50,1.0,37,3,0.01,-1.140724039363485,0.8994154270006964,0.9064964721220796,0.9970049928345108,0.9688205816223058
50,1.0,38,1,0.01,-1.1180757385986373,0.2066247438833842,0.9679072302845748,0.4655250473474634,0.901257026631424
50,1.0,38,2,0.01,-1.1180757385986373,0.9238096000304205,0.9776081571995648,0.9896644544314316,0.9790334425467748
50,1.0,38,3,0.01,-1.1180757385986373,0.9232790060204936,0.981221065278476,0.991162882864646,0.9797579015028154
50,1.0,39,1,0.1,-1.1366434538755286,0.6633445009520919,0.7596957554268126,0.9380517929125748,0.9713978762490326
50,1.0,39,2,0.1,-1.1366434538755286,0.7448207018332198,0.8358717229845083,0.9180365713909177,0.9762760008711988
50,1.0,39,3,0.1,-1.1366434538755286,0.6616953088385794,0.6607422698534938,0.9623525838279052,0.969675075678687
50,1.0,40,1,0.1,-1.1569641064254854,0.1629553808460161,0.413708086831245,0.779566033934959,0.94883767267625
50,1.0,40,2,0.1,-1.1569641064254854,0.6946846062631238,0.7934419914586299,0.93870804494221,0.9798293679891664
50,1.0,40,3,0.1,-1.1569641064254854,0.6651918900270016,0.937996749262604,0.8349040785258665,0.9512925724663482
50,1.0,41,1,1000.0,-1.1875840799815325,0.0841833339870201,0.1577582982394581,0.3193558785262209,0.4220925821226711
50,1.0,41,2,1000.0,-1.1875840799815325,0.3705850306694524,0.3997943585194505,0.8317276636769388,0.8534380534559576
50,1.0,41,3,1000.0,-1.1875840799815325,0.6593140999937873,0.6669501785649546,0.8401823719758365,0.8551926561242732
50,1.0,42,1,0.01,-1.1658021396624367,0.6815530843462498,0.9048218011288688,0.9912090781320706,0.9855508967089874
50,1.0,42,2,0.01,-1.1658021396624367,0.8447338473003696,0.9403564077496334,0.9816845621399146,0.9852454208903818
50,1.0,42,3,0.01,-1.1658021396624367,0.7630235136743454,0.935936309016632,0.9785596087281818,0.9106891795693411
50,1.0,43,1,0.01,-1.1833838130942498,0.7497446733952053,0.9105994362034092,0.997019393329066,0.7365294010726763
50,1.0,43,2,0.01,-1.1833838130942498,0.5240858868350876,0.9594322355175272,0.8801924922343485,0.6256112055616498
50,1.0,43,3,0.01,-1.1833838130942498,0.8062802250872876,0.9027394146187524,0.9902627646279066,0.9168791205051152
50,1.0,44,1,10.0,-1.1799660011022517,0.1025093081164173,0.072085705005813,0.9134259387469484,0.9370766196536148
50,1.0,44,2,10.0,-1.1799660011022517,0.6431839570562885,0.6778032599707398,0.8446988172232386,0.8694737115623219
50,1.0,44,3,10.0,-1.1799660011022517,0.6562662601343577,0.6622885700919791,0.8142830396088866,0.8280685008967862
50,1.0,45,1,10.0,-1.154325178869471,0.39548593987033,0.3659411737713418,0.7256133823437576,0.8141476521300921
50,1.0,45,2,10.0,-1.154325178869471,0.5695516652420259,0.6106941768692876,0.7922201391672912,0.8211207058293224
50,1.0,45,3,10.0,-1.154325178869471,0.7561680752410765,0.7568861151962681,0.9594001751465604,0.9599403240051176
50,1.0,46,1,0.1,-1.1750435176972511,0.4158607171501198,0.5805709378660683,0.7734959287885853,0.949223848108814
50,1.0,46,2,0.1,-1.1750435176972511,0.5333958064711837,0.5959919903465574,0.9467909662907826,0.9729686183819966
50,1.0,46,3,0.1,-1.1750435176972511,0.8686299970156292,0.8956442284564906,0.9673556347683836,0.9808351920726054
50,1.0,47,1,0.1,-1.1591162657192169,0.7478263563366213,0.8292230422390049,0.9579903313019462,0.9875513218248804
50,1.0,47,2,0.1,-1.1591162657192169,0.378585339262129,0.668889136129736,0.4919069808385904,0.9763292874049478
50,1.0,47,3,0.1,-1.1591162657192169,0.6763552231853299,0.6858978150067038,0.982747719015766,0.9861381855907446
50,1.0,48,1,1.0,-1.1641154171050825,0.0003120069229523,0.0124162729595522,0.8692014359614377,0.9615794115534958
50,1.0,48,2,1.0,-1.1641154171050825,0.5201304494078386,0.5372853907727735,0.8331711002389661,0.8563420173707471
50,1.0,48,3,1.0,-1.1641154171050825,0.677048625989955,0.6996415034302146,0.7635847554797587,0.7934662985506008
50,1.0,49,1,0.1,-1.1410227152841566,0.5789807519606753,0.7858077894461429,0.8722482757490773,0.9835663057950051
50,1.0,49,2,0.1,-1.1410227152841566,0.3654619277410426,0.5351994725925262,0.6891640070296026,0.6868165086188115
50,1.0,49,3,0.1,-1.1410227152841566,0.6611848047286182,0.661898097113423,0.9926270334408708,0.993725044584708
50,1.0,50,1,0.1,-1.1407688892604388,0.3343854547675231,0.4437611254636903,0.9315528617924658,0.9623220638408496
50,1.0,50,2,0.1,-1.1407688892604388,0.4929172531957878,0.5831632150201487,0.9242684288346502,0.9687168451482476
50,1.0,50,3,0.1,-1.1407688892604388,0.7732749797580677,0.8427700336564293,0.905914871288375,0.9549199587611272
50,1.0,51,1,0.01,-1.1534959218101082,0.7430245133762099,0.9857117118752649,0.9936666851982434,0.9059539944827386
50,1.0,51,2,0.01,-1.1534959218101082,0.6681403521672598,0.9117680541598112,0.9885243760929828,0.6265675147291284
50,1.0,51,3,0.01,-1.1534959218101082,0.954886119712668,0.9705537442944032,0.994564690461161,0.9313406945347772
50,1.0,52,1,10.0,-1.159967068820511,0.2809330536833559,0.3187061896463929,0.6559899924407638,0.7293554234246704
50,1.0,52,2,10.0,-1.159967068820511,0.536425609577465,0.5482428773015711,0.8428469092605864,0.8501334346788714
50,1.0,52,3,10.0,-1.159967068820511,0.8125259695082149,0.8283772361420932,0.909689630060527,0.9193755319602318
50,1.0,53,1,0.01,-1.1401488928210568,0.6641795358914683,0.8844284310688059,0.9782380126311,0.908729938031772
50,1.0,53,2,0.01,-1.1401488928210568,0.8059499311171883,0.8161819199156777,0.99027078963874,0.944391804077543
50,1.0,53,3,0.01,-1.1401488928210568,0.7351593344174475,0.9572766547298656,0.9938566694249326,0.7695826387766384
50,1.0,54,1,0.1,-1.164107775855833,0.2789848200339593,0.5060717456587445,0.9131386447609082,0.9748566684744316
50,1.0,54,2,0.1,-1.164107775855833,0.6814132546767773,0.8278699157389431,0.8927008918849653,0.979809912837128
50,1.0,54,3,0.1,-1.164107775855833,0.723167681559809,0.7869490105674949,0.9371035385625518,0.972194639064739
50,1.0,55,1,1.0,-1.1569312658940794,0.0841409089502469,0.0440619347021137,0.8552838316220513,0.9082527061565466
50,1.0,55,2,1.0,-1.1569312658940794,0.4694372796414414,0.4979970589697269,0.7720269163536799,0.8029009460340748
50,1.0,55,3,1.0,-1.1569312658940794,0.6569886771432368,0.6603288938597186,0.8906915054550507,0.9019298425582136
50,1.0,56,1,0.1,-1.185562804745628,0.4410505568416437,0.0002517572403683,0.0855652074876787,0.4351608683866271
50,1.0,56,2,0.1,-1.185562804745628,0.7798702670334743,0.8263447213195868,0.9423629140718126,0.9617788152639646
50,1.0,56,3,0.1,-1.185562804745628,0.7794576486801028,0.9355347491203592,0.8772878983676106,0.9852314464713828
50,1.0,57,1,0.1,-1.1236942788422395,0.4376686799581907,0.5177676720166337,0.8285405140656037,0.9355172995367445
50,1.0,57,2,0.1,-1.1236942788422395,0.6759917079078471,0.7459130361448789,0.925644906880238,0.9528196319061074
50,1.0,57,3,0.1,-1.1236942788422395,0.6575730153885488,0.9397044392308548,0.8365441732264438,0.7064316018545106
50,1.0,58,1,0.1,-1.1382914873144827,0.027025852848376,0.324323152496699,0.2219885813769895,0.7013307743099663
50,1.0,58,2,0.1,-1.1382914873144827,0.5990626565351223,0.8182466988266996,0.8539036285854595,0.9820892121445768
50,1.0,58,3,0.1,-1.1382914873144827,0.8740581329542412,0.9310990535068102,0.9410810898671486,0.9808567371982746
50,1.0,59,1,0.01,-1.1458397085822511,0.3889393045218094,0.8658970389436884,0.6343435771984843,0.7983680520345442
50,1.0,59,2,0.01,-1.1458397085822511,0.6679728550999073,0.9548948599093928,0.9760474095043784,0.8435556748760838
50,1.0,59,3,0.01,-1.1458397085822511,0.8536586920885966,0.9217910352429648,0.974629596652715,0.9931202624854196
50,1.0,60,1,0.1,-1.1592214326151775,0.7178784307918838,0.7907851694606323,0.9485764376579215,0.97430034364375
50,1.0,60,2,0.1,-1.1592214326151775,0.5025019260614779,0.5150962965283312,0.9721028928015356,0.980877434910652
50,1.0,60,3,0.1,-1.1592214326151775,0.8976910207320149,0.92026539182864,0.975840996632423,0.9851968834745892
50,1.0,61,1,1.0,-1.1303036487363245,0.2602251000321048,0.2811267397661513,0.7988477354098371,0.8330116531997095
50,1.0,61,2,1.0,-1.1303036487363245,0.2695086803525587,0.3046335785358095,0.8719539640908144,0.8924249941411793
50,1.0,61,3,1.0,-1.1303036487363245,0.6525789752329455,0.6533560100500172,0.9429047866800286,0.9456459013893136
50,1.0,62,1,0.01,-1.1458141184621813,0.8393331180479846,0.9562256915091992,0.9896809081105896,0.9105695275514996
50,1.0,62,2,0.01,-1.1458141184621813,0.6018027576456016,0.9414897466339524,0.9172641537881514,0.8114182720220293
50,1.0,62,3,0.01,-1.1458141184621813,0.6732900547862397,0.699570585348186,0.991534669525864,0.9653117308617766
50,1.0,63,1,0.01,-1.1658786844882494,0.6877218221544915,0.9510886261730488,0.9540960462774956,0.92802654178958
50,1.0,63,2,0.01,-1.1658786844882494,0.7576650462917542,0.942748727433685,0.964453644598924,0.9616000255101174
50,1.0,63,3,0.01,-1.1658786844882494,0.8287236571211517,0.9247059219895348,0.9843875210354408,0.9297290442959608
50,1.0,64,1,0.01,-1.1587816522834449,0.3734196152223264,0.9656254758338256,0.9833042476683928,0.6181230962361656
50,1.0,64,2,0.01,-1.1587816522834449,0.4708995320916605,0.923770407600045,0.9894139443015502,0.5949278717703825
50,1.0,64,3,0.01,-1.1587816522834449,0.889075099162458,0.9471655780280468,0.9923487210950724,0.9173560936865982
50,1.0,65,1,0.1,-1.1915820600914837,0.7356054616281714,0.737673068533344,0.9260342027485032,0.97953670735132
50,1.0,65,2,0.1,-1.1915820600914837,0.6461543930265347,0.7672360744106883,0.9726820699931472,0.9876716338977808
50,1.0,65,3,0.1,-1.1915820600914837,0.8421566864604487,0.8659920168697465,0.9787988511144072,0.9884236988753988
50,1.0,66,1,0.1,-1.1782744505153675,0.263058007549049,0.3702220300496986,0.9386453686165992,0.9877451839913354
50,1.0,66,2,0.1,-1.1782744505153675,0.4824950032522875,0.5275540468770593,0.9587514041661378,0.9828100152513826
50,1.0,66,3,0.1,-1.1782744505153675,0.8353497351700708,0.908978982314346,0.93997872767922,0.9822933670402564
50,1.0,67,1,0.1,-1.122130813778762,8.367520998198186e-05,0.0083934238349864,0.9080873026485464,0.990433334205722
50,1.0,67,2,0.1,-1.122130813778762,0.4945400512684992,0.8106080132051952,0.8305061249983726,0.9628006899572128
50,1.0,67,3,0.1,-1.122130813778762,0.6545109418639811,0.6595977441711486,0.9543706091622416,0.9784141801866284
50,1.0,68,1,100.0,-1.147115056442193,0.1648439391439798,0.246787333323897,0.4285209738482342,0.8132703298277489
50,1.0,68,2,100.0,-1.147115056442193,0.3535184730123116,0.3699680507387359,0.8417756646026907,0.8559023754188939
50,1.0,68,3,100.0,-1.147115056442193,0.6716015232290625,0.6986922859725961,0.7722795495604015,0.8104348816557402
50,1.0,69,1,0.1,-1.1510592893492484,0.1825240919922109,0.2703797985234591,0.8785500586246412,0.929407411458052
50,1.0,69,2,0.1,-1.1510592893492484,0.7456447177713952,0.8849891385468509,0.8450103958603032,0.9783679681548716
50,1.0,69,3,0.1,-1.1510592893492484,0.6744332548605968,0.6852161389806968,0.9889509133366352,0.9920994832482822
50,1.0,70,1,0.01,-1.1877119568089272,0.8417617314581404,0.9153583681309356,0.7854083936025522,0.8044654608555537
50,1.0,70,2,0.01,-1.1877119568089272,0.8297158713817322,0.9414105285253812,0.9820873776998827,0.958177192252982
50,1.0,70,3,0.01,-1.1877119568089272,0.6960823362359251,0.9194872160446044,0.9822525048956194,0.8892988051074413
50,1.0,71,1,0.01,-1.1155178065523197,0.5097175658840917,0.7678020335795651,0.9133676562268488,0.902774596099654
50,1.0,71,2,0.01,-1.1155178065523197,0.466830535593619,0.8464377345034709,0.9895466009528152,0.6453026555903358
50,1.0,71,3,0.01,-1.1155178065523197,0.7779907475597746,0.8768933533310427,0.9890417536889724,0.959722511567254
50,1.0,72,1,0.01,-1.1655037094227536,0.7747683859133396,0.9291436718066496,0.9930407828790396,0.9305943086627864
50,1.0,72,2,0.01,-1.1655037094227536,0.5621223766462017,0.7654214380197696,0.993947864736053,0.9196122437645456
50,1.0,72,3,0.01,-1.1655037094227536,0.666336701747746,0.9008786971654072,0.9919457651317736,0.7834241901738395
50,1.0,73,1,10.0,-1.1300815992269098,0.1460296324630468,0.0405837371639441,0.131486712176265,0.7318230901664431
50,1.0,73,2,10.0,-1.1300815992269098,0.3922861933640592,0.4175978612208736,0.8318658447691398,0.8477722228736604
50,1.0,73,3,10.0,-1.1300815992269098,0.6447331156540483,0.6445164339275132,0.8088050327886708,0.8198581195194791
50,1.0,74,1,1.0,-1.182331549317866,0.3021426883374333,0.4456962810568998,0.4870215520888504,0.7565716242886674
50,1.0,74,2,1.0,-1.182331549317866,0.3976927458434087,0.4180826462909783,0.8651238133675507,0.8752397421419645
50,1.0,74,3,1.0,-1.182331549317866,0.6732110143678603,0.6767432294691145,0.9235133895468506,0.9310024589412992
50,1.0,75,1,0.1,-1.1495686254181523,0.740461801228713,0.8481369634502892,0.8684628208391735,0.9613132459316072
50,1.0,75,2,0.1,-1.1495686254181523,0.8306741061283773,0.90907097094178,0.944037393150616,0.9725083508183552
50,1.0,75,3,0.1,-1.1495686254181523,0.7956999318159421,0.8586800896891752,0.977925376528194,0.9917127625875094
50,1.0,76,1,0.1,-1.1769826135070665,0.0725753320637612,0.7871817625830947,0.0021619925189198,0.9261253404003492
50,1.0,76,2,0.1,-1.1769826135070665,0.6994770486895558,0.8277086038802606,0.915638373963798,0.9871655227876102
50,1.0,76,3,0.1,-1.1769826135070665,0.6862938693050903,0.6962754103679901,0.9740266668300231,0.9814429157812208
50,1.0,77,1,0.1,-1.1734808997314987,0.1613309574991727,0.28805480698107,0.8487689530823046,0.8158578139238161
50,1.0,77,2,0.1,-1.1734808997314987,0.4695525654350302,0.6276414671236277,0.920019853149319,0.9921253210808816
50,1.0,77,3,0.1,-1.1734808997314987,0.858694264878145,0.8967175767271436,0.9772750486614572,0.990718130070646
50,1.0,78,1,0.1,-1.1486587712026732,0.724211100377905,0.7896888682070953,0.9313808472702754,0.9724901099120672
50,1.0,78,2,0.1,-1.1486587712026732,0.5003521169229797,0.6122930541578921,0.8495923360227149,0.9409600585178076
50,1.0,78,3,0.1,-1.1486587712026732,0.6509862626239707,0.6733996939261662,0.9502750437814108,0.9922070481685368
50,1.0,79,1,0.01,-1.1724991628984356,0.4291068059320316,0.7139603407738329,0.979612289561886,0.7208993480964299
50,1.0,79,2,0.01,-1.1724991628984356,0.5741199178737185,0.9297807521414734,0.9935734748633896,0.786432823308736
50,1.0,79,3,0.01,-1.1724991628984356,0.9174500310986732,0.9235583529200768,0.9965528545837318,0.968591316082741
50,1.0,80,1,0.01,-1.116090984209599,0.0820567990099414,0.9062395493698122,0.716627656804831,0.5151446901755244
50,1.0,80,2,0.01,-1.116090984209599,0.8331951015168052,0.940955092671642,0.9950147299605768,0.9315277889343834
50,1.0,80,3,0.01,-1.116090984209599,0.6361743274983468,0.8900309111015403,0.996332064380339,0.7991546376740509
50,1.0,81,1,0.1,-1.1218101868800856,0.0171997859068425,0.0027711852841226,0.8744134386773948,0.709770619998484
50,1.0,81,2,0.1,-1.1218101868800856,0.520058650094359,0.6852567961717436,0.9312928467030168,0.9896526899507764
50,1.0,81,3,0.1,-1.1218101868800856,0.7102365363134049,0.777561202537768,0.8840710748305334,0.9466088859331624
50,1.0,82,1,10.0,-1.1612502259063764,0.0201586520507754,0.0184065539840599,0.0030524203982726,0.00541486474908
50,1.0,82,2,10.0,-1.1612502259063764,0.379196831030312,0.409437954578759,0.8811144376578863,0.8988634686167127
50,1.0,82,3,10.0,-1.1612502259063764,0.6556652092529215,0.6597097123798789,0.8274268227994338,0.8394489581121456
50,1.0,83,1,0.01,-1.1667229958157948,0.0003651511092744,0.9512338007658953,0.873450756068912,0.0602651384250848
50,1.0,83,2,0.01,-1.1667229958157948,0.8848686461389346,0.9675270487120812,0.983983107073467,0.956553643401992
50,1.0,83,3,0.01,-1.1667229958157948,0.8974402965583108,0.9298743911234436,0.9753153720492446,0.9668525187965978
50,1.0,84,1,0.1,-1.1559159612065877,0.0452940433224941,0.6728041254198042,0.6371532233684215,0.1187850684364254
50,1.0,84,2,0.1,-1.1559159612065877,0.4572595837271673,0.5412751102911497,0.9436129261949924,0.9909706725167556
50,1.0,84,3,0.1,-1.1559159612065877,0.7162005102610246,0.7369650378037939,0.9645966031283324,0.9748414238408754
50,1.0,85,1,0.01,-1.1732251059758187,0.6572658120619138,0.913800958223988,0.965226539902444,0.9789316291802024
50,1.0,85,2,0.01,-1.1732251059758187,0.8016043633061615,0.9334985227568338,0.9688798716475376,0.9906856056103313
50,1.0,85,3,0.01,-1.1732251059758187,0.7845490319330924,0.9461425784346954,0.7279555547412273,0.7033755357088746
50,1.0,86,1,0.01,-1.1531347063505752,0.5993894068652095,0.9126049729340996,0.9937518669155316,0.9179127085782264
50,1.0,86,2,0.01,-1.1531347063505752,0.7333212147262181,0.9430467221307826,0.9965641188887508,0.9055902378307624
50,1.0,86,3,0.01,-1.1531347063505752,0.8635397651869553,0.9530490858377916,0.9757417623576314,0.9880358698878076
50,1.0,87,1,1000.0,-1.1609488155216223,0.2872348901229259,0.3418104196934479,0.822304121063632,0.8967697721430282
50,1.0,87,2,1000.0,-1.1609488155216223,0.4693728028084107,0.4719108763821979,0.9425805832424816,0.9484290529976922
50,1.0,87,3,1000.0,-1.1609488155216223,0.8195285556028947,0.8277083371639451,0.9067327689070668,0.9118349452401274
50,1.0,88,1,0.1,-1.1529041978941186,0.2139246820544362,0.5021065170744244,0.7961851080244625,0.9230483152335136
50,1.0,88,2,0.1,-1.1529041978941186,0.3217615434400381,0.613767643195383,0.8895290224574799,0.9884210398525486
50,1.0,88,3,0.1,-1.1529041978941186,0.6497077425858692,0.6463702003563633,0.9609542753804682,0.9762686028902778
50,1.0,89,1,0.1,-1.1295968065751638,0.4560258339000922,0.6902913424487789,0.7897045556693586,0.950183176236762
50,1.0,89,2,0.1,-1.1295968065751638,0.6159632064260407,0.709674811600596,0.9469332590866908,0.9855286686951336
50,1.0,89,3,0.1,-1.1295968065751638,0.8060394270962553,0.8427132726616501,0.9747940317786252,0.9870647932736262
50,1.0,90,1,0.1,-1.1850636095374634,0.2771518487101432,0.3266629170746905,0.9745791637219884,0.9867286223574582
50,1.0,90,2,0.1,-1.1850636095374634,0.6280038546835175,0.7960782527364256,0.8385690414652884,0.9833463139686348
50,1.0,90,3,0.1,-1.1850636095374634,0.6943962174222692,0.7580170253858785,0.9753368298388572,0.9680599362047504
50,1.0,91,1,1.0,-1.1636932185983384,0.2788709229594235,0.0112190257408988,0.2692788336644658,0.050882895936751
50,1.0,91,2,1.0,-1.1636932185983384,0.717553499822851,0.745468949599241,0.8700302216518045,0.8891598019883139
50,1.0,91,3,1.0,-1.1636932185983384,0.6610271073320805,0.662411394877417,0.9559316101076072,0.958048376679686
50,1.0,92,1,0.1,-1.1508997197777755,0.3038410730195066,0.4472209502094804,0.9361351287619812,0.9902461403566556
50,1.0,92,2,0.1,-1.1508997197777755,0.5698257687778331,0.675772363994168,0.9524763088831116,0.9838579105862886
50,1.0,92,3,0.1,-1.1508997197777755,0.7651561637600959,0.8937345930407489,0.8670282406300395,0.9683197041358405
50,1.0,93,1,10.0,-1.1580451758953143,0.0384340968468831,0.0218978963701025,0.1395854986340844,0.100440081167455
50,1.0,93,2,10.0,-1.1580451758953143,0.6248583261490568,0.6731764643335583,0.7751818927151957,0.8096642351290899
50,1.0,93,3,10.0,-1.1580451758953143,0.8254819777941673,0.8284523377520693,0.9368910209971858,0.9396300915667488
50,1.0,94,1,0.01,-1.171831482431357,0.794363908873388,0.945139625651209,0.98979181249006,0.9562037262693656
50,1.0,94,2,0.01,-1.171831482431357,0.8295005277455922,0.9735840493249852,0.9922058545403446,0.9534944327291192
50,1.0,94,3,0.01,-1.171831482431357,0.6531612181706118,0.941000578108118,0.8018335032602808,0.8367838847788477
50,1.0,95,1,0.1,-1.1437130088342156,0.2045133153745159,0.5996531649699456,0.7714152163072254,0.9847813143946488
50,1.0,95,2,0.1,-1.1437130088342156,0.6584027070145344,0.7479636763526352,0.9053274745925988,0.9505137420107276
50,1.0,95,3,0.1,-1.1437130088342156,0.6724221560668857,0.8847060184616925,0.9411051173840383,0.953205007280594
50,1.0,96,1,1000.0,-1.168983393347906,0.0280188921349343,0.0262235865267278,0.0164007767691902,0.0267793219066483
50,1.0,96,2,1000.0,-1.168983393347906,0.491112146188746,0.4989266500955289,0.8448209497837991,0.853278880422756
50,1.0,96,3,1000.0,-1.168983393347906,0.8817921694712432,0.8869096764829584,0.953063260715948,0.9551821244671064
50,1.0,97,1,0.01,-1.1419149113539873,0.8915338097489991,0.983606067956444,0.9840019101832131,0.9144125125403612
50,1.0,97,2,0.01,-1.1419149113539873,0.9106632499787348,0.9509004437342392,0.9876246124353552,0.9527860807052302
50,1.0,97,3,0.01,-1.1419149113539873,0.8624750142598034,0.9069333359396357,0.9900274968490678,0.9051421234250644
50,1.0,98,1,0.1,-1.1586922182977368,0.3692245407492617,0.4687418469158446,0.9575117079862392,0.9880903009627924
50,1.0,98,2,0.1,-1.1586922182977368,0.6618416257670368,0.7239008906590605,0.9792255609832574,0.9907173905249947
50,1.0,98,3,0.1,-1.1586922182977368,0.8230882239638567,0.8689498245027526,0.9329145884841212,0.9620582945058996
50,1.0,99,1,0.1,-1.1438298616851648,0.5495849220673324,0.7338199603397096,0.868995141905106,0.9758004658087724
50,1.0,99,2,0.1,-1.1438298616851648,0.4442580950468643,0.5036958528600549,0.8819690926654703,0.9798268174591276
50,1.0,99,3,0.1,-1.1438298616851648,0.7017059651863898,0.7921959019221757,0.925466794457566,0.9720636322879485
50,1.0,100,1,0.1,-1.177456238557741,0.6636678497745134,0.7555207186119254,0.8996669802148518,0.9543093312978445
50,1.0,100,2,0.1,-1.177456238557741,0.532635366824605,0.6074096072094977,0.939988508268556,0.9703681641465416
50,1.0,100,3,0.1,-1.177456238557741,0.6780560654656961,0.7150775243597387,0.7927462130010342,0.8240683784017029
50,1.0,101,1,0.1,-1.1482328079397028,0.589959404043413,0.7643109239273446,0.826664969172329,0.9521226683504012
50,1.0,101,2,0.1,-1.1482328079397028,0.4015873596044496,0.4940404891150651,0.9219422235836892,0.9752318486814004
50,1.0,101,3,0.1,-1.1482328079397028,0.6502589381728796,0.647636092387934,0.9323877083299956,0.947568850054021
50,1.0,102,1,1.0,-1.1703116578926465,0.4102191064466969,0.4631251846799732,0.7559917042419084,0.8008540984652943
50,1.0,102,2,1.0,-1.1703116578926465,0.5871895199580955,0.6112102814516371,0.8599200920668739,0.8751555859984526
50,1.0,102,3,1.0,-1.1703116578926465,0.7892667904162857,0.8025648871862154,0.9372143080197706,0.9446184799994995
50,1.0,103,1,0.1,-1.1482098007116377,0.4019344640094748,0.6318396572149508,0.798003090697492,0.9457907825774508
50,1.0,103,2,0.1,-1.1482098007116377,0.4465243398029144,0.641605526152057,0.7745598513610488,0.9712710964831373
50,1.0,103,3,0.1,-1.1482098007116377,0.6444788856491975,0.6474114261291802,0.989523435755145,0.9876718544088552
50,1.0,104,1,0.1,-1.1619193391491105,0.4526224444753557,0.8321207793822789,0.8362890131390989,0.9001612081002729
50,1.0,104,2,0.1,-1.1619193391491105,0.8251571066281723,0.908194971616332,0.9313493284995312,0.978443058745763
50,1.0,104,3,0.1,-1.1619193391491105,0.6878711345128704,0.7516336951164236,0.986529344993302,0.992652130124958
50,1.0,105,1,0.01,-1.1751206066878543,0.9344096559138516,0.9643763672428968,0.9423449621407942,0.9724143772541436
50,1.0,105,2,0.01,-1.1751206066878543,0.8806158891728667,0.9358963847383216,0.9960512670421872,0.9901568904103122
50,1.0,105,3,0.01,-1.1751206066878543,0.8050739201063082,0.95928892441488,0.98022816247681,0.7698154818980747
50,1.0,106,1,0.01,-1.184198177748322,0.6161511873881453,0.8935419965568483,0.9676343772090464,0.7488047934076234
50,1.0,106,2,0.01,-1.184198177748322,0.7902485582488882,0.849652710780999,0.9795789641249812,0.970981641787788
50,1.0,106,3,0.01,-1.184198177748322,0.8260600192828668,0.8934958596695134,0.9883115248239142,0.9507342599747388
50,1.0,107,1,1000.0,-1.1138892544985628,0.0164792138467247,0.00063549747072,0.7068871558269116,0.9317751079177216
50,1.0,107,2,1000.0,-1.1138892544985628,0.4880042529985641,0.5027759221258205,0.859130841878183,0.8707872167885908
50,1.0,107,3,1000.0,-1.1138892544985628,0.7459920271699634,0.7685569408185188,0.8963905821409245,0.9138270879154128
50,1.0,108,1,0.001,-1.1286523420638817,0.5437657211179178,0.1874563875284718,0.9830557187472536,0.7705574727087303
50,1.0,108,2,0.001,-1.1286523420638817,0.7206993249909099,0.1479525830908288,0.9814557148565604,0.4335722861458682
50,1.0,108,3,0.001,-1.1286523420638817,0.8317928567068189,0.3408758107609864,0.9908557420950316,0.6319087610002009
50,1.0,109,1,0.01,-1.1621644996254037,0.0210787146354512,0.7826777907694166,0.4017047852629103,0.5328715947083569
50,1.0,109,2,0.01,-1.1621644996254037,0.6048413310588245,0.943862690051214,0.9777075243515638,0.7368541224558449
50,1.0,109,3,0.01,-1.1621644996254037,0.9357598061400356,0.951128610473158,0.9744846894811242,0.9897407161587812
50,1.0,110,1,0.1,-1.1481948576615548,0.008280399930639,0.0056203175945467,0.9695187663504192,0.9859341209425504
50,1.0,110,2,0.1,-1.1481948576615548,0.6604791012038655,0.8777777894152362,0.7578718459595843,0.9674548579514928
50,1.0,110,3,0.1,-1.1481948576615548,0.722480020811056,0.7736421812814518,0.9387420339727508,0.9739865105882056
50,1.0,111,1,0.01,-1.139294344252785,0.6302592993300721,0.9068359474184976,0.9798262631354664,0.943993675236994
50,1.0,111,2,0.01,-1.139294344252785,0.8396633428532384,0.9608212232375786,0.9817365643978456,0.9141199523391385
50,1.0,111,3,0.01,-1.139294344252785,0.8517050742754831,0.7986660910342072,0.9930988462907786,0.7270862634755213
50,1.0,112,1,1.0,-1.1412436172595983,0.0392362573488144,0.0028098894043375,0.0404683256242277,0.0608144684637887
50,1.0,112,2,1.0,-1.1412436172595983,0.4214542882768113,0.4390506378881399,0.8435950962715977,0.8571273636468963
50,1.0,112,3,1.0,-1.1412436172595983,0.7393043630858346,0.7778028400491466,0.8412843228822533,0.8827776950725271
50,1.0,113,1,0.01,-1.1403643766608895,0.213076006821878,0.9093227311029752,0.9771552829378872,0.5718612690216723
50,1.0,113,2,0.01,-1.1403643766608895,0.7428020502933235,0.9372405267355204,0.9760668560077516,0.8756228613833077
50,1.0,113,3,0.01,-1.1403643766608895,0.7680190590339163,0.9058666000191428,0.9794817884235956,0.9888083862746012
50,1.0,114,1,0.01,-1.1794612337317736,0.6881624226253694,0.8375805492419603,0.8896045357259517,0.7640613045628061
50,1.0,114,2,0.01,-1.1794612337317736,0.8414609743591787,0.9042858395032038,0.9923320255155028,0.9715352603679152
50,1.0,114,3,0.01,-1.1794612337317736,0.6283797121860929,0.741845553008532,0.9867566957891228,0.9024935971356032
50,1.0,115,1,0.01,-1.135916200214957,0.5154328335214601,0.8466869341223346,0.9659467170350616,0.9448921268157444
50,1.0,115,2,0.01,-1.135916200214957,0.7539552000852863,0.9470166849020702,0.988532336289339,0.9265062815717512
50,1.0,115,3,0.01,-1.135916200214957,0.8130558385001591,0.9590029905049728,0.910743627690711,0.9445930186970832
50,1.0,116,1,0.1,-1.1750018014669423,0.5590186670541872,0.8257518845167171,0.6507955520139875,0.9531474608691682
50,1.0,116,2,0.1,-1.1750018014669423,0.5504959699828799,0.5627491254480355,0.956436405646188,0.9754582746126476
50,1.0,116,3,0.1,-1.1750018014669423,0.7565339956488727,0.8132899671914027,0.9385436343327428,0.9666451695132748
50,1.0,117,1,0.01,-1.1535204238316412,0.5593812491426757,0.9665780645998876,0.9659990921907996,0.8670470244859261
50,1.0,117,2,0.01,-1.1535204238316412,0.5221158194280616,0.9525588738964876,0.9827136333774916,0.5542982215757702
50,1.0,117,3,0.01,-1.1535204238316412,0.9534266038566738,0.9640099408961136,0.985889415415533,0.9926350989917082
50,1.0,118,1,0.1,-1.158330294365984,0.0115165180111804,0.030636061763596,0.9292368429245538,0.9815103919228888
50,1.0,118,2,0.1,-1.158330294365984,0.4609635415908685,0.4845086218357464,0.8711169148686889,0.9424513832733236
50,1.0,118,3,0.1,-1.158330294365984,0.7073668102657708,0.8105317792640806,0.8928843631125217,0.9788743557635616
50,1.0,119,1,0.01,-1.135317535838487,0.8546492614553711,0.9439309529831348,0.9952224717092047,0.94936883738357
50,1.0,119,2,0.01,-1.135317535838487,0.8257621386298587,0.9457764613479818,0.9965386625334,0.930065248610167
50,1.0,119,3,0.01,-1.135317535838487,0.7124125854712919,0.9557505995238792,0.9961474258343362,0.724668302188766
50,1.0,120,1,0.01,-1.1490385069971858,0.6318647570630035,0.9934322207650956,0.8271137035811702,0.9145715277683056
50,1.0,120,2,0.01,-1.1490385069971858,0.8903877890706215,0.9781702607270713,0.99548615727581,0.8962610374174238
50,1.0,120,3,0.01,-1.1490385069971858,0.9091474214485727,0.9340772111474483,0.9980036079655,0.9175527757883088
50,1.0,121,1,0.01,-1.1267296568686167,3.6170934969435336e-05,0.8916442073983006,0.2374226674915452,0.6564394866586452
50,1.0,121,2,0.01,-1.1267296568686167,0.887018317252401,0.9031011072536788,0.9805040971243362,0.93847318724042
50,1.0,121,3,0.01,-1.1267296568686167,0.8709551595395073,0.9157248675555976,0.98786198235361,0.915811498362129
50,1.0,122,1,0.1,-1.1462106722257803,0.2803884130228418,0.0847531886728715,0.0540351861619264,0.9783201729776344
50,1.0,122,2,0.1,-1.1462106722257803,0.5583270475969221,0.7226835990368808,0.8984984251130856,0.9737290279158668
50,1.0,122,3,0.1,-1.1462106722257803,0.6682851633356127,0.9167574456833992,0.7488660674830468,0.9829035417247024
50,1.0,123,1,0.1,-1.160339033047209,0.6342139426955631,0.8040730256829273,0.8612096649638243,0.9748696133750746
50,1.0,123,2,0.1,-1.160339033047209,0.4475970505888779,0.4821946074195509,0.9245384511593472,0.9639144947361884
50,1.0,123,3,0.1,-1.160339033047209,0.6829144459554323,0.7397213964278496,0.9462142573289292,0.9815061390755316
50,1.0,124,1,1.0,-1.166286054507248,0.0728882824338204,0.0130154479526858,0.8227293382867863,0.9492393853263774
50,1.0,124,2,1.0,-1.166286054507248,0.4420446578102509,0.4859145662663238,0.8111184373511493,0.8465409302872406
50,1.0,124,3,1.0,-1.166286054507248,0.6620088890298272,0.6694955502037501,0.7500578752494879,0.7638273684329211
50,1.0,125,1,0.1,-1.170268019598292,0.1864857278524233,0.3929407483542939,0.9530092306410934,0.9725801929557848
50,1.0,125,2,0.1,-1.170268019598292,0.6389887423439482,0.72429757786318,0.9367425161469696,0.9748143210402128
50,1.0,125,3,0.1,-1.170268019598292,0.8240683402170075,0.866696426461635,0.94741590835661,0.9728876782001727
50,1.0,126,1,0.01,-1.20221524911125,0.6008227476297958,0.9680923031534532,0.9491760737961884,0.8990904605701172
50,1.0,126,2,0.01,-1.20221524911125,0.6166030626679511,0.9441834570430424,0.966642212848804,0.7626853419296591
50,1.0,126,3,0.01,-1.20221524911125,0.8222313736786678,0.7403676664775,0.9947179408279048,0.9639593219258292
50,1.0,127,1,0.1,-1.119384324698388,0.3887671677105567,0.7198755000261106,0.8160740046750771,0.9834692716035364
50,1.0,127,2,0.1,-1.119384324698388,0.6221034857430441,0.6971499433522059,0.9470064184575616,0.9784530286681944
50,1.0,127,3,0.1,-1.119384324698388,0.7749602889748558,0.8311721685188757,0.9681660623667327,0.9880024864213494
50,1.0,128,1,0.01,-1.1592591140480049,0.3215423385514904,0.3636362112893507,0.9615159823210926,0.9829191661104322
50,1.0,128,2,0.01,-1.1592591140480049,0.5500892582466932,0.8994808256426758,0.980815179107868,0.7216465793999143
50,1.0,128,3,0.01,-1.1592591140480049,0.9155999871814982,0.931387086048542,0.9845224054130458,0.9841018673960052
50,1.0,129,1,0.1,-1.1746620812546598,0.0244364581767999,0.0208893143060673,0.7663741399260549,0.9805946200836956
50,1.0,129,2,0.1,-1.1746620812546598,0.6479953749937858,0.694351467298824,0.9636127517254376,0.981440141297012
50,1.0,129,3,0.1,-1.1746620812546598,0.7301241990010389,0.9229427301293688,0.7415985513219918,0.9531916735893744
50,1.0,130,1,0.1,-1.1531599239319394,0.5545203599151354,0.6741935710962316,0.9303919131397506,0.9688498579804328
50,1.0,130,2,0.1,-1.1531599239319394,0.7581707265781896,0.8605579167662843,0.9235568516221682,0.9828469636472694
50,1.0,130,3,0.1,-1.1531599239319394,0.6568692972155614,0.6620639786362811,0.9645528963689456,0.9750838617946428
50,1.0,131,1,0.01,-1.1374707962960855,0.9277405849914724,0.9469420419069644,0.997664080625568,0.98788843080874
50,1.0,131,2,0.01,-1.1374707962960855,0.5142766798158993,0.7475352457187812,0.9942728562254388,0.9264400173606342
50,1.0,131,3,0.01,-1.1374707962960855,0.6829118834100792,0.9409713106556116,0.9751686387046204,0.7583920719016731
50,1.0,132,1,0.01,-1.1626066663122148,0.8959173545100573,0.9734422571227256,0.9955780909123236,0.9626390042710516
50,1.0,132,2,0.01,-1.1626066663122148,0.5373540321396897,0.9632012985146012,0.9884765327920174,0.5605425150134856
50,1.0,132,3,0.01,-1.1626066663122148,0.92670096818945,0.934479038822743,0.9953595147757008,0.9810905437608108
50,1.0,133,1,0.1,-1.163893673258366,0.3158638067962022,0.6425719324575828,0.8406708570384152,0.981546110364228
50,1.0,133,2,0.1,-1.163893673258366,0.3426354847775782,0.4872912218409704,0.9338126373724565,0.7307210937951136
50,1.0,133,3,0.1,-1.163893673258366,0.6861670943499725,0.6955595596215075,0.9887255578263976,0.9934271214540455
50,1.0,134,1,0.1,-1.164364028002387,0.3888798765022912,0.4836884862587516,0.9032197417639076,0.9620649250727707
50,1.0,134,2,0.1,-1.164364028002387,0.6040413487397858,0.7357788672770315,0.886431312866351,0.9596972120454212
50,1.0,134,3,0.1,-1.164364028002387,0.8277515781107038,0.8774241653976632,0.954943199909868,0.9770985586437194
50,1.0,135,1,0.01,-1.1504022707569546,0.1781697250649307,0.948742477924838,0.9833209150369278,0.3769527865120661
50,1.0,135,2,0.01,-1.1504022707569546,0.8652173221014914,0.95588789380664,0.9912589940694774,0.9694044802229808
50,1.0,135,3,0.01,-1.1504022707569546,0.9174372304965668,0.9421194931989518,0.9491371353069544,0.8364044366005352
50,1.0,136,1,0.01,-1.127983040739952,0.2305216475210142,0.9295408194369906,0.9752170715224002,0.3766718239295534
50,1.0,136,2,0.01,-1.127983040739952,0.8574059754156474,0.9458284149315452,0.992582446812841,0.9196183444590432
50,1.0,136,3,0.01,-1.127983040739952,0.7526195047003736,0.920423090294318,0.9934744216942965,0.7944836577130303
50,1.0,137,1,0.01,-1.1419098392172948,0.8291701747447372,0.9188163907036794,0.9854292879259084,0.9314478643627498
50,1.0,137,2,0.01,-1.1419098392172948,0.8021370079709169,0.9083683334923948,0.9862820907665348,0.95290066704193
50,1.0,137,3,0.01,-1.1419098392172948,0.8287378915488065,0.8364676482234542,0.993133221723819,0.9592236866766916
50,1.0,138,1,0.1,-1.1617726758639555,0.1356446857587243,0.5802208183139295,0.6566110598106037,0.8977717358018485
50,1.0,138,2,0.1,-1.1617726758639555,0.3199051361025026,0.478627277868853,0.8876437627560594,0.9838160626751074
50,1.0,138,3,0.1,-1.1617726758639555,0.6718348279541883,0.8266151942574244,0.9256038328880932,0.988410729997578
50,1.0,139,1,0.1,-1.1679364317776173,0.2549277027498451,0.304468994899821,0.7809449202168057,0.939416016022091
50,1.0,139,2,0.1,-1.1679364317776173,0.5136794104988541,0.6694440678080333,0.9029389326103188,0.9660019208975508
50,1.0,139,3,0.1,-1.1679364317776173,0.850764789027621,0.8937907318892019,0.9605570487208778,0.9815441974557996
50,1.0,140,1,1.0,-1.172139838790715,0.2922244425939093,0.3652660456566838,0.5925249701032692,0.6538417387851104
50,1.0,140,2,1.0,-1.172139838790715,0.6154547170668795,0.6580649720078333,0.8529401875630453,0.8801698389570876
50,1.0,140,3,1.0,-1.172139838790715,0.7169787276478541,0.7170693286956663,0.9637526047549788,0.9654343747584874
50,1.0,141,1,0.1,-1.1789813427245144,0.0481002175299485,0.0829735547594679,0.927752167622944,0.967008309060806
50,1.0,141,2,0.1,-1.1789813427245144,0.6594750127959781,0.7971462038035082,0.896162489146727,0.9783680660321792
50,1.0,141,3,0.1,-1.1789813427245144,0.6548695333145316,0.6527959933879007,0.9709453414962308,0.9827665374175284
50,1.0,142,1,0.1,-1.1727895228274996,0.7053000896239219,0.8406257254263474,0.8946525979532012,0.9204781105272162
50,1.0,142,2,0.1,-1.1727895228274996,0.831349135361013,0.8599344479858528,0.958822227136615,0.972430439700286
50,1.0,142,3,0.1,-1.1727895228274996,0.7752836978431029,0.8570463670519605,0.9063410670209552,0.9606855768457884
50,1.0,143,1,0.01,-1.1933117794092505,0.9246822583008978,0.9628960498501168,0.9912710744538804,0.9641403537869728
50,1.0,143,2,0.01,-1.1933117794092505,0.6714846277222555,0.7790379247101423,0.9939855879444824,0.9823221976690092
50,1.0,143,3,0.01,-1.1933117794092505,0.893822453490801,0.9061166166972264,0.9895365854719206,0.9466366269690172
50,1.0,144,1,0.1,-1.1607100763894531,0.2084827644954738,0.2419263515365138,0.956403013270182,0.8699727183097381
50,1.0,144,2,0.1,-1.1607100763894531,0.5816199312057778,0.6915242388734686,0.9648978906959644,0.9868621094274928
50,1.0,144,3,0.1,-1.1607100763894531,0.8421584870066731,0.9075243300343112,0.9109328911640264,0.9664658083519124
50,1.0,145,1,0.01,-1.1272940333358088,0.6276278640142234,0.903846226016567,0.8421709500418225,0.877027546943233
50,1.0,145,2,0.01,-1.1272940333358088,0.5228599922188637,0.9425287926463682,0.9951546609837054,0.650752878301562
50,1.0,145,3,0.01,-1.1272940333358088,0.9647080218448382,0.9599798821556584,0.976853808077646,0.9792012631108024
50,1.0,146,1,0.1,-1.1791773296212198,0.5516084647689043,0.5286518697252244,0.889269256224035,0.877162783923382
50,1.0,146,2,0.1,-1.1791773296212198,0.6848712023757275,0.7644906409453041,0.9573430912206374,0.9777979154196556
50,1.0,146,3,0.1,-1.1791773296212198,0.7262197150378191,0.7463587402519977,0.9823925214051143,0.98758828170146
50,1.0,147,1,0.1,-1.1328257992885824,0.3832219576663535,0.573563528018278,0.9387333104780744,0.9076918246101072
50,1.0,147,2,0.1,-1.1328257992885824,0.6461688997080861,0.7496795673244758,0.975724184806244,0.99092032246127
50,1.0,147,3,0.1,-1.1328257992885824,0.8725565016100384,0.9208931816221284,0.9557957843233272,0.9827614793325884
50,1.0,148,1,0.01,-1.1294465310970994,0.3461069800554455,0.9604074190915758,0.8841989855382831,0.451103113888228
50,1.0,148,2,0.01,-1.1294465310970994,0.6418413513182347,0.9251183256145185,0.9862999592283606,0.6899402926750706
50,1.0,148,3,0.01,-1.1294465310970994,0.8872518359850665,0.9438214441590091,0.9921722514179404,0.9572793338367556
50,1.0,149,1,0.1,-1.137870319005244,0.4342650167701867,0.6633017300147099,0.8273241493165249,0.9701994042903248
50,1.0,149,2,0.1,-1.137870319005244,0.6582905975859449,0.7489692791071874,0.9542253745161152,0.9836402271360254
50,1.0,149,3,0.1,-1.137870319005244,0.6533626378213505,0.6761013944582651,0.9826320740272532,0.9912147979259222
50,1.0,150,1,0.1,-1.1584749130208076,0.1541709969956639,0.4922299340904242,0.7585056209818162,0.9416198237644752
50,1.0,150,2,0.1,-1.1584749130208076,0.3563973230039615,0.5016443414986508,0.875675290443438,0.9868636156979316
50,1.0,150,3,0.1,-1.1584749130208076,0.6991936967613274,0.8189845521319724,0.8951008431947702,0.9695715512069384
50,1.0,151,1,0.1,-1.1362680391741604,0.2649508978650352,0.4990306175132516,0.771373294985373,0.9454222616478808
50,1.0,151,2,0.1,-1.1362680391741604,0.6362849070945582,0.7141789400408521,0.9364321969689022,0.9746889032021
50,1.0,151,3,0.1,-1.1362680391741604,0.6703163523536703,0.7999289613307954,0.8671946108783702,0.954322112970036
50,1.0,152,1,0.1,-1.1792186931948103,0.0390536515442207,0.1934730657962265,0.6979715546232307,0.9881694245453952
50,1.0,152,2,0.1,-1.1792186931948103,0.5384588692366188,0.5947931961420793,0.9627892695854238,0.9838481821183048
50,1.0,152,3,0.1,-1.1792186931948103,0.8402992724809241,0.8911901727398513,0.9382334821106936,0.9691825027224396
50,1.0,153,1,0.1,-1.1276366215906335,0.4585708327725053,0.7107137365554989,0.8208780793544952,0.9697316902171876
50,1.0,153,2,0.1,-1.1276366215906335,0.6091804791712094,0.6740253146571576,0.92950030765347,0.9782628191029118
50,1.0,153,3,0.1,-1.1276366215906335,0.7428570570598905,0.7971330254443755,0.9681091745437757,0.9865035067383744
50,1.0,154,1,1000.0,-1.178324213098649,0.3326534512660359,0.3878363698171138,0.7815204395677666,0.857404838377418
50,1.0,154,2,1000.0,-1.178324213098649,0.4302076400130792,0.4363852478815886,0.8653072206606847,0.877145903281682
50,1.0,154,3,1000.0,-1.178324213098649,0.6550240726908286,0.6620800842856269,0.7690970856336478,0.7863678743071071
50,1.0,155,1,0.01,-1.1551802005651466,0.6795290932708692,0.8793650561047437,0.8616292694292423,0.8045536728831445
50,1.0,155,2,0.01,-1.1551802005651466,0.5958507979808195,0.9713879358206888,0.9980609628023837,0.7328994625310764
50,1.0,155,3,0.01,-1.1551802005651466,0.9171204619317468,0.9455122254087484,0.9938334790076704,0.959360721689285
50,1.0,156,1,0.1,-1.163284125084478,0.1434924609495837,0.7934085057473658,0.3704370816896054,0.98560790198793
50,1.0,156,2,0.1,-1.163284125084478,0.6185717451682949,0.6794960503761495,0.9349817189680084,0.97659194965427
50,1.0,156,3,0.1,-1.163284125084478,0.6577059418282349,0.655982545871917,0.9072616175147828,0.9093732819204696
50,1.0,157,1,1000.0,-1.1613911180864056,0.2945893403962062,0.3871135006195445,0.5045116900976585,0.586704002916504
50,1.0,157,2,1000.0,-1.1613911180864056,0.6088454634508588,0.6516414093460315,0.7376315563357805,0.771814116831815
50,1.0,157,3,1000.0,-1.1613911180864056,0.7276172720770692,0.7296435328850133,0.943232621053356,0.9446443336333232
50,1.0,158,1,0.1,-1.1835065271557244,0.5179043848450607,0.6767025460860997,0.8861251642562391,0.9692692451459612
50,1.0,158,2,0.1,-1.1835065271557244,0.5449735727696389,0.5680772230700368,0.961915085211525,0.9724324234514063
50,1.0,158,3,0.1,-1.1835065271557244,0.7721112255979553,0.8840787672519045,0.8959318923626244,0.9754609601322436
50,1.0,159,1,1.0,-1.1191199891720285,0.1140396676998493,0.0716777483899633,0.735152365800924,0.8843068363215099
50,1.0,159,2,1.0,-1.1191199891720285,0.5895378643909525,0.6298693584869469,0.8595032299509766,0.8882043352043927
50,1.0,159,3,1.0,-1.1191199891720285,0.688253568129535,0.6949055355538217,0.9598173532492118,0.964919863355784
50,1.0,160,1,0.01,-1.1094002771838394,0.796021608606679,0.9300941799828438,0.9918391747629915,0.942970527556372
50,1.0,160,2,0.01,-1.1094002771838394,0.5780098646194985,0.9144061397422816,0.9753608839352949,0.7016742087823234
50,1.0,160,3,0.01,-1.1094002771838394,0.8544557917591638,0.8980148195064177,0.9839016152922404,0.9526801899724106
50,1.0,161,1,0.1,-1.159598666265999,0.000319001728369,0.5022982161249613,0.1493503708125103,0.8922878580744935
50,1.0,161,2,0.1,-1.159598666265999,0.59600971635136,0.741203283776672,0.8423847816978486,0.9727239179904468
50,1.0,161,3,0.1,-1.159598666265999,0.6881204757239628,0.6959835758315253,0.9820202404368302,0.985884569825696
50,1.0,162,1,1.0,-1.1631497189396265,0.016516951408839,0.0567743950097981,0.2904299960905632,0.4427888271308612
50,1.0,162,2,1.0,-1.1631497189396265,0.5028960901012222,0.5573155619466141,0.5733850092800371,0.6398055646952772
50,1.0,162,3,1.0,-1.1631497189396265,0.8270594453980499,0.8316849775944771,0.9386476363242136,0.9415399932389796
50,1.0,163,1,0.01,-1.1148731344166003,0.787697372304536,0.9906129376410991,0.9458768836081448,0.9528668137337248
50,1.0,163,2,0.01,-1.1148731344166003,0.9261637694980656,0.9649897403751876,0.9939812795239792,0.947295137461568
50,1.0,163,3,0.01,-1.1148731344166003,0.6491800948112638,0.9401338605220216,0.9903059362569532,0.6648170866594963
50,1.0,164,1,0.1,-1.1282217391060188,0.4669058937900112,0.6847699507633429,0.8369121201902152,0.9617055237956954
50,1.0,164,2,0.1,-1.1282217391060188,0.3675696769426961,0.457266730702946,0.9190367358246728,0.9772371163608886
50,1.0,164,3,0.1,-1.1282217391060188,0.6602455029747405,0.6776642568937873,0.9412588668092516,0.966210280895384
50,1.0,165,1,1.0,-1.129432378128007,0.1699935353877076,0.4025491069444374,0.4416055108536736,0.8278354880153241
50,1.0,165,2,1.0,-1.129432378128007,0.4553055884486798,0.4793243979037018,0.8156332326651845,0.8643941448791133
50,1.0,165,3,1.0,-1.129432378128007,0.7116745835931694,0.7453957829006481,0.8433787875199776,0.8749229682212776
50,1.0,166,1,0.01,-1.1803429612867118,0.6410509070751766,0.933423134325895,0.8363200344244591,0.8373971658452231
50,1.0,166,2,0.01,-1.1803429612867118,0.9213206314132946,0.9802272556933694,0.9977338123013711,0.9727832915579956
50,1.0,166,3,0.01,-1.1803429612867118,0.9435624390208904,0.9490962094579002,0.9847641317755952,0.9587519279433886
50,1.0,167,1,1.0,-1.1463568497965069,0.0019455186178433,0.0087612964370312,0.5109561909875188,0.8260829077209768
50,1.0,167,2,1.0,-1.1463568497965069,0.5088211022926306,0.5430187659658362,0.7439967049671938,0.7817114411356725
50,1.0,167,3,1.0,-1.1463568497965069,0.6734363001349664,0.6771299386877684,0.9479021613223444,0.9535805646229866
50,1.0,168,1,0.01,-1.1785668583321784,0.00186263950343,0.9051058937345344,0.7954329295872749,0.0810044186365899
50,1.0,168,2,0.01,-1.1785668583321784,0.6889718435981351,0.8772926238543446,0.9913498016949664,0.926407209192152
50,1.0,168,3,0.01,-1.1785668583321784,0.917096203806579,0.9136910926114508,0.994110051201014,0.9918967564890564
50,1.0,169,1,0.01,-1.130498502071032,0.6349416321073242,0.9243901526130592,0.9344860096406136,0.758902123229101
50,1.0,169,2,0.01,-1.130498502071032,0.875923578531348,0.9783763145480808,0.9846702626477636,0.9749122873896257
50,1.0,169,3,0.01,-1.130498502071032,0.9695901135210204,0.9424671080867418,0.9951933273036292,0.9881717815319816
50,1.0,170,1,0.01,-1.1735707083539555,0.8246157989638985,0.9442566567597336,0.9946336842492524,0.9457205871206694
50,1.0,170,2,0.01,-1.1735707083539555,0.6073580375204496,0.9406449462049208,0.8982676131908007,0.7481637680538227
50,1.0,170,3,0.01,-1.1735707083539555,0.7248402003517996,0.9315554404920332,0.9927420115017834,0.7897049547959379
50,1.0,171,1,0.1,-1.1796744530000407,0.0073736498267845,0.022001748587184,0.9677777955685888,0.9862279633983784
50,1.0,171,2,0.1,-1.1796744530000407,0.78725142703949,0.8624373307769714,0.8998539968593645,0.962806691150454
50,1.0,171,3,0.1,-1.1796744530000407,0.794409360786164,0.8547669645455583,0.9599424852995088,0.9744617420496464
50,1.0,172,1,0.1,-1.1316809794559837,0.0002436564109492,0.1451679683412307,0.6592771344875235,0.9636095197340472
50,1.0,172,2,0.1,-1.1316809794559837,0.6813720264138021,0.8348480097127846,0.9183373793464924,0.9799792692749376
50,1.0,172,3,0.1,-1.1316809794559837,0.8917004589437444,0.9058961992310514,0.9701975268449492,0.9777551515116988
50,1.0,173,1,0.01,-1.1903298642210578,0.5780463089064479,0.9866758051084294,0.9933221484918732,0.8307978839650935
50,1.0,173,2,0.01,-1.1903298642210578,0.4920631589055479,0.9799457538750552,0.9857286993081024,0.5358430843095555
50,1.0,173,3,0.01,-1.1903298642210578,0.8256454622286729,0.9712333588797444,0.9920346023154766,0.8046958678852106
50,1.0,174,1,0.01,-1.144311542993686,0.8031852410415846,0.9855585692609776,0.90682162370311,0.8969926191950508
50,1.0,174,2,0.01,-1.144311542993686,0.4991954005986627,0.8942029454412321,0.991812157789652,0.6086326987216443
50,1.0,174,3,0.01,-1.144311542993686,0.9127547391682374,0.9512270118522425,0.9942073324184064,0.9505174361127744
50,1.0,175,1,0.1,-1.1694051297658488,0.1193970346347817,0.137557952479735,0.924141322072116,0.9816307257321571
50,1.0,175,2,0.1,-1.1694051297658488,0.5233551030867672,0.5851576339964535,0.966298523399019,0.987742719080512
50,1.0,175,3,0.1,-1.1694051297658488,0.7963932769760659,0.9223407660348292,0.905276728918394,0.9855645007631312
50,1.0,176,1,0.01,-1.151994687274058,0.9383147272670695,0.9529933458291648,0.9966067492516114,0.9102373002453024
50,1.0,176,2,0.01,-1.151994687274058,0.8584052367155834,0.9352368100711054,0.9959118402912144,0.9390215907179812
50,1.0,176,3,0.01,-1.151994687274058,0.7197855746354055,0.7942337438627227,0.9965504691728676,0.9702046315355228
50,1.0,177,1,0.01,-1.147846098082822,0.5317253866126438,0.7507675213166296,0.97211445271493,0.989803704810019
50,1.0,177,2,0.01,-1.147846098082822,0.4949462380675337,0.938419823160769,0.9626459885880064,0.512338290251273
50,1.0,177,3,0.01,-1.147846098082822,0.864287865497423,0.9665847257497788,0.9486998604945774,0.992093178964848
50,1.0,178,1,0.1,-1.10984447982907,0.0748180619862664,0.0491561969474223,0.9248243059687844,0.9641186505975478
50,1.0,178,2,0.1,-1.10984447982907,0.4926019269164172,0.5767980640417533,0.9642311360975646,0.9898735681974168
50,1.0,178,3,0.1,-1.10984447982907,0.748523871560215,0.8735629407452556,0.9359595775518622,0.987761028950024
50,1.0,179,1,0.01,-1.1389981555666937,0.6163056889618762,0.8741685395006039,0.9846469990507468,0.9042039328097602
50,1.0,179,2,0.01,-1.1389981555666937,0.6605911862451208,0.9322803321467494,0.9968218765569332,0.8480860936541521
50,1.0,179,3,0.01,-1.1389981555666937,0.94749738781019,0.9324225928251906,0.9677091629848568,0.9708837830825584
50,1.0,180,1,0.1,-1.1639247007891051,0.4588269873535042,0.6243560579845637,0.9070027237400116,0.9835752709032254
50,1.0,180,2,0.1,-1.1639247007891051,0.5912787314463683,0.7069464049566739,0.9553092881929725,0.9856856984693684
50,1.0,180,3,0.1,-1.1639247007891051,0.732715212038785,0.8601666836055735,0.7728328057839916,0.903347510157108
50,1.0,181,1,1.0,-1.1607750167420037,0.026438360367827,0.1748097901851558,0.2962515280487679,0.6776332503569468
50,1.0,181,2,1.0,-1.1607750167420037,0.505047569205131,0.5321936341983132,0.851673808880252,0.8795008490393257
50,1.0,181,3,1.0,-1.1607750167420037,0.6520928033356977,0.6509716540557602,0.9563341035053572,0.9601121611826482
50,1.0,182,1,0.1,-1.1898968594472186,0.2612113180726726,0.3786919893780346,0.9531933590859594,0.9605611829209452
50,1.0,182,2,0.1,-1.1898968594472186,0.4723408186278445,0.4761573964750475,0.9697227436484924,0.9892384685647284
50,1.0,182,3,0.1,-1.1898968594472186,0.7321801267511391,0.869149816092432,0.8630455515664058,0.9812379250727524
50,1.0,183,1,0.1,-1.1721230048311555,0.2697511676760306,0.4467511341574535,0.9334639161560792,0.9842933598202356
50,1.0,183,2,0.1,-1.1721230048311555,0.5868651070672471,0.7260998585306759,0.9206837682611582,0.9870466357855362
50,1.0,183,3,0.1,-1.1721230048311555,0.7367038201265758,0.7560485819644859,0.9578468247021202,0.9690397585252544
50,1.0,184,1,0.1,-1.1967434826664587,0.004888254274099,0.0673284142946458,0.7737507734224531,0.987407058706605
50,1.0,184,2,0.1,-1.1967434826664587,0.4975256364625791,0.5740785479731462,0.8883568549986947,0.9545737080188827
50,1.0,184,3,0.1,-1.1967434826664587,0.7606934431987861,0.8336521994114902,0.8639432024081241,0.9391910610898648
50,1.0,185,1,0.01,-1.1476823785796642,0.5085868120169865,0.9530225362412282,0.9923001070630496,0.6394976035317813
50,1.0,185,2,0.01,-1.1476823785796642,0.4835598432220176,0.9498043592595508,0.948592944498116,0.5114068509528186
50,1.0,185,3,0.01,-1.1476823785796642,0.9019724356204358,0.9610067281624528,0.9854071614035362,0.9885634291641432
50,1.0,186,1,0.01,-1.1219718686899935,0.2736540159300342,0.9326945943417336,0.9390884542270084,0.7334661677043008
50,1.0,186,2,0.01,-1.1219718686899935,0.5478154938091911,0.9542844394029462,0.9619878309173032,0.5379678912698165
50,1.0,186,3,0.01,-1.1219718686899935,0.9498898637297224,0.9596832975751576,0.9861262437017002,0.9816559493035538
50,1.0,187,1,0.01,-1.1465119308592122,0.790056460367779,0.8844539566822094,0.9824905594903584,0.996711818564043
50,1.0,187,2,0.01,-1.1465119308592122,0.7089088278082079,0.9189206383588572,0.9909297323949904,0.96189342394609
50,1.0,187,3,0.01,-1.1465119308592122,0.9299851917668812,0.9290288078232022,0.8278414906405013,0.9217482259801232
50,1.0,188,1,0.1,-1.1534736441023743,0.415282074620452,0.6189704493957982,0.9039445159518984,0.9653531268316982
50,1.0,188,2,0.1,-1.1534736441023743,0.7526446907291703,0.8713852674890487,0.9731636613582456,0.9668416764745268
50,1.0,188,3,0.1,-1.1534736441023743,0.7365563585599381,0.78419512101846,0.9824195031158376,0.9907038428107376
50,1.0,189,1,0.1,-1.1629831836720472,0.2711967580358719,0.4325312089357619,0.9001733807782064,0.977820161732482
50,1.0,189,2,0.1,-1.1629831836720472,0.4245163406807944,0.4641660126509546,0.9381056981890228,0.9726656048997152
50,1.0,189,3,0.1,-1.1629831836720472,0.6666097723331099,0.918263133223519,0.7372442960090556,0.976539117231832
50,1.0,190,1,0.1,-1.1412494896151582,0.569260305479491,0.7108669543397352,0.8858946966866801,0.980651314290538
50,1.0,190,2,0.1,-1.1412494896151582,0.518558094342012,0.5708576195527877,0.9495111606210458,0.9836562805323172
50,1.0,190,3,0.1,-1.1412494896151582,0.6972962166441313,0.764733951840125,0.8541642921935768,0.9074895831640348
50,1.0,191,1,0.1,-1.158174170840952,0.3589044979786419,0.3317325374129621,0.916373091280215,0.8899522039570216
50,1.0,191,2,0.1,-1.158174170840952,0.4492448122521438,0.5078283926398568,0.9400311847940268,0.9675071046528038
50,1.0,191,3,0.1,-1.158174170840952,0.6725900631267941,0.8823276487693708,0.7920482784883288,0.950746633922914
50,1.0,192,1,0.01,-1.1751771568434597,0.66071186079352,0.9487461735931616,0.9284596380410522,0.8149514211348056
50,1.0,192,2,0.01,-1.1751771568434597,0.826158153302441,0.9413031502519328,0.9819467986991391,0.9574767247455448
50,1.0,192,3,0.01,-1.1751771568434597,0.6597143147326309,0.9228731597847776,0.9936228362748024,0.6645085825822851
50,1.0,193,1,1000.0,-1.1495913957640993,0.4350669967475046,0.4904224211100678,0.7227800343292468,0.8125452280624004
50,1.0,193,2,1000.0,-1.1495913957640993,0.5847785484008851,0.603925512585661,0.8717356937181786,0.8824632365228686
50,1.0,193,3,1000.0,-1.1495913957640993,0.6636285006216094,0.665920162506192,0.9569023146075116,0.9597889377764433
50,1.0,194,1,0.01,-1.189742835614868,0.6522371281504106,0.9527708791476268,0.6513411282771238,0.7807839409131062
50,1.0,194,2,0.01,-1.189742835614868,0.4920041442019107,0.9157066204050016,0.9902321942090064,0.6603084585019285
50,1.0,194,3,0.01,-1.189742835614868,0.7979196288902021,0.9535697867974164,0.985197401684836,0.8637682325156625
50,1.0,195,1,0.1,-1.167443719988211,0.2992910754117348,0.8262658737241617,0.3554623790566504,0.95904145953592
50,1.0,195,2,0.1,-1.167443719988211,0.7683058211438192,0.8230922941424078,0.945003340380483,0.973748617178024
50,1.0,195,3,0.1,-1.167443719988211,0.8754876717035737,0.8977315346794419,0.9846805626390426,0.9877836550900708
50,1.0,196,1,0.01,-1.156412259994725,0.1430092821445497,0.9846565792786256,0.9915484060538664,0.2329181247028064
50,1.0,196,2,0.01,-1.156412259994725,0.8459025341603146,0.9630475418044226,0.9580103514113342,0.9496075986642786
50,1.0,196,3,0.01,-1.156412259994725,0.6891286052875788,0.9071501602486154,0.9966127561783628,0.826698848673488
50,1.0,197,1,0.1,-1.0897528521089004,0.2446339908521828,0.3242655020643722,0.9322619327272488,0.9504703209593398
50,1.0,197,2,0.1,-1.0897528521089004,0.6087732570030394,0.7829619732901829,0.8630490748860321,0.9778029950989728
50,1.0,197,3,0.1,-1.0897528521089004,0.6968055619827078,0.7317447568650963,0.9396016154626124,0.9698537802986978
50,1.0,198,1,0.1,-1.1345924729899644,0.2133839020178358,0.1871007159746055,0.8884358276922272,0.943226770472256
50,1.0,198,2,0.1,-1.1345924729899644,0.4040958445461634,0.4929554814337712,0.9806690471947532,0.9897909492771192
50,1.0,198,3,0.1,-1.1345924729899644,0.6780127661653901,0.7019716177954508,0.9797346161040892,0.9840386246201732
50,1.0,199,1,1.0,-1.1726139665657245,0.3056964482031508,0.4110069486599628,0.352138560439293,0.8596867026096529
50,1.0,199,2,1.0,-1.1726139665657245,0.5268234058875766,0.535574847387666,0.8897113406892644,0.8943393377206277
50,1.0,199,3,1.0,-1.1726139665657245,0.7372746878207289,0.7899453162070319,0.8110720986340688,0.8586827729274257
50,2.0,0,1,0.01,-0.91512584940715,0.8096797897140935,0.9618539399277476,0.985065762868704,0.9514879714798388
50,2.0,0,2,0.01,-0.91512584940715,0.7740433578927044,0.9612741230171198,0.9951486638051142,0.8027129052861707
50,2.0,0,3,0.01,-0.91512584940715,0.8998727136371428,0.9802534020653956,0.9822658962240328,0.9777415788633612
50,2.0,1,1,0.01,-0.9541642443475168,0.8868743806060853,0.9673548562245852,0.991991420642352,0.9846533503912568
50,2.0,1,2,0.01,-0.9541642443475168,0.6023992223322258,0.9743008071581908,0.9978749264908672,0.6839562554548045
50,2.0,1,3,0.01,-0.9541642443475168,0.8177242538265975,0.9870185962920092,0.973072518222104,0.9410673318695664
50,2.0,2,1,0.01,-0.9651581369686684,0.7903077418168387,0.909364195395752,0.992538422545444,0.7199865889741407
50,2.0,2,2,0.01,-0.9651581369686684,0.8443758058582709,0.9638200059005124,0.9956102680094652,0.9819652350756368
50,2.0,2,3,0.01,-0.9651581369686684,0.7014491379728885,0.9850361132186948,0.9967548806410086,0.7106558735031315
50,2.0,3,1,0.01,-0.9076941140528118,0.6011386508579096,0.9091710670905592,0.9821045293329388,0.9602204609174524
50,2.0,3,2,0.01,-0.9076941140528118,0.8987170643535289,0.9787554795722214,0.9769249987728436,0.984913722459006
50,2.0,3,3,0.01,-0.9076941140528118,0.7766232423247278,0.9694993995370088,0.989058996919936,0.7736405022629572
50,2.0,4,1,0.01,-0.9693225826323928,0.8274059159765834,0.9676559516560234,0.9987122277899978,0.916103057264204
50,2.0,4,2,0.01,-0.9693225826323928,0.5436948652902955,0.9691273349248104,0.9949971648235294,0.5880559112340147
50,2.0,4,3,0.01,-0.9693225826323928,0.8879138168564333,0.9781544600535792,0.986481958921084,0.9673795970427698
50,2.0,5,1,0.01,-0.9355734948907068,0.8442614107966021,0.9506194832998492,0.9911200082532948,0.942348984057512
50,2.0,5,2,0.01,-0.9355734948907068,0.9261219646378852,0.9602849136760956,0.9942460936370732,0.9885239777584838
50,2.0,5,3,0.01,-0.9355734948907068,0.7048858982339348,0.9689962950920492,0.9865292216110364,0.7509307636289257
50,2.0,6,1,0.01,-0.9406453319641448,0.8206878838576613,0.9554086313978652,0.8811331686696954,0.8039829710693734
50,2.0,6,2,0.01,-0.9406453319641448,0.8622881663594563,0.9662215617024038,0.9864290634464246,0.9674664921390634
50,2.0,6,3,0.01,-0.9406453319641448,0.6591583511814691,0.7342184992902548,0.9875061729206246,0.9545196363544288
50,2.0,7,1,0.01,-0.9624421285617268,0.0011093860612169,0.8065800888777628,0.9900094598712896,0.1734053433628171
50,2.0,7,2,0.01,-0.9624421285617268,0.8102064506640037,0.9511168564721048,0.987148303782044,0.9566215592921684
50,2.0,7,3,0.01,-0.9624421285617268,0.7749914720623395,0.94649687618293,0.9949468533294806,0.9232476409644288
50,2.0,8,1,0.01,-0.9239302260542628,0.5170006159589229,0.9606114145942865,0.9968878854609052,0.6793516960881827
50,2.0,8,2,0.01,-0.9239302260542628,0.4834421663263279,0.927038005675056,0.9904974940458258,0.5152009449824568
50,2.0,8,3,0.01,-0.9239302260542628,0.9546951272722616,0.9709448620759312,0.9958833589006004,0.9971919360613374
50,2.0,9,1,0.01,-0.8946935130012745,0.6081279553746815,0.941581468106346,0.9842531340053255,0.9136354385514244
50,2.0,9,2,0.01,-0.8946935130012745,0.7752043244684634,0.9667705127616044,0.991652199428012,0.9094558928899216
50,2.0,9,3,0.01,-0.8946935130012745,0.951352765141197,0.976236904535842,0.9964000381098508,0.9525697237091848
50,2.0,10,1,0.01,-0.9426083905039112,0.8858085748300758,0.9537792932246028,0.9831846893091594,0.9805892724031828
50,2.0,10,2,0.01,-0.9426083905039112,0.945569194794698,0.9734428195765276,0.9933961116937122,0.995085818688276
50,2.0,10,3,0.01,-0.9426083905039112,0.7054612534555362,0.9485398222345204,0.9883562966373736,0.9149681851364674
50,2.0,11,1,0.01,-0.9496095799819856,0.5677477341607753,0.9618478323994446,0.979318881607518,0.6759124553273891
50,2.0,11,2,0.01,-0.9496095799819856,0.918698660812078,0.9709378058119156,0.964277515337732,0.9805928165249416
50,2.0,11,3,0.01,-0.9496095799819856,0.9338786401290924,0.9797454695588352,0.9938108910943236,0.9896111552168216
50,2.0,12,1,0.01,-0.955284289710196,0.6964091419568825,0.9640349100378988,0.9937583943844878,0.9130672879347534
50,2.0,12,2,0.01,-0.955284289710196,0.756263079869764,0.985491151602956,0.9952336249961324,0.8766461674544526
50,2.0,12,3,0.01,-0.955284289710196,0.8487217726071684,0.9824135670268505,0.9972150706575734,0.8183585578886573
50,2.0,13,1,0.01,-0.9693867287008654,0.8305957576571302,0.9521594824689352,0.9945066560871798,0.9718349138255814
50,2.0,13,2,0.01,-0.9693867287008654,0.7006235108499891,0.9228539209809168,0.9967343702422908,0.9318166789356636
50,2.0,13,3,0.01,-0.9693867287008654,0.7320010913874894,0.9788894604313052,0.9752510596567184,0.8612537777645047
50,2.0,14,1,0.01,-0.9730404413873044,0.1200740826489299,0.6544455499737396,0.9908968399624694,0.6549526191570338
50,2.0,14,2,0.01,-0.9730404413873044,0.5725320237464739,0.9223241129536144,0.9975841917634772,0.8085969876960133
50,2.0,14,3,0.01,-0.9730404413873044,0.9629554339650294,0.9761245484907568,0.9880963451372806,0.9936889760904312
50,2.0,15,1,0.01,-0.9363559609629132,0.8184674392668623,0.9288549053852816,0.9882593738467592,0.9761069230624868
50,2.0,15,2,0.01,-0.9363559609629132,0.8633029131277847,0.9608104702208706,0.9953790873372768,0.9779416184647196
50,2.0,15,3,0.01,-0.9363559609629132,0.8588439409194003,0.9676622509603424,0.9866105925499944,0.9788388176680156
50,2.0,16,1,0.01,-0.9181071651713032,0.9242408775330048,0.9791287744005006,0.9959303975492592,0.9764370916467344
50,2.0,16,2,0.01,-0.9181071651713032,0.4825118788796454,0.9574664760107768,0.996562229640914,0.4982283044947894
50,2.0,16,3,0.01,-0.9181071651713032,0.9098276790518416,0.9663333536545264,0.9702859467192222,0.9782760542114493
50,2.0,17,1,0.001,-0.8974105481001148,0.2494404525171491,0.8384456570984808,0.9815544488549004,0.6059240910427782
50,2.0,17,2,0.001,-0.8974105481001148,0.7514459542675482,0.9269290149794084,0.997838501862406,0.8405278312319946
50,2.0,17,3,0.001,-0.8974105481001148,0.9095276979497592,0.8337402135470257,0.99686950640422,0.9574846422572728
50,2.0,18,1,0.01,-0.8988948664061613,0.474639797253482,0.792697143277807,0.9952716689700404,0.9275528894230256
50,2.0,18,2,0.01,-0.8988948664061613,0.8339879013356457,0.9719732162885336,0.9767437061797716,0.9392681052788976
50,2.0,18,3,0.01,-0.8988948664061613,0.9539562253295092,0.9653633248644392,0.991945193242019,0.996125716490032
50,2.0,19,1,0.01,-1.0054179921551172,0.8165840727857482,0.9856401243159424,0.9951622936445256,0.9296119421943894
50,2.0,19,2,0.01,-1.0054179921551172,0.5434437985286767,0.9758704827748684,0.9933441515470104,0.5738243118910462
50,2.0,19,3,0.01,-1.0054179921551172,0.9115828742741346,0.9868144656940392,0.9946477664675818,0.9670848342940556
50,2.0,20,1,0.001,-0.9729674398040102,0.5541251050646863,0.9706465436356184,0.9955323309473756,0.8094708379287238
50,2.0,20,2,0.001,-0.9729674398040102,0.7043912264595323,0.9015052929877851,0.9933518380746508,0.8814441321497442
50,2.0,20,3,0.001,-0.9729674398040102,0.7842520697953814,0.8281073277775862,0.9958860422450304,0.9385520819967856
50,2.0,21,1,0.01,-0.9466583285066154,0.5288525497079135,0.805685815685652,0.9778601059532346,0.8677857195089967
50,2.0,21,2,0.01,-0.9466583285066154,0.8306833253191994,0.973634898657629,0.9925212068758722,0.9408163129574516
50,2.0,21,3,0.01,-0.9466583285066154,0.7098153783160533,0.9698725660938368,0.9874159768521088,0.8085887964041548
50,2.0,22,1,0.01,-0.9088057138063584,0.8636586085726494,0.9752014641301522,0.996250223988251,0.9583669534596332
50,2.0,22,2,0.01,-0.9088057138063584,0.5810212198952054,0.9706426821654536,0.9925581770193906,0.6902412127022994
50,2.0,22,3,0.01,-0.9088057138063584,0.8348585258219573,0.9694208339067304,0.9864877138887208,0.8763615625013208
50,2.0,23,1,0.01,-0.996691453252121,0.8083822948131947,0.8739330273927426,0.9935519975715644,0.9958799430987194
50,2.0,23,2,0.01,-0.996691453252121,0.8316469014782008,0.9631076549576166,0.9964501527604076,0.9695687832730798
50,2.0,23,3,0.01,-0.996691453252121,0.8496347765210409,0.9693764105909156,0.9696490705360858,0.9758410431915356
50,2.0,24,1,0.01,-0.9459764159688546,0.0278479143386539,0.1608675849293056,0.9765943541053672,0.9472807561305296
50,2.0,24,2,0.01,-0.9459764159688546,0.5165076705669039,0.9777782990830812,0.9965225051306908,0.6097167239895777
50,2.0,24,3,0.01,-0.9459764159688546,0.901416060182154,0.97359756936559,0.9982938288501826,0.9667095256501091
50,2.0,25,1,0.01,-0.9599051387411128,0.6774030153165279,0.9077445606321344,0.9807310219401676,0.9573605794264202
50,2.0,25,2,0.01,-0.9599051387411128,0.7917373690880884,0.9437687701077364,0.9954055302011128,0.954865313553545
50,2.0,25,3,0.01,-0.9599051387411128,0.7450957931325561,0.9744955224298986,0.8958259336953671,0.9072399091078854
50,2.0,26,1,0.01,-0.9778089591724264,0.8380408730197779,0.9445896373754852,0.9911652284399842,0.8969807921293348
50,2.0,26,2,0.01,-0.9778089591724264,0.8560767159003619,0.964820340886332,0.9953950445439588,0.9796390437469684
50,2.0,26,3,0.01,-0.9778089591724264,0.6756088364020636,0.9249734873560808,0.998100836886529,0.8404919673877957
50,2.0,27,1,0.01,-0.947471006609794,0.7383791827938688,0.9642522681735404,0.9881368900232694,0.9388108305361428
50,2.0,27,2,0.01,-0.947471006609794,0.887100519150767,0.9617969084211884,0.9959265851529446,0.9656253354970116
50,2.0,27,3,0.01,-0.947471006609794,0.8495399141422882,0.9609030699188228,0.9911640867729986,0.9859930622245204
50,2.0,28,1,0.01,-0.9320115148490472,0.747024792796322,0.9664298793987964,0.9413331275273012,0.9160725848219422
50,2.0,28,2,0.01,-0.9320115148490472,0.8242533520090289,0.9790876748394112,0.9908414583948838,0.9199482677057208
50,2.0,28,3,0.01,-0.9320115148490472,0.7786052769374702,0.9846877395316476,0.993635781591525,0.8007041883751196
50,2.0,29,1,0.001,-0.9174011080238836,0.003252259138109,0.975575395565751,0.9002421795692839,0.0868987506585055
50,2.0,29,2,0.001,-0.9174011080238836,0.7106629245164914,0.954917016790505,0.9962617878274088,0.7529993284130725
50,2.0,29,3,0.001,-0.9174011080238836,0.8308880638816295,0.8445867730103077,0.9962538262942232,0.9254176827835522
50,2.0,30,1,0.1,-0.9592307850850088,0.6197568202909801,0.7206511658422715,0.8689270972918847,0.9461803081897632
50,2.0,30,2,0.1,-0.9592307850850088,0.5034122575329736,0.5597938160136123,0.9649895809675076,0.990013692797107
50,2.0,30,3,0.1,-0.9592307850850088,0.6827219564742051,0.7924331980020102,0.9110270473236004,0.9835079798037126
50,2.0,31,1,0.01,-0.9370933494104114,0.8686736853217559,0.9533362410617472,0.9903453303288038,0.9568755569392364
50,2.0,31,2,0.01,-0.9370933494104114,0.50966723249276,0.5470219418856728,0.9947304181186,0.9978750761202824
50,2.0,31,3,0.01,-0.9370933494104114,0.8557847228249149,0.954281725356624,0.9727423054735568,0.9194937407190475
50,2.0,32,1,0.1,-0.910217959921113,0.5462824567851773,0.6813718998579597,0.9114422411429444,0.970727675411099
50,2.0,32,2,0.1,-0.910217959921113,0.7149869184094197,0.8382215893263207,0.8996194353273801,0.97177950420203
50,2.0,32,3,0.1,-0.910217959921113,0.826584599092667,0.869684042759136,0.9663616470255914,0.9836300890522228
50,2.0,33,1,0.01,-0.9493438649581468,0.8659808012298106,0.968442041290174,0.9943339097075116,0.9357780943499338
50,2.0,33,2,0.01,-0.9493438649581468,0.8379855125324382,0.9541099516640904,0.99755133676322,0.9825638553219488
50,2.0,33,3,0.01,-0.9493438649581468,0.6681883855367968,0.9884277406508808,0.6834474220388694,0.955198799763864
50,2.0,34,1,0.01,-0.971528108385496,0.6394318846063809,0.913680266413732,0.9946191063412344,0.968580441168448
50,2.0,34,2,0.01,-0.971528108385496,0.5545023702357184,0.8689657650702716,0.9857555022519146,0.8945866223628289
50,2.0,34,3,0.01,-0.971528108385496,0.7751460213133651,0.9719718546438836,0.9950802267742568,0.8712132075543838
50,2.0,35,1,0.01,-0.930053110993207,0.5244161908391044,0.9030555451107914,0.9928952195976858,0.8695999746081955
50,2.0,35,2,0.01,-0.930053110993207,0.5075574056142667,0.9509934342312328,0.9918426685571826,0.7101464482450904
50,2.0,35,3,0.01,-0.930053110993207,0.6573643633103642,0.9746635729659404,0.989973408081259,0.6710986234179407
50,2.0,36,1,0.01,-0.903922992702746,0.8427840276758207,0.9626687311015516,0.9876313425175852,0.9643697421879712
50,2.0,36,2,0.01,-0.903922992702746,0.7969163118728688,0.9595232395145696,0.9910113376088638,0.9580003721911392
50,2.0,36,3,0.01,-0.903922992702746,0.7756161170870947,0.9691433828794483,0.9858493118844084,0.8248782336028473
50,2.0,37,1,0.01,-0.9157531860889416,0.6121085014255222,0.9165225433355788,0.966574388543119,0.910631388490341
50,2.0,37,2,0.01,-0.9157531860889416,0.7642247160449389,0.9737919745113728,0.9840307828141914,0.8776208195603765
50,2.0,37,3,0.01,-0.9157531860889416,0.9518187098889004,0.9754448660319076,0.9901383106327232,0.9948522500264596
50,2.0,38,1,0.01,-0.9390880727514463,0.2877560314677713,0.9227435314382904,0.983215041654402,0.5413327566232284
50,2.0,38,2,0.01,-0.9390880727514463,0.6923490770495683,0.903378051168134,0.9953542387740942,0.959733198517882
50,2.0,38,3,0.01,-0.9390880727514463,0.9687433054470715,0.9751048631266578,0.9922802009972528,0.9667409569781098
50,2.0,39,1,0.01,-0.9322575422392808,0.0004675761017196,0.9198450783939208,0.9958664258897972,0.0422235479232635
50,2.0,39,2,0.01,-0.9322575422392808,0.8794561606247122,0.9706085058349772,0.996110742333972,0.8944963327512843
50,2.0,39,3,0.01,-0.9322575422392808,0.9045684295197812,0.972684639715665,0.996761661609956,0.9760872129455456
50,2.0,40,1,0.01,-0.9372912131147176,0.7264264489435447,0.969035404852594,0.9879691061217636,0.8057712395900255
50,2.0,40,2,0.01,-0.9372912131147176,0.8420430026133404,0.9621836385506222,0.9985408099029582,0.957350803677566
50,2.0,40,3,0.01,-0.9372912131147176,0.9444819215971312,0.9799070411839196,0.9969537964870764,0.9650028629506412
50,2.0,41,1,0.01,-0.951725021598736,0.3585278245416297,0.9620840956301044,0.9941581139085588,0.4996707012594019
50,2.0,41,2,0.01,-0.951725021598736,0.5172766164010609,0.9717410261274748,0.9953534924259474,0.6122129452107642
50,2.0,41,3,0.01,-0.951725021598736,0.9463242380646651,0.9795064020789552,0.9965724438279044,0.9847925378795448
50,2.0,42,1,0.01,-0.9650471646203428,0.2618120721578529,0.9207324632540876,0.991449438228162,0.586438367216482
50,2.0,42,2,0.01,-0.9650471646203428,0.5250933944480207,0.9692234670153196,0.9973331345583352,0.5285250077776923
50,2.0,42,3,0.01,-0.9650471646203428,0.8461411558827795,0.9480079073555128,0.9974012512828612,0.9865867531568804
50,2.0,43,1,0.01,-0.947212152463238,0.9553662088348538,0.9765111390952564,0.989684485143682,0.9878516633003692
50,2.0,43,2,0.01,-0.947212152463238,0.957472706131564,0.9803084848201432,0.9928587480175852,0.9925161060571708
50,2.0,43,3,0.01,-0.947212152463238,0.7502907219784459,0.9737763685270496,0.9918984757306188,0.8605938353191019
50,2.0,44,1,0.01,-0.987192761148298,0.0683742732113663,0.8741173217231659,0.9601633613908428,0.4519288081113664
50,2.0,44,2,0.01,-0.987192761148298,0.502964027480056,0.9747334160889758,0.9905818943087826,0.5879926761555289
50,2.0,44,3,0.01,-0.987192761148298,0.8472120547887542,0.981724390486784,0.9860858281093798,0.925349110822526
50,2.0,45,1,0.001,-0.976130634223294,0.4624544470988866,0.9271774735340464,0.8563960890363244,0.7908691884964465
50,2.0,45,2,0.001,-0.976130634223294,0.8565055801289017,0.9318819992990072,0.9973181722216212,0.8739039499977648
50,2.0,45,3,0.001,-0.976130634223294,0.945552090328703,0.6507737009189227,0.9984854139930172,0.6879549251882242
50,2.0,46,1,0.01,-0.9579139526211016,0.0321683146575053,0.9556656310263834,0.9536552768371116,0.0078712398638744
50,2.0,46,2,0.01,-0.9579139526211016,0.8071142700372547,0.9616137978830932,0.9974035212542652,0.9470276108955522
50,2.0,46,3,0.01,-0.9579139526211016,0.6987207734109284,0.941462506129186,0.982802603939962,0.8705815132944666
50,2.0,47,1,0.01,-0.943200666910312,0.6046543150978918,0.9019059543582162,0.9924441695408154,0.8671579031418843
50,2.0,47,2,0.01,-0.943200666910312,0.8841160255112857,0.9689941319619976,0.9954555900663242,0.9640906908799431
50,2.0,47,3,0.01,-0.943200666910312,0.8621289306867684,0.946614816556609,0.9974936134699424,0.9790716406502318
50,2.0,48,1,0.001,-0.9290086068247018,0.7026870564210319,0.9493637642760616,0.9900382625877387,0.629862392466244
50,2.0,48,2,0.001,-0.9290086068247018,0.8572089921789546,0.8125233921670602,0.9979218727255668,0.9202153498218644
50,2.0,48,3,0.001,-0.9290086068247018,0.889143564790012,0.7844801103523783,0.997712600698768,0.9821268840715286
50,2.0,49,1,0.01,-0.9670825774297728,0.94136953712703,0.973276616803137,0.9899215280295116,0.9956643357265764
50,2.0,49,2,0.01,-0.9670825774297728,0.9671534148247978,0.9843614658920956,0.9965202997454836,0.9949128335996884
50,2.0,49,3,0.01,-0.9670825774297728,0.8131119528238724,0.9763945810058676,0.997669817571226,0.8379009440217556
50,2.0,50,1,0.01,-0.972551594167389,0.632338088898893,0.9289731052063844,0.9908329898436644,0.9436985231995344
50,2.0,50,2,0.01,-0.972551594167389,0.6214706524783045,0.9692760451736502,0.9934813065069426,0.8007878789345124
50,2.0,50,3,0.01,-0.972551594167389,0.9326447191329144,0.9859690404665752,0.9914814690637752,0.9901213865444533
50,2.0,51,1,0.01,-0.9313659941293312,0.78377840745737,0.9627686575187596,0.9962721112400283,0.9481700292001396
50,2.0,51,2,0.01,-0.9313659941293312,0.8646174055108884,0.9592088726193116,0.9904182426484448,0.9846783714720906
50,2.0,51,3,0.01,-0.9313659941293312,0.8434914426399737,0.972216408396371,0.9946515881625956,0.9582630612384344
50,2.0,52,1,0.01,-0.879762556378397,0.4743164042878136,0.937120639487378,0.9488795810644468,0.8373626298003831
50,2.0,52,2,0.01,-0.879762556378397,0.6528678579589193,0.9629933514364812,0.9899941058520596,0.7745300195817368
50,2.0,52,3,0.01,-0.879762556378397,0.9566421048530832,0.977361836078944,0.9951554754346792,0.98318174994802
50,2.0,53,1,0.01,-0.9524681686249612,0.4580746933852685,0.8890826438151892,0.9861657405102392,0.8663325163885254
50,2.0,53,2,0.01,-0.9524681686249612,0.5936043222826438,0.950339949254215,0.990988073428055,0.7816124485083935
50,2.0,53,3,0.01,-0.9524681686249612,0.9218646241587344,0.9685357825090598,0.9919230697161624,0.989446980555996
50,2.0,54,1,0.01,-0.9258671363685452,0.1612377432197532,0.946656322502631,0.9547750952021472,0.6567347901690296
50,2.0,54,2,0.01,-0.9258671363685452,0.5936369755743278,0.9589344828285912,0.99612926243123,0.8459447459221424
50,2.0,54,3,0.01,-0.9258671363685452,0.9733045938499324,0.9807732564594476,0.9965902328758288,0.9954371811539874
50,2.0,55,1,0.01,-0.9453920902626672,0.832348612188283,0.9515554655251456,0.9961138705148632,0.9507399152565414
50,2.0,55,2,0.01,-0.9453920902626672,0.8164317861083028,0.9152651236767452,0.996425918841046,0.9877109345460362
50,2.0,55,3,0.01,-0.9453920902626672,0.7483791163928412,0.976853696708804,0.9907550124526576,0.8059022739249054
50,2.0,56,1,0.01,-0.9511776391260874,0.5436233235038133,0.9552853911179546,0.9890085485578876,0.7142543519099523
50,2.0,56,2,0.01,-0.9511776391260874,0.8622233354863466,0.9625510554934936,0.9927553788053732,0.9081702665300646
50,2.0,56,3,0.01,-0.9511776391260874,0.9585331819407882,0.9703614608892112,0.995759947309757,0.9966930931266744
50,2.0,57,1,0.01,-0.886561132355732,0.64226694815522,0.9306942721962292,0.9811328821874294,0.9316519083169608
50,2.0,57,2,0.01,-0.886561132355732,0.6259853455174352,0.8990825913032412,0.9925784541848288,0.8741006671924232
50,2.0,57,3,0.01,-0.886561132355732,0.8346323248030938,0.9667006817722776,0.9837319993857088,0.92398818358523
50,2.0,58,1,0.01,-0.9337966723160648,0.8507405017038739,0.9421360947184594,0.9903839976237688,0.983897919638354
50,2.0,58,2,0.01,-0.9337966723160648,0.8128586745653761,0.943813679213004,0.9931034985405084,0.9563494651239794
50,2.0,58,3,0.01,-0.9337966723160648,0.8037791086325657,0.954514416124535,0.989992505878416,0.9610913763164368
50,2.0,59,1,0.01,-0.9614233183835904,0.7229423157725176,0.9458692742140168,0.9891851894029638,0.8918598812397099
50,2.0,59,2,0.01,-0.9614233183835904,0.7981019042584341,0.964525581741267,0.996633768432184,0.8815077667656146
50,2.0,59,3,0.01,-0.9614233183835904,0.891157027597299,0.9778357019781287,0.9887073377866696,0.9828831298261228
50,2.0,60,1,0.01,-0.9539860679886816,0.3762330337685944,0.9672136318371708,0.9861761573594724,0.6702743268577854
50,2.0,60,2,0.01,-0.9539860679886816,0.815335930374969,0.9801263984158336,0.994512694863794,0.77876454452809
50,2.0,60,3,0.01,-0.9539860679886816,0.9729125836339392,0.9799541172169204,0.9976540304337514,0.9943426707641329
50,2.0,61,1,0.01,-0.9347339993193816,0.9091756026114683,0.9541904589181616,0.9900290006639518,0.9811883021426032
50,2.0,61,2,0.01,-0.9347339993193816,0.9411653521612846,0.9606444230525024,0.9953731196061558,0.9959444835784992
50,2.0,61,3,0.01,-0.9347339993193816,0.6618628471674806,0.9682251778661892,0.9929992166264612,0.6728385672645958
50,2.0,62,1,0.01,-0.984726442229558,0.6774172927360885,0.9291020220905316,0.9892709793500278,0.9106997651962224
50,2.0,62,2,0.01,-0.984726442229558,0.8101482781697146,0.954684399796954,0.9919354096905236,0.9588297525147907
50,2.0,62,3,0.01,-0.984726442229558,0.8424970470594744,0.9566387131606549,0.9865840130799876,0.9881099291385712
50,2.0,63,1,0.001,-0.9303332976224302,0.641351875797937,0.8643482934135847,0.9978010087829288,0.891631066088766
50,2.0,63,2,0.001,-0.9303332976224302,0.8544951355673951,0.9059082190145809,0.9951860407058036,0.9440757987841204
50,2.0,63,3,0.001,-0.9303332976224302,0.6600077333054756,0.7371850878389051,0.9921099631261792,0.6739985564218248
50,2.0,64,1,0.01,-0.9726899543692664,0.5450524947296734,0.962365605136587,0.9674121993418588,0.7427037372310946
50,2.0,64,2,0.01,-0.9726899543692664,0.8354382043253685,0.9631837787016452,0.985307046054926,0.9650249708233472
50,2.0,64,3,0.01,-0.9726899543692664,0.679657616283258,0.9765505344248256,0.958535038857098,0.769900293279059
50,2.0,65,1,0.1,-0.980366632913416,0.1506942588868348,0.3527371537276798,0.8871109468644879,0.990723237375364
50,2.0,65,2,0.1,-0.980366632913416,0.6573936909238663,0.7395355603965965,0.9446870606196954,0.9864849483866572
50,2.0,65,3,0.1,-0.980366632913416,0.6594641342096403,0.6655223371191011,0.9637891147451428,0.9656907364524958
50,2.0,66,1,0.01,-0.9065685398533968,0.6672874615391992,0.948311515257155,0.9888424248767618,0.8904741262729402
50,2.0,66,2,0.01,-0.9065685398533968,0.8787896010644255,0.9805443416789996,0.9909537833271164,0.9579498568894786
50,2.0,66,3,0.01,-0.9065685398533968,0.9039112144318204,0.9758306189546158,0.9966879336004532,0.8975707917548593
50,2.0,67,1,0.01,-0.9259067189451348,0.2317589514646545,0.9431192715959328,0.9691161238184156,0.4864666780394791
50,2.0,67,2,0.01,-0.9259067189451348,0.4466498300872797,0.9611789383308734,0.9869350551007394,0.5179938497917769
50,2.0,67,3,0.01,-0.9259067189451348,0.8711413947251444,0.9707503704534298,0.9916823015795478,0.9357800777891594
50,2.0,68,1,0.01,-0.955074801908019,0.8279889161170577,0.9485795356846182,0.9946276613295724,0.963573945652506
50,2.0,68,2,0.01,-0.955074801908019,0.8519815788951981,0.9625627663420656,0.9903559265076524,0.9721861881919142
50,2.0,68,3,0.01,-0.955074801908019,0.6567792297970306,0.9611130319525144,0.9828968672789916,0.6791239094085314
50,2.0,69,1,0.01,-0.9608002116030812,0.3804844991344795,0.9647924020091834,0.978342458340998,0.6317731365679764
50,2.0,69,2,0.01,-0.9608002116030812,0.8936938043981428,0.9708379404904952,0.9945728448123656,0.9766964209926654
50,2.0,69,3,0.01,-0.9608002116030812,0.8205285059469505,0.9708753543801556,0.9955565635061654,0.8759747615151247
50,2.0,70,1,0.01,-0.9450548204018508,0.3219302175179017,0.9204185622013747,0.9639340146728536,0.7696652159504009
50,2.0,70,2,0.01,-0.9450548204018508,0.4901802533337105,0.9863265030707504,0.996228674657758,0.4914908089084578
50,2.0,70,3,0.01,-0.9450548204018508,0.938703331270235,0.9878218401901694,0.9887650280982028,0.971398336388961
50,2.0,71,1,0.001,-0.9503439358410783,0.509107016142521,0.9458891217930736,0.995747927020234,0.5982968763859466
50,2.0,71,2,0.001,-0.9503439358410783,0.5138333358979219,0.8642486721033626,0.9964665499933504,0.5311750383516385
50,2.0,71,3,0.001,-0.9503439358410783,0.8828872130644275,0.8918322612180672,0.9982934072043248,0.9440681918537918
50,2.0,72,1,0.1,-0.9324941595187308,0.1815858943532375,0.2272443275923851,0.9716310970632268,0.988386644565256
50,2.0,72,2,0.1,-0.9324941595187308,0.6938011718616366,0.8186739833524947,0.9223436924136804,0.9791589608283952
50,2.0,72,3,0.1,-0.9324941595187308,0.8934284191772809,0.9077483166457088,0.97822808106182,0.983974354988722
50,2.0,73,1,0.01,-0.9212945187820204,0.0396853860145624,0.9512477887131976,0.9444674090032956,0.0012117658206301
50,2.0,73,2,0.01,-0.9212945187820204,0.9464369305558972,0.9679481688943457,0.9866992440149936,0.9838253078068367
50,2.0,73,3,0.01,-0.9212945187820204,0.8006962650384358,0.9560591503790328,0.99374803553453,0.8935867638564728
50,2.0,74,1,0.01,-0.9536043666735284,0.0022056808913848,0.3224781364832721,0.9769433629986256,0.5868333274005781
50,2.0,74,2,0.01,-0.9536043666735284,0.8707816861119303,0.9553807446283064,0.9970375143686284,0.9855068850611358
50,2.0,74,3,0.01,-0.9536043666735284,0.7946244001632103,0.9847429134471066,0.97433577917626,0.9224340418104164
50,2.0,75,1,0.01,-0.9340221036681484,0.157116310496034,0.9239687898393592,0.9969673035234204,0.3433802432641157
50,2.0,75,2,0.01,-0.9340221036681484,0.7881254373763174,0.966082220380056,0.9898191413249836,0.8900738851486434
50,2.0,75,3,0.01,-0.9340221036681484,0.9043288933953112,0.962144727189332,0.9925649865586118,0.9884476002968248
50,2.0,76,1,0.01,-0.961919963595844,0.8991008523932462,0.9571864257556156,0.9964888291038936,0.9952444515228704
50,2.0,76,2,0.01,-0.961919963595844,0.8132190005206619,0.96305564869402,0.9968115958885432,0.961853612996181
50,2.0,76,3,0.01,-0.961919963595844,0.869219497717407,0.9763241771082258,0.846611996471493,0.9932034315144928
50,2.0,77,1,0.01,-0.9146302196897196,0.836556679187095,0.9696903568582516,0.982871257645326,0.8753524577734157
50,2.0,77,2,0.01,-0.9146302196897196,0.9377046742229628,0.9737621487667824,0.9967378237515756,0.9748631562193676
50,2.0,77,3,0.01,-0.9146302196897196,0.9309807613732156,0.9739179349658716,0.9956745240822464,0.9971204073761162
50,2.0,78,1,0.01,-0.8632894838984378,0.1645696467593383,0.9625804980156248,0.9921754767461242,0.4152898453389874
50,2.0,78,2,0.01,-0.8632894838984378,0.7947077062199194,0.9745824604669768,0.9923230212619532,0.9063966143231406
50,2.0,78,3,0.01,-0.8632894838984378,0.9642641256083978,0.9722030900005878,0.9953921834269416,0.9921787248452996
50,2.0,79,1,0.01,-0.9193940439630864,0.5367595125937572,0.9523620722415,0.9098651338721916,0.7349034372503251
50,2.0,79,2,0.01,-0.9193940439630864,0.927243113438616,0.96857043836184,0.9911894977714868,0.9929807222878552
50,2.0,79,3,0.01,-0.9193940439630864,0.7572368468763747,0.9738672786516008,0.9573249878347668,0.8653390715003703
50,2.0,80,1,0.01,-0.967032081623925,0.6531542736319239,0.9287898172516388,0.9853168894980248,0.895652999163295
50,2.0,80,2,0.01,-0.967032081623925,0.5743727433794144,0.960046349971623,0.9729381807402326,0.553241813102928
50,2.0,80,3,0.01,-0.967032081623925,0.8618805842012566,0.9607403710348718,0.9847003095929928,0.983714662500626
50,2.0,81,1,0.1,-0.9480950032106517,0.5874154784415986,0.7802963137493976,0.8752160617189325,0.941632390611882
50,2.0,81,2,0.1,-0.9480950032106517,0.7851643374980635,0.8458161136186899,0.9683250975842008,0.989249403609636
50,2.0,81,3,0.1,-0.9480950032106517,0.7521633288775708,0.8144650590557129,0.973037215594385,0.9914507295303494
50,2.0,82,1,0.1,-0.9287183722068,0.1299273212390341,0.1527020621517692,0.9791576687088088,0.9895764357248148
50,2.0,82,2,0.1,-0.9287183722068,0.527839173495995,0.6681675904311456,0.940888496561592,0.9923542942506034
50,2.0,82,3,0.1,-0.9287183722068,0.7452766781599108,0.9101961404670732,0.8342611358751384,0.9774131916713138
50,2.0,83,1,0.01,-0.9254762663639532,0.8044701841194394,0.9684481281802052,0.9804540899218188,0.961693412633466
50,2.0,83,2,0.01,-0.9254762663639532,0.8738442771080231,0.9804274471603704,0.987272425447765,0.9744312447442888
50,2.0,83,3,0.01,-0.9254762663639532,0.7433911426404975,0.9811761749410004,0.9978504031713024,0.7943351911601995
50,2.0,84,1,0.001,-0.9575051820442544,0.7132987594902275,0.9611129771813968,0.9916317072975948,0.7347194164777755
50,2.0,84,2,0.001,-0.9575051820442544,0.8309384276973996,0.913725141659148,0.9940551481680344,0.8830304316929036
50,2.0,84,3,0.001,-0.9575051820442544,0.8524937869629355,0.8165023326017211,0.997753497245451,0.8553913748088058
50,2.0,85,1,0.01,-0.9477895897213218,0.7716606182525533,0.9635172432275942,0.9766361870369232,0.9664388591225636
50,2.0,85,2,0.01,-0.9477895897213218,0.5320498963079964,0.6321158209322721,0.99688672061621,0.988604778156497
50,2.0,85,3,0.01,-0.9477895897213218,0.9587305617772182,0.9793050325103893,0.9521516689242162,0.9946090323894102
50,2.0,86,1,0.01,-0.9419552010508389,0.8649652456630592,0.9448791253134884,0.987962962245494,0.9912164594445472
50,2.0,86,2,0.01,-0.9419552010508389,0.6473951181800042,0.7599375356041713,0.9966241604585242,0.9927135316961816
50,2.0,86,3,0.01,-0.9419552010508389,0.6778518227527472,0.982407671133924,0.8871439177110606,0.84153670084131
50,2.0,87,1,0.01,-0.9442281896405552,0.746817583184929,0.9117217701537156,0.9908809949039616,0.976949811470976
50,2.0,87,2,0.01,-0.9442281896405552,0.7684771638449198,0.9676270330814818,0.9777140001432312,0.9302283390827838
50,2.0,87,3,0.01,-0.9442281896405552,0.7727383788176648,0.9770652349780716,0.98029286580223,0.8252114498064379
50,2.0,88,1,0.01,-0.932854165679962,0.2272437040337293,0.7519770343417169,0.996148198826229,0.839024150057592
50,2.0,88,2,0.01,-0.932854165679962,0.6079033795083884,0.9663607143076658,0.9846317776997048,0.6767808514796433
50,2.0,88,3,0.01,-0.932854165679962,0.9650736658461476,0.9759666302883532,0.9972513384351924,0.9925600447965388
50,2.0,89,1,0.01,-0.9286138869277288,0.3344229862609498,0.8991609810740459,0.9955169938194496,0.6779837952260277
50,2.0,89,2,0.01,-0.9286138869277288,0.7183527906339385,0.8696592913978607,0.9914165361758396,0.9232149863118428
50,2.0,89,3,0.01,-0.9286138869277288,0.9122711354265972,0.9624461556619238,0.9911871004198676,0.953034535177196
50,2.0,90,1,0.1,-0.9548434439707212,0.0052883874665767,0.2267854851811166,0.8582389606893882,0.963517984139181
50,2.0,90,2,0.1,-0.9548434439707212,0.6434215523832157,0.7786914372820577,0.9392330095250218,0.991945737246136
50,2.0,90,3,0.1,-0.9548434439707212,0.7173158820257083,0.7774543691054477,0.9543680576166236,0.9822927755432728
50,2.0,91,1,0.01,-0.9530835238429312,0.8143573043847725,0.952505178031697,0.9552656709201788,0.9718752866789128
50,2.0,91,2,0.01,-0.9530835238429312,0.5404387086912096,0.9681799141775288,0.9966287078193632,0.6170209466850816
50,2.0,91,3,0.01,-0.9530835238429312,0.913209441988876,0.9780627717133956,0.9941743129020856,0.9471991354626988
50,2.0,92,1,0.01,-0.9952883360518012,0.7094930289103778,0.9829380147375726,0.993138514389958,0.8340249448662974
50,2.0,92,2,0.01,-0.9952883360518012,0.923756304925804,0.9825093789216774,0.9929038685820892,0.9796175121302284
50,2.0,92,3,0.01,-0.9952883360518012,0.6641935892934298,0.9022645536616568,0.9979847171764034,0.7888494734742059
50,2.0,93,1,0.01,-0.9557807147498564,0.0366374692519244,0.9177197454204964,0.976164865754695,0.0177233090231645
50,2.0,93,2,0.01,-0.9557807147498564,0.892316916448082,0.9630962411180266,0.9968590117765996,0.9733931561532022
50,2.0,93,3,0.01,-0.9557807147498564,0.6643724280544325,0.8658723543092545,0.9765706663349846,0.6801475653898222
50,2.0,94,1,0.01,-0.9561782130944088,0.7996824050877579,0.9702696120091984,0.988699953886958,0.8801252863216698
50,2.0,94,2,0.01,-0.9561782130944088,0.8442746306202522,0.9691384560710627,0.9885031489581568,0.949689726130038
50,2.0,94,3,0.01,-0.9561782130944088,0.661362129910735,0.9739313597493066,0.9972777504860594,0.6655025639155397
50,2.0,95,1,0.01,-0.9186152333533226,0.4201889849228014,0.94647668579423,0.990201926408332,0.7054735957762822
50,2.0,95,2,0.01,-0.9186152333533226,0.7265070241288725,0.9786725873190836,0.9920824793348904,0.7947674014079178
50,2.0,95,3,0.01,-0.9186152333533226,0.8702226964691864,0.9821329276181704,0.9831838279712928,0.9180523904557883
50,2.0,96,1,0.01,-0.9174715661186816,0.3702411643075818,0.9495468766240184,0.3315120543261818,0.9667379358320712
50,2.0,96,2,0.01,-0.9174715661186816,0.6399361347612148,0.9019020886763588,0.9628862376683414,0.9190267506905678
50,2.0,96,3,0.01,-0.9174715661186816,0.6616824700825239,0.962222205609844,0.9928678184160032,0.6686146874978559
50,2.0,97,1,0.1,-0.9331826601734474,0.5993032488121811,0.7122044505196765,0.8599067602916727,0.9341661946909544
50,2.0,97,2,0.1,-0.9331826601734474,0.597963322110614,0.6884158633465058,0.910953012426602,0.9647122686716232
50,2.0,97,3,0.1,-0.9331826601734474,0.7048135379973325,0.7626716448087155,0.9289431472066336,0.9675338577624344
50,2.0,98,1,0.01,-0.9402673331257272,0.6302859430006696,0.9160362908329716,0.9895750258663848,0.9684038466060366
50,2.0,98,2,0.01,-0.9402673331257272,0.762921820648501,0.962508433512732,0.991732647038708,0.9455154439146708
50,2.0,98,3,0.01,-0.9402673331257272,0.9667000326828274,0.9821119649063828,0.9955443937483572,0.978393262212442
50,2.0,99,1,0.01,-0.9306620500588944,0.8413488119791206,0.9447271842836776,0.9949666657957068,0.974054931242155
50,2.0,99,2,0.01,-0.9306620500588944,0.5500920482504209,0.6376612188335243,0.9978078659657322,0.989714748154538
50,2.0,99,3,0.01,-0.9306620500588944,0.6782629360851193,0.9686847287404842,0.9912876490660903,0.7531161787769802
50,2.0,100,1,0.01,-0.9090684033504016,0.8590934822143589,0.9374402462535838,0.993800794851744,0.9846319050908244
50,2.0,100,2,0.01,-0.9090684033504016,0.8669027550850361,0.9567806361590038,0.9962524202194964,0.9630747237496088
50,2.0,100,3,0.01,-0.9090684033504016,0.9630592165335656,0.9708350266862752,0.995937277945563,0.9851020592282904
50,2.0,101,1,0.01,-0.926995727087769,0.7796132414517973,0.946840897753404,0.987673464295514,0.958258916913986
50,2.0,101,2,0.01,-0.926995727087769,0.6866553947579412,0.9544781403506476,0.9950978886123676,0.8875486657256045
50,2.0,101,3,0.01,-0.926995727087769,0.7328266299874967,0.9656158674762808,0.925617044905118,0.8835346400441458
50,2.0,102,1,0.1,-0.9085320102004766,0.0513990756320273,0.143267450055987,0.948795187792881,0.9824628954025346
50,2.0,102,2,0.1,-0.9085320102004766,0.6074919923060824,0.7145643962277364,0.8980648527333974,0.9718628591439776
50,2.0,102,3,0.1,-0.9085320102004766,0.8643848728047371,0.9362975916879728,0.8752622731518427,0.9726305481717796
50,2.0,103,1,0.01,-0.949339454351872,0.4024461013698933,0.8530676652278673,0.9496791611167472,0.8381405312658142
50,2.0,103,2,0.01,-0.949339454351872,0.48781142976893,0.7961630106111388,0.9972504585342554,0.8537730371008923
50,2.0,103,3,0.01,-0.949339454351872,0.6663446841094696,0.9754529022640032,0.8476384050589552,0.8256335278896191
50,2.0,104,1,0.01,-0.9444809851413514,0.4130009621387299,0.9853235138939828,0.9472832100082108,0.7092554032011534
50,2.0,104,2,0.01,-0.9444809851413514,0.8465641651614307,0.9755730647903696,0.9843668908665016,0.9640283151725272
50,2.0,104,3,0.01,-0.9444809851413514,0.7988106637794975,0.952106572830652,0.9863281191063774,0.9626386498616164
50,2.0,105,1,0.01,-0.940938155065379,0.263213700320014,0.622615239735086,0.9937518391416824,0.8167548654064196
50,2.0,105,2,0.01,-0.940938155065379,0.4894638686481098,0.974823071955105,0.9972356644731156,0.5591157517651144
50,2.0,105,3,0.01,-0.940938155065379,0.9332448062695172,0.9774020101366562,0.9983990226292736,0.978572129035483
50,2.0,106,1,0.01,-0.9781638669173328,0.2884113964387004,0.950212222377648,0.9908095510050512,0.3480437710166989
50,2.0,106,2,0.01,-0.9781638669173328,0.4579590000653982,0.9657187480937752,0.7512352366409345,0.545079690328269
50,2.0,106,3,0.01,-0.9781638669173328,0.9530395431208109,0.9704921125948665,0.9908339252124878,0.98399531154115
50,2.0,107,1,0.01,-0.985714157868634,0.7683153259525506,0.9567902844346527,0.9865853226464972,0.8726134750490089
50,2.0,107,2,0.01,-0.985714157868634,0.8375832726987602,0.9349809771616736,0.9931513096759714,0.9807581735899528
50,2.0,107,3,0.01,-0.985714157868634,0.8536478573970095,0.9720171137492936,0.9929406523010926,0.9350188346910442
50,2.0,108,1,0.01,-0.9918254727742416,0.5561447157037988,0.9753108556311696,0.9124503080856532,0.8360556788652586
50,2.0,108,2,0.01,-0.9918254727742416,0.9292602282708996,0.9837892413627504,0.995907038985269,0.985152855138552
50,2.0,108,3,0.01,-0.9918254727742416,0.7794492761716961,0.9760276971789044,0.9867597580958766,0.8785601673563614
50,2.0,109,1,0.1,-0.9482280848741352,0.1571250927751733,0.2092493850528671,0.9456065623975384,0.9929553208948656
50,2.0,109,2,0.1,-0.9482280848741352,0.5097786527793874,0.7927898195834866,0.9027446370962512,0.9639840185976184
50,2.0,109,3,0.1,-0.9482280848741352,0.6784615203766852,0.6800623167715573,0.9774233483224042,0.990158813447381
50,2.0,110,1,0.01,-0.9179765208620916,0.158773867400196,0.9857774483031568,0.9952802907318702,0.2443773607455942
50,2.0,110,2,0.01,-0.9179765208620916,0.8682297380809469,0.9837744696716072,0.9966581461391526,0.9206063725754892
50,2.0,110,3,0.01,-0.9179765208620916,0.9330804757343896,0.9761684623239318,0.9951644414335872,0.9639572634209976
50,2.0,111,1,0.1,-0.9466800851649274,0.3065375317576032,0.6005643779153045,0.7622086865602358,0.9899521557595108
50,2.0,111,2,0.1,-0.9466800851649274,0.4530537086422601,0.521745142520378,0.9154670369250606,0.9943338493829406
50,2.0,111,3,0.1,-0.9466800851649274,0.8083783002895076,0.8565184386058724,0.9515617126455164,0.9770262349243576
50,2.0,112,1,0.01,-0.9244765750046432,0.923568808204941,0.9595660118919112,0.9986718398759774,0.9755379640478868
50,2.0,112,2,0.01,-0.9244765750046432,0.7136786418227054,0.9199517230422172,0.9982796068386632,0.9499529714101976
50,2.0,112,3,0.01,-0.9244765750046432,0.9451648038825708,0.9662237117236318,0.992802840432886,0.98630154584915
50,2.0,113,1,0.1,-0.9447656345968692,0.7296401319376873,0.829555321135272,0.8691626925348116,0.9620397306820474
50,2.0,113,2,0.1,-0.9447656345968692,0.7432223004357607,0.8100759248476557,0.9402671059896948,0.973539905665774
50,2.0,113,3,0.1,-0.9447656345968692,0.8593453951743433,0.8853075216469618,0.974176143847582,0.9836407486660868
50,2.0,114,1,0.01,-0.9303510644252632,0.8566632225477661,0.953502149650972,0.9729680831537552,0.9909419268715582
50,2.0,114,2,0.01,-0.9303510644252632,0.9362769249903292,0.9716823697305104,0.9948425410115568,0.9877482273378038
50,2.0,114,3,0.01,-0.9303510644252632,0.7750139506853869,0.978933176759849,0.9785290444599448,0.8304614360983917
50,2.0,115,1,0.01,-0.8952302493752117,0.6306961210690405,0.9369097095156674,0.9874124932372556,0.8378928448437679
50,2.0,115,2,0.01,-0.8952302493752117,0.8480310720417923,0.963544924567179,0.9916395660079744,0.9636333010976704
50,2.0,115,3,0.01,-0.8952302493752117,0.8127176407866773,0.9668675675638968,0.9908649191632212,0.8887935377462179
50,2.0,116,1,0.1,-0.8839295443602414,0.56434179838412,0.6624778830032718,0.928515797307898,0.9723701586532448
50,2.0,116,2,0.1,-0.8839295443602414,0.7873158093767431,0.8426536765315575,0.9458104401269748,0.97489301018282
50,2.0,116,3,0.1,-0.8839295443602414,0.663815907519302,0.6761243775013339,0.9562478449964918,0.9718282980528348
50,2.0,117,1,0.1,-0.9397725833686676,0.4685158389501046,0.6403630763747753,0.8511505169611221,0.960745284935244
50,2.0,117,2,0.1,-0.9397725833686676,0.6051734394825933,0.72659705786999,0.9149019700560876,0.9754240773921792
50,2.0,117,3,0.1,-0.9397725833686676,0.7618134567000588,0.8034136803102823,0.9563229422333868,0.9759061592458828
50,2.0,118,1,0.01,-0.96115918623168,0.645616225155363,0.9487885759606376,0.9937959947381364,0.8720163925385728
50,2.0,118,2,0.01,-0.96115918623168,0.4609996666774342,0.9475053297083382,0.651078176618008,0.7987838362221698
50,2.0,118,3,0.01,-0.96115918623168,0.6680314933460219,0.9493454980299848,0.9975328140605264,0.7572865101364222
50,2.0,119,1,0.01,-0.9126524025504916,0.2113438140001876,0.8456348224680402,0.9865135072629612,0.6693546484821997
50,2.0,119,2,0.01,-0.9126524025504916,0.5801496437772898,0.9781421835894856,0.9919317186829018,0.6513219552982173
50,2.0,119,3,0.01,-0.9126524025504916,0.6847139728754913,0.9711618437138576,0.9896197290225078,0.7118143138859553
50,2.0,120,1,0.1,-0.9440656285730756,0.5615733392490948,0.7175249781176298,0.9220778196425832,0.9892496147647474
50,2.0,120,2,0.1,-0.9440656285730756,0.6254854758212293,0.7080863850564929,0.9283259125154292,0.973356126567495
50,2.0,120,3,0.1,-0.9440656285730756,0.764819070319175,0.8111924811577375,0.951098376873862,0.9751966494319418
50,2.0,121,1,0.001,-0.9447114170752576,0.1073973085540383,0.8992983340103385,0.9988656844632874,0.1860032833889427
50,2.0,121,2,0.001,-0.9447114170752576,0.4662806908794093,0.7935126089997824,0.9975347549506236,0.4532406230123494
50,2.0,121,3,0.001,-0.9447114170752576,0.9316167228095824,0.7341417483422603,0.9974598884837412,0.9204940083910972
50,2.0,122,1,0.01,-0.9341442995885756,0.7121367806590214,0.9274399665592844,0.9903992260600782,0.9553616711878016
50,2.0,122,2,0.01,-0.9341442995885756,0.6285971838266008,0.9507132182466448,0.9880946525122206,0.865420246399315
50,2.0,122,3,0.01,-0.9341442995885756,0.6757596020905695,0.9762787022334688,0.9886061151277054,0.6780496049291308
50,2.0,123,1,0.01,-0.993881984618576,0.7084976188862405,0.9660318951807016,0.987345277642342,0.786823793247011
50,2.0,123,2,0.01,-0.993881984618576,0.8395079548770716,0.9560710977209916,0.9933326223559742,0.9729063980448572
50,2.0,123,3,0.01,-0.993881984618576,0.8806988636841367,0.9651307165975548,0.9880137487527604,0.9909487756173646
50,2.0,124,1,0.01,-0.9258112529817176,0.0489730365283017,0.9786844121574224,0.9211234763935422,0.2083488674638674
50,2.0,124,2,0.01,-0.9258112529817176,0.4838574302159042,0.9831462780410192,0.9539168374451868,0.5179329400872358
50,2.0,124,3,0.01,-0.9258112529817176,0.9354716983354748,0.987720055623934,0.9917839742947326,0.97723302997692
50,2.0,125,1,0.001,-0.9413441654406944,5.7014917496305485e-09,0.9112528185645546,0.997060724629638,0.0296365656481965
50,2.0,125,2,0.001,-0.9413441654406944,0.8801687509866783,0.935292868388648,0.9978446042063648,0.8969265743116885
50,2.0,125,3,0.001,-0.9413441654406944,0.8244297720788603,0.7293791648128832,0.9982871995553738,0.950592190917364
50,2.0,126,1,0.01,-0.9616971474600234,0.8103307678416497,0.9519978524642922,0.8843748941333645,0.935580603367274
50,2.0,126,2,0.01,-0.9616971474600234,0.8902517220367959,0.9713011353731956,0.9943499829919112,0.98574009779585
50,2.0,126,3,0.01,-0.9616971474600234,0.8766142306755086,0.9627091414025214,0.995749677847103,0.9601657217470604
50,2.0,127,1,0.01,-0.9370488138155106,0.1485155913891933,0.9350986971525556,0.9957028710944608,0.5706895790740109
50,2.0,127,2,0.01,-0.9370488138155106,0.7396441601601318,0.9820621436431212,0.9712975760241797,0.8589999841426803
50,2.0,127,3,0.01,-0.9370488138155106,0.9359272717754424,0.980440690214584,0.9970062156954028,0.9827115563841204
50,2.0,128,1,0.01,-0.973232943955151,0.0673589535469243,0.942167505297916,0.9934703954001216,0.2291015649924526
50,2.0,128,2,0.01,-0.973232943955151,0.8086084440289276,0.9590604461958668,0.9775225144789752,0.9706287344796516
50,2.0,128,3,0.01,-0.973232943955151,0.7531921679935388,0.9810088853178645,0.9719373174697722,0.8211036036586777
50,2.0,129,1,0.1,-0.9649363599866232,0.4728080931848099,0.7459368514331826,0.8868524305018775,0.7802356084177808
50,2.0,129,2,0.1,-0.9649363599866232,0.8006539815325826,0.8408294951920112,0.9551787583212648,0.9746404865472768
50,2.0,129,3,0.1,-0.9649363599866232,0.6572514549737192,0.6526266482271111,0.9875905370790312,0.9912152991767132
50,2.0,130,1,0.01,-0.9388970612775404,0.4247245933774741,0.9327033051575472,0.9905053349486528,0.7919728849824471
50,2.0,130,2,0.01,-0.9388970612775404,0.5921342282010137,0.9742971966900318,0.9840573101802158,0.7236534100099468
50,2.0,130,3,0.01,-0.9388970612775404,0.9426738729498556,0.9789512631366032,0.9963125380489566,0.9907830557675892
50,2.0,131,1,0.01,-1.016825947462878,0.048140570569198,0.4371390714518822,0.9865240500559176,0.8983345916925876
50,2.0,131,2,0.01,-1.016825947462878,0.5204092759250515,0.94987828581413,0.992640200151446,0.5842870244714891
50,2.0,131,3,0.01,-1.016825947462878,0.699617116762053,0.9768734977844904,0.9846337646709706,0.7694134063516581
50,2.0,132,1,0.01,-0.9604517416496996,0.6699310132885155,0.913730624815424,0.9935962065962014,0.9424122736569917
50,2.0,132,2,0.01,-0.9604517416496996,0.71942608606652,0.9404752221766464,0.993002851198618,0.9148338488028488
50,2.0,132,3,0.01,-0.9604517416496996,0.829768012105132,0.9664524257488428,0.993297844009168,0.8997517595129265
50,2.0,133,1,0.01,-0.983258205841584,0.8001047493441433,0.9245809542968964,0.980827982846672,0.9551900121205584
50,2.0,133,2,0.01,-0.983258205841584,0.8985393278573277,0.9512539853067712,0.9928983260927104,0.9828127488416428
50,2.0,133,3,0.01,-0.983258205841584,0.9393066756971564,0.9680592232601214,0.9927931126319016,0.9891093760438792
50,2.0,134,1,0.01,-0.9867700809856448,0.6204500825834068,0.9556686794359762,0.9932812451756312,0.8817176992976941
50,2.0,134,2,0.01,-0.9867700809856448,0.946501502524691,0.9771391679616488,0.9962363301504316,0.9919809145348636
50,2.0,134,3,0.01,-0.9867700809856448,0.6739311782245019,0.9604971926490462,0.9946948307588404,0.7951496834369762
50,2.0,135,1,0.01,-0.9673537935311988,0.5659119891271298,0.8970621142366425,0.971266275672292,0.8945530800402287
50,2.0,135,2,0.01,-0.9673537935311988,0.4837719890828866,0.971674436903068,0.9790786558157544,0.5792337013788894
50,2.0,135,3,0.01,-0.9673537935311988,0.6882853152241607,0.9791408924020558,0.9669673023099632,0.771190663472765
50,2.0,136,1,0.01,-0.9751718026932984,0.8428197876845656,0.9659708783826676,0.9965713392748284,0.9619182324900094
50,2.0,136,2,0.01,-0.9751718026932984,0.5690154400183182,0.9835430671027996,0.78316424054958,0.8857628959425333
50,2.0,136,3,0.01,-0.9751718026932984,0.9535774960657888,0.9673821469325516,0.9937666901790912,0.9798614777968632
50,2.0,137,1,0.1,-0.9683461969350728,0.4986797256882236,0.6538658086336679,0.9036879965989189,0.974284776135482
50,2.0,137,2,0.1,-0.9683461969350728,0.5880294074940082,0.8457221750052153,0.8134500615842759,0.9782928249869924
50,2.0,137,3,0.1,-0.9683461969350728,0.9086649474663862,0.9210370651143048,0.9792922200146584,0.984843050409456
50,2.0,138,1,0.01,-0.9354966140629004,0.7612036922687657,0.9644154354735068,0.9894435308630634,0.9265642619458814
50,2.0,138,2,0.01,-0.9354966140629004,0.6049998240200072,0.9753159901107038,0.9755100106113715,0.6042810473361188
50,2.0,138,3,0.01,-0.9354966140629004,0.9302705752451952,0.9818727667337444,0.9938054960096538,0.9704925371186248
50,2.0,139,1,0.01,-0.9708957238839808,0.0015075686323433,0.504619725667412,0.9952092371598444,0.4414655466457545
50,2.0,139,2,0.01,-0.9708957238839808,0.8433696157778772,0.9592761741847994,0.9897706635203956,0.9749382399080828
50,2.0,139,3,0.01,-0.9708957238839808,0.8580515066218863,0.9717917720842136,0.9878050224637548,0.9556689282196674
50,2.0,140,1,0.01,-0.9751402989641316,0.548142875378401,0.9461124147139294,0.9017609921147604,0.8574211296512114
50,2.0,140,2,0.01,-0.9751402989641316,0.605499834464251,0.886256020051678,0.997148992570678,0.8819290104512703
50,2.0,140,3,0.01,-0.9751402989641316,0.8292309367280515,0.982646147377705,0.9641021778683369,0.9203387523490036
50,2.0,141,1,0.1,-0.9564009661721358,0.1698130305834921,0.6451588649080946,0.5568656099665349,0.9607836440643333
50,2.0,141,2,0.1,-0.9564009661721358,0.8360438915846728,0.9020867926342944,0.9413082586761354,0.9801658052284784
50,2.0,141,3,0.1,-0.9564009661721358,0.7268769148444499,0.7500141029362957,0.977771443733984,0.9863829353504856
50,2.0,142,1,0.01,-0.9086698152457806,0.787624970155265,0.9221174044591804,0.9854384251105872,0.982125587196263
50,2.0,142,2,0.01,-0.9086698152457806,0.7511877217081171,0.943609396364697,0.9922392855221276,0.9513787509721704
50,2.0,142,3,0.01,-0.9086698152457806,0.7700753468253289,0.9707296577212118,0.975654303091732,0.9091463446814184
50,2.0,143,1,0.01,-0.9488700731815852,0.894831884420801,0.9633308833979602,0.9924159457579432,0.994506229841342
50,2.0,143,2,0.01,-0.9488700731815852,0.6802977161705536,0.9747720737693926,0.9934736737920284,0.848466079849788
50,2.0,143,3,0.01,-0.9488700731815852,0.6652173258543684,0.9124355581511852,0.992696365573762,0.8024227718213428
50,2.0,144,1,0.01,-0.9533263538941612,0.0163350824299395,0.9738514694459436,0.96121945438524,0.0719824102865394
50,2.0,144,2,0.01,-0.9533263538941612,0.8442606017794652,0.977410371192194,0.9975578699352232,0.8857788819293269
50,2.0,144,3,0.01,-0.9533263538941612,0.8245139886180226,0.9713745627389636,0.9973622341739332,0.945249955821308
50,2.0,145,1,0.1,-0.9524810761017736,0.835720125313185,0.8812309005738722,0.9750330804251534,0.986720906434746
50,2.0,145,2,0.1,-0.9524810761017736,0.7472412776576144,0.8296772149925009,0.9494595879076716,0.9852651057030476
50,2.0,145,3,0.1,-0.9524810761017736,0.7116953000167284,0.7472299519724132,0.9658918054306452,0.982065063881699
50,2.0,146,1,0.01,-0.913946512474523,0.7403686386417979,0.9211069771136536,0.980322005687219,0.8816733227625528
50,2.0,146,2,0.01,-0.913946512474523,0.8828567893078756,0.9279226757970116,0.9872957618819918,0.992093758601918
50,2.0,146,3,0.01,-0.913946512474523,0.6510412730769884,0.9712680060357196,0.913453434639412,0.7655925072380899
50,2.0,147,1,0.001,-0.9317514132796876,0.6838283465368983,0.9618186423583776,0.9333429809194962,0.9187425300530362
50,2.0,147,2,0.001,-0.9317514132796876,0.8905037218514285,0.9408112220036586,0.997751062708369,0.9721431182593534
50,2.0,147,3,0.001,-0.9317514132796876,0.6979979793670222,0.8660838399592844,0.985479137008064,0.7898861253995547
50,2.0,148,1,0.001,-0.966861641014106,0.001607208251163,0.9356111316735092,0.9722109644405762,0.0659483185075857
50,2.0,148,2,0.001,-0.966861641014106,0.9105584377495524,0.9230449933763586,0.9956027283752096,0.9726383817146822
50,2.0,148,3,0.001,-0.966861641014106,0.8371419469564613,0.7555551816285314,0.9970694903285848,0.8936398802663942
50,2.0,149,1,0.001,-0.9257012552431976,0.9043240556443044,0.985551491901974,0.9984625456050464,0.9095377577907168
50,2.0,149,2,0.001,-0.9257012552431976,0.6937801714982771,0.8485843779014044,0.994959317098268,0.6627694236045805
50,2.0,149,3,0.001,-0.9257012552431976,0.7029875381809743,0.6528566797882227,0.9785969776004956,0.7164586291492833
50,2.0,150,1,0.01,-0.9241370203800896,0.6809936937608622,0.9269636910734268,0.9796595955959752,0.9348227908271955
50,2.0,150,2,0.01,-0.9241370203800896,0.7460040057945903,0.9499895686171947,0.9981045717788188,0.9235555473414352
50,2.0,150,3,0.01,-0.9241370203800896,0.6713355483920448,0.9628144761355204,0.9040421658101696,0.6702921320162956
50,2.0,151,1,0.01,-0.9437764065044584,0.5002004351049506,0.952918689354118,0.9863575254651376,0.7692748274689339
50,2.0,151,2,0.01,-0.9437764065044584,0.4937820804548646,0.491643415825492,0.9923415608834406,0.8596081671152065
50,2.0,151,3,0.01,-0.9437764065044584,0.8762216659036381,0.977823928126934,0.9798961331868538,0.9117931424508652
50,2.0,152,1,0.01,-0.9257235031914584,0.8116203839277362,0.9600412827667292,0.9704104216910868,0.964667387252354
50,2.0,152,2,0.01,-0.9257235031914584,0.7832738501200055,0.9205419677993684,0.9915409787332576,0.9795786678247408
50,2.0,152,3,0.01,-0.9257235031914584,0.7403947931746827,0.9439479296762632,0.990930050151836,0.9376666658644668
50,2.0,153,1,0.01,-0.9437362351185464,0.8761400246366,0.9631241315967692,0.982100268354764,0.9769907026590956
50,2.0,153,2,0.01,-0.9437362351185464,0.8520673790623047,0.968500492205484,0.99418497602475,0.9580046339350988
50,2.0,153,3,0.01,-0.9437362351185464,0.7877619670941031,0.9737441871198248,0.966617341378546,0.8912358218366757
50,2.0,154,1,0.01,-0.96511841676483,0.5128113342085154,0.977875636905152,0.981017720836338,0.6817601462688481
50,2.0,154,2,0.01,-0.96511841676483,0.6100507380328961,0.9778459701109068,0.9950537808585822,0.648376160474844
50,2.0,154,3,0.01,-0.96511841676483,0.8831566805347459,0.9734693001537488,0.997195932600338,0.950581122823352
50,2.0,155,1,0.01,-0.9433842877753704,0.721182410967676,0.9510868082484742,0.9896613623377268,0.9234553491365698
50,2.0,155,2,0.01,-0.9433842877753704,0.669302918391825,0.9565282620616832,0.995835258472164,0.8959030085401487
50,2.0,155,3,0.01,-0.9433842877753704,0.9071671285382488,0.9715631834910754,0.988847060199316,0.9894734285537714
50,2.0,156,1,0.01,-0.9247099886078972,0.6874218766307448,0.9497759697562332,0.9781304728640496,0.9300591773225736
50,2.0,156,2,0.01,-0.9247099886078972,0.8767702080942268,0.9208484997163802,0.995910858922498,0.9772158980409762
50,2.0,156,3,0.01,-0.9247099886078972,0.950620854892683,0.972750483821172,0.9870820062981628,0.9969961395947596
50,2.0,157,1,0.01,-0.9588066502254649,0.6668373996367309,0.954886692798814,0.9688085287895474,0.7079048447165812
50,2.0,157,2,0.01,-0.9588066502254649,0.629888190779311,0.9460667829370092,0.9888327927717,0.7538373909487411
50,2.0,157,3,0.01,-0.9588066502254649,0.8355273802808356,0.9664361162532724,0.9900052838652464,0.925144133820298
50,2.0,158,1,0.1,-0.9499845993687264,0.6689691806118323,0.746290926717913,0.933551609438999,0.9813659828169496
50,2.0,158,2,0.1,-0.9499845993687264,0.7824366357380466,0.8503941508329472,0.9693771216768188,0.9893924526200302
50,2.0,158,3,0.1,-0.9499845993687264,0.7216196526496185,0.7596322285576251,0.9759991095120312,0.9887866580711968
50,2.0,159,1,1.0,-0.967075193485218,0.0393254601396081,0.1093576594182926,0.4597019318429866,0.716899454973988
50,2.0,159,2,1.0,-0.967075193485218,0.3846967542018016,0.4029965854735194,0.921942503949046,0.9320473169879612
50,2.0,159,3,1.0,-0.967075193485218,0.6729517096057429,0.6785032082276478,0.8885731068437505,0.898082069501227
50,2.0,160,1,0.001,-0.89191636213637,0.5471483579956045,0.9482134449656312,0.9945705108665832,0.5345238603669867
50,2.0,160,2,0.001,-0.89191636213637,0.8012970231014793,0.8798541197481957,0.9947379636694438,0.6511595066904894
50,2.0,160,3,0.001,-0.89191636213637,0.9030301188352252,0.7425890107242457,0.9959663756463372,0.9825509909426998
50,2.0,161,1,0.001,-0.979393957504298,0.8925321259652718,0.9423416843772487,0.9871447773072172,0.9476311911946008
50,2.0,161,2,0.001,-0.979393957504298,0.9159137801367347,0.53486456122456,0.9989244245173666,0.8522432043575567
50,2.0,161,3,0.001,-0.979393957504298,0.8668501141619935,0.7062438494934821,0.99768085643213,0.9710818810385282
50,2.0,162,1,0.01,-0.952679339793494,0.5668888236926494,0.9608815202264236,0.968635349515277,0.8512280522927893
50,2.0,162,2,0.01,-0.952679339793494,0.8953495961344695,0.975304842939767,0.9898478124259198,0.9793628935632308
50,2.0,162,3,0.01,-0.952679339793494,0.6861854561053741,0.9722931013340336,0.9953189285908084,0.7626300593024888
50,2.0,163,1,0.01,-0.9492030159452224,0.0574127600810895,0.9733785999736134,0.9839184742762412,0.0904568902293621
50,2.0,163,2,0.01,-0.9492030159452224,0.7995254967492202,0.9618701552345787,0.9473554802102698,0.935439282088508
50,2.0,163,3,0.01,-0.9492030159452224,0.892038754123938,0.9708017741727164,0.99294636013257,0.9755548736540566
50,2.0,164,1,0.01,-0.9390618383622844,0.1482763443023746,0.9725955211334202,0.5885350995017942,0.6681351233617068
50,2.0,164,2,0.01,-0.9390618383622844,0.8372930456182327,0.965400204486268,0.9736926843319724,0.9061245477034504
50,2.0,164,3,0.01,-0.9390618383622844,0.9357203823277296,0.9677449133405852,0.9960454108105496,0.977807996253042
50,2.0,165,1,0.01,-0.9865465943908468,0.0016692011482445,0.278202034065915,0.9985090868700844,0.7929347444783186
50,2.0,165,2,0.01,-0.9865465943908468,0.8385855013192636,0.973417218248246,0.992556088104682,0.9348019921609892
50,2.0,165,3,0.01,-0.9865465943908468,0.968904197741478,0.9826250406520955,0.9980464950883672,0.9959589801652636
50,2.0,166,1,0.01,-0.934047983880738,0.8469267399874317,0.977562916447242,0.9725404658106496,0.9530864482624192
50,2.0,166,2,0.01,-0.934047983880738,0.7905947292124604,0.8891246115242118,0.9926203605739262,0.9723278872829156
50,2.0,166,3,0.01,-0.934047983880738,0.6557643513336117,0.9572668444117568,0.989967948119192,0.6742696484846857
50,2.0,167,1,0.001,-0.9338223436771668,0.0269947277458883,0.7453405327156154,0.9836890120150872,0.1663199576404353
50,2.0,167,2,0.001,-0.9338223436771668,0.4718934981120451,0.831605065329929,0.9909373100566948,0.5528971605547258
50,2.0,167,3,0.001,-0.9338223436771668,0.9087124492072438,0.824558845006124,0.9981991379060589,0.9014548150764422
50,2.0,168,1,0.1,-0.9656440472736404,0.5602587186513889,0.7759667305052249,0.8505917797938362,0.9914577667570728
50,2.0,168,2,0.1,-0.9656440472736404,0.4925664024062749,0.563779833909436,0.9544668466677187,0.9891175210965646
50,2.0,168,3,0.1,-0.9656440472736404,0.7114995148972042,0.7433046207555677,0.966837359473516,0.9825977410781648
50,2.0,169,1,0.01,-0.9421246500320968,0.7277271532172058,0.935520005237086,0.9929632300704836,0.9514296183766596
50,2.0,169,2,0.01,-0.9421246500320968,0.5909120098307865,0.9523507675166952,0.9970016489446064,0.7341992399662037
50,2.0,169,3,0.01,-0.9421246500320968,0.8095304917238543,0.9682039756689844,0.991278144668608,0.9211130409567204
50,2.0,170,1,0.01,-0.9493337777937602,0.0469434340922273,0.9736341924589984,0.9796554708098192,0.2302942281427825
50,2.0,170,2,0.01,-0.9493337777937602,0.8307529224997987,0.9872659131476094,0.9844509507685336,0.9208111445691792
50,2.0,170,3,0.01,-0.9493337777937602,0.6705794337962773,0.9835636377977756,0.9910860920593788,0.7190327352401673
50,2.0,171,1,0.01,-0.9453999253473264,0.8816342359434433,0.9728027938023568,0.9910983954532556,0.9728971415822008
50,2.0,171,2,0.01,-0.9453999253473264,0.7769124757601187,0.911858842146218,0.99647212888107,0.9754240849616128
50,2.0,171,3,0.01,-0.9453999253473264,0.8343838789295578,0.9814637440461462,0.9922671582403044,0.948108650665542
50,2.0,172,1,0.01,-0.9953631407975884,0.7951124489919327,0.942453760476063,0.9977261042002508,0.9588997749235832
50,2.0,172,2,0.01,-0.9953631407975884,0.5729002674402832,0.982829250671282,0.9925408829790618,0.7062593272332085
50,2.0,172,3,0.01,-0.9953631407975884,0.8654641760450582,0.9869717862480814,0.9523381294375776,0.9414080538126292
50,2.0,173,1,0.01,-0.9853811066370352,0.7825439472601682,0.9461843665837796,0.9921724764240568,0.9259201007063456
50,2.0,173,2,0.01,-0.9853811066370352,0.7954436098515953,0.9642884694288156,0.9961518309164932,0.9444359733446422
50,2.0,173,3,0.01,-0.9853811066370352,0.8978270490243956,0.9731290399342392,0.9951522661292412,0.9889504285029204
50,2.0,174,1,0.1,-0.924668047481374,0.385791545232403,0.4769864618727226,0.8971404558029668,0.9446290157028971
50,2.0,174,2,0.1,-0.924668047481374,0.6455961032456865,0.7650793011771535,0.9067236892358612,0.9756293896149132
50,2.0,174,3,0.1,-0.924668047481374,0.6574929761495415,0.6573203783816208,0.983403792550077,0.98620897252679
50,2.0,175,1,0.01,-0.9592141481486296,0.6745423843679059,0.957738407760825,0.9924276181595564,0.8658850950687279
50,2.0,175,2,0.01,-0.9592141481486296,0.5539916358351702,0.972907688718664,0.9961826122017848,0.667571749624651
50,2.0,175,3,0.01,-0.9592141481486296,0.8742764656670113,0.9839297282050188,0.991009980222036,0.9255666854519046
50,2.0,176,1,0.01,-0.9721570545526664,0.8112864341887897,0.8887778311613579,0.9925855825860824,0.9855016117542544
50,2.0,176,2,0.01,-0.9721570545526664,0.7637442002554591,0.957823759019922,0.9920990753992548,0.9647049282940904
50,2.0,176,3,0.01,-0.9721570545526664,0.827278317077576,0.988261493834585,0.9432569852788204,0.9164776784145804
50,2.0,177,1,0.01,-0.9672971729996566,0.7722814428970591,0.969440600438538,0.9802511506534902,0.8871885484691818
50,2.0,177,2,0.01,-0.9672971729996566,0.8591787034832377,0.9290885611157228,0.9985258631248902,0.9892023867742272
50,2.0,177,3,0.01,-0.9672971729996566,0.76529864778835,0.9612416445462938,0.9977492415022348,0.8783333130072218
50,2.0,178,1,0.01,-0.9681312484527448,0.6880014816138651,0.9646576755116636,0.9921886707863764,0.8934605262196414
50,2.0,178,2,0.01,-0.9681312484527448,0.732688662461593,0.9674016884642972,0.9834273727234916,0.8707753047675504
50,2.0,178,3,0.01,-0.9681312484527448,0.9010685687314258,0.9523980826799316,0.9966756728412232,0.993624091037515
50,2.0,179,1,0.01,-0.9325774271189954,0.2017746774096095,0.479000227592103,0.9942161165352098,0.8659345127270726
50,2.0,179,2,0.01,-0.9325774271189954,0.5748065130301858,0.9679466789546562,0.9961603966431352,0.7690879627038882
50,2.0,179,3,0.01,-0.9325774271189954,0.8726884287585138,0.9791894231853924,0.9591739977364404,0.9499553033332936
50,2.0,180,1,0.01,-0.9097340029172752,0.3038377642381415,0.9302436606407184,0.9856197135028496,0.7875455382960097
50,2.0,180,2,0.01,-0.9097340029172752,0.8709202402880359,0.9809230203771072,0.9833045283389588,0.9381691202493768
50,2.0,180,3,0.01,-0.9097340029172752,0.6577543925518671,0.8801866999640939,0.9973793011096238,0.7908194768129616
50,2.0,181,1,0.01,-0.9111406902557816,0.7736677732158619,0.9688249407742004,0.9940008626532136,0.8642291015099091
50,2.0,181,2,0.01,-0.9111406902557816,0.9096668908695742,0.9749017683087468,0.9941835380532252,0.9849061612114394
50,2.0,181,3,0.01,-0.9111406902557816,0.7708622741025986,0.9851415629612672,0.9971021175883455,0.7816398527830644
50,2.0,182,1,0.1,-0.9772480599485496,0.4433168031948046,0.5792933748682376,0.9652210080622332,0.9929877034604946
50,2.0,182,2,0.1,-0.9772480599485496,0.652670429546601,0.8023104846823199,0.9128135861219095,0.9862421643566416
50,2.0,182,3,0.1,-0.9772480599485496,0.7025645811441231,0.714959579496258,0.9861558673855748,0.989023810158525
50,2.0,183,1,0.01,-0.9820388950380796,0.6682430943748343,0.9303035008999836,0.9923906222506024,0.8572944053287531
50,2.0,183,2,0.01,-0.9820388950380796,0.7393357918304553,0.9374687559249104,0.9959582874938996,0.9108085257342584
50,2.0,183,3,0.01,-0.9820388950380796,0.8963181532050926,0.9688531634172546,0.993347325551044,0.9570341027992308
50,2.0,184,1,0.01,-0.919247882206956,0.6191735090252076,0.958913039279366,0.9871094473199978,0.8216599335618703
50,2.0,184,2,0.01,-0.919247882206956,0.8806010174442241,0.9533639177636688,0.9877494752653536,0.9864582702839572
50,2.0,184,3,0.01,-0.919247882206956,0.6715156469438073,0.7054768526615086,0.9872611219324096,0.9975262727156388
50,2.0,185,1,0.1,-0.9794073762317392,0.8128745805460467,0.8499133019609519,0.9623873497508376,0.9839718565462968
50,2.0,185,2,0.1,-0.9794073762317392,0.6171896987615498,0.6858739985880716,0.9595357801920146,0.9846400340398376
50,2.0,185,3,0.1,-0.9794073762317392,0.7035573596134014,0.8020582544737381,0.9293132847647324,0.9849424224719336
50,2.0,186,1,0.01,-0.9198407602474048,0.8090001546052902,0.9601440429330088,0.9849138334845158,0.9654815873227092
50,2.0,186,2,0.01,-0.9198407602474048,0.6466799886116692,0.9854076479526604,0.8742097981517203,0.793949364049439
50,2.0,186,3,0.01,-0.9198407602474048,0.6901719461226327,0.889647191882724,0.990615308002526,0.8143086401902465
50,2.0,187,1,0.001,-0.9512907616001444,0.882908048913414,0.9337780151539796,0.9962994150487444,0.9692595543553278
50,2.0,187,2,0.001,-0.9512907616001444,0.6535688204147004,0.8149684279812728,0.9803447695148,0.7037777426452907
50,2.0,187,3,0.001,-0.9512907616001444,0.5793407623809194,0.646890250900707,0.990283304384448,0.6625948344746885
50,2.0,188,1,0.01,-0.9571722586557484,0.7250460517073886,0.9633601973143436,0.9820896751334643,0.9294747015809968
50,2.0,188,2,0.01,-0.9571722586557484,0.5331072264821459,0.9655292174871816,0.9934413731731578,0.5996448251704884
50,2.0,188,3,0.01,-0.9571722586557484,0.8947746834693585,0.973686686764491,0.9921945783038538,0.9499289556348596
50,2.0,189,1,0.001,-0.9161830337109872,0.6422047967802333,0.9309584833303344,0.9976598947633164,0.6636397825377554
50,2.0,189,2,0.001,-0.9161830337109872,0.6385388243686501,0.7186611888195904,0.998080683334365,0.8191660228131246
50,2.0,189,3,0.001,-0.9161830337109872,0.808398763247325,0.7918262586606745,0.9984652128488748,0.9384312970860544
50,2.0,190,1,0.01,-0.927994970193056,0.7269104035569365,0.9607601096056864,0.9922385257975168,0.8570356498681699
50,2.0,190,2,0.01,-0.927994970193056,0.5630819584934071,0.9379471228348109,0.9693600536200564,0.6787486736124753
50,2.0,190,3,0.01,-0.927994970193056,0.85219770283632,0.9726261165111676,0.995084746271612,0.9337972892430904
50,2.0,191,1,0.01,-0.9070869279419724,0.8283287498907207,0.9548137504778288,0.9936997619473494,0.9776357179060912
50,2.0,191,2,0.01,-0.9070869279419724,0.6693074714636135,0.9768802371788654,0.996270801393601,0.6947313849040122
50,2.0,191,3,0.01,-0.9070869279419724,0.960209280040783,0.9861430571122528,0.9962115170017966,0.9957536085885854
50,2.0,192,1,0.01,-0.994502859249472,0.6326647104813344,0.9500398694871676,0.986554560165995,0.8597169442103131
50,2.0,192,2,0.01,-0.994502859249472,0.785749785690439,0.9635343533757382,0.9890117262489162,0.915625300669874
50,2.0,192,3,0.01,-0.994502859249472,0.8126325723854494,0.9866411926914834,0.9802800789013532,0.9066761517313824
50,2.0,193,1,0.001,-0.9812912138941514,0.9224967534257872,0.9498337533176164,0.9921476807513504,0.9076454201514776
50,2.0,193,2,0.001,-0.9812912138941514,0.7075671024958337,0.5361147560829386,0.9960652263032888,0.5137552539542495
50,2.0,193,3,0.001,-0.9812912138941514,0.834881899565715,0.5372559545564163,0.99458726824309,0.7018886076203121
50,2.0,194,1,0.01,-0.9028938680939445,0.3321846000371764,0.3336530663631915,0.994104357854276,0.9964405388640848
50,2.0,194,2,0.01,-0.9028938680939445,0.6445377052527121,0.966288581572432,0.9776072740792068,0.7672781746160302
50,2.0,194,3,0.01,-0.9028938680939445,0.94206815619163,0.9693138583735242,0.9884698827948868,0.9952386522283576
50,2.0,195,1,0.01,-0.9241714539266132,0.7212770197831425,0.9723735698101535,0.9784700152693772,0.9026591930627016
50,2.0,195,2,0.01,-0.9241714539266132,0.7784839524116802,0.9817870772331012,0.9907277907917762,0.8675846439634705
50,2.0,195,3,0.01,-0.9241714539266132,0.6630149332758277,0.9815605972159522,0.9862810877655406,0.6872083001896857
50,2.0,196,1,0.01,-0.9253914915230392,0.6977747119576938,0.9356682095059372,0.9754980349084302,0.9401490428369156
50,2.0,196,2,0.01,-0.9253914915230392,0.8921011942425624,0.9572960100555884,0.9903160483138018,0.96023239906221
50,2.0,196,3,0.01,-0.9253914915230392,0.8726480165390146,0.939400412702158,0.9909799108362786,0.970954074199318
50,2.0,197,1,0.01,-0.9704112332136966,0.3905637154328313,0.9045507642139584,0.992810934573982,0.7261732698424301
50,2.0,197,2,0.01,-0.9704112332136966,0.9160437681923904,0.9558161355517624,0.9936414742341046,0.98373345746256
50,2.0,197,3,0.01,-0.9704112332136966,0.6782329202590737,0.9533273802960404,0.9943227976635044,0.7309949662197631
50,2.0,198,1,0.01,-0.941656558586082,0.6910117645902222,0.9699257297389188,0.9954764244010303,0.9146221814713588
50,2.0,198,2,0.01,-0.941656558586082,0.5324985273651953,0.9758353549175938,0.9926347359426938,0.5409836560951486
50,2.0,198,3,0.01,-0.941656558586082,0.943913953851019,0.9658539375951448,0.995570550997156,0.9880038528032395
50,2.0,199,1,0.01,-0.9778579659846984,0.0538463154700985,0.9435070687346632,0.9637200547761732,0.2659901144319337
50,2.0,199,2,0.01,-0.9778579659846984,0.8298802099665796,0.965101025782584,0.994844053568652,0.8782736334968444
50,2.0,199,3,0.01,-0.9778579659846984,0.9230669028654882,0.953019978201707,0.9971290936344488,0.9957404183024768
